user_id,age,monthly_hours,watching_peak_time,preferred_content_type,preferred_genre,binge_watcher,subscription_type,platform_frequency,gender
1,49.0,"155,76450751194105",Afternoon,Movies,Drama,1.0,Family,Weekly,Woman
2,54.0,"227,68436478212507",Afternoon,Movies,Science Fiction,0.0,Family,Weekly,Woman
3,37.0,"136,70392900010995",Afternoon,Documentaries,Science Fiction,1.0,Family,Weekly,Man
4,53.0,"142,6274395163781",Afternoon,Documentaries,Horror,1.0,Family,Weekly,Woman
5,32.0,"199,4298305733049",Afternoon,Movies,Science Fiction,0.0,Family,Weekly,Man
6,51.0,"129,13720876762966",Night,Anime,Science Fiction,0.0,Premium,Weekly,Woman
7,35.0,"164,01154569823592",Afternoon,Documentaries,Science Fiction,0.0,Family,Weekly,Man
8,40.0,"156,86875315910996",Morning,Anime,Horror,0.0,Family,Weekly,Woman
9,64.0,"215,2344983170582",Afternoon,Movies,Science Fiction,1.0,Family,Weekly,Man
10,34.0,"177,82287533762977",Afternoon,Documentaries,Science Fiction,0.0,Family,Weekly,Man
11,53.0,"162,26757216499942",Afternoon,Movies,Drama,1.0,Family,Weekly,Woman
12,42.0,"148,30917076364264",Late Night,Documentaries,Drama,0.0,Premium,Weekly,Man
13,49.0,"195,23133979048987",Night,Movies,Science Fiction,1.0,Student,Weekly,Woman
14,57.0,nan,Morning,Documentaries,Science Fiction,1.0,Family,Weekly,Woman
15,54.0,"127,65675483203614",Night,Documentaries,Science Fiction,1.0,Family,Weekly,Woman
16,34.0,"100,90903871036303",Night,Anime,Science Fiction,0.0,Premium,Weekly,Woman
17,39.0,"171,6070062324091",Afternoon,Documentaries,Science Fiction,0.0,Premium,Weekly,Woman
18,28.0,"191,7424149189636",Night,Anime,Science Fiction,0.0,Premium,Weekly,Woman
19,32.0,"146,27896169500534",Night,Documentaries,Drama,0.0,Premium,Weekly,Man
20,57.0,"160,978554598717",Night,Movies,Science Fiction,1.0,Family,Weekly,Man
21,60.0,"160,2740222714441",Night,Movies,Science Fiction,1.0,Family,Weekly,Woman
22,62.0,"167,1889963136149",Afternoon,Movies,Science Fiction,1.0,Family,Daily,Woman
23,55.0,"212,89151502116755",Night,Movies,Science Fiction,1.0,Family,Weekly,Woman
24,31.0,"232,76423638621557",Afternoon,Movies,Drama,0.0,Family,Weekly,Woman
25,48.0,"145,34543162059128",Night,Documentaries,Horror,1.0,Family,Weekly,Man
26,30.0,"259,3760910220953",Afternoon,Movies,Drama,0.0,Family,Weekly,Man
27,39.0,"98,0324697881831",Night,Anime,Science Fiction,0.0,Premium,Weekly,Man
28,70.0,"116,9539536476358",Night,Movies,Science Fiction,1.0,Family,Daily,Man
29,56.0,"134,9906298297026",Night,Movies,Science Fiction,1.0,Family,Weekly,Woman
30,58.0,"131,11306773622513",Night,Movies,Science Fiction,1.0,Family,Weekly,Woman
31,48.0,"118,76017279971047",Night,Documentaries,Science Fiction,1.0,Family,Weekly,Man
32,41.0,"145,16432091201028",Night,Documentaries,Science Fiction,1.0,Family,Weekly,Woman
33,35.0,nan,Night,Documentaries,Horror,0.0,Family,Weekly,Woman
34,37.0,"247,86639309083915",Afternoon,Documentaries,Science Fiction,0.0,Family,Occasional,Man
35,45.0,"166,93542748852454",Afternoon,Documentaries,Drama,0.0,Family,Weekly,Woman
36,54.0,"149,78249620302896",Afternoon,Movies,Science Fiction,1.0,Family,Daily,Woman
37,44.0,"167,7213421172631",Afternoon,Documentaries,Drama,0.0,Family,Weekly,Man
38,45.0,"140,3903735298028",Night,Documentaries,Horror,1.0,Family,Weekly,Man
39,43.0,"192,53847257454143",Night,Movies,Drama,1.0,Family,Weekly,Man
40,57.0,"186,87065420256957",Afternoon,Movies,Science Fiction,1.0,Family,Weekly,Woman
41,39.0,"201,56174311359027",Afternoon,Documentaries,Science Fiction,0.0,Premium,Weekly,Man
42,28.0,"198,35848847288472",Night,Documentaries,Drama,0.0,Family,Weekly,Man
43,40.0,"136,96189686780886",Afternoon,Documentaries,Horror,1.0,Family,Weekly,Woman
44,54.0,"164,59309967515756",Afternoon,Movies,Science Fiction,1.0,Family,Daily,Woman
45,29.0,"82,06853085433559",Night,Anime,Science Fiction,0.0,Premium,Weekly,Man
46,41.0,"197,1960132057996",Afternoon,Documentaries,Science Fiction,0.0,Family,Weekly,Man
47,37.0,"125,58800639230074",Night,Documentaries,Drama,0.0,Premium,Weekly,Man
48,50.0,"151,64355460517822",Night,Documentaries,Drama,1.0,Family,Weekly,Woman
49,37.0,nan,Afternoon,Anime,Science Fiction,0.0,Family,Weekly,Man
50,47.0,"137,7681731789985",Night,Anime,Horror,0.0,Premium,Weekly,Woman
51,46.0,"145,23273551790814",Afternoon,Documentaries,Science Fiction,0.0,Premium,Weekly,Man
52,40.0,"84,90694143208493",Afternoon,Documentaries,Science Fiction,1.0,Family,Weekly,Man
53,45.0,"139,14440299541465",Afternoon,Documentaries,Science Fiction,1.0,Family,Weekly,Man
54,37.0,"199,78871289296893",Afternoon,Movies,Drama,0.0,Family,Weekly,Woman
55,42.0,"184,44445822536525",Night,Movies,Drama,1.0,Family,Weekly,Man
56,31.0,"213,78605165286817",Afternoon,Documentaries,Drama,0.0,Premium,Weekly,Woman
57,51.0,"115,1714326326699",Night,Anime,Horror,1.0,Family,Weekly,Man
58,40.0,"210,859694248553",Afternoon,Documentaries,Drama,0.0,Family,Occasional,Man
59,43.0,"147,4294453060347",Afternoon,Documentaries,Drama,0.0,Premium,Weekly,Woman
60,59.0,"155,34599654379647",Night,Movies,Science Fiction,1.0,,Weekly,Man
61,40.0,"213,9532058576445",Night,Documentaries,Science Fiction,0.0,Family,Weekly,Woman
62,52.0,"151,11188305038968",Night,Documentaries,Science Fiction,1.0,Family,Weekly,Woman
63,38.0,"94,04235123974598",Afternoon,Anime,Science Fiction,0.0,Premium,Weekly,Woman
64,43.0,"173,52848712390346",Afternoon,Documentaries,Drama,0.0,Premium,Weekly,Man
65,61.0,"101,5267483228409",Night,Movies,Science Fiction,1.0,Family,Daily,Woman
66,55.0,"164,981459068556",Afternoon,Movies,Science Fiction,1.0,Family,Weekly,Man
67,43.0,"192,7490121667952",Afternoon,Documentaries,Drama,0.0,Family,Weekly,Man
68,57.0,"211,106942743534",Night,Movies,Science Fiction,1.0,,Weekly,Man
69,44.0,"114,10374481455771",Night,Documentaries,Science Fiction,1.0,Family,Weekly,Man
70,38.0,"177,36860436088136",Night,Documentaries,Science Fiction,0.0,Premium,Weekly,Man
71,34.0,"125,27274796994732",Night,Anime,Science Fiction,0.0,Premium,Weekly,Man
72,36.0,"82,99441607766478",Afternoon,Anime,Science Fiction,1.0,Premium,Weekly,Man
73,57.0,"178,75599012724211",Afternoon,Movies,Science Fiction,1.0,Family,Daily,Woman
74,33.0,"158,55470023683006",Night,Documentaries,Drama,0.0,,Weekly,Woman
75,39.0,"163,26775186807473",Night,Documentaries,Drama,0.0,Premium,Weekly,Man
76,63.0,"99,59237393931424",Night,Movies,Drama,1.0,Family,Weekly,Woman
77,45.0,"171,30207649779982",Late Night,Documentaries,Science Fiction,0.0,Family,Weekly,Man
78,56.0,"237,57909443252296",Afternoon,Movies,Science Fiction,0.0,Family,Weekly,Man
79,39.0,"143,98760538028515",Night,Anime,Horror,0.0,Family,Weekly,Man
80,34.0,"180,03821656834447",Afternoon,Movies,Science Fiction,1.0,Family,Weekly,Woman
81,41.0,"80,99771004303295",Night,Anime,Science Fiction,0.0,Free,Weekly,Man
82,61.0,"206,08433586715253",Night,Movies,Science Fiction,1.0,Family,Weekly,Man
83,36.0,"155,07086338876547",Night,Anime,Drama,0.0,Premium,Weekly,Man
84,45.0,"159,58240660964017",Afternoon,Documentaries,Horror,1.0,Family,Weekly,Woman
85,50.0,"117,77468690419238",Night,Movies,Drama,1.0,Premium,Weekly,Man
86,32.0,"210,93046576614577",Afternoon,Documentaries,Science Fiction,0.0,Family,Weekly,Woman
87,35.0,"78,7706642777819",Night,Anime,Science Fiction,1.0,Family,Weekly,Woman
88,36.0,"181,6168153722698",Afternoon,Documentaries,Drama,0.0,Family,Weekly,Woman
89,48.0,"206,60852857884927",Afternoon,Documentaries,Horror,1.0,Family,Weekly,Man
90,44.0,"190,50978090304548",Afternoon,Documentaries,Drama,0.0,Family,Occasional,Woman
91,54.0,"155,66373402207563",Night,Documentaries,Horror,1.0,Family,Weekly,Woman
92,40.0,"131,8962631168341",Afternoon,Documentaries,Drama,1.0,Premium,Weekly,Woman
93,54.0,"155,43120908708863",Night,Documentaries,Horror,1.0,Family,Weekly,Man
94,42.0,"178,90126233629917",Night,Documentaries,Drama,0.0,Premium,Weekly,Man
95,35.0,"186,0671102351007",Night,Documentaries,Science Fiction,0.0,Family,Weekly,Man
96,34.0,"81,68836933166813",Night,Anime,Science Fiction,1.0,Premium,Weekly,Man
97,39.0,"147,76340589150757",Night,Documentaries,Drama,0.0,Premium,Weekly,Man
98,29.0,"138,50867968108528",Night,Documentaries,Science Fiction,1.0,Family,Weekly,Woman
99,41.0,"179,5062176223362",Night,Documentaries,Science Fiction,0.0,Premium,Weekly,Man
100,61.0,"213,99930504490695",Afternoon,Movies,Science Fiction,1.0,Family,Weekly,Woman
101,33.0,"168,00415726555",Night,Documentaries,Drama,0.0,Premium,Weekly,Woman
102,46.0,"169,47499891869077",Night,Movies,Science Fiction,1.0,Family,Weekly,Woman
103,35.0,"175,61803945835155",Afternoon,Anime,Drama,0.0,Premium,Weekly,Man
104,43.0,"116,13777031681748",Night,Anime,Science Fiction,0.0,Premium,Weekly,Man
105,35.0,"148,00221072844113",Afternoon,Documentaries,Action,0.0,Premium,Weekly,Man
106,36.0,"59,37181301994546",Night,Documentaries,Science Fiction,1.0,Family,Weekly,Woman
107,36.0,"171,6456963725042",Afternoon,Documentaries,Science Fiction,0.0,Family,Weekly,Woman
108,31.0,nan,Night,Anime,Science Fiction,0.0,Premium,Weekly,Woman
109,62.0,"100,7160099505338",Night,Documentaries,Science Fiction,1.0,Family,Weekly,Man
110,51.0,"186,18431575977917",Night,Documentaries,Science Fiction,1.0,Family,Weekly,Man
111,37.0,"79,61915011767218",Afternoon,Anime,Science Fiction,0.0,Premium,Weekly,Man
112,61.0,"181,61457799268217",Late Night,Movies,Science Fiction,1.0,Family,Weekly,Man
113,41.0,"44,96624013157102",Night,Anime,Science Fiction,1.0,Premium,Weekly,Man
114,38.0,"91,86753859073627",Night,Anime,Science Fiction,0.0,Premium,Weekly,Woman
115,57.0,"197,21825536806432",Night,Movies,Science Fiction,1.0,Family,Daily,Woman
116,40.0,"166,79774504522445",Night,Documentaries,Science Fiction,0.0,Premium,Weekly,Man
117,43.0,"181,6763749427421",Night,Documentaries,Science Fiction,0.0,Family,Weekly,Woman
118,40.0,"184,53033713300223",Night,Documentaries,Drama,0.0,Premium,Weekly,Man
119,47.0,"152,632033172787",Night,Anime,Horror,0.0,Premium,Weekly,Woman
120,29.0,"181,7707897751144",Afternoon,Movies,Drama,0.0,Family,Weekly,Man
121,40.0,"101,23190985109676",Afternoon,Anime,Science Fiction,1.0,Premium,Weekly,Man
122,53.0,"122,9412638826948",Afternoon,Anime,Horror,1.0,Family,Occasional,Man
123,28.0,"134,45793108033354",Afternoon,Anime,Horror,0.0,Premium,Occasional,Woman
124,53.0,"133,23643002980344",Night,Documentaries,Horror,0.0,,Weekly,Woman
125,27.0,"94,78649958546904",Afternoon,Documentaries,Science Fiction,1.0,Premium,Weekly,Woman
126,50.0,"103,09788755063794",Night,Anime,Science Fiction,0.0,Premium,Weekly,Woman
127,49.0,"97,35277562747422",Afternoon,Anime,Science Fiction,1.0,Premium,Weekly,Woman
128,57.0,"217,08047141697045",Night,Movies,Science Fiction,1.0,Family,Weekly,Woman
129,64.0,"235,7346266814116",Afternoon,Movies,Science Fiction,1.0,Family,Weekly,Man
130,41.0,"174,8525396167303",Afternoon,Documentaries,Drama,0.0,Premium,Weekly,Woman
131,54.0,"178,66513061940572",Night,Documentaries,Science Fiction,1.0,Family,Weekly,Woman
132,37.0,"199,6278697977492",Afternoon,Documentaries,Drama,0.0,Family,Weekly,Man
133,39.0,"43,13514484123522",Afternoon,Anime,Science Fiction,1.0,Family,Weekly,Woman
134,36.0,"149,7262051035164",Night,Documentaries,Horror,1.0,Family,Weekly,Man
135,47.0,"133,86529663276988",Afternoon,Documentaries,Drama,1.0,Premium,Weekly,Man
136,39.0,"171,98481508435353",Night,Documentaries,Drama,0.0,Premium,Weekly,Woman
137,23.0,"153,3908006526644",Afternoon,Anime,Science Fiction,0.0,,Weekly,Man
138,42.0,"185,7398863080349",Afternoon,Documentaries,Drama,0.0,Premium,Weekly,Woman
139,34.0,"140,35923494946644",Afternoon,Anime,Horror,0.0,Family,Weekly,Man
140,55.0,"166,02688454068888",Afternoon,Movies,Horror,1.0,Family,Weekly,Man
141,31.0,"119,17619650716644",Night,Anime,Science Fiction,0.0,Premium,Weekly,Man
142,40.0,"144,66886366935424",Night,Documentaries,Horror,1.0,Family,Weekly,Man
143,58.0,"140,75090563915987",Afternoon,Movies,Horror,1.0,,Weekly,Woman
144,35.0,"129,78263756185825",Night,Anime,Science Fiction,0.0,Family,Weekly,Woman
145,44.0,"159,2809231318429",Afternoon,Documentaries,Horror,0.0,Premium,Weekly,Woman
146,57.0,"164,40005779253897",Afternoon,Movies,Horror,1.0,Family,Weekly,Man
147,30.0,"173,44476544359594",Night,Anime,Science Fiction,0.0,Family,Weekly,Man
148,37.0,"89,05322506918964",Afternoon,Anime,Science Fiction,0.0,Premium,Weekly,Man
149,36.0,"154,4380999600706",Afternoon,Documentaries,Drama,0.0,Premium,Weekly,Man
150,65.0,"186,06818994782435",Afternoon,Movies,Science Fiction,1.0,Family,Weekly,Woman
151,49.0,"139,811708723574",Night,Documentaries,Horror,1.0,Family,Weekly,Woman
152,54.0,"199,60402978050016",Night,Documentaries,Science Fiction,1.0,Family,Weekly,Man
153,61.0,"158,7088079907421",Afternoon,Movies,Science Fiction,1.0,Family,Daily,Woman
154,61.0,"123,8590898293824",Night,Movies,Science Fiction,1.0,Family,Weekly,Man
155,47.0,"133,51969583652465",Afternoon,Documentaries,Science Fiction,1.0,Family,Weekly,Man
156,50.0,"72,16642738195983",Night,Documentaries,Science Fiction,1.0,Premium,Weekly,Man
157,34.0,"122,71387119763732",Afternoon,Documentaries,Horror,1.0,Family,Weekly,Man
158,59.0,"140,83555611613326",Afternoon,Movies,Science Fiction,1.0,Family,Weekly,Woman
159,58.0,"168,99311245994187",Afternoon,Movies,Science Fiction,1.0,Family,Weekly,Man
160,61.0,"233,9164743946931",Night,Movies,Science Fiction,1.0,Family,Weekly,Man
161,38.0,"159,964261249111",Late Night,Documentaries,Drama,0.0,Premium,Weekly,Woman
162,35.0,"183,4816968801129",Afternoon,Anime,Horror,0.0,Family,Weekly,Man
163,41.0,"108,10049763045086",Night,Anime,Science Fiction,1.0,Premium,Weekly,Woman
164,49.0,"159,28473783511888",Night,Documentaries,Science Fiction,1.0,Family,Weekly,Man
165,38.0,"152,95345573490903",Afternoon,Documentaries,Drama,0.0,Premium,Weekly,Woman
166,34.0,"186,8551265996571",Night,Documentaries,Science Fiction,0.0,Family,Weekly,Man
167,36.0,"83,43923403991785",Night,Anime,Science Fiction,1.0,Premium,Weekly,Woman
168,39.0,"176,96229292826987",Night,Documentaries,Drama,0.0,Premium,Weekly,Woman
169,46.0,"146,67701304083133",Afternoon,Documentaries,Drama,1.0,Premium,Weekly,Man
170,49.0,"113,72922174568502",Afternoon,Anime,Science Fiction,0.0,Premium,Occasional,Woman
171,52.0,"139,08311048919995",Afternoon,Documentaries,Horror,0.0,Premium,Weekly,Man
172,38.0,"200,0561955236472",Night,Documentaries,Science Fiction,0.0,Family,Weekly,Woman
173,53.0,"182,26439805863149",Night,Movies,Science Fiction,1.0,Family,Weekly,Man
174,55.0,"102,23960645523572",Afternoon,Documentaries,Horror,1.0,Family,Weekly,Man
175,45.0,"105,54452757185408",Afternoon,Documentaries,Science Fiction,1.0,Premium,Weekly,Man
176,41.0,"136,01490050058354",Night,Documentaries,Science Fiction,1.0,Family,Weekly,Woman
177,41.0,"178,43456246438942",Night,Documentaries,Drama,0.0,Premium,Weekly,Man
178,42.0,"143,1866430440963",Afternoon,Documentaries,Science Fiction,1.0,Family,Weekly,Man
179,62.0,"237,03153926416977",Afternoon,Movies,Horror,1.0,Family,Weekly,Man
180,49.0,"194,2768809851761",Night,Movies,Science Fiction,1.0,Family,Weekly,Woman
181,46.0,"89,05748341172693",Night,Anime,Science Fiction,1.0,Premium,Weekly,Man
182,48.0,"58,39222584700034",Night,Anime,Science Fiction,1.0,Premium,Weekly,Man
183,38.0,"203,0051166750589",Afternoon,Documentaries,Science Fiction,0.0,Family,Weekly,Woman
184,26.0,"82,00921672127372",Afternoon,Anime,Science Fiction,0.0,,Weekly,Man
185,54.0,"154,61218166090111",Afternoon,Documentaries,Science Fiction,1.0,Family,Weekly,Woman
186,51.0,"123,04855077199971",Night,Documentaries,Science Fiction,1.0,Family,Weekly,Woman
187,40.0,"149,18989952292495",Night,Anime,Horror,0.0,Family,Weekly,Man
188,47.0,"167,49661609378666",Morning,Documentaries,Science Fiction,0.0,Family,Weekly,Woman
189,34.0,"157,0028396280921",Afternoon,Anime,Science Fiction,0.0,Premium,Weekly,Man
190,39.0,"161,96292962137545",Night,Documentaries,Drama,0.0,Premium,Weekly,Woman
191,45.0,"91,44122015838232",Night,Anime,Science Fiction,1.0,Premium,Weekly,Woman
192,29.0,"157,35976447148508",Afternoon,Anime,Horror,0.0,Premium,Weekly,Man
193,41.0,"151,28012589609713",Afternoon,Anime,Horror,0.0,Premium,Weekly,Woman
194,42.0,"136,82071844797957",Afternoon,Anime,Science Fiction,0.0,Premium,Weekly,Man
195,38.0,"77,17986500634048",Night,Anime,Science Fiction,1.0,Premium,Weekly,Man
196,40.0,"84,65308373871204",Night,Anime,Science Fiction,1.0,Premium,Weekly,Woman
197,46.0,"163,75875467402165",Afternoon,Documentaries,Drama,0.0,Premium,Weekly,Man
198,29.0,nan,Afternoon,Anime,Science Fiction,0.0,Premium,Weekly,Woman
199,53.0,nan,Afternoon,Documentaries,Horror,1.0,Family,Daily,Man
200,58.0,"238,83767564691675",Night,Movies,Science Fiction,0.0,Family,Weekly,Woman
201,39.0,"114,6494838853094",Afternoon,Anime,Science Fiction,0.0,Premium,Weekly,Woman
202,55.0,"158,6846805216664",Afternoon,Movies,Science Fiction,1.0,Family,Weekly,Man
203,59.0,"149,92580270684996",Night,Movies,Science Fiction,1.0,Family,Weekly,Man
204,49.0,"136,01052554133304",Late Night,Documentaries,Horror,1.0,Family,Weekly,Man
205,37.0,"127,65581114475285",Night,Anime,Horror,0.0,Premium,Occasional,Man
206,37.0,"216,29028694057493",Night,Documentaries,Science Fiction,0.0,Family,Weekly,Woman
207,30.0,"123,07347885152372",Night,Anime,Science Fiction,0.0,Premium,Weekly,Woman
208,40.0,"111,87770187001738",Night,Anime,Science Fiction,1.0,Family,Weekly,Man
209,37.0,"88,78763389441887",Morning,Documentaries,Science Fiction,1.0,,Weekly,Woman
210,36.0,"88,28939058594592",Night,Anime,Science Fiction,1.0,Premium,Weekly,Man
211,34.0,"123,70467848876868",Night,Anime,Science Fiction,0.0,Family,Weekly,Woman
212,38.0,"130,88322414056714",Night,Documentaries,Drama,0.0,Premium,Weekly,Man
213,47.0,"122,38457084887648",Afternoon,Anime,Horror,0.0,Premium,Weekly,Woman
214,44.0,"130,63916944076237",Night,Documentaries,Drama,1.0,Premium,Weekly,Woman
215,55.0,"222,10397461032943",Afternoon,Movies,Science Fiction,0.0,Family,Weekly,Woman
216,51.0,"151,60472641199507",Night,Anime,Horror,1.0,Family,Weekly,Woman
217,53.0,"161,28457345939842",Night,Documentaries,Horror,1.0,Family,Weekly,Woman
218,43.0,"155,6507923912129",Afternoon,Documentaries,Drama,0.0,Premium,Weekly,Woman
219,52.0,"160,56450916650743",Afternoon,Documentaries,Science Fiction,1.0,Family,Weekly,Woman
220,29.0,"178,70549896524776",Night,Documentaries,Drama,0.0,Premium,Weekly,Man
221,46.0,"191,36702378518623",Night,Movies,Drama,0.0,Family,Weekly,Man
222,36.0,"114,22557178480564",Night,Anime,Science Fiction,0.0,Family,Weekly,Man
223,51.0,"118,7538199382134",Afternoon,Documentaries,Horror,1.0,Family,Daily,Woman
224,37.0,"71,49845957292196",Afternoon,Anime,Science Fiction,1.0,,Weekly,Woman
225,36.0,"44,2522812033399",Night,Anime,Science Fiction,1.0,Premium,Weekly,Man
226,42.0,"47,66700031317155",Night,Anime,Science Fiction,1.0,Premium,Weekly,Man
227,56.0,"179,1085149063066",Night,Movies,Science Fiction,1.0,Family,Weekly,Woman
228,59.0,"129,97638744649063",Afternoon,Movies,Science Fiction,1.0,Family,Daily,Woman
229,35.0,"90,19192765327412",Night,Anime,Science Fiction,1.0,Premium,Weekly,Woman
230,51.0,"144,23765323125713",Afternoon,Anime,Horror,0.0,Premium,Weekly,Man
231,27.0,"127,84051736857256",Night,Anime,Drama,0.0,Free,Weekly,Man
232,46.0,"164,33280027277974",Night,Movies,Drama,1.0,Family,Weekly,Man
233,57.0,"198,3126489285833",Night,Movies,Science Fiction,1.0,Family,Daily,Man
234,45.0,"86,17835256142955",Afternoon,Anime,Science Fiction,1.0,Premium,Weekly,Man
235,52.0,"171,58230579145615",Night,Movies,Science Fiction,1.0,Family,Daily,Man
236,39.0,"201,5128457272681",Afternoon,Documentaries,Drama,0.0,Family,Weekly,Woman
237,54.0,"223,8990019847305",Afternoon,Movies,Science Fiction,0.0,Family,Daily,Woman
238,45.0,"110,65322085344934",Afternoon,Anime,Science Fiction,1.0,,Weekly,Man
239,52.0,"181,1476289960957",Night,Documentaries,Science Fiction,1.0,Family,Weekly,Man
240,56.0,nan,Night,Movies,Science Fiction,0.0,Family,Weekly,Woman
241,32.0,"119,42431458736478",Afternoon,Anime,Science Fiction,0.0,Family,Weekly,Woman
242,37.0,"190,995103116184",Afternoon,Documentaries,Drama,0.0,Premium,Weekly,Woman
243,47.0,"120,30129961003462",Afternoon,Anime,Science Fiction,0.0,Premium,Weekly,Man
244,58.0,"161,77361826814294",Night,Movies,Science Fiction,1.0,Family,Weekly,Woman
245,39.0,"175,770188883286",Afternoon,Documentaries,Drama,0.0,Premium,Weekly,Man
246,34.0,"164,84955181069552",Afternoon,Documentaries,Drama,0.0,Premium,Weekly,Man
247,40.0,"187,29255381091804",Night,Documentaries,Drama,0.0,Premium,Weekly,Woman
248,40.0,"142,93960221491767",Night,Documentaries,Horror,1.0,Family,Weekly,Woman
249,48.0,"122,6957667831657",Night,Anime,Science Fiction,0.0,Premium,Weekly,Woman
250,60.0,"156,76104885718655",Afternoon,Movies,Science Fiction,1.0,Family,Weekly,Woman
251,40.0,"88,87158016556089",Night,Anime,Science Fiction,1.0,Premium,Weekly,Woman
252,58.0,"160,5302479654152",Night,Movies,Science Fiction,1.0,Family,Daily,Man
253,43.0,"116,0841149469746",Night,Documentaries,Horror,1.0,Family,Weekly,Woman
254,43.0,"146,79007767336748",Night,Documentaries,Science Fiction,1.0,Family,Weekly,Woman
255,47.0,"145,3002630310146",Night,Documentaries,Horror,1.0,Family,Weekly,Man
256,40.0,"176,98019683719835",Night,Documentaries,Drama,0.0,Premium,Weekly,Man
257,36.0,"148,9790889307761",Afternoon,Documentaries,Science Fiction,0.0,Family,Weekly,Man
258,44.0,"61,81919626462888",Night,Anime,Science Fiction,1.0,Family,Occasional,Man
259,29.0,"195,62335562361812",Afternoon,Documentaries,Drama,0.0,Premium,Weekly,Woman
260,39.0,"191,2451328363061",Night,Documentaries,Drama,0.0,Premium,Weekly,Man
261,32.0,"82,80927885416527",Night,Anime,Science Fiction,1.0,Premium,Weekly,Woman
262,39.0,"150,42291293806275",Late Night,Documentaries,Drama,0.0,Premium,Weekly,Woman
263,37.0,"66,34596712093858",Afternoon,Anime,Science Fiction,1.0,Premium,Weekly,Woman
264,39.0,"113,93907921604128",Afternoon,Anime,Science Fiction,1.0,Premium,Weekly,Man
265,59.0,"99,0933690647121",Night,Movies,Drama,1.0,Family,Weekly,Woman
266,36.0,"168,73476537179002",Afternoon,Documentaries,Drama,0.0,Premium,Weekly,Woman
267,34.0,nan,Night,Documentaries,Science Fiction,1.0,,Weekly,Man
268,49.0,"148,63226682989324",Night,Documentaries,Horror,1.0,Family,Weekly,Woman
269,45.0,"89,53943401595922",Night,Documentaries,Science Fiction,1.0,Family,Weekly,Woman
270,39.0,"102,51119141780774",Afternoon,Documentaries,Horror,1.0,Family,Weekly,Woman
271,54.0,"153,00020753510375",Night,Documentaries,Horror,1.0,Family,Daily,Man
272,36.0,"115,09241683486115",Afternoon,Anime,Science Fiction,1.0,Family,Weekly,Man
273,27.0,"164,8228904039066",Night,Anime,Drama,0.0,Free,Occasional,Man
274,41.0,"185,43749921787148",Afternoon,Documentaries,Science Fiction,0.0,Premium,Occasional,Woman
275,45.0,"210,4370912150636",Night,Documentaries,Science Fiction,0.0,Family,Weekly,Man
276,60.0,"171,00187275153405",Night,Movies,Horror,1.0,Family,Weekly,Woman
277,52.0,"199,7046670015335",Afternoon,Documentaries,Science Fiction,1.0,Family,Weekly,Man
278,34.0,"152,52100644464463",Night,Documentaries,Science Fiction,0.0,Family,Weekly,Man
279,28.0,"199,72601332090787",Night,Documentaries,Science Fiction,0.0,Family,Weekly,Woman
280,41.0,"195,11130990494672",Afternoon,Documentaries,Science Fiction,0.0,Family,Weekly,Woman
281,43.0,"92,03520402736731",Afternoon,Anime,Science Fiction,1.0,Family,Weekly,Woman
282,32.0,"83,47606508780416",Night,Documentaries,Science Fiction,1.0,Family,Weekly,Man
283,36.0,"183,4456328877735",Afternoon,Documentaries,Drama,0.0,Premium,Weekly,Man
284,43.0,nan,Afternoon,Movies,Science Fiction,1.0,Family,Weekly,Woman
285,53.0,nan,Afternoon,Movies,Science Fiction,0.0,Family,Weekly,Woman
286,58.0,nan,Afternoon,Movies,Science Fiction,1.0,Family,Weekly,Woman
287,45.0,"113,43758992719732",Afternoon,Anime,Science Fiction,0.0,Premium,Weekly,Man
288,31.0,"180,9704688044425",Night,Anime,Horror,0.0,Family,Weekly,Woman
289,41.0,"170,26184624036688",Night,Documentaries,Drama,0.0,Premium,Occasional,Woman
290,35.0,"132,94793782003845",Night,Documentaries,Horror,1.0,Family,Weekly,Man
291,39.0,"95,18388883709092",Night,Anime,Science Fiction,1.0,Family,Weekly,Man
292,35.0,"67,70484558300126",Afternoon,Anime,Science Fiction,1.0,Premium,Weekly,Woman
293,30.0,"218,83106107016437",Night,Documentaries,Science Fiction,0.0,Family,Weekly,Man
294,45.0,"129,36971918256455",Afternoon,Documentaries,Drama,1.0,Premium,Weekly,Man
295,32.0,"151,3370203171868",Night,Documentaries,Drama,0.0,Premium,Weekly,Man
296,33.0,"121,789567598527",Night,Anime,Science Fiction,0.0,Premium,Weekly,Woman
297,49.0,nan,Afternoon,Anime,Horror,1.0,Family,Weekly,Man
298,34.0,"104,92486199160224",Night,Anime,Science Fiction,0.0,Premium,Weekly,Man
299,53.0,"196,05616749324457",Night,Movies,Science Fiction,1.0,Family,Weekly,Woman
300,41.0,"156,56005904515217",Afternoon,Documentaries,Drama,0.0,Premium,Weekly,Woman
301,45.0,"146,88867313190394",Afternoon,Anime,Horror,0.0,Family,Weekly,Woman
302,45.0,"186,95657315203715",Afternoon,Documentaries,Drama,0.0,Family,Weekly,Man
303,56.0,"182,19432804400688",Afternoon,Documentaries,Science Fiction,1.0,Family,Weekly,Man
304,52.0,"102,14738891530956",Night,Documentaries,Science Fiction,1.0,Family,Weekly,Man
305,39.0,"162,5545714703616",Night,Documentaries,Science Fiction,0.0,Family,Weekly,Woman
306,42.0,"175,86905671559407",Night,Documentaries,Science Fiction,1.0,Family,Weekly,Man
307,36.0,"211,8920389646659",Night,Documentaries,Drama,0.0,Family,Weekly,Woman
308,38.0,"176,0581713466974",Afternoon,Anime,Horror,0.0,Family,Weekly,Man
309,28.0,nan,Night,Anime,Science Fiction,0.0,Family,Weekly,Man
310,56.0,"144,29093572973443",Afternoon,Movies,Drama,1.0,Family,Weekly,Man
311,58.0,"191,4196627721582",Night,Documentaries,Horror,0.0,Premium,Weekly,Man
312,35.0,"143,79916162596575",Afternoon,Anime,Drama,0.0,Premium,Occasional,Woman
313,51.0,"141,01392114701142",Night,Documentaries,Horror,1.0,Family,Weekly,Woman
314,44.0,"161,7085930241675",Night,Documentaries,Drama,0.0,,Weekly,Man
315,44.0,"157,83215234237812",Afternoon,Anime,Horror,0.0,Family,Weekly,Woman
316,54.0,"162,60200390422898",Night,Documentaries,Science Fiction,1.0,Family,Weekly,Woman
317,37.0,"139,4797082706026",Afternoon,Documentaries,Drama,0.0,Premium,Weekly,Man
318,40.0,"132,8424569350405",Night,Anime,Science Fiction,0.0,Premium,Weekly,Woman
319,57.0,"155,64070281952087",Night,Movies,Science Fiction,1.0,Family,Daily,Woman
320,25.0,"190,98198245847152",Afternoon,Documentaries,Drama,0.0,Premium,Weekly,Woman
321,43.0,"153,9278727851459",Night,Documentaries,Science Fiction,1.0,Family,Weekly,Woman
322,39.0,"175,52774847801987",Afternoon,Documentaries,Science Fiction,1.0,Family,Weekly,Woman
323,31.0,"188,85826494223275",Afternoon,Documentaries,Science Fiction,1.0,Family,Weekly,Woman
324,36.0,"178,72681967136344",Afternoon,Documentaries,Drama,0.0,Premium,Weekly,Woman
325,40.0,"183,95253701847017",Afternoon,Documentaries,Drama,0.0,Premium,Weekly,Woman
326,46.0,"138,3206849158719",Night,Movies,Drama,1.0,Family,Weekly,Woman
327,42.0,"108,64700730420746",Night,Documentaries,Science Fiction,1.0,Family,Weekly,Man
328,44.0,nan,Afternoon,Documentaries,Drama,0.0,,Weekly,Woman
329,33.0,"123,81471252132016",Afternoon,Anime,Science Fiction,0.0,Premium,Weekly,Woman
330,32.0,"82,24025875976182",Afternoon,Documentaries,Science Fiction,1.0,Family,Weekly,Man
331,58.0,"201,44096730526985",Night,Movies,Science Fiction,1.0,Family,Weekly,Woman
332,28.0,"37,89378893327648",Afternoon,Anime,Science Fiction,1.0,Premium,Weekly,Woman
333,48.0,"111,34557702853104",Afternoon,Anime,Science Fiction,0.0,Premium,Weekly,Man
334,44.0,"168,82627003381742",Night,Documentaries,Science Fiction,1.0,Family,Weekly,Man
335,38.0,"158,0143397772424",Night,Anime,Science Fiction,0.0,Family,Weekly,Man
336,46.0,"91,23807195084494",Afternoon,Documentaries,Science Fiction,1.0,Premium,Weekly,Man
337,44.0,"104,96821198594331",Afternoon,Movies,Action,1.0,Premium,Weekly,Man
338,37.0,"97,88523027690329",Night,Anime,Science Fiction,0.0,Premium,Weekly,Woman
339,45.0,"181,5930745454448",Afternoon,Documentaries,Science Fiction,0.0,Premium,Weekly,Man
340,56.0,"120,83760566574593",Night,Documentaries,Science Fiction,1.0,Family,Weekly,Man
341,63.0,"188,21541881505232",Afternoon,Movies,Science Fiction,1.0,Family,Weekly,Woman
342,58.0,"148,13524507739115",Afternoon,Movies,Science Fiction,1.0,Family,Weekly,Woman
343,28.0,"125,28180530117076",Night,Anime,Science Fiction,0.0,Premium,Weekly,Woman
344,63.0,"120,01485424833538",Afternoon,Movies,Science Fiction,1.0,Family,Weekly,Woman
345,39.0,"76,61113843960801",Night,Anime,Science Fiction,0.0,Premium,Weekly,Man
346,61.0,"158,3775983240694",Night,Movies,Science Fiction,1.0,Family,Weekly,Man
347,38.0,"140,03431337938306",Night,Documentaries,Drama,0.0,Premium,Weekly,Man
348,47.0,"98,60729047141236",Night,Anime,Science Fiction,1.0,Premium,Weekly,Man
349,36.0,"187,77813293374723",Night,Documentaries,Drama,0.0,Premium,Weekly,Woman
350,40.0,"159,21187745812352",Night,Documentaries,Drama,0.0,Premium,Weekly,Woman
351,40.0,"171,59749852419037",Afternoon,Anime,Horror,0.0,Family,Occasional,Man
352,59.0,"105,2140639318359",Afternoon,Documentaries,Science Fiction,1.0,Family,Weekly,Woman
353,30.0,"173,75116249376893",Afternoon,Documentaries,Science Fiction,0.0,Family,Weekly,Man
354,47.0,"103,45870237060224",Afternoon,Anime,Science Fiction,0.0,Premium,Weekly,Woman
355,43.0,"126,63443807000648",Night,Anime,Science Fiction,0.0,Premium,Weekly,Man
356,29.0,"143,15772759293318",Afternoon,Reality Shows,Comedy,0.0,Premium,Occasional,Woman
357,38.0,"121,12437816928592",Night,Anime,Science Fiction,0.0,Premium,Weekly,Man
358,43.0,nan,Night,Anime,Science Fiction,0.0,Premium,Weekly,Woman
359,37.0,"177,02297572486924",Afternoon,Documentaries,Drama,0.0,Premium,Weekly,Man
360,43.0,"204,15935076174577",Afternoon,Movies,Science Fiction,1.0,Family,Weekly,Woman
361,51.0,"105,54571246199862",Afternoon,Documentaries,Science Fiction,1.0,Family,Weekly,Man
362,53.0,nan,Afternoon,Documentaries,Science Fiction,1.0,Family,Weekly,Woman
363,33.0,"185,3564330430952",Night,Documentaries,Science Fiction,0.0,Family,Weekly,Man
364,42.0,"127,47150581038144",Night,Documentaries,Drama,1.0,Premium,Weekly,Man
365,55.0,"141,5519560923554",Afternoon,Documentaries,Science Fiction,1.0,Family,Weekly,Man
366,39.0,"196,6792739065261",Night,Documentaries,Horror,0.0,Family,Weekly,Woman
367,37.0,"129,17225754745806",Afternoon,Anime,Science Fiction,1.0,Family,Occasional,Man
368,44.0,"154,44279867857622",Night,Anime,Horror,1.0,Family,Weekly,Man
369,46.0,"186,8320223303849",Afternoon,Documentaries,Science Fiction,1.0,Family,Weekly,Woman
370,34.0,"207,2605555373343",Night,Anime,Science Fiction,0.0,Family,Occasional,Woman
371,44.0,"149,57105665438078",Afternoon,Movies,Science Fiction,1.0,Family,Weekly,Woman
372,30.0,"88,07871171698089",Night,Anime,Science Fiction,1.0,Premium,Weekly,Woman
373,45.0,"143,98611254969387",Night,Documentaries,Drama,1.0,Premium,Weekly,Man
374,40.0,"167,24694622440697",Afternoon,Documentaries,Science Fiction,0.0,Family,Weekly,Woman
375,47.0,"137,96063512988712",Afternoon,Documentaries,Science Fiction,1.0,Family,Weekly,Woman
376,61.0,"184,0180989856985",Late Night,Movies,Science Fiction,1.0,Family,Weekly,Man
377,33.0,"153,80881223448142",Afternoon,Documentaries,Drama,0.0,Premium,Weekly,Woman
378,50.0,"165,53453337805607",Late Night,Documentaries,Science Fiction,1.0,Family,Daily,Woman
379,38.0,"126,9009240543148",Afternoon,Documentaries,Drama,0.0,Premium,Weekly,Man
380,54.0,"199,0253214123973",Afternoon,Movies,Science Fiction,1.0,Family,Weekly,Woman
381,59.0,"143,04369228379107",Afternoon,Movies,Science Fiction,1.0,Family,Weekly,Man
382,46.0,"166,87708662268855",Night,Documentaries,Science Fiction,0.0,Family,Weekly,Woman
383,61.0,"175,78194762023475",Afternoon,Movies,Science Fiction,1.0,Family,Weekly,Man
384,43.0,"123,8378258295932",Night,Documentaries,Action,1.0,Premium,Weekly,Man
385,40.0,"150,19697364861068",Afternoon,Documentaries,Horror,1.0,Family,Weekly,Man
386,37.0,"56,0052228118211",Afternoon,Anime,Science Fiction,1.0,,Weekly,Woman
387,40.0,"148,3374275307793",Night,Documentaries,Drama,0.0,Premium,Weekly,Woman
388,62.0,"133,13337495856356",Night,Movies,Science Fiction,1.0,Family,Weekly,Woman
389,56.0,"91,00998367827997",Afternoon,Movies,Science Fiction,1.0,Premium,Daily,Man
390,35.0,"235,6740373904873",Afternoon,Movies,Science Fiction,0.0,Family,Weekly,Woman
391,31.0,"171,70612417616357",Night,Anime,Science Fiction,0.0,Family,Weekly,Man
392,33.0,"61,03765093299596",Night,Documentaries,Science Fiction,1.0,Family,Weekly,Man
393,41.0,"94,61737693498526",Night,Anime,Science Fiction,1.0,Family,Weekly,Woman
394,44.0,"151,04688333836947",Night,Anime,Horror,0.0,Premium,Occasional,Woman
395,36.0,"166,93526901047457",Night,Anime,Horror,0.0,Family,Weekly,Woman
396,38.0,"116,89331527100158",Afternoon,Anime,Science Fiction,0.0,Premium,Weekly,Man
397,60.0,"117,5642623436706",Afternoon,Movies,Science Fiction,1.0,Family,Weekly,Man
398,66.0,"175,62089247251978",Afternoon,Movies,Science Fiction,1.0,Family,Daily,Woman
399,38.0,"95,04856191106732",Night,Documentaries,Science Fiction,1.0,Family,Weekly,Man
400,50.0,"166,82400722533205",Night,Documentaries,Science Fiction,1.0,Family,Weekly,Woman
401,45.0,"178,7971353506475",Night,Movies,Drama,1.0,Family,Weekly,Woman
402,40.0,"84,92682640261957",Afternoon,Anime,Science Fiction,0.0,Premium,Weekly,Woman
403,42.0,"173,79002250157046",Night,Documentaries,Science Fiction,0.0,Premium,Weekly,Woman
404,44.0,"159,6350299179971",Night,Documentaries,Drama,0.0,Premium,Weekly,Man
405,37.0,"116,10913486453984",Night,Documentaries,Horror,1.0,Family,Weekly,Woman
406,40.0,"82,86642323541209",Afternoon,Anime,Science Fiction,1.0,Premium,Weekly,Man
407,50.0,"211,6796603799193",Night,Documentaries,Science Fiction,0.0,,Weekly,Woman
408,46.0,"140,40263768459943",Night,Documentaries,Science Fiction,1.0,Premium,Weekly,Woman
409,41.0,"223,98121754529717",Afternoon,Movies,Drama,1.0,Family,Weekly,Man
410,57.0,"191,013938510338",Night,Movies,Science Fiction,1.0,Family,Weekly,Man
411,34.0,"191,44821493594287",Afternoon,Anime,Drama,0.0,Premium,Weekly,Woman
412,58.0,"247,8962079736083",Night,Movies,Horror,0.0,Family,Weekly,Man
413,54.0,"111,02803685809832",Night,Documentaries,Horror,1.0,Family,Weekly,Woman
414,53.0,"135,41012142016208",Late Night,Documentaries,Science Fiction,1.0,Family,Weekly,Woman
415,43.0,"95,57223362166812",Afternoon,Anime,Science Fiction,1.0,Premium,Weekly,Woman
416,36.0,"177,16352123419932",Night,Documentaries,Drama,0.0,Family,Weekly,Man
417,47.0,"174,69047732051547",Night,Documentaries,Science Fiction,0.0,Family,Weekly,Woman
418,25.0,"156,58858298194906",Afternoon,Anime,Horror,0.0,Family,Weekly,Woman
419,51.0,"152,48352818616706",Afternoon,Movies,Science Fiction,1.0,Premium,Daily,Woman
420,46.0,"243,37716339027287",Afternoon,Documentaries,Science Fiction,0.0,Family,Occasional,Woman
421,55.0,"194,1201767549648",Afternoon,Movies,Science Fiction,1.0,Family,Weekly,Man
422,29.0,"44,753752192845376",Night,Anime,Science Fiction,1.0,Premium,Weekly,Man
423,40.0,"149,28621320766658",Afternoon,Documentaries,Drama,0.0,Premium,Weekly,Woman
424,59.0,"173,60483615289493",Afternoon,Movies,Science Fiction,1.0,Family,Weekly,Woman
425,58.0,"128,68355023452523",Night,Movies,Science Fiction,1.0,Family,Daily,Woman
426,40.0,"81,36543224197713",Night,Anime,Science Fiction,1.0,Family,Weekly,Woman
427,48.0,"158,2114854762187",Night,Movies,Drama,1.0,Family,Weekly,Woman
428,38.0,"180,4188991648394",Night,Documentaries,Drama,0.0,Premium,Weekly,Woman
429,61.0,"110,8477748676411",Late Night,Movies,Science Fiction,1.0,Family,Weekly,Woman
430,39.0,"149,2882714665354",Night,Documentaries,Science Fiction,0.0,Family,Weekly,Woman
431,30.0,"200,25782664500196",Night,Movies,Science Fiction,0.0,Family,Weekly,Man
432,58.0,"155,96110938980087",Night,Movies,Science Fiction,1.0,Family,Weekly,Man
433,39.0,"187,89128598163583",Night,Documentaries,Science Fiction,0.0,Premium,Weekly,Woman
434,60.0,"204,3473105163146",Afternoon,Movies,Science Fiction,1.0,Family,Weekly,Woman
435,48.0,"153,46813141399105",Night,Documentaries,Science Fiction,1.0,Family,Weekly,Man
436,48.0,"124,27097801107168",Night,Documentaries,Horror,1.0,Family,Weekly,Woman
437,56.0,"154,15516737595863",Night,Movies,Science Fiction,1.0,Family,Daily,Woman
438,37.0,"67,43136493790301",Afternoon,Documentaries,Science Fiction,1.0,Family,Weekly,Man
439,45.0,"165,0728282710098",Afternoon,Documentaries,Drama,0.0,Premium,Weekly,Man
440,43.0,nan,Night,Documentaries,Drama,0.0,Premium,Weekly,Woman
441,37.0,"145,1484254488054",Night,Documentaries,Science Fiction,1.0,Family,Weekly,Woman
442,32.0,"162,9871077330486",Late Night,Anime,Drama,0.0,Premium,Occasional,Woman
443,59.0,nan,Afternoon,Movies,Science Fiction,1.0,Family,Weekly,Woman
444,33.0,"233,60164661784333",Afternoon,Documentaries,Drama,0.0,Family,Weekly,Man
445,29.0,"79,61769271591666",Afternoon,Anime,Science Fiction,1.0,Premium,Weekly,Woman
446,37.0,"139,0915122475651",Afternoon,Documentaries,Drama,0.0,Premium,Weekly,Man
447,55.0,"173,1366353424289",Night,Documentaries,Horror,0.0,Family,Weekly,Woman
448,43.0,"164,42758111353487",Morning,Movies,Science Fiction,1.0,Family,Weekly,Man
449,33.0,nan,Night,Documentaries,Drama,0.0,Premium,Weekly,Man
450,52.0,"106,60199583658982",Afternoon,Documentaries,Science Fiction,1.0,Premium,Weekly,Woman
451,52.0,"149,41781616045677",Afternoon,Documentaries,Horror,1.0,Family,Daily,Man
452,40.0,"126,15989699580167",Afternoon,Documentaries,Drama,0.0,Premium,Weekly,Woman
453,35.0,"208,21809630723823",Night,Documentaries,Science Fiction,0.0,Family,Weekly,Man
454,29.0,"213,3114181198462",Night,Documentaries,Drama,0.0,Family,Weekly,Woman
455,39.0,"121,75246289637931",Afternoon,Anime,Science Fiction,0.0,,Weekly,Woman
456,30.0,"206,47252579640676",Afternoon,Movies,Science Fiction,0.0,Family,Weekly,Woman
457,32.0,"106,98966130347551",Afternoon,Anime,Science Fiction,0.0,Premium,Weekly,Man
458,44.0,"98,05400854976978",Night,Anime,Science Fiction,1.0,Premium,Weekly,Woman
459,50.0,"156,13924049142497",Afternoon,Documentaries,Horror,1.0,Family,Weekly,Woman
460,47.0,"176,01673918850227",Afternoon,Documentaries,Science Fiction,0.0,Family,Weekly,Man
461,44.0,"63,98744481354011",Afternoon,Anime,Science Fiction,1.0,Premium,Weekly,Woman
462,32.0,"99,10772045171964",Night,Anime,Science Fiction,1.0,Family,Weekly,Woman
463,36.0,"114,28353874452864",Night,Anime,Science Fiction,0.0,Premium,Weekly,Man
464,58.0,nan,Night,Movies,Science Fiction,1.0,Family,Weekly,Woman
465,46.0,nan,Night,Documentaries,Science Fiction,1.0,Family,Weekly,Woman
466,39.0,"76,64957307604672",Night,Anime,Science Fiction,1.0,Premium,Weekly,Man
467,43.0,"146,9154544812259",Afternoon,Documentaries,Drama,0.0,Premium,Weekly,Woman
468,45.0,"176,4626683731389",Night,Documentaries,Science Fiction,0.0,Family,Weekly,Man
469,27.0,"130,4157859854411",Night,Anime,Horror,0.0,Premium,Occasional,Man
470,34.0,"241,87084029780107",Night,Movies,Drama,0.0,Family,Weekly,Woman
471,54.0,"74,05004307668652",Night,Anime,Science Fiction,1.0,Premium,Weekly,Man
472,30.0,"133,99049584339775",Afternoon,Documentaries,Action,0.0,Premium,Weekly,Woman
473,52.0,"123,4266332710457",Night,Documentaries,Horror,1.0,Family,Weekly,Man
474,53.0,"123,3284191542796",Night,Anime,Horror,0.0,Premium,Weekly,Man
475,53.0,"84,6324182912862",Night,Documentaries,Science Fiction,1.0,Family,Daily,Woman
476,42.0,"157,85916800667104",Afternoon,Anime,Science Fiction,0.0,Family,Weekly,Man
477,40.0,"170,7458376197826",Afternoon,Documentaries,Science Fiction,1.0,Family,Weekly,Woman
478,48.0,"166,76941088548273",Afternoon,Documentaries,Science Fiction,1.0,,Weekly,Man
479,37.0,"165,10063478101029",Night,Documentaries,Drama,0.0,Premium,Weekly,Man
480,47.0,"81,57805936223804",Night,Anime,Science Fiction,1.0,Premium,Weekly,Man
481,50.0,"155,43602269666",Afternoon,Movies,Horror,1.0,Student,Weekly,Woman
482,48.0,"49,06515765666425",Night,Documentaries,Horror,1.0,Family,Daily,Man
483,65.0,"170,16339615598358",Afternoon,Movies,Science Fiction,1.0,Family,Weekly,Woman
484,42.0,"176,46318760257014",Afternoon,Documentaries,Drama,0.0,Premium,Weekly,Man
485,55.0,"103,69221414796638",Night,Documentaries,Horror,1.0,Family,Weekly,Man
486,34.0,"175,41091942098743",Night,Documentaries,Science Fiction,0.0,Family,Weekly,Woman
487,43.0,"196,60222818285945",Night,Documentaries,Science Fiction,0.0,Family,Weekly,Woman
488,37.0,"104,33359328185432",Night,Documentaries,Science Fiction,1.0,Family,Weekly,Woman
489,31.0,"166,00376651173056",Night,Documentaries,Science Fiction,0.0,Family,Weekly,Woman
490,58.0,"146,15820337623228",Afternoon,Movies,Science Fiction,1.0,Family,Weekly,Woman
491,37.0,"58,60214801637883",Afternoon,Anime,Science Fiction,1.0,Premium,Weekly,Woman
492,58.0,"109,65958446654922",Night,Documentaries,Science Fiction,1.0,Family,Weekly,Man
493,43.0,"202,01792980272515",Night,Documentaries,Science Fiction,0.0,Family,Weekly,Man
494,46.0,"179,84166279863987",Night,Documentaries,Drama,0.0,Family,Weekly,Woman
495,49.0,"99,94044823071818",Night,Documentaries,Horror,1.0,Family,Weekly,Man
496,60.0,"141,47316525458504",Night,Movies,Science Fiction,1.0,Family,Weekly,Man
497,50.0,"196,95494764981927",Afternoon,Documentaries,Science Fiction,0.0,Family,Weekly,Man
498,41.0,"151,86267578050777",Afternoon,Documentaries,Drama,0.0,Premium,Weekly,Woman
499,43.0,"128,51041442936187",Night,Documentaries,Science Fiction,1.0,Family,Weekly,Woman
500,32.0,"150,71743549437994",Afternoon,Documentaries,Science Fiction,0.0,Family,Weekly,Woman
501,27.0,"50,64165954946028",Afternoon,Anime,Science Fiction,1.0,Premium,Weekly,Woman
502,42.0,"185,5265133255129",Night,Documentaries,Science Fiction,0.0,Family,Weekly,Man
503,58.0,"182,98960274634547",Afternoon,Movies,Science Fiction,1.0,Family,Weekly,Man
504,38.0,"180,89944191800825",Afternoon,Documentaries,Science Fiction,0.0,Premium,Weekly,Man
505,50.0,"158,6003895137832",Afternoon,Documentaries,Science Fiction,1.0,Family,Weekly,Woman
506,45.0,"210,77245972147225",Night,Movies,Drama,1.0,Family,Weekly,Man
507,49.0,"118,8161273901588",Afternoon,Documentaries,Horror,1.0,Family,Weekly,Woman
508,40.0,"170,41806746001706",Afternoon,Documentaries,Drama,0.0,Premium,Weekly,Man
509,45.0,"138,2875416961554",Night,Documentaries,Drama,0.0,Premium,Weekly,Woman
510,51.0,"123,062824919207",Night,Documentaries,Science Fiction,1.0,Family,Weekly,Man
511,40.0,"131,03962482332585",Afternoon,Anime,Science Fiction,0.0,Family,Weekly,Man
512,47.0,"180,89163314837927",Night,Documentaries,Horror,1.0,Family,Daily,Man
513,40.0,"229,7512382042763",Afternoon,Series,Drama,1.0,Family,Weekly,Woman
514,36.0,"161,55644732583804",Night,Documentaries,Science Fiction,1.0,Family,Weekly,Man
515,51.0,"152,48700958184128",Afternoon,Documentaries,Horror,1.0,Family,Daily,Woman
516,51.0,"132,96024445541698",Night,Documentaries,Science Fiction,1.0,Family,Weekly,Woman
517,47.0,"165,72086960619706",Night,Documentaries,Horror,1.0,Family,Weekly,Man
518,46.0,"141,66842355582995",Night,Anime,Science Fiction,0.0,Premium,Weekly,Woman
519,49.0,"151,58890090634276",Afternoon,Documentaries,Horror,1.0,Family,Weekly,Man
520,44.0,"184,28593025133355",Night,Movies,Science Fiction,1.0,Family,Weekly,Woman
521,50.0,"160,48679761790802",Night,Documentaries,Drama,1.0,Family,Weekly,Man
522,56.0,"164,63970015473475",Night,Movies,Science Fiction,1.0,Family,Daily,Woman
523,24.0,"185,64166606288651",Afternoon,Documentaries,Science Fiction,0.0,Family,Weekly,Woman
524,49.0,"159,55462482309488",Night,Documentaries,Horror,1.0,Family,Weekly,Man
525,33.0,"87,20237150627521",Night,Documentaries,Science Fiction,1.0,Premium,Weekly,Woman
526,31.0,"163,43886427805987",Afternoon,Anime,Science Fiction,0.0,Premium,Occasional,Woman
527,41.0,"187,08981329922577",Afternoon,Documentaries,Drama,0.0,Premium,Weekly,Woman
528,41.0,"123,01748159707851",Afternoon,Anime,Science Fiction,0.0,Premium,Weekly,Man
529,34.0,"133,56588623741146",Night,Documentaries,Action,0.0,Premium,Weekly,Woman
530,38.0,"71,1764788241017",Night,Anime,Science Fiction,1.0,Family,Weekly,Woman
531,47.0,"155,85277149203793",Night,Documentaries,Science Fiction,1.0,,Weekly,Man
532,43.0,"145,3792631727956",Night,Documentaries,Horror,1.0,Family,Weekly,Woman
533,39.0,"144,52379507188164",Night,Movies,Drama,1.0,Premium,Weekly,Woman
534,40.0,"142,50108383244046",Afternoon,Documentaries,Drama,0.0,Premium,Weekly,Man
535,52.0,"109,16495977666992",Night,Anime,Horror,1.0,Family,Occasional,Woman
536,44.0,"162,65676472986976",Afternoon,Documentaries,Science Fiction,0.0,Family,Weekly,Woman
537,62.0,"151,1094467744907",Afternoon,Documentaries,Horror,1.0,Family,Weekly,Woman
538,49.0,"175,47694008370718",Night,Documentaries,Science Fiction,1.0,Family,Weekly,Man
539,41.0,"159,11388033324195",Night,Documentaries,Drama,0.0,Premium,Weekly,Man
540,36.0,"221,4112930635333",Afternoon,Movies,Drama,1.0,Family,Weekly,Man
541,43.0,"122,68431844501676",Afternoon,Anime,Horror,0.0,Family,Occasional,Man
542,36.0,"177,98183992465738",Night,Documentaries,Drama,0.0,,Weekly,Woman
543,50.0,nan,Afternoon,Movies,Horror,1.0,Family,Weekly,Man
544,36.0,"86,47910930517747",Night,Anime,Science Fiction,1.0,Family,Weekly,Man
545,40.0,"121,00896684817678",Afternoon,Documentaries,Drama,0.0,Premium,Weekly,Woman
546,61.0,"176,58034014894744",Night,Movies,Science Fiction,1.0,Family,Weekly,Man
547,32.0,"213,2619543242197",Afternoon,Documentaries,Science Fiction,0.0,Premium,Weekly,Man
548,40.0,"162,24770455350455",Night,Documentaries,Science Fiction,1.0,Family,Weekly,Woman
549,50.0,"196,948408227361",Afternoon,Documentaries,Horror,1.0,Family,Weekly,Woman
550,33.0,"149,16521654585995",Night,Anime,Science Fiction,0.0,Premium,Weekly,Man
551,42.0,"92,57081597214564",Afternoon,Documentaries,Science Fiction,1.0,Premium,Weekly,Man
552,33.0,"155,17755833352322",Night,Documentaries,Drama,0.0,Premium,Weekly,Woman
553,51.0,"157,09529674819254",Afternoon,Documentaries,Science Fiction,1.0,Family,Daily,Man
554,36.0,"96,91592096772015",Afternoon,Anime,Science Fiction,1.0,Family,Weekly,Man
555,56.0,"224,2667048690666",Night,Movies,Horror,1.0,Family,Weekly,Man
556,54.0,"151,33287819735173",Night,Movies,Science Fiction,1.0,Family,Daily,Man
557,43.0,"142,3213799308607",Afternoon,Documentaries,Science Fiction,0.0,,Weekly,Woman
558,43.0,"104,1093420469274",Afternoon,Documentaries,Science Fiction,1.0,Family,Weekly,Woman
559,41.0,"137,4671339153293",Night,Documentaries,Drama,0.0,Premium,Weekly,Woman
560,35.0,"198,26546525063796",Night,Movies,Science Fiction,0.0,Family,Weekly,Man
561,45.0,"165,568645769365",Afternoon,Documentaries,Horror,0.0,Family,Weekly,Man
562,35.0,nan,Afternoon,Documentaries,Science Fiction,1.0,Premium,Weekly,Woman
563,48.0,"156,01442387663306",Afternoon,Documentaries,Horror,1.0,Family,Weekly,Woman
564,42.0,"200,4729798445839",Night,Documentaries,Science Fiction,0.0,,Weekly,Woman
565,29.0,"29,531951558198152",Night,Anime,Drama,1.0,Premium,Weekly,Woman
566,53.0,"139,54204822745717",Night,Movies,Science Fiction,1.0,Family,Daily,Man
567,57.0,"150,2797133805467",Night,Movies,Science Fiction,1.0,Family,Daily,Woman
568,31.0,"68,27039171547318",Afternoon,Anime,Science Fiction,1.0,Premium,Weekly,Woman
569,60.0,"170,09867930629446",Afternoon,Movies,Science Fiction,1.0,Family,Daily,Woman
570,36.0,"155,06787302897564",Afternoon,Documentaries,Science Fiction,1.0,Family,Weekly,Woman
571,58.0,"188,5926701197012",Afternoon,Movies,Science Fiction,1.0,Family,Weekly,Woman
572,63.0,"231,0183484646952",Afternoon,Movies,Science Fiction,1.0,Family,Weekly,Man
573,47.0,"92,6141334429699",Night,Anime,Science Fiction,1.0,,Weekly,Woman
574,45.0,"97,46438187904022",Night,Anime,Science Fiction,0.0,Premium,Weekly,Man
575,46.0,"108,7094928434237",Night,Documentaries,Science Fiction,1.0,Premium,Weekly,Man
576,55.0,"151,82359551683373",Night,Documentaries,Science Fiction,1.0,Family,Weekly,Man
577,41.0,nan,Afternoon,Documentaries,Drama,0.0,Premium,Weekly,Woman
578,46.0,"205,27006030690325",Night,Documentaries,Science Fiction,0.0,Family,Weekly,Man
579,41.0,"75,90246859936377",Afternoon,Anime,Science Fiction,1.0,Family,Weekly,Man
580,35.0,"83,86371320695935",Night,Anime,Science Fiction,0.0,Free,Weekly,Woman
581,35.0,"61,71342212350583",Night,Anime,Science Fiction,1.0,Premium,Weekly,Man
582,52.0,"195,01034323987253",Night,Movies,Science Fiction,1.0,Student,Weekly,Man
583,32.0,"156,34002626359464",Night,Documentaries,Science Fiction,0.0,Family,Weekly,Man
584,47.0,"168,57442381391857",Afternoon,Documentaries,Science Fiction,0.0,Family,Weekly,Man
585,33.0,"72,29218882281103",Night,Anime,Science Fiction,1.0,Premium,Weekly,Man
586,39.0,"156,2427463864787",Night,Documentaries,Drama,0.0,Premium,Weekly,Man
587,48.0,"114,28460697654866",Night,Anime,Horror,0.0,Premium,Weekly,Woman
588,29.0,"82,66398077630475",Night,Documentaries,Science Fiction,1.0,Family,Weekly,Man
589,37.0,nan,Late Night,Documentaries,Drama,0.0,,Weekly,Woman
590,53.0,"134,8355910274847",Night,Documentaries,Science Fiction,1.0,Family,Weekly,Woman
591,59.0,"142,42349385960472",Night,Documentaries,Science Fiction,1.0,Family,Weekly,Woman
592,48.0,"158,92348373612856",Afternoon,Documentaries,Drama,1.0,Family,Weekly,Woman
593,58.0,nan,Afternoon,Documentaries,Science Fiction,1.0,Family,Weekly,Woman
594,29.0,"155,3835769510956",Night,Anime,Drama,0.0,Premium,Weekly,Woman
595,35.0,"147,05744493740454",Afternoon,Anime,Science Fiction,0.0,Family,Weekly,Man
596,30.0,"107,91070772923172",Night,Anime,Science Fiction,1.0,Premium,Weekly,Woman
597,35.0,"91,02677971976988",Afternoon,Anime,Science Fiction,1.0,Premium,Weekly,Man
598,42.0,"107,0310047630454",Night,Documentaries,Science Fiction,1.0,Premium,Weekly,Woman
599,61.0,nan,Night,Movies,Science Fiction,1.0,Family,Weekly,Man
600,34.0,"175,6714191432672",Night,Documentaries,Science Fiction,0.0,Family,Weekly,Woman
601,41.0,"163,41976784149566",Night,Documentaries,Drama,0.0,Premium,Weekly,Man
602,36.0,nan,Afternoon,Anime,Horror,1.0,Family,Weekly,Woman
603,38.0,"123,88576374099502",Morning,Documentaries,Drama,0.0,Premium,Weekly,Woman
604,40.0,"142,01557822411857",Night,Documentaries,Drama,0.0,Premium,Weekly,Woman
605,41.0,"85,9206496919706",Night,Anime,Science Fiction,1.0,Premium,Weekly,Woman
606,53.0,"200,78361966351108",Afternoon,Movies,Horror,1.0,Family,Daily,Woman
607,34.0,"152,97364246283254",Night,Documentaries,Science Fiction,0.0,Family,Weekly,Woman
608,38.0,"189,33943417727812",Afternoon,Documentaries,Science Fiction,0.0,Premium,Weekly,Man
609,41.0,"160,02959745911838",Night,Documentaries,Science Fiction,0.0,,Weekly,Woman
610,56.0,"192,2412632878368",Afternoon,Movies,Science Fiction,1.0,Family,Weekly,Man
611,49.0,"151,88363436919954",Night,Documentaries,Science Fiction,1.0,Family,Weekly,Man
612,63.0,"148,82327483787498",Late Night,Movies,Science Fiction,1.0,Family,Weekly,Woman
613,49.0,"122,82138293513006",Afternoon,Documentaries,Science Fiction,1.0,Premium,Weekly,Man
614,40.0,"184,68380758031927",Night,Documentaries,Drama,0.0,Family,Weekly,Woman
615,58.0,"200,62296462961135",Night,Movies,Science Fiction,1.0,Family,Weekly,Man
616,57.0,"163,15115259776567",Afternoon,Movies,Science Fiction,1.0,Family,Weekly,Man
617,60.0,"136,3817910225436",Night,Movies,Science Fiction,1.0,Family,Weekly,Man
618,32.0,"202,73054214440705",Night,Movies,Science Fiction,0.0,Family,Weekly,Woman
619,52.0,nan,Night,Documentaries,Science Fiction,1.0,Family,Weekly,Man
620,51.0,"104,61599476942668",Afternoon,Documentaries,Horror,1.0,Family,Daily,Woman
621,35.0,"127,475914759012",Night,Anime,Science Fiction,1.0,Family,Weekly,Man
622,60.0,"174,0952068858745",Afternoon,Movies,Horror,1.0,Student,Weekly,Woman
623,55.0,"118,02261639024748",Night,Anime,Horror,1.0,Family,Weekly,Woman
624,56.0,"127,33717374027694",Afternoon,Documentaries,Science Fiction,1.0,Family,Weekly,Man
625,57.0,"196,96065304222452",Night,Movies,Science Fiction,1.0,Family,Weekly,Woman
626,39.0,"143,73007530002292",Night,Documentaries,Horror,1.0,Family,Weekly,Woman
627,32.0,"90,67086765140712",Afternoon,Anime,Science Fiction,1.0,Premium,Weekly,Man
628,34.0,"97,9670870968687",Morning,Anime,Science Fiction,1.0,Family,Weekly,Woman
629,50.0,"146,89544622343556",Night,Anime,Horror,1.0,Family,Occasional,Woman
630,53.0,"214,69585384540144",Night,Movies,Science Fiction,0.0,Family,Daily,Woman
631,42.0,"136,73374890067066",Afternoon,Documentaries,Science Fiction,1.0,Family,Weekly,Man
632,46.0,"133,18711334524076",Night,Documentaries,Horror,1.0,Family,Weekly,Man
633,29.0,"167,6154756522445",Afternoon,Anime,Horror,0.0,,Weekly,Woman
634,40.0,"177,34144783494608",Afternoon,Documentaries,Science Fiction,0.0,Family,Weekly,Man
635,52.0,"119,92858139837674",Afternoon,Documentaries,Comedy,1.0,Family,Weekly,Man
636,43.0,"165,73233017612822",Afternoon,Documentaries,Drama,0.0,Family,Weekly,Woman
637,44.0,"102,79410734029663",Night,Anime,Science Fiction,0.0,Premium,Occasional,Man
638,37.0,"167,7528461729473",Night,Documentaries,Drama,0.0,Premium,Weekly,Woman
639,51.0,"150,47915191864337",Afternoon,Movies,Science Fiction,1.0,Family,Weekly,Woman
640,49.0,"194,28689223603467",Night,Documentaries,Science Fiction,0.0,Family,Weekly,Man
641,43.0,"193,07598049745812",Night,Documentaries,Drama,0.0,,Weekly,Woman
642,38.0,"176,05742713555514",Afternoon,Anime,Drama,0.0,Premium,Weekly,Woman
643,36.0,"148,13507486463195",Afternoon,Documentaries,Drama,0.0,Premium,Weekly,Man
644,50.0,"136,934014629296",Afternoon,Anime,Horror,0.0,Premium,Weekly,Woman
645,45.0,"150,59936378025833",Night,Documentaries,Science Fiction,1.0,Family,Weekly,Man
646,47.0,"174,00553240095627",Night,Anime,Horror,0.0,Premium,Weekly,Woman
647,35.0,"152,7474381226226",Night,Documentaries,Drama,0.0,Premium,Weekly,Man
648,38.0,"167,03667861107502",Afternoon,Documentaries,Drama,0.0,Premium,Weekly,Woman
649,46.0,"145,84794075647292",Afternoon,Documentaries,Drama,1.0,Family,Weekly,Woman
650,54.0,"173,42835736638818",Night,Movies,Science Fiction,1.0,Family,Weekly,Man
651,41.0,"97,77441438172738",Afternoon,Documentaries,Science Fiction,1.0,Family,Weekly,Woman
652,43.0,"46,93532077670931",Night,Anime,Science Fiction,1.0,Premium,Weekly,Woman
653,56.0,"170,88654098232917",Afternoon,Movies,Science Fiction,1.0,Family,Weekly,Man
654,63.0,"122,16364557682218",Night,Documentaries,Horror,1.0,Premium,Weekly,Woman
655,31.0,"103,85685910142598",Night,Anime,Science Fiction,0.0,Premium,Weekly,Man
656,52.0,"226,38042217650616",Night,Movies,Horror,0.0,Family,Weekly,Man
657,39.0,"147,45901251529446",Afternoon,Documentaries,Drama,0.0,Premium,Weekly,Man
658,45.0,"122,6212908562554",Night,Documentaries,Horror,1.0,Family,Weekly,Woman
659,47.0,"177,7096135754085",Night,Documentaries,Science Fiction,1.0,Family,Weekly,Woman
660,48.0,"120,0278236057357",Night,Documentaries,Science Fiction,1.0,Premium,Weekly,Woman
661,48.0,nan,Night,Documentaries,Horror,1.0,Family,Weekly,Woman
662,58.0,"134,05132952729053",Afternoon,Movies,Science Fiction,1.0,Family,Weekly,Woman
663,55.0,"178,93918080591536",Afternoon,Movies,Science Fiction,1.0,Family,Daily,Man
664,44.0,"184,4014127736615",Afternoon,Documentaries,Science Fiction,0.0,Family,Weekly,Woman
665,38.0,"90,2138564597826",Afternoon,Documentaries,Science Fiction,1.0,Family,Weekly,Man
666,43.0,"155,4895905398875",Night,Anime,Horror,0.0,Premium,Weekly,Woman
667,38.0,"173,03926672410378",Afternoon,Documentaries,Drama,0.0,Premium,Weekly,Man
668,49.0,"123,12272824502332",Late Night,Anime,Horror,0.0,Premium,Weekly,Man
669,57.0,"135,53194563378133",Afternoon,Movies,Science Fiction,1.0,Family,Weekly,Man
670,52.0,"183,8860090658455",Night,Documentaries,Science Fiction,1.0,Family,Weekly,Woman
671,43.0,"80,45803063951676",Night,Documentaries,Science Fiction,1.0,Family,Weekly,Man
672,44.0,"97,80072035828223",Night,Anime,Science Fiction,1.0,Premium,Weekly,Woman
673,61.0,"169,0701494780414",Night,Movies,Drama,1.0,Family,Weekly,Woman
674,56.0,nan,Night,Movies,Horror,1.0,Family,Weekly,Man
675,56.0,"159,05428115733693",Afternoon,Movies,Science Fiction,1.0,Family,Weekly,Man
676,24.0,"204,57441312008973",Afternoon,Documentaries,Science Fiction,0.0,Family,Weekly,Man
677,53.0,"121,19037168851858",Morning,Documentaries,Science Fiction,1.0,Family,Weekly,Man
678,33.0,"194,08088075485057",Night,Anime,Drama,0.0,Premium,Occasional,Woman
679,53.0,"160,6603510057304",Afternoon,Documentaries,Drama,1.0,Family,Weekly,Woman
680,31.0,"182,16918726515996",Night,Anime,Science Fiction,0.0,Premium,Weekly,Woman
681,54.0,"150,31131151539176",Night,Documentaries,Science Fiction,1.0,Family,Weekly,Woman
682,42.0,"125,096001552476",Afternoon,Anime,Science Fiction,0.0,Premium,Weekly,Man
683,47.0,"161,64336313827783",Night,Documentaries,Horror,1.0,Family,Daily,Woman
684,40.0,"114,85203188891052",Night,Anime,Science Fiction,0.0,Premium,Weekly,Man
685,60.0,nan,Night,Movies,Science Fiction,1.0,Family,Weekly,Man
686,48.0,"188,6138426580936",Afternoon,Documentaries,Horror,1.0,Family,Weekly,Man
687,43.0,"139,9721629105654",Night,Anime,Horror,1.0,Family,Weekly,Man
688,33.0,"162,50191100435137",Afternoon,Anime,Horror,0.0,Premium,Occasional,Woman
689,46.0,"111,70188103461824",Night,Anime,Science Fiction,0.0,Premium,Weekly,Man
690,39.0,"176,23326158446625",Morning,Documentaries,Drama,0.0,Premium,Weekly,Woman
691,60.0,"228,8189923375163",Night,Movies,Science Fiction,1.0,Family,Weekly,Man
692,41.0,"159,30872299789917",Night,Movies,Science Fiction,1.0,Family,Weekly,Woman
693,58.0,"162,69702970052634",Night,Movies,Science Fiction,1.0,Family,Daily,Man
694,56.0,"259,7270291839727",Afternoon,Movies,Science Fiction,0.0,Family,Weekly,Man
695,62.0,"230,2486975591472",Afternoon,Movies,Science Fiction,1.0,Family,Weekly,Woman
696,59.0,"135,0599972998121",Night,Movies,Science Fiction,1.0,Family,Weekly,Man
697,48.0,"130,7928032804367",Night,Documentaries,Horror,1.0,Family,Weekly,Woman
698,42.0,"177,87007109576172",Night,Documentaries,Science Fiction,0.0,Premium,Weekly,Woman
699,42.0,"119,06807109169596",Night,Anime,Science Fiction,0.0,Premium,Weekly,Man
700,56.0,"160,23106738140277",Night,Movies,Science Fiction,1.0,Family,Weekly,Woman
701,35.0,"85,33442385112757",Afternoon,Anime,Science Fiction,1.0,Premium,Weekly,Man
702,57.0,"217,5797841273174",Night,Movies,Horror,1.0,Family,Weekly,Man
703,38.0,"151,2538660100374",Afternoon,Documentaries,Horror,1.0,Family,Weekly,Man
704,41.0,"157,07860235010276",Night,Documentaries,Drama,0.0,Premium,Weekly,Woman
705,45.0,"189,40052118491656",Afternoon,Documentaries,Science Fiction,0.0,Family,Weekly,Man
706,42.0,"69,14728759731628",Afternoon,Anime,Science Fiction,1.0,Premium,Weekly,Woman
707,44.0,"190,33399826145012",Afternoon,Movies,Science Fiction,1.0,Student,Daily,Woman
708,40.0,"181,3524680095684",Night,Documentaries,Science Fiction,0.0,Premium,Weekly,Woman
709,55.0,"213,93707148503225",Afternoon,Movies,Horror,1.0,Family,Daily,Woman
710,46.0,"172,51395277230583",Night,Documentaries,Drama,0.0,Family,Weekly,Man
711,36.0,"144,6785621510227",Afternoon,Anime,Science Fiction,0.0,Premium,Weekly,Man
712,45.0,nan,Night,Documentaries,Drama,0.0,Premium,Weekly,Man
713,49.0,"156,01603209528656",Afternoon,Documentaries,Science Fiction,1.0,Family,Weekly,Man
714,39.0,"166,51998673998514",Afternoon,Documentaries,Horror,1.0,Family,Weekly,Woman
715,32.0,"208,57161098895517",Afternoon,Documentaries,Science Fiction,0.0,Family,Weekly,Woman
716,37.0,"163,10113244088916",Afternoon,Anime,Horror,0.0,Family,Weekly,Woman
717,57.0,"175,62877495627748",Morning,Movies,Science Fiction,1.0,Family,Weekly,Man
718,33.0,"154,68260459680343",Night,Anime,Drama,0.0,Premium,Weekly,Woman
719,31.0,"19,028934983774136",Afternoon,Anime,Drama,1.0,Premium,Weekly,Woman
720,32.0,"166,15313374237593",Afternoon,Anime,Drama,0.0,Premium,Weekly,Woman
721,62.0,"200,33823690575107",Night,Movies,Science Fiction,1.0,,Weekly,Man
722,66.0,"194,3849071962841",Afternoon,Movies,Science Fiction,1.0,Family,Weekly,Man
723,38.0,"165,5349989489623",Afternoon,Documentaries,Science Fiction,1.0,Family,Weekly,Woman
724,58.0,"174,3998425696204",Afternoon,Movies,Science Fiction,1.0,Family,Weekly,Man
725,40.0,"169,81104441414976",Night,Documentaries,Drama,0.0,Premium,Occasional,Woman
726,29.0,"240,41864008963933",Night,Anime,Drama,0.0,Premium,Occasional,Man
727,54.0,"148,26802406002466",Afternoon,Documentaries,Science Fiction,1.0,Family,Weekly,Woman
728,37.0,"187,18955635375596",Night,Documentaries,Science Fiction,0.0,Family,Weekly,Woman
729,40.0,"119,56775737553512",Afternoon,Documentaries,Science Fiction,1.0,Family,Weekly,Man
730,32.0,"49,02279463595868",Night,Anime,Science Fiction,1.0,Premium,Weekly,Woman
731,37.0,nan,Late Night,Documentaries,Science Fiction,0.0,Family,Weekly,Man
732,56.0,"190,53478380968053",Afternoon,Movies,Science Fiction,1.0,Family,Weekly,Man
733,42.0,nan,Afternoon,Anime,Horror,0.0,Family,Occasional,Woman
734,44.0,"184,7594637926382",Afternoon,Documentaries,Science Fiction,0.0,Family,Weekly,Woman
735,44.0,"159,65397706299035",Afternoon,Documentaries,Drama,1.0,Family,Weekly,Man
736,42.0,"92,1984128067618",Late Night,Anime,Horror,1.0,Family,Weekly,Woman
737,42.0,"158,38500702369274",Night,Documentaries,Drama,0.0,Premium,Weekly,Man
738,49.0,"115,75582313915636",Night,Anime,Science Fiction,1.0,Premium,Weekly,Woman
739,57.0,"121,32914070304982",Afternoon,Movies,Horror,1.0,Family,Daily,Man
740,48.0,"193,7175425638056",Afternoon,Documentaries,Science Fiction,1.0,Family,Weekly,Woman
741,34.0,"178,07995550989227",Night,Documentaries,Drama,0.0,Premium,Weekly,Man
742,53.0,"131,22722553751686",Afternoon,Documentaries,Science Fiction,1.0,Family,Weekly,Man
743,52.0,"159,45326263781035",Afternoon,Documentaries,Science Fiction,1.0,Family,Weekly,Woman
744,43.0,"163,0778296672559",Night,Documentaries,Drama,0.0,Premium,Weekly,Woman
745,45.0,"157,84360244526837",Night,Documentaries,Drama,0.0,,Weekly,Woman
746,31.0,"111,31117814508534",Afternoon,Documentaries,Action,0.0,Premium,Weekly,Man
747,41.0,"164,13577108905898",Night,Documentaries,Science Fiction,1.0,,Weekly,Man
748,51.0,"143,55909131496395",Afternoon,Documentaries,Science Fiction,1.0,Family,Weekly,Man
749,39.0,"162,39557655271452",Night,Documentaries,Science Fiction,0.0,Premium,Weekly,Woman
750,64.0,"237,79859896486596",Night,Movies,Science Fiction,1.0,Family,Weekly,Man
751,42.0,"167,9914969381053",Night,Documentaries,Drama,0.0,Premium,Weekly,Man
752,39.0,"201,45341796705864",Morning,Documentaries,Science Fiction,0.0,Premium,Weekly,Woman
753,44.0,"99,71923495515456",Afternoon,Anime,Science Fiction,0.0,Premium,Weekly,Man
754,41.0,"135,59288744211008",Afternoon,Anime,Science Fiction,0.0,Premium,Weekly,Man
755,38.0,"141,35192315135995",Afternoon,Documentaries,Drama,0.0,Premium,Weekly,Woman
756,38.0,"57,1419656927628",Night,Anime,Science Fiction,1.0,Premium,Weekly,Woman
757,32.0,nan,Night,Movies,Drama,1.0,Family,Weekly,Man
758,60.0,"202,35720128033188",Night,Movies,Science Fiction,1.0,Family,Weekly,Man
759,55.0,"185,7732823126036",Night,Movies,Science Fiction,1.0,Family,Weekly,Man
760,43.0,"186,5146715278412",Afternoon,Documentaries,Science Fiction,1.0,Family,Weekly,Man
761,66.0,"202,17004516452675",Night,Movies,Science Fiction,1.0,Family,Weekly,Woman
762,44.0,"161,0796009971935",Afternoon,Documentaries,Science Fiction,0.0,Premium,Weekly,Woman
763,40.0,nan,Afternoon,Documentaries,Science Fiction,1.0,Family,Weekly,Man
764,37.0,"133,6719602278805",Afternoon,Documentaries,Science Fiction,0.0,Family,Weekly,Woman
765,44.0,"154,53051438018775",Night,Documentaries,Drama,1.0,Family,Weekly,Man
766,40.0,"150,425792187982",Afternoon,Documentaries,Science Fiction,0.0,Family,Weekly,Woman
767,42.0,"195,45962410864465",Afternoon,Movies,Science Fiction,1.0,Family,Weekly,Man
768,37.0,"180,9801973858044",Afternoon,Documentaries,Drama,0.0,Premium,Weekly,Woman
769,47.0,"86,33530560981185",Afternoon,Anime,Science Fiction,1.0,Premium,Weekly,Woman
770,38.0,nan,Afternoon,Documentaries,Horror,1.0,Family,Weekly,Man
771,38.0,"159,69443645984018",Night,Documentaries,Drama,0.0,Premium,Weekly,Man
772,50.0,"218,44063426438584",Night,Documentaries,Horror,0.0,Family,Weekly,Woman
773,26.0,"30,42732673674418",Afternoon,Anime,Science Fiction,1.0,Premium,Weekly,Man
774,40.0,nan,Afternoon,Documentaries,Drama,0.0,Premium,Weekly,Woman
775,65.0,"208,7191849283004",Afternoon,Movies,Science Fiction,1.0,Family,Weekly,Man
776,37.0,"117,99057267521016",Night,Anime,Science Fiction,0.0,Premium,Weekly,Woman
777,51.0,"143,23741991647657",Night,Documentaries,Science Fiction,1.0,Family,Weekly,Woman
778,43.0,"195,33944181493476",Afternoon,Documentaries,Science Fiction,0.0,Family,Weekly,Man
779,33.0,nan,Late Night,Anime,Science Fiction,0.0,Family,Weekly,Man
780,44.0,"98,56036125966304",Night,Anime,Science Fiction,0.0,Premium,Weekly,Man
781,48.0,"117,6114518042202",Afternoon,Documentaries,Horror,1.0,Family,Daily,Woman
782,36.0,"151,7783729122903",Afternoon,Documentaries,Drama,0.0,Premium,Weekly,Man
783,62.0,"169,8095253567728",Afternoon,Movies,Science Fiction,1.0,Family,Weekly,Man
784,57.0,"164,52101746925035",Afternoon,Movies,Horror,1.0,Family,Daily,Woman
785,57.0,"164,98952468347164",Afternoon,Documentaries,Science Fiction,1.0,Family,Weekly,Woman
786,50.0,"180,00248348089627",Afternoon,Documentaries,Horror,1.0,Family,Weekly,Woman
787,52.0,"232,85978287925",Late Night,Movies,Horror,0.0,Family,Weekly,Woman
788,64.0,"159,61034998589977",Afternoon,Movies,Science Fiction,1.0,Family,Weekly,Woman
789,22.0,"79,87615656821185",Night,Anime,Science Fiction,1.0,Premium,Weekly,Woman
790,54.0,"105,96417786425928",Afternoon,Documentaries,Science Fiction,1.0,Family,Weekly,Woman
791,42.0,"125,18814848597816",Afternoon,Documentaries,Drama,0.0,Premium,Weekly,Man
792,52.0,"193,9246239213651",Afternoon,Documentaries,Horror,1.0,Family,Weekly,Woman
793,57.0,"185,13300299632155",Night,Movies,Science Fiction,1.0,Family,Weekly,Woman
794,46.0,"142,09458328463202",Afternoon,Documentaries,Science Fiction,1.0,Family,Weekly,Man
795,28.0,"133,4642036522442",Night,Anime,Horror,0.0,Premium,Weekly,Man
796,28.0,"190,94584950261563",Afternoon,Documentaries,Science Fiction,0.0,Family,Weekly,Man
797,61.0,"171,3807811087168",Night,Movies,Science Fiction,1.0,Family,Weekly,Woman
798,37.0,"151,72525046468832",Afternoon,Documentaries,Drama,0.0,Premium,Weekly,Woman
799,44.0,"193,5791368650971",Night,Documentaries,Science Fiction,0.0,Family,Weekly,Woman
800,50.0,nan,Afternoon,Documentaries,Science Fiction,1.0,Family,Daily,Woman
801,55.0,"142,04143688717954",Night,Movies,Science Fiction,1.0,Family,Daily,Man
802,44.0,"133,5465485807314",Afternoon,Anime,Horror,0.0,Premium,Weekly,Man
803,46.0,"189,34929337965548",Night,Documentaries,Science Fiction,0.0,Family,Weekly,Woman
804,49.0,"134,89617364609327",Night,Anime,Science Fiction,0.0,Premium,Weekly,Woman
805,42.0,"170,86536969828927",Night,Documentaries,Drama,0.0,Premium,Weekly,Woman
806,40.0,"171,71197461782546",Night,Anime,Science Fiction,0.0,Family,Weekly,Woman
807,54.0,"154,3002683742574",Night,Movies,Science Fiction,1.0,Family,Daily,Woman
808,52.0,"181,264674590058",Night,Movies,Science Fiction,1.0,Student,Daily,Woman
809,45.0,"126,930529971845",Afternoon,Anime,Science Fiction,0.0,Premium,Weekly,Man
810,40.0,"190,80057799356197",Night,Documentaries,Science Fiction,0.0,Family,Weekly,Woman
811,42.0,"128,3679341301182",Late Night,Documentaries,Drama,1.0,Premium,Weekly,Woman
812,34.0,"169,36405471699774",Night,Documentaries,Science Fiction,0.0,Family,Weekly,Man
813,61.0,"230,2374133334595",Night,Movies,Science Fiction,1.0,Family,Weekly,Man
814,33.0,"169,36669276102847",Afternoon,Documentaries,Drama,0.0,Premium,Weekly,Man
815,36.0,"194,59135810681568",Afternoon,Documentaries,Drama,0.0,Premium,Weekly,Woman
816,62.0,"98,90080367724504",Night,Movies,Science Fiction,1.0,Family,Daily,Woman
817,66.0,"233,26478880437423",Afternoon,Movies,Science Fiction,1.0,Family,Weekly,Woman
818,37.0,"193,2717624767448",Afternoon,Anime,Drama,0.0,Premium,Occasional,Woman
819,43.0,"172,92939868524644",Night,Documentaries,Drama,0.0,Premium,Weekly,Woman
820,59.0,"203,8517288689245",Night,Movies,Science Fiction,1.0,Family,Weekly,Man
821,44.0,"183,16166036413887",Night,Documentaries,Science Fiction,1.0,Family,Weekly,Man
822,60.0,"248,82756896026356",Afternoon,Movies,Horror,1.0,Family,Weekly,Man
823,44.0,"157,7626183760632",Afternoon,Documentaries,Science Fiction,1.0,Family,Weekly,Woman
824,49.0,"120,38407672812964",Night,Anime,Science Fiction,1.0,Family,Weekly,Man
825,25.0,"105,01168330437748",Afternoon,Anime,Science Fiction,0.0,Free,Weekly,Woman
826,41.0,nan,Night,Documentaries,Science Fiction,0.0,Premium,Weekly,Woman
827,40.0,"203,54689421810127",Afternoon,Documentaries,Science Fiction,0.0,Premium,Weekly,Woman
828,35.0,"90,42848374098249",Night,Anime,Science Fiction,1.0,Family,Weekly,Woman
829,49.0,"119,09356428833397",Night,Documentaries,Science Fiction,0.0,Premium,Weekly,Man
830,42.0,"124,13815166954822",Afternoon,Documentaries,Action,1.0,Premium,Weekly,Woman
831,54.0,"113,96374755458268",Night,Documentaries,Horror,1.0,Family,Weekly,Man
832,33.0,"93,8907516716633",Afternoon,Anime,Science Fiction,1.0,Premium,Weekly,Man
833,59.0,"128,50451279600054",Night,Movies,Science Fiction,1.0,Family,Daily,Woman
834,34.0,"222,7560845594765",Afternoon,Documentaries,Drama,0.0,Family,Weekly,Man
835,37.0,"160,02505594837749",Afternoon,Movies,Science Fiction,1.0,Family,Weekly,Man
836,62.0,"177,11407485229742",Afternoon,Movies,Drama,1.0,Family,Weekly,Woman
837,50.0,"194,9143187597158",Afternoon,Documentaries,Science Fiction,0.0,Family,Weekly,Man
838,39.0,"147,83886306309566",Afternoon,Documentaries,Drama,0.0,Premium,Weekly,Woman
839,38.0,nan,Night,Documentaries,Drama,0.0,Premium,Weekly,Man
840,32.0,"191,7300772454207",Afternoon,Movies,Science Fiction,1.0,Family,Weekly,Woman
841,41.0,"155,2258662953052",Night,Documentaries,Drama,0.0,Premium,Weekly,Woman
842,32.0,"167,99158590602474",Night,Documentaries,Drama,0.0,,Weekly,Man
843,38.0,"163,80612326074603",Night,Documentaries,Science Fiction,1.0,Family,Weekly,Woman
844,44.0,"142,56985478463747",Afternoon,Documentaries,Drama,1.0,Family,Weekly,Woman
845,39.0,"173,43442764622236",Night,Documentaries,Science Fiction,1.0,Family,Weekly,Man
846,63.0,"163,96876076797403",Afternoon,Movies,Science Fiction,1.0,Family,Weekly,Man
847,57.0,"138,1672915182725",Night,Movies,Science Fiction,1.0,Family,Weekly,Woman
848,41.0,"140,90904320688182",Afternoon,Documentaries,Drama,0.0,Premium,Weekly,Man
849,32.0,"157,04626152168925",Night,Documentaries,Action,0.0,Premium,Weekly,Woman
850,43.0,"173,9150820973662",Night,Documentaries,Science Fiction,0.0,Premium,Weekly,Man
851,57.0,"128,38202232106738",Night,Movies,Science Fiction,1.0,,Daily,Man
852,57.0,"183,79090041172128",Afternoon,Movies,Science Fiction,1.0,Family,Daily,Man
853,47.0,"161,98241865778957",Afternoon,Documentaries,Science Fiction,0.0,Premium,Weekly,Woman
854,43.0,"153,7850760929468",Night,Documentaries,Drama,0.0,Premium,Occasional,Woman
855,43.0,"103,86676140441472",Night,Documentaries,Horror,1.0,Family,Weekly,Man
856,56.0,"237,1021627731917",Afternoon,Movies,Science Fiction,0.0,Family,Daily,Woman
857,50.0,"123,84286753636266",Night,Documentaries,Horror,0.0,Premium,Weekly,Man
858,63.0,"197,39090091175532",Afternoon,Movies,Drama,1.0,Family,Weekly,Woman
859,34.0,"167,82471112915965",Afternoon,Anime,Drama,0.0,Premium,Weekly,Woman
860,47.0,"126,913315525517",Night,Anime,Science Fiction,1.0,Family,Weekly,Woman
861,59.0,"137,98530460842548",Night,Documentaries,Science Fiction,1.0,Family,Weekly,Man
862,36.0,"150,45039579508617",Afternoon,Anime,Drama,0.0,Premium,Weekly,Man
863,44.0,"125,2251490065644",Afternoon,Documentaries,Horror,1.0,Family,Weekly,Man
864,37.0,"112,36454230190569",Night,Anime,Science Fiction,0.0,Premium,Weekly,Man
865,51.0,"151,51070532176973",Night,Documentaries,Science Fiction,1.0,Family,Weekly,Man
866,45.0,"111,50182572526064",Afternoon,Anime,Science Fiction,1.0,,Weekly,Woman
867,56.0,"199,6422819143801",Afternoon,Movies,Science Fiction,1.0,Family,Weekly,Man
868,40.0,"159,89750800166524",Afternoon,Documentaries,Drama,0.0,Premium,Weekly,Man
869,36.0,"191,97241287097216",Night,Documentaries,Drama,0.0,Premium,Occasional,Woman
870,45.0,"170,12317312028588",Night,Anime,Horror,0.0,Family,Weekly,Man
871,58.0,"151,6746359505819",Morning,Movies,Science Fiction,1.0,Family,Daily,Woman
872,59.0,"167,02890194627844",Night,Movies,Science Fiction,1.0,Family,Weekly,Man
873,37.0,"193,37517994927865",Night,Documentaries,Science Fiction,0.0,Premium,Weekly,Woman
874,35.0,"122,38718836855328",Night,Anime,Science Fiction,0.0,Premium,Occasional,Woman
875,40.0,"188,4274208322608",Afternoon,Documentaries,Drama,0.0,Premium,Weekly,Man
876,46.0,"150,55856253629133",Night,Documentaries,Horror,1.0,Family,Weekly,Man
877,26.0,nan,Night,Anime,Science Fiction,0.0,Premium,Weekly,Man
878,43.0,"176,6067181348049",Night,Documentaries,Science Fiction,0.0,Family,Weekly,Man
879,38.0,"65,78873763692317",Night,Anime,Science Fiction,1.0,Premium,Weekly,Man
880,55.0,"152,0870993721715",Night,Documentaries,Horror,1.0,Family,Weekly,Man
881,53.0,"155,7572837870943",Afternoon,Documentaries,Horror,1.0,Family,Weekly,Man
882,40.0,"124,77424243422216",Night,Documentaries,Horror,1.0,Premium,Weekly,Woman
883,43.0,"87,19959147921621",Afternoon,Anime,Science Fiction,1.0,Premium,Weekly,Man
884,51.0,"127,34662050387436",Afternoon,Documentaries,Science Fiction,1.0,Family,Daily,Man
885,66.0,"190,2401947595728",Afternoon,Movies,Science Fiction,1.0,,Weekly,Woman
886,43.0,"159,07292331418836",Night,Documentaries,Horror,1.0,Family,Weekly,Man
887,56.0,"186,98121073069413",Night,Documentaries,Science Fiction,1.0,Family,Weekly,Man
888,31.0,"123,66585861351734",Afternoon,Documentaries,Action,0.0,Premium,Weekly,Woman
889,33.0,nan,Night,Documentaries,Science Fiction,1.0,Family,Weekly,Woman
890,52.0,"199,01048306592853",Night,Movies,Science Fiction,1.0,Family,Weekly,Man
891,43.0,"152,30715805646693",Afternoon,Documentaries,Drama,0.0,Premium,Weekly,Man
892,60.0,"215,95701975067905",Afternoon,Movies,Science Fiction,1.0,Family,Weekly,Woman
893,36.0,"204,76605332155188",Afternoon,Documentaries,Science Fiction,0.0,Premium,Weekly,Woman
894,67.0,"209,53743471420287",Night,Movies,Science Fiction,1.0,Family,Weekly,Woman
895,59.0,"102,69661455603756",Night,Movies,Science Fiction,1.0,Family,Daily,Man
896,62.0,"103,916322263004",Night,Movies,Drama,1.0,Family,Daily,Woman
897,42.0,"82,7734135430097",Afternoon,Anime,Science Fiction,1.0,Premium,Weekly,Man
898,60.0,"128,57062870816682",Afternoon,Movies,Science Fiction,1.0,Family,Weekly,Woman
899,44.0,"117,39752264636589",Night,Anime,Science Fiction,0.0,Premium,Weekly,Woman
900,43.0,nan,Night,Documentaries,Science Fiction,1.0,Family,Weekly,Woman
901,45.0,"186,55438111674556",Night,Documentaries,Science Fiction,0.0,Family,Weekly,Woman
902,44.0,"74,78875097974282",Afternoon,Anime,Science Fiction,1.0,Premium,Weekly,Woman
903,29.0,"170,53729845516818",Afternoon,Documentaries,Science Fiction,0.0,Family,Weekly,Man
904,35.0,"69,6405394946893",Afternoon,Anime,Science Fiction,1.0,Premium,Weekly,Woman
905,44.0,"100,4925362019814",Night,Documentaries,Horror,1.0,Family,Weekly,Woman
906,51.0,"162,61890263195266",Afternoon,Documentaries,Science Fiction,1.0,Family,Weekly,Man
907,41.0,"210,8032299744492",Night,Documentaries,Science Fiction,0.0,Family,Weekly,Man
908,38.0,"204,96559525361877",Night,Documentaries,Drama,0.0,Family,Weekly,Woman
909,39.0,"50,23963913230239",Afternoon,Documentaries,Science Fiction,1.0,Family,Weekly,Man
910,51.0,"141,69731336714952",Afternoon,Movies,Horror,1.0,Family,Daily,Woman
911,52.0,"157,80879526605744",Night,Documentaries,Science Fiction,1.0,Family,Weekly,Woman
912,51.0,"222,80182136763207",Night,Movies,Horror,0.0,Family,Weekly,Man
913,30.0,nan,Night,Anime,Horror,0.0,Premium,Weekly,Woman
914,35.0,"63,6911582208165",Afternoon,Anime,Science Fiction,1.0,Premium,Weekly,Man
915,48.0,"173,9759733767685",Night,Documentaries,Drama,0.0,Family,Weekly,Woman
916,44.0,"191,519666204317",Afternoon,Documentaries,Horror,0.0,Family,Weekly,Woman
917,37.0,"199,0794982072284",Afternoon,Documentaries,Science Fiction,0.0,Premium,Weekly,Man
918,40.0,"152,29233965066345",Night,Documentaries,Drama,0.0,Premium,Weekly,Woman
919,54.0,"156,2644308320078",Afternoon,Documentaries,Science Fiction,1.0,Family,Weekly,Woman
920,46.0,"194,87071671443408",Night,Documentaries,Drama,0.0,Family,Weekly,Woman
921,41.0,"196,46537801994828",Afternoon,Documentaries,Horror,0.0,Family,Weekly,Man
922,62.0,"170,73696015568282",Night,Movies,Science Fiction,1.0,Family,Daily,Woman
923,43.0,"191,18162604159508",Afternoon,Documentaries,Science Fiction,0.0,Family,Weekly,Woman
924,37.0,"114,35501094461532",Afternoon,Documentaries,Science Fiction,1.0,Premium,Weekly,Man
925,38.0,"195,98620579576624",Afternoon,Documentaries,Science Fiction,0.0,Family,Weekly,Woman
926,45.0,"185,5239224408926",Afternoon,Documentaries,Science Fiction,1.0,Family,Weekly,Woman
927,45.0,"94,77540059387783",Afternoon,Documentaries,Science Fiction,1.0,Premium,Weekly,Man
928,43.0,"141,23169875392247",Night,Documentaries,Science Fiction,1.0,Family,Weekly,Woman
929,39.0,"165,86076007892075",Night,Documentaries,Drama,0.0,Premium,Weekly,Woman
930,35.0,"196,21486422365456",Night,Documentaries,Science Fiction,0.0,Family,Weekly,Man
931,41.0,"78,32059454217665",Night,Anime,Science Fiction,1.0,Premium,Weekly,Woman
932,34.0,"88,2673627767559",Night,Anime,Science Fiction,1.0,Premium,Weekly,Man
933,37.0,"103,89734816591162",Night,Anime,Science Fiction,0.0,Premium,Occasional,Man
934,53.0,"149,82193431878588",Afternoon,Movies,Science Fiction,1.0,Family,Weekly,Woman
935,34.0,"93,89415360110874",Night,Anime,Science Fiction,0.0,Premium,Weekly,Man
936,38.0,"173,25877454102522",Afternoon,Anime,Horror,0.0,Family,Weekly,Man
937,38.0,"180,44946290223345",Afternoon,Documentaries,Science Fiction,0.0,Family,Weekly,Man
938,49.0,nan,Afternoon,Documentaries,Science Fiction,1.0,Premium,Weekly,Woman
939,49.0,"119,51932481728645",Night,Anime,Science Fiction,0.0,Premium,Weekly,Woman
940,43.0,"225,9951064919156",Afternoon,Movies,Science Fiction,0.0,Family,Weekly,Woman
941,45.0,"119,58415933095714",Afternoon,Anime,Horror,0.0,Family,Occasional,Man
942,43.0,"82,85033063175194",Night,Anime,Science Fiction,0.0,Premium,Weekly,Man
943,41.0,"175,62372423286007",Night,Documentaries,Science Fiction,0.0,Premium,Weekly,Woman
944,30.0,"188,242892418543",Afternoon,Anime,Science Fiction,0.0,Premium,Weekly,Woman
945,54.0,"177,46428313616326",Night,Documentaries,Science Fiction,1.0,Family,Weekly,Man
946,46.0,"150,70448270233365",Afternoon,Documentaries,Drama,1.0,Premium,Weekly,Man
947,36.0,"199,04684738216577",Night,Documentaries,Drama,0.0,Premium,Weekly,Woman
948,60.0,"172,03781710611898",Night,Movies,Science Fiction,1.0,Family,Daily,Man
949,46.0,"163,64158191764756",Night,Documentaries,Science Fiction,1.0,Family,Weekly,Woman
950,43.0,"81,8805774895122",Afternoon,Anime,Science Fiction,1.0,Premium,Weekly,Man
951,42.0,"185,63251232238508",Afternoon,Documentaries,Science Fiction,0.0,Family,Weekly,Woman
952,35.0,"154,6651903217116",Afternoon,Documentaries,Horror,0.0,Family,Weekly,Woman
953,37.0,"201,6470489936691",Night,Documentaries,Horror,0.0,Family,Weekly,Man
954,30.0,"213,1737561085159",Night,Anime,Drama,0.0,Premium,Occasional,Woman
955,33.0,"166,68740645241536",Afternoon,Documentaries,Science Fiction,0.0,Family,Weekly,Woman
956,44.0,"166,85645930351194",Afternoon,Documentaries,Science Fiction,0.0,Family,Weekly,Man
957,27.0,nan,Afternoon,Documentaries,Science Fiction,0.0,Family,Weekly,Man
958,33.0,"75,83627774161216",Afternoon,Documentaries,Science Fiction,1.0,Family,Weekly,Man
959,32.0,"63,20438653004479",Night,Anime,Science Fiction,1.0,Premium,Weekly,Man
960,32.0,"59,35047668678292",Afternoon,Anime,Science Fiction,1.0,Premium,Weekly,Man
961,31.0,"203,35455188881116",Afternoon,Documentaries,Drama,0.0,Family,Weekly,Man
962,34.0,"167,9201886946739",Night,Documentaries,Drama,0.0,Premium,Weekly,Woman
963,26.0,"185,67390364822063",Afternoon,Anime,Drama,0.0,Premium,Weekly,Man
964,52.0,"189,81810443813276",Afternoon,Movies,Science Fiction,1.0,Family,Weekly,Woman
965,27.0,"226,61903979746924",Night,Documentaries,Science Fiction,0.0,Family,Weekly,Woman
966,41.0,"163,22486026330665",Afternoon,Documentaries,Drama,0.0,Premium,Weekly,Woman
967,59.0,"94,97969799222167",Night,Movies,Science Fiction,1.0,Family,Daily,Woman
968,26.0,"74,19429427838423",Afternoon,Anime,Science Fiction,1.0,Premium,Weekly,Man
969,28.0,"100,39142303352456",Afternoon,Anime,Science Fiction,1.0,Premium,Weekly,Man
970,52.0,"161,90900732380632",Night,Documentaries,Horror,1.0,Family,Weekly,Woman
971,44.0,"185,2859394715272",Night,Documentaries,Science Fiction,0.0,Family,Weekly,Man
972,49.0,"158,13193053223785",Night,Documentaries,Science Fiction,0.0,Family,Weekly,Woman
973,45.0,"181,6497675221244",Night,Documentaries,Drama,0.0,Family,Weekly,Woman
974,32.0,"9,107103258333357",Afternoon,Anime,Science Fiction,1.0,Premium,Weekly,Woman
975,50.0,"158,38516172025876",Night,Documentaries,Horror,1.0,,Weekly,Man
976,34.0,"96,59747089049682",Afternoon,Anime,Science Fiction,1.0,Premium,Weekly,Woman
977,43.0,"204,7164290924566",Night,Documentaries,Science Fiction,0.0,Family,Weekly,Woman
978,46.0,"176,49993126319234",Afternoon,Documentaries,Drama,0.0,Family,Weekly,Woman
979,42.0,"179,09950016844866",Night,Documentaries,Drama,0.0,Premium,Weekly,Man
980,54.0,"176,7381050669931",Afternoon,Documentaries,Science Fiction,1.0,Family,Weekly,Woman
981,33.0,"214,2134489795037",Afternoon,Documentaries,Science Fiction,0.0,Family,Weekly,Man
982,48.0,nan,Night,Documentaries,Science Fiction,1.0,Family,Weekly,Man
983,40.0,"111,0422431917829",Afternoon,Anime,Horror,1.0,,Weekly,Woman
984,53.0,"139,6390752792771",Night,Documentaries,Science Fiction,1.0,Family,Weekly,Man
985,50.0,"161,15906082613577",Late Night,Documentaries,Horror,1.0,Family,Weekly,Man
986,45.0,"200,3141683040328",Afternoon,Movies,Drama,1.0,Family,Weekly,Woman
987,24.0,"199,08244236709356",Night,Anime,Drama,0.0,Premium,Weekly,Man
988,50.0,"185,0811062593096",Night,Documentaries,Horror,1.0,Family,Weekly,Man
989,43.0,"83,70947045088087",Afternoon,Documentaries,Science Fiction,1.0,Family,Weekly,Man
990,31.0,"98,84514068557804",Afternoon,Anime,Science Fiction,0.0,Premium,Weekly,Man
991,51.0,nan,Afternoon,Documentaries,Horror,1.0,Family,Daily,Woman
992,37.0,"181,4752629209544",Night,Documentaries,Drama,0.0,Premium,Weekly,Woman
993,48.0,"195,00554773042091",Night,Documentaries,Science Fiction,1.0,Family,Weekly,Man
994,46.0,"119,54622459399776",Afternoon,Documentaries,Science Fiction,1.0,Premium,Daily,Woman
995,34.0,"43,46836231043413",Night,Anime,Science Fiction,1.0,Premium,Weekly,Woman
996,60.0,"158,87525374411",Night,Documentaries,Horror,0.0,Premium,Weekly,Man
997,50.0,"147,00950994591162",Night,Documentaries,Science Fiction,1.0,Family,Weekly,Woman
998,56.0,"145,2190168084163",Late Night,Movies,Science Fiction,1.0,Family,Weekly,Woman
999,36.0,"155,92486578128091",Afternoon,Anime,Horror,0.0,Family,Weekly,Woman
1000,53.0,"144,85674532369003",Night,Documentaries,Horror,1.0,Family,Weekly,Man
1001,48.0,"160,12420493792047",Afternoon,Documentaries,Science Fiction,1.0,Family,Weekly,Woman
1002,62.0,"263,42816536255447",Afternoon,Movies,Horror,1.0,Student,Weekly,Woman
1003,43.0,"182,86780980246783",Afternoon,Documentaries,Science Fiction,0.0,Family,Weekly,Woman
1004,41.0,"107,69294594194804",Night,Anime,Science Fiction,0.0,Premium,Weekly,Man
1005,36.0,"128,0858683821802",Late Night,Anime,Horror,1.0,Family,Weekly,Woman
1006,42.0,"128,70993226542558",Night,Anime,Science Fiction,0.0,Premium,Weekly,Man
1007,32.0,"100,86158461061896",Afternoon,Anime,Science Fiction,1.0,Premium,Weekly,Man
1008,47.0,"124,33475406200094",Afternoon,Documentaries,Science Fiction,1.0,Family,Weekly,Man
1009,60.0,"196,1738918031384",Night,Movies,Science Fiction,1.0,Family,Weekly,Man
1010,34.0,"170,5450386901515",Afternoon,Documentaries,Science Fiction,0.0,Family,Weekly,Man
1011,43.0,"103,24977974605244",Night,Anime,Science Fiction,0.0,Premium,Weekly,Woman
1012,45.0,"116,47585934021096",Afternoon,Anime,Science Fiction,1.0,Family,Weekly,Man
1013,45.0,"144,91413554289576",Night,Documentaries,Science Fiction,1.0,Premium,Weekly,Woman
1014,64.0,"156,71306171247713",Night,Movies,Science Fiction,1.0,Family,Weekly,Woman
1015,55.0,"167,7291472734395",Night,Documentaries,Science Fiction,1.0,Family,Weekly,Woman
1016,57.0,"114,80528640008244",Late Night,Documentaries,Horror,1.0,Family,Weekly,Woman
1017,39.0,"69,6194963223388",Afternoon,Documentaries,Science Fiction,1.0,Premium,Weekly,Woman
1018,49.0,"99,91760160115442",Night,Documentaries,Science Fiction,1.0,Family,Weekly,Man
1019,44.0,"136,91050239080386",Late Night,Anime,Horror,0.0,Premium,Weekly,Woman
1020,36.0,"207,75809711316543",Afternoon,Documentaries,Drama,0.0,Family,Weekly,Woman
1021,52.0,"180,9249146991853",Night,Documentaries,Horror,1.0,Family,Weekly,Man
1022,38.0,"112,55566717873737",Night,Documentaries,Drama,0.0,Premium,Weekly,Man
1023,55.0,"125,98373314565173",Afternoon,Documentaries,Science Fiction,1.0,Family,Daily,Man
1024,47.0,"101,85780690626358",Afternoon,Anime,Science Fiction,0.0,Premium,Weekly,Woman
1025,43.0,"206,99292743332475",Night,Series,Science Fiction,1.0,Student,Daily,Man
1026,54.0,"185,908531497679",Afternoon,Movies,Science Fiction,1.0,Family,Weekly,Woman
1027,40.0,"99,2189862111046",Night,Anime,Science Fiction,0.0,Premium,Weekly,Woman
1028,36.0,"104,0467413087874",Afternoon,Documentaries,Science Fiction,1.0,Family,Weekly,Man
1029,50.0,"144,99400142046872",Night,Movies,Drama,1.0,Family,Weekly,Man
1030,29.0,"157,82521940177548",Night,Anime,Drama,0.0,Premium,Weekly,Man
1031,57.0,"102,31379479415244",Night,Documentaries,Horror,1.0,Family,Weekly,Man
1032,51.0,"129,3968574122828",Night,Documentaries,Science Fiction,1.0,Family,Weekly,Man
1033,62.0,"156,56857435221414",Night,Movies,Science Fiction,1.0,Family,Weekly,Woman
1034,52.0,"198,87449673879263",Afternoon,Documentaries,Science Fiction,1.0,Family,Weekly,Man
1035,56.0,"129,6172975545556",Afternoon,Documentaries,Horror,1.0,Family,Weekly,Man
1036,38.0,"140,5210269701672",Night,Anime,Science Fiction,0.0,Premium,Weekly,Woman
1037,34.0,"39,37963220408942",Afternoon,Anime,Science Fiction,1.0,Premium,Weekly,Man
1038,51.0,"81,55392573152055",Afternoon,Documentaries,Science Fiction,1.0,Family,Weekly,Woman
1039,48.0,"152,42730106235967",Night,Documentaries,Drama,1.0,Family,Weekly,Man
1040,41.0,"73,25762378121767",Afternoon,Anime,Science Fiction,1.0,Premium,Weekly,Woman
1041,48.0,"162,511234822248",Night,Documentaries,Science Fiction,0.0,Family,Weekly,Man
1042,50.0,"155,28585271139085",Night,Documentaries,Horror,1.0,Student,Weekly,Woman
1043,56.0,"99,23197147076274",Night,Documentaries,Science Fiction,1.0,Family,Weekly,Woman
1044,51.0,"72,79346277715958",Night,Documentaries,Science Fiction,1.0,Family,Weekly,Man
1045,33.0,"172,1148635670654",Night,Anime,Drama,0.0,Premium,Weekly,Man
1046,44.0,"142,1701589016621",Night,Anime,Horror,0.0,Family,Occasional,Man
1047,47.0,"111,64910381781628",Afternoon,Documentaries,Science Fiction,1.0,Family,Weekly,Man
1048,49.0,"154,635467907033",Afternoon,Documentaries,Science Fiction,1.0,Family,Weekly,Woman
1049,55.0,"190,37002978254264",Afternoon,Movies,Science Fiction,1.0,Family,Weekly,Man
1050,44.0,"144,7303033960157",Night,Documentaries,Science Fiction,1.0,Family,Weekly,Woman
1051,41.0,"166,08588839505936",Night,Documentaries,Drama,0.0,Premium,Weekly,Man
1052,36.0,"195,00053425732423",Afternoon,Documentaries,Science Fiction,0.0,Family,Weekly,Woman
1053,41.0,"118,78687481499884",Afternoon,Documentaries,Drama,0.0,Premium,Weekly,Woman
1054,59.0,"136,32904699046287",Afternoon,Movies,Science Fiction,1.0,Family,Daily,Man
1055,56.0,"163,88699545057136",Afternoon,Movies,Science Fiction,1.0,Family,Weekly,Man
1056,16.0,"82,34564777413804",Afternoon,Anime,Science Fiction,0.0,Premium,Weekly,Woman
1057,52.0,"187,1723941716086",Night,Movies,Science Fiction,1.0,Family,Weekly,Woman
1058,42.0,"150,4032331549653",Night,Documentaries,Drama,1.0,Premium,Weekly,Man
1059,59.0,"239,26491321018557",Night,Movies,Science Fiction,1.0,Family,Weekly,Man
1060,34.0,"80,50105949928296",Night,Anime,Science Fiction,1.0,Premium,Weekly,Woman
1061,62.0,"164,82241882577338",Afternoon,Documentaries,Horror,0.0,,Weekly,Woman
1062,61.0,"148,13039253137973",Night,Movies,Horror,1.0,Family,Weekly,Man
1063,41.0,"192,60581912733724",Night,Documentaries,Science Fiction,0.0,Premium,Weekly,Man
1064,46.0,"145,41221723709242",Night,Documentaries,Drama,0.0,Family,Weekly,Man
1065,56.0,"169,57090588109568",Night,Movies,Science Fiction,1.0,Family,Weekly,Woman
1066,47.0,"126,88646498023893",Night,Documentaries,Science Fiction,1.0,Family,Weekly,Man
1067,49.0,"100,9244978655085",Afternoon,Documentaries,Science Fiction,1.0,Premium,Daily,Woman
1068,44.0,"234,69134734865656",Afternoon,Documentaries,Science Fiction,0.0,Family,Weekly,Man
1069,34.0,"219,13487125286775",Afternoon,Documentaries,Science Fiction,0.0,Family,Weekly,Man
1070,55.0,"164,51204725064156",Afternoon,Documentaries,Science Fiction,1.0,,Weekly,Woman
1071,37.0,"180,74937396380503",Night,Documentaries,Drama,0.0,Premium,Weekly,Woman
1072,46.0,nan,Afternoon,Documentaries,Science Fiction,0.0,Family,Weekly,Man
1073,45.0,"137,39657767988913",Afternoon,Anime,Science Fiction,0.0,Premium,Weekly,Woman
1074,58.0,"166,610450592911",Night,Movies,Horror,1.0,Family,Daily,Man
1075,46.0,"131,6181525848421",Afternoon,Anime,Science Fiction,0.0,Premium,Weekly,Woman
1076,61.0,"283,4720810149124",Night,Movies,Horror,0.0,Family,Daily,Woman
1077,32.0,"212,65714254887985",Afternoon,Documentaries,Drama,0.0,Premium,Weekly,Man
1078,46.0,"136,90485418273298",Night,Movies,Drama,1.0,Family,Weekly,Man
1079,44.0,"130,5591331653026",Night,Anime,Science Fiction,0.0,Premium,Weekly,Man
1080,40.0,"135,6264041261445",Night,Documentaries,Drama,0.0,Premium,Weekly,Man
1081,50.0,"196,0729184196901",Night,Movies,Science Fiction,1.0,Family,Weekly,Woman
1082,40.0,"168,4403195920353",Afternoon,Documentaries,Drama,0.0,Premium,Weekly,Man
1083,38.0,"159,81915540023726",Night,Documentaries,Science Fiction,1.0,,Weekly,Man
1084,28.0,"189,2139334750291",Afternoon,Anime,Drama,0.0,Premium,Occasional,Man
1085,47.0,"124,34366621028498",Night,Documentaries,Drama,1.0,Premium,Weekly,Man
1086,47.0,"191,88737655356752",Night,Documentaries,Drama,0.0,Family,Weekly,Woman
1087,18.0,"213,27477586340407",Night,Documentaries,Science Fiction,0.0,Family,Weekly,Man
1088,48.0,"128,4704804375207",Afternoon,Documentaries,Science Fiction,1.0,Premium,Daily,Man
1089,41.0,"129,59973960640113",Night,Anime,Horror,1.0,Family,Weekly,Man
1090,35.0,"71,44316893765476",Night,Anime,Science Fiction,1.0,Premium,Weekly,Woman
1091,50.0,"114,92531420769896",Afternoon,Documentaries,Drama,1.0,Premium,Weekly,Man
1092,40.0,"102,76215498222427",Afternoon,Anime,Science Fiction,0.0,Premium,Weekly,Woman
1093,32.0,"207,94946386132625",Night,Documentaries,Drama,0.0,Family,Weekly,Woman
1094,35.0,"160,70666898257195",Morning,Anime,Drama,0.0,Premium,Weekly,Man
1095,40.0,"227,7525794633997",Afternoon,Movies,Drama,1.0,Family,Weekly,Man
1096,32.0,"206,19258333218372",Night,Anime,Drama,0.0,Premium,Occasional,Man
1097,33.0,"62,529698739036526",Afternoon,Anime,Science Fiction,0.0,Premium,Weekly,Man
1098,47.0,"148,53917702089342",Morning,Anime,Science Fiction,0.0,Family,Weekly,Man
1099,49.0,"176,89637378662778",Night,Documentaries,Science Fiction,1.0,Family,Weekly,Man
1100,58.0,"189,59506090695825",Night,Movies,Science Fiction,1.0,Family,Weekly,Man
1101,36.0,"64,58904275567093",Night,Anime,Science Fiction,1.0,Family,Weekly,Woman
1102,40.0,nan,Afternoon,Documentaries,Science Fiction,1.0,Family,Weekly,Man
1103,32.0,"160,75031065005206",Night,Documentaries,Science Fiction,0.0,Family,Weekly,Man
1104,50.0,"162,2271463095432",Afternoon,Documentaries,Horror,1.0,Family,Weekly,Woman
1105,61.0,"237,4092730475564",Night,Movies,Science Fiction,0.0,Family,Weekly,Woman
1106,37.0,"140,78181364664903",Night,Anime,Science Fiction,0.0,Premium,Weekly,Man
1107,41.0,"126,04996166519568",Afternoon,Documentaries,Horror,1.0,Family,Weekly,Woman
1108,37.0,"136,74264380897424",Night,Documentaries,Horror,1.0,Family,Weekly,Man
1109,65.0,"161,2918955665602",Night,Movies,Science Fiction,1.0,Family,Weekly,Man
1110,57.0,"197,7438805238532",Night,Movies,Science Fiction,1.0,Family,Weekly,Woman
1111,43.0,nan,Afternoon,Documentaries,Science Fiction,0.0,Premium,Weekly,Woman
1112,40.0,"193,5689439641309",Night,Documentaries,Science Fiction,0.0,Premium,Weekly,Man
1113,41.0,"166,99092897261494",Afternoon,Documentaries,Drama,0.0,Premium,Weekly,Woman
1114,48.0,"223,9203161455429",Night,Movies,Horror,0.0,Family,Daily,Woman
1115,50.0,"191,77028232677097",Night,Documentaries,Horror,1.0,Family,Weekly,Man
1116,43.0,nan,Night,Movies,Drama,0.0,Family,Weekly,Woman
1117,69.0,"187,30725223141843",Night,Movies,Science Fiction,1.0,Family,Weekly,Man
1118,34.0,"125,41832266297028",Night,Anime,Science Fiction,0.0,Family,Weekly,Woman
1119,56.0,nan,Night,Movies,Science Fiction,1.0,Family,Daily,Woman
1120,37.0,"70,44897231966856",Afternoon,Anime,Science Fiction,0.0,Premium,Weekly,Woman
1121,48.0,"118,36087060886445",Afternoon,Anime,Horror,1.0,Family,Weekly,Woman
1122,58.0,"125,49432229826866",Night,Movies,Science Fiction,1.0,Family,Weekly,Man
1123,36.0,"38,08621266134799",Afternoon,Anime,Science Fiction,1.0,Premium,Weekly,Man
1124,45.0,"161,15448915638513",Night,Documentaries,Drama,1.0,Family,Weekly,Man
1125,56.0,"104,90601805789862",Afternoon,Anime,Comedy,1.0,Family,Weekly,Woman
1126,40.0,"146,0021546628119",Night,Documentaries,Drama,0.0,Premium,Weekly,Woman
1127,38.0,"166,24348128297922",Afternoon,Documentaries,Drama,0.0,Premium,Weekly,Man
1128,48.0,"82,21581974432641",Night,Documentaries,Science Fiction,1.0,Premium,Weekly,Man
1129,55.0,"233,27595239554412",Night,Movies,Horror,0.0,Family,Weekly,Woman
1130,43.0,"128,99931841470354",Afternoon,Documentaries,Drama,0.0,Premium,Weekly,Woman
1131,46.0,"194,7227239599331",Afternoon,Documentaries,Horror,0.0,Family,Weekly,Man
1132,42.0,"160,60133575975144",Night,Anime,Horror,0.0,Premium,Weekly,Man
1133,41.0,"118,18708966078592",Afternoon,Anime,Science Fiction,0.0,Premium,Weekly,Man
1134,46.0,"198,32355532450185",Night,Movies,Science Fiction,1.0,Family,Weekly,Man
1135,54.0,"223,33352758181368",Afternoon,Movies,Science Fiction,0.0,Family,Weekly,Man
1136,55.0,"210,8428967190216",Night,Movies,Science Fiction,1.0,Family,Weekly,Woman
1137,42.0,"158,22140448959877",Afternoon,Documentaries,Science Fiction,1.0,Family,Weekly,Man
1138,45.0,"111,90724500479332",Afternoon,Documentaries,Science Fiction,1.0,Premium,Weekly,Man
1139,42.0,"125,9640578193344",Afternoon,Documentaries,Science Fiction,1.0,Family,Weekly,Woman
1140,59.0,nan,Night,Movies,Science Fiction,1.0,Family,Weekly,Woman
1141,44.0,"71,83021819163667",Afternoon,Anime,Science Fiction,0.0,Free,Weekly,Man
1142,44.0,"175,64797814868297",Night,Documentaries,Science Fiction,0.0,Family,Weekly,Man
1143,41.0,"150,29185766176613",Afternoon,Documentaries,Horror,0.0,Family,Weekly,Woman
1144,50.0,"129,2034509636656",Night,Documentaries,Horror,1.0,Family,Weekly,Man
1145,33.0,"140,34092541889555",Afternoon,Documentaries,Drama,0.0,Premium,Weekly,Man
1146,37.0,"115,5224652725933",Night,Anime,Science Fiction,0.0,Premium,Weekly,Woman
1147,40.0,"87,01622712236615",Night,Anime,Science Fiction,1.0,Premium,Weekly,Woman
1148,50.0,"189,10783494022556",Night,Documentaries,Science Fiction,1.0,Family,Weekly,Woman
1149,45.0,"112,51026941088786",Afternoon,Anime,Science Fiction,1.0,Family,Weekly,Woman
1150,56.0,"148,83635037587914",Night,Anime,Horror,0.0,Premium,Weekly,Man
1151,53.0,"69,46093236824991",Night,Documentaries,Science Fiction,1.0,Premium,Daily,Woman
1152,58.0,"141,2289771515708",Night,Movies,Science Fiction,1.0,Family,Daily,Man
1153,31.0,"168,09261841547718",Afternoon,Documentaries,Science Fiction,0.0,Family,Weekly,Man
1154,49.0,"209,36796906285988",Afternoon,Movies,Science Fiction,1.0,Family,Weekly,Woman
1155,40.0,"165,16469440810192",Night,Documentaries,Drama,0.0,Premium,Weekly,Man
1156,35.0,"148,76916905600285",Afternoon,Documentaries,Horror,1.0,Family,Weekly,Man
1157,28.0,"146,36491131811994",Night,Anime,Horror,0.0,Family,Weekly,Woman
1158,44.0,"145,6648428017505",Afternoon,Documentaries,Drama,1.0,Premium,Weekly,Woman
1159,35.0,"157,84616794757795",Night,Documentaries,Science Fiction,0.0,Family,Weekly,Man
1160,66.0,"194,68298608549213",Afternoon,Movies,Science Fiction,1.0,Family,Weekly,Man
1161,34.0,"186,6905541027527",Night,Documentaries,Science Fiction,0.0,Family,Weekly,Man
1162,42.0,"206,4973203282928",Afternoon,Movies,Science Fiction,1.0,Family,Weekly,Woman
1163,39.0,"139,46762740923805",Night,Anime,Science Fiction,0.0,Premium,Weekly,Man
1164,33.0,"183,81935431536337",Night,Documentaries,Science Fiction,0.0,Premium,Weekly,Man
1165,44.0,"232,81396545098292",Night,Documentaries,Science Fiction,0.0,,Weekly,Woman
1166,43.0,"149,13971288160116",Afternoon,Documentaries,Drama,0.0,Premium,Weekly,Man
1167,63.0,nan,Night,Movies,Science Fiction,1.0,Family,Weekly,Woman
1168,59.0,"190,86758872178933",Afternoon,Movies,Science Fiction,1.0,Family,Weekly,Woman
1169,36.0,"178,3122244370966",Night,Documentaries,Drama,0.0,Premium,Weekly,Woman
1170,40.0,"32,58271273564148",Afternoon,Anime,Science Fiction,1.0,Premium,Weekly,Man
1171,42.0,"94,84831524575942",Night,Anime,Science Fiction,1.0,Premium,Weekly,Woman
1172,53.0,"153,12737042918582",Night,Documentaries,Science Fiction,1.0,Family,Weekly,Man
1173,42.0,"134,0656271891853",Afternoon,Documentaries,Drama,0.0,Premium,Weekly,Woman
1174,32.0,"107,62682222285332",Night,Anime,Science Fiction,0.0,Free,Weekly,Man
1175,63.0,"203,88829258549453",Afternoon,Movies,Drama,1.0,Family,Weekly,Man
1176,38.0,"157,38719053514995",Late Night,Documentaries,Science Fiction,0.0,Family,Weekly,Woman
1177,47.0,"164,64770240072514",Night,Documentaries,Science Fiction,0.0,,Weekly,Woman
1178,51.0,"171,58614188244968",Night,Documentaries,Horror,1.0,Family,Weekly,Man
1179,34.0,"179,2375250119373",Afternoon,Documentaries,Drama,0.0,Premium,Weekly,Man
1180,48.0,"105,95572711058205",Afternoon,Documentaries,Science Fiction,1.0,Family,Weekly,Woman
1181,54.0,"135,8925601771369",Night,Documentaries,Horror,1.0,Family,Weekly,Man
1182,53.0,"181,2713752169729",Night,Documentaries,Science Fiction,1.0,Family,Weekly,Man
1183,36.0,"97,06013434777616",Afternoon,Anime,Comedy,1.0,Family,Weekly,Man
1184,42.0,"234,99296917901955",Night,Documentaries,Science Fiction,0.0,,Weekly,Woman
1185,41.0,"199,4535593424488",Afternoon,Documentaries,Drama,0.0,Family,Weekly,Woman
1186,46.0,"204,75243213347952",Night,Movies,Drama,1.0,Family,Weekly,Woman
1187,32.0,"56,67123300312038",Morning,Anime,Science Fiction,1.0,Premium,Weekly,Man
1188,36.0,"171,11263988481647",Night,Anime,Science Fiction,0.0,Premium,Weekly,Man
1189,56.0,"164,36361369539486",Afternoon,Movies,Science Fiction,1.0,Family,Weekly,Woman
1190,39.0,"76,39509060668412",Afternoon,Anime,Science Fiction,1.0,Premium,Occasional,Woman
1191,43.0,"93,25842014129736",Night,Anime,Science Fiction,0.0,Premium,Weekly,Man
1192,47.0,"85,78758865703398",Night,Documentaries,Science Fiction,1.0,Premium,Weekly,Woman
1193,51.0,"187,83399269022328",Night,Documentaries,Horror,1.0,Family,Weekly,Man
1194,34.0,"180,02543668001107",Afternoon,Documentaries,Science Fiction,0.0,Family,Weekly,Man
1195,42.0,"167,6300366855872",Afternoon,Documentaries,Horror,0.0,Family,Weekly,Woman
1196,52.0,"104,49696573971852",Afternoon,Documentaries,Science Fiction,1.0,Family,Weekly,Woman
1197,33.0,"187,0785258075969",Afternoon,Documentaries,Science Fiction,0.0,Family,Weekly,Woman
1198,40.0,"210,4538967279264",Night,Movies,Drama,0.0,Family,Weekly,Woman
1199,57.0,"246,68021229946785",Night,Movies,Science Fiction,0.0,Family,Weekly,Woman
1200,44.0,"78,12985543619176",Night,Documentaries,Science Fiction,1.0,Family,Weekly,Man
1201,55.0,"152,13024029321883",Afternoon,Movies,Science Fiction,1.0,Family,Weekly,Man
1202,57.0,"153,2384890921092",Night,Documentaries,Science Fiction,1.0,Family,Weekly,Woman
1203,47.0,"104,79204509598172",Night,Anime,Horror,1.0,Premium,Weekly,Woman
1204,34.0,"54,13897666465359",Night,Anime,Science Fiction,1.0,Premium,Weekly,Man
1205,42.0,"146,00823240977704",Late Night,Documentaries,Drama,1.0,Premium,Weekly,Woman
1206,36.0,nan,Night,Anime,Science Fiction,1.0,Premium,Weekly,Man
1207,60.0,"178,38775647136592",Afternoon,Movies,Science Fiction,1.0,Family,Weekly,Woman
1208,31.0,"143,9751858278938",Night,Anime,Science Fiction,0.0,Premium,Weekly,Woman
1209,43.0,"97,58990818247597",Night,Anime,Science Fiction,0.0,Premium,Occasional,Man
1210,53.0,nan,Night,Documentaries,Horror,1.0,Family,Weekly,Man
1211,40.0,"160,25700866304786",Afternoon,Documentaries,Drama,0.0,Premium,Weekly,Woman
1212,26.0,"74,97545660272026",Night,Anime,Science Fiction,1.0,Family,Weekly,Woman
1213,43.0,"102,1724954602516",Afternoon,Anime,Science Fiction,0.0,,Weekly,Woman
1214,30.0,"73,83929364815275",Late Night,Anime,Science Fiction,1.0,Premium,Weekly,Woman
1215,33.0,"218,18138458352175",Night,Anime,Drama,0.0,Premium,Occasional,Man
1216,37.0,"69,51572701893825",Afternoon,Anime,Science Fiction,1.0,Premium,Weekly,Man
1217,46.0,"159,37847002365623",Night,Documentaries,Science Fiction,1.0,Family,Weekly,Man
1218,31.0,"179,65936475576837",Night,Documentaries,Drama,0.0,Premium,Weekly,Man
1219,38.0,"175,9654820172155",Afternoon,Documentaries,Drama,0.0,Premium,Weekly,Man
1220,38.0,"178,0773926655189",Night,Documentaries,Horror,1.0,Family,Weekly,Man
1221,35.0,nan,Afternoon,Documentaries,Drama,0.0,Premium,Weekly,Man
1222,35.0,"102,85955937163943",Afternoon,Reality Shows,Horror,0.0,Premium,Occasional,Woman
1223,55.0,"204,712479357564",Afternoon,Movies,Horror,1.0,Family,Weekly,Woman
1224,38.0,"175,3812259362177",Night,Documentaries,Science Fiction,0.0,Premium,Weekly,Woman
1225,44.0,"151,4984025814088",Night,Documentaries,Science Fiction,1.0,Family,Weekly,Woman
1226,57.0,"170,9713346124684",Afternoon,Movies,Science Fiction,1.0,Family,Weekly,Man
1227,47.0,"170,73621938181017",Afternoon,Documentaries,Science Fiction,0.0,Family,Weekly,Man
1228,33.0,"129,03238698604673",Night,Anime,Horror,0.0,Family,Weekly,Man
1229,54.0,"213,90312882476545",Night,Movies,Horror,1.0,Family,Weekly,Woman
1230,56.0,"143,17373772589767",Afternoon,Documentaries,Science Fiction,1.0,Family,Weekly,Woman
1231,50.0,"166,51761012916705",Night,Anime,Horror,0.0,Family,Occasional,Man
1232,32.0,"172,57284566621854",Night,Documentaries,Science Fiction,0.0,Family,Weekly,Man
1233,50.0,"197,0548262020175",Night,Movies,Science Fiction,0.0,Family,Weekly,Woman
1234,35.0,"170,58047389267657",Afternoon,Documentaries,Horror,1.0,Family,Weekly,Woman
1235,48.0,"77,91892126315908",Night,Documentaries,Science Fiction,1.0,Premium,Weekly,Woman
1236,52.0,"150,11837511571136",Afternoon,Documentaries,Horror,1.0,Family,Weekly,Woman
1237,43.0,"55,01291054867528",Afternoon,Documentaries,Science Fiction,1.0,,Weekly,Woman
1238,41.0,"148,7563975538419",Night,Documentaries,Science Fiction,1.0,Family,Weekly,Woman
1239,44.0,"198,68190758045955",Afternoon,Movies,Drama,1.0,Family,Weekly,Woman
1240,61.0,"124,70269165348118",Night,Movies,Science Fiction,1.0,Student,Weekly,Woman
1241,59.0,"176,1265738452159",Night,Movies,Science Fiction,1.0,Family,Weekly,Man
1242,46.0,"173,59534266187245",Afternoon,Documentaries,Horror,1.0,,Weekly,Woman
1243,19.0,"13,83626672937787",Night,Anime,Drama,1.0,Premium,Weekly,Man
1244,29.0,"176,1776749294136",Night,Anime,Science Fiction,0.0,Premium,Weekly,Man
1245,34.0,"142,12917451665456",Night,Documentaries,Science Fiction,1.0,Family,Weekly,Woman
1246,24.0,"104,07779430537772",Night,Documentaries,Science Fiction,1.0,Family,Weekly,Woman
1247,59.0,"169,80032361116793",Night,Movies,Science Fiction,1.0,Family,Daily,Man
1248,32.0,"178,17196489301836",Afternoon,Documentaries,Drama,0.0,Premium,Weekly,Woman
1249,32.0,"177,92077993783832",Afternoon,Anime,Drama,0.0,Premium,Weekly,Woman
1250,27.0,"173,94871257455011",Night,Documentaries,Science Fiction,0.0,Family,Weekly,Man
1251,35.0,"164,1869557421234",Night,Documentaries,Drama,0.0,Premium,Weekly,Woman
1252,38.0,"249,43431397899863",Night,Movies,Drama,0.0,Family,Weekly,Man
1253,49.0,"161,02688167498306",Night,Documentaries,Drama,1.0,Family,Weekly,Man
1254,40.0,"177,86124147324756",Night,Documentaries,Drama,0.0,,Weekly,Man
1255,36.0,"112,4624019093524",Afternoon,Anime,Science Fiction,0.0,Premium,Weekly,Woman
1256,22.0,"165,77846823560648",Night,Anime,Horror,0.0,Family,Weekly,Man
1257,40.0,"113,22923276514288",Afternoon,Anime,Comedy,0.0,Family,Occasional,Man
1258,33.0,"105,77761611995712",Night,Anime,Science Fiction,0.0,Premium,Weekly,Woman
1259,40.0,"163,1824471883562",Night,Documentaries,Science Fiction,0.0,Family,Weekly,Man
1260,60.0,nan,Night,Movies,Science Fiction,1.0,Family,Weekly,Man
1261,48.0,nan,Night,Documentaries,Science Fiction,0.0,Family,Weekly,Woman
1262,37.0,"71,37613651899295",Night,Anime,Science Fiction,1.0,Premium,Weekly,Woman
1263,57.0,"160,3971693680023",Night,Documentaries,Horror,1.0,Family,Weekly,Woman
1264,61.0,"156,5157798470455",Afternoon,Movies,Science Fiction,1.0,Family,Weekly,Man
1265,52.0,"128,7360596672007",Night,Documentaries,Horror,1.0,Family,Daily,Woman
1266,47.0,"76,59581369091083",Night,Anime,Science Fiction,1.0,Premium,Weekly,Woman
1267,42.0,"106,29776464347584",Afternoon,Anime,Science Fiction,0.0,Premium,Weekly,Man
1268,51.0,"143,65933576591777",Afternoon,Anime,Science Fiction,0.0,Premium,Weekly,Woman
1269,41.0,"116,75508259349444",Afternoon,Anime,Science Fiction,1.0,Family,Weekly,Man
1270,46.0,"162,42017323886802",Night,Anime,Horror,0.0,Family,Occasional,Woman
1271,55.0,"81,31403272714363",Afternoon,Documentaries,Science Fiction,1.0,Family,Daily,Woman
1272,27.0,"202,49203097317863",Night,Documentaries,Drama,0.0,Premium,Weekly,Man
1273,51.0,"107,58937820944986",Afternoon,Documentaries,Science Fiction,1.0,Premium,Weekly,Woman
1274,42.0,"162,61821800247998",Afternoon,Documentaries,Science Fiction,0.0,Premium,Weekly,Man
1275,28.0,"86,12979922145418",Afternoon,Anime,Science Fiction,0.0,Premium,Weekly,Woman
1276,57.0,"259,98939427799434",Afternoon,Movies,Horror,0.0,Family,Weekly,Woman
1277,38.0,"206,0334057411408",Afternoon,Anime,Science Fiction,0.0,Premium,Occasional,Man
1278,63.0,"180,68993068618303",Afternoon,Movies,Science Fiction,1.0,Family,Weekly,Woman
1279,38.0,"202,62617041529808",Afternoon,Anime,Science Fiction,0.0,Premium,Weekly,Woman
1280,34.0,"164,43990748003094",Night,Documentaries,Drama,0.0,Premium,Weekly,Woman
1281,30.0,"64,77675615297511",Night,Anime,Science Fiction,1.0,Premium,Weekly,Woman
1282,34.0,"94,7260338005879",Night,Anime,Science Fiction,0.0,Premium,Weekly,Woman
1283,30.0,"155,53949600369356",Afternoon,Anime,Science Fiction,0.0,Premium,Weekly,Woman
1284,40.0,"203,7774820191149",Afternoon,Documentaries,Science Fiction,0.0,Family,Weekly,Man
1285,32.0,"168,66540073000377",Afternoon,Documentaries,Drama,0.0,Premium,Weekly,Man
1286,37.0,"63,61073038840729",Afternoon,Anime,Science Fiction,1.0,Premium,Weekly,Man
1287,46.0,"146,02148875725882",Night,Documentaries,Drama,1.0,Family,Weekly,Man
1288,51.0,"155,63773153713245",Night,Documentaries,Science Fiction,1.0,Family,Weekly,Man
1289,50.0,"170,58713379474494",Night,Documentaries,Horror,0.0,,Weekly,Woman
1290,47.0,"142,42952282836745",Afternoon,Anime,Horror,0.0,Premium,Weekly,Woman
1291,58.0,"215,46350546833037",Night,Movies,Science Fiction,1.0,Family,Weekly,Woman
1292,55.0,"171,02817869560272",Night,Documentaries,Science Fiction,1.0,Family,Weekly,Man
1293,58.0,"191,9765761445381",Night,Movies,Horror,1.0,Family,Weekly,Man
1294,32.0,"160,76556485912607",Night,Anime,Science Fiction,0.0,,Weekly,Man
1295,30.0,"159,7170015483183",Afternoon,Documentaries,Drama,0.0,Premium,Weekly,Woman
1296,57.0,"152,50602088449793",Night,Movies,Science Fiction,1.0,Family,Weekly,Man
1297,36.0,"174,19690693035994",Afternoon,Documentaries,Science Fiction,0.0,Family,Weekly,Woman
1298,47.0,"72,33487628117632",Night,Documentaries,Science Fiction,1.0,Family,Weekly,Woman
1299,58.0,"161,95353404873163",Afternoon,Movies,Science Fiction,1.0,Family,Weekly,Man
1300,30.0,"148,39372675476963",Afternoon,Documentaries,Drama,0.0,Premium,Weekly,Woman
1301,54.0,"134,51582944630368",Afternoon,Documentaries,Science Fiction,1.0,Family,Weekly,Woman
1302,39.0,"171,31070930216842",Afternoon,Anime,Science Fiction,0.0,Premium,Weekly,Woman
1303,38.0,"72,86747245054681",Afternoon,Documentaries,Science Fiction,1.0,Family,Weekly,Woman
1304,41.0,"137,38862601104327",Night,Documentaries,Horror,1.0,Family,Weekly,Woman
1305,35.0,"89,38961795780966",Morning,Anime,Science Fiction,1.0,Premium,Weekly,Woman
1306,53.0,"183,65738774573444",Night,Movies,Science Fiction,1.0,Family,Weekly,Man
1307,45.0,"106,9016266287131",Night,Anime,Science Fiction,0.0,Premium,Weekly,Man
1308,46.0,"159,53337848172623",Night,Documentaries,Horror,0.0,Family,Weekly,Woman
1309,46.0,"153,4271865911663",Afternoon,Documentaries,Drama,1.0,Family,Weekly,Woman
1310,64.0,nan,Afternoon,Documentaries,Horror,1.0,Family,Weekly,Man
1311,40.0,"174,9591712206701",Afternoon,Movies,Science Fiction,1.0,Family,Weekly,Man
1312,46.0,"108,3812778496662",Afternoon,Documentaries,Science Fiction,1.0,Premium,Weekly,Woman
1313,45.0,nan,Night,Documentaries,Science Fiction,1.0,Family,Weekly,Man
1314,58.0,"212,58707501729015",Night,Movies,Science Fiction,1.0,Family,Weekly,Man
1315,49.0,"190,55649228472677",Night,Documentaries,Science Fiction,0.0,Family,Weekly,Man
1316,57.0,"169,55195408569094",Night,Movies,Science Fiction,1.0,Family,Daily,Woman
1317,39.0,"155,068137214908",Night,Documentaries,Drama,0.0,Premium,Weekly,Man
1318,31.0,"72,09815523109853",Afternoon,Anime,Science Fiction,0.0,Premium,Weekly,Man
1319,47.0,"184,72971065495332",Night,Documentaries,Science Fiction,0.0,Family,Weekly,Man
1320,44.0,"203,8052657324898",Night,Documentaries,Science Fiction,0.0,Family,Weekly,Man
1321,46.0,"123,60120522576426",Night,Anime,Horror,0.0,Premium,Weekly,Woman
1322,47.0,"103,46427815062732",Afternoon,Anime,Science Fiction,1.0,Premium,Weekly,Woman
1323,61.0,"149,46427559128804",Night,Movies,Science Fiction,1.0,Family,Weekly,Woman
1324,40.0,"137,02687569433976",Night,Documentaries,Drama,0.0,Premium,Weekly,Woman
1325,46.0,"86,24080505648438",Night,Documentaries,Science Fiction,1.0,,Weekly,Woman
1326,49.0,"124,69784372703762",Night,Documentaries,Horror,0.0,Premium,Weekly,Woman
1327,63.0,"258,41790734485943",Night,Movies,Science Fiction,0.0,Family,Weekly,Man
1328,50.0,"157,13409146928169",Afternoon,Documentaries,Science Fiction,1.0,Family,Weekly,Woman
1329,37.0,"139,6497539089124",Afternoon,Documentaries,Drama,0.0,Premium,Weekly,Man
1330,42.0,"143,93387066117398",Night,Documentaries,Horror,1.0,Family,Weekly,Man
1331,44.0,"193,0481166927019",Night,Documentaries,Science Fiction,0.0,Family,Weekly,Woman
1332,21.0,"79,97103506296415",Night,Anime,Science Fiction,0.0,Premium,Weekly,Man
1333,37.0,"136,0232477874101",Late Night,Documentaries,Action,0.0,Premium,Weekly,Woman
1334,63.0,"183,7100292739705",Night,Movies,Science Fiction,1.0,Family,Weekly,Man
1335,36.0,"102,83160037323272",Night,Documentaries,Science Fiction,1.0,Premium,Weekly,Man
1336,36.0,"264,9728570205321",Afternoon,Movies,Drama,0.0,Family,Weekly,Man
1337,62.0,"133,92745430678167",Night,Documentaries,Science Fiction,1.0,Family,Weekly,Woman
1338,25.0,"57,47399205376035",Afternoon,Anime,Science Fiction,0.0,Premium,Weekly,Man
1339,48.0,"106,08880108838012",Afternoon,Anime,Science Fiction,0.0,Premium,Weekly,Man
1340,35.0,"107,13914137397376",Night,Anime,Science Fiction,1.0,Family,Weekly,Woman
1341,45.0,"140,481673870087",Afternoon,Movies,Drama,1.0,Premium,Weekly,Woman
1342,55.0,"186,0065770126972",Afternoon,Documentaries,Science Fiction,1.0,Family,Weekly,Woman
1343,35.0,"179,70035465317017",Afternoon,Documentaries,Science Fiction,0.0,Family,Weekly,Woman
1344,51.0,"194,50508749242616",Afternoon,Movies,Science Fiction,1.0,,Daily,Woman
1345,33.0,"183,3705815709096",Night,Documentaries,Drama,0.0,Premium,Weekly,Woman
1346,45.0,"165,5331033673831",Night,Anime,Science Fiction,0.0,Family,Occasional,Woman
1347,44.0,nan,Night,Documentaries,Science Fiction,1.0,Family,Weekly,Woman
1348,54.0,"115,10542012233694",Night,Documentaries,Science Fiction,1.0,Family,Weekly,Man
1349,35.0,"205,65982311823765",Night,Movies,Science Fiction,1.0,,Weekly,Woman
1350,38.0,"79,64387470762826",Afternoon,Anime,Science Fiction,1.0,Premium,Weekly,Man
1351,39.0,"113,99953616888128",Night,Anime,Science Fiction,1.0,Family,Weekly,Woman
1352,34.0,"178,92874072754805",Afternoon,Documentaries,Drama,0.0,Premium,Weekly,Woman
1353,38.0,"222,66105157877536",Afternoon,Documentaries,Science Fiction,0.0,Family,Weekly,Woman
1354,61.0,"108,87546149439676",Afternoon,Documentaries,Horror,1.0,Premium,Weekly,Woman
1355,57.0,"183,0899040657651",Afternoon,Movies,Science Fiction,1.0,Family,Daily,Woman
1356,35.0,"95,59906483517562",Night,Anime,Science Fiction,1.0,Premium,Weekly,Woman
1357,53.0,"247,3132574965504",Night,Movies,Horror,0.0,,Daily,Woman
1358,45.0,"174,77168580373527",Night,Documentaries,Science Fiction,1.0,Family,Weekly,Woman
1359,59.0,"206,59924075077333",Night,Movies,Science Fiction,1.0,Family,Weekly,Woman
1360,46.0,"121,44474165166608",Night,Anime,Science Fiction,0.0,Premium,Weekly,Woman
1361,72.0,"219,29935745406203",Afternoon,Movies,Science Fiction,1.0,Family,Weekly,Woman
1362,38.0,"182,8913996560593",Afternoon,Documentaries,Science Fiction,0.0,Premium,Weekly,Man
1363,42.0,"141,7986728519294",Afternoon,Documentaries,Drama,0.0,Premium,Weekly,Man
1364,28.0,"94,84887977755405",Night,Anime,Science Fiction,1.0,Family,Weekly,Woman
1365,57.0,"217,315323677893",Night,Movies,Science Fiction,1.0,Family,Weekly,Woman
1366,43.0,"175,4897538484771",Afternoon,Documentaries,Science Fiction,0.0,Premium,Weekly,Man
1367,39.0,"211,83719676236552",Night,Movies,Drama,0.0,Family,Weekly,Man
1368,49.0,"138,1084237222738",Afternoon,Documentaries,Horror,1.0,Family,Weekly,Woman
1369,63.0,"193,5854753392172",Night,Movies,Science Fiction,1.0,Family,Weekly,Woman
1370,58.0,"217,15367480877944",Afternoon,Movies,Horror,1.0,,Daily,Woman
1371,31.0,"198,5674956972562",Night,Documentaries,Science Fiction,0.0,Family,Weekly,Woman
1372,27.0,"166,87096244959645",Night,Documentaries,Drama,0.0,,Weekly,Man
1373,59.0,nan,Night,Movies,Horror,1.0,Family,Daily,Woman
1374,47.0,nan,Afternoon,Documentaries,Drama,0.0,Family,Occasional,Man
1375,46.0,nan,Afternoon,Documentaries,Drama,1.0,Family,Weekly,Man
1376,47.0,"207,65297472956527",Night,Documentaries,Horror,0.0,Family,Weekly,Woman
1377,31.0,"143,2078917139765",Night,Anime,Drama,0.0,Premium,Weekly,Woman
1378,71.0,"181,82793700195012",Afternoon,Movies,Science Fiction,1.0,Family,Daily,Woman
1379,42.0,"166,96119771177172",Night,Documentaries,Drama,0.0,Family,Occasional,Man
1380,27.0,"89,98733384279909",Afternoon,Anime,Science Fiction,1.0,Family,Weekly,Man
1381,52.0,"182,23981412578703",Afternoon,Anime,Horror,0.0,,Occasional,Man
1382,50.0,"209,19920850856295",Afternoon,Documentaries,Horror,1.0,Family,Weekly,Man
1383,49.0,"121,38868151071355",Afternoon,Documentaries,Science Fiction,1.0,Family,Daily,Man
1384,22.0,"181,98078600332323",Afternoon,Anime,Horror,0.0,Premium,Occasional,Man
1385,47.0,nan,Afternoon,Documentaries,Science Fiction,1.0,Family,Weekly,Man
1386,50.0,"133,8587756204038",Afternoon,Documentaries,Science Fiction,1.0,Family,Weekly,Woman
1387,43.0,"171,43891982882317",Afternoon,Documentaries,Science Fiction,1.0,Family,Weekly,Man
1388,34.0,nan,Afternoon,Anime,Science Fiction,1.0,Premium,Weekly,Man
1389,42.0,nan,Night,Anime,Science Fiction,0.0,Premium,Weekly,Woman
1390,37.0,"125,53844905088108",Night,Anime,Horror,0.0,Family,Weekly,Man
1391,52.0,"148,94805735600093",Afternoon,Movies,Horror,1.0,Family,Daily,Woman
1392,35.0,"153,93587285232132",Night,Anime,Horror,0.0,Family,Weekly,Woman
1393,55.0,"139,4829479120713",Night,Movies,Science Fiction,1.0,Family,Weekly,Woman
1394,46.0,"158,3904263500927",Night,Documentaries,Horror,1.0,Family,Weekly,Man
1395,57.0,"150,75774126155846",Afternoon,Movies,Science Fiction,1.0,Family,Weekly,Woman
1396,44.0,"150,2983682985249",Afternoon,Documentaries,Drama,0.0,Premium,Weekly,Woman
1397,47.0,"96,41583350341128",Night,Documentaries,Science Fiction,1.0,Premium,Weekly,Woman
1398,37.0,"183,38343996960452",Night,Documentaries,Science Fiction,1.0,Family,Weekly,Man
1399,31.0,"145,28526611113045",Afternoon,Anime,Horror,0.0,Family,Weekly,Man
1400,45.0,"189,54646419192449",Afternoon,Documentaries,Science Fiction,0.0,Family,Weekly,Man
1401,47.0,"132,4555674497611",Afternoon,Movies,Horror,1.0,Family,Weekly,Woman
1402,62.0,"150,4990806221739",Night,Movies,Science Fiction,1.0,Family,Daily,Man
1403,36.0,"46,24638052136676",Night,Anime,Science Fiction,1.0,Premium,Weekly,Woman
1404,36.0,"132,46121788818508",Night,Documentaries,Drama,0.0,Premium,Weekly,Woman
1405,42.0,"187,8616797123598",Night,Documentaries,Drama,0.0,Family,Weekly,Woman
1406,55.0,"191,33599229389876",Night,Movies,Science Fiction,1.0,Family,Weekly,Man
1407,44.0,"167,233456324745",Afternoon,Documentaries,Drama,0.0,Premium,Weekly,Woman
1408,52.0,"105,05801361935796",Night,Documentaries,Science Fiction,1.0,Family,Weekly,Man
1409,62.0,"136,66935546316037",Night,Movies,Science Fiction,1.0,Family,Daily,Woman
1410,54.0,"131,8831340404815",Night,Documentaries,Horror,1.0,Family,Weekly,Man
1411,51.0,"132,76794090209646",Afternoon,Documentaries,Science Fiction,1.0,Family,Weekly,Man
1412,31.0,"161,8942753083946",Night,Anime,Science Fiction,0.0,Premium,Weekly,Man
1413,43.0,"173,9986988489979",Night,Documentaries,Drama,0.0,Premium,Weekly,Woman
1414,32.0,"250,20426277223547",Night,Movies,Science Fiction,0.0,Family,Weekly,Man
1415,39.0,"177,9963365409119",Afternoon,Documentaries,Science Fiction,0.0,Premium,Weekly,Man
1416,39.0,"108,27106618229244",Night,Anime,Science Fiction,1.0,Family,Weekly,Man
1417,42.0,"172,372622867952",Night,Documentaries,Horror,0.0,Family,Weekly,Man
1418,43.0,"79,4665656902422",Night,Anime,Science Fiction,1.0,Premium,Weekly,Man
1419,57.0,"142,39877818720623",Afternoon,Anime,Horror,0.0,Free,Weekly,Man
1420,57.0,"180,5615751416546",Afternoon,Movies,Science Fiction,1.0,Family,Weekly,Man
1421,55.0,"77,41996457144229",Night,Documentaries,Science Fiction,1.0,Premium,Weekly,Man
1422,58.0,"127,52504579653468",Night,Movies,Science Fiction,1.0,Family,Daily,Woman
1423,39.0,"45,817908650685",Night,Anime,Science Fiction,1.0,,Weekly,Woman
1424,30.0,"85,93275369957146",Night,Anime,Science Fiction,1.0,Family,Weekly,Man
1425,39.0,nan,Afternoon,Documentaries,Drama,0.0,Premium,Weekly,Man
1426,42.0,"83,57674289115367",Night,Anime,Science Fiction,1.0,Premium,Weekly,Man
1427,42.0,"157,40943287911978",Afternoon,Documentaries,Drama,0.0,Premium,Weekly,Man
1428,39.0,"137,90976020414055",Night,Anime,Horror,0.0,Family,Weekly,Man
1429,31.0,"166,69647448273432",Afternoon,Documentaries,Science Fiction,0.0,Family,Weekly,Man
1430,56.0,"188,73473054698505",Afternoon,Movies,Science Fiction,1.0,Family,Weekly,Man
1431,39.0,"115,22930144754106",Night,Anime,Horror,1.0,Family,Weekly,Man
1432,47.0,"101,31736986640232",Afternoon,Documentaries,Science Fiction,1.0,Family,Weekly,Woman
1433,37.0,"190,05768744498693",Afternoon,Anime,Science Fiction,0.0,Family,Weekly,Woman
1434,58.0,"149,0212873657687",Night,Movies,Science Fiction,1.0,Family,Weekly,Woman
1435,40.0,"82,45180399315808",Afternoon,Anime,Science Fiction,1.0,Premium,Weekly,Man
1436,32.0,"155,8128285391532",Afternoon,Documentaries,Action,0.0,Premium,Weekly,Man
1437,41.0,"162,74921457517735",Afternoon,Documentaries,Drama,0.0,Premium,Weekly,Man
1438,62.0,"175,1572465515935",Night,Movies,Science Fiction,1.0,Family,Weekly,Woman
1439,40.0,"240,0509632717056",Night,Movies,Drama,0.0,Family,Weekly,Man
1440,42.0,"137,72970406444827",Night,Documentaries,Drama,0.0,Premium,Weekly,Woman
1441,35.0,"152,93489332716624",Night,Anime,Drama,0.0,,Occasional,Man
1442,37.0,nan,Night,Anime,Science Fiction,0.0,Premium,Weekly,Woman
1443,61.0,"196,02433265015668",Afternoon,Movies,Horror,1.0,Family,Weekly,Man
1444,36.0,"125,58949943846496",Night,Documentaries,Drama,0.0,Premium,Weekly,Woman
1445,53.0,"203,4889174799907",Afternoon,Documentaries,Horror,1.0,Family,Weekly,Man
1446,54.0,"96,8350002920004",Night,Documentaries,Science Fiction,1.0,Premium,Weekly,Woman
1447,53.0,"112,63479705432778",Afternoon,Documentaries,Horror,1.0,,Weekly,Man
1448,55.0,"127,092635796029",Afternoon,Documentaries,Science Fiction,1.0,Family,Weekly,Man
1449,52.0,"166,562183601756",Night,Documentaries,Horror,0.0,Family,Weekly,Woman
1450,48.0,"136,39499068024563",Afternoon,Documentaries,Science Fiction,1.0,Family,Weekly,Woman
1451,48.0,"170,92458573946956",Night,Documentaries,Science Fiction,1.0,Family,Weekly,Woman
1452,50.0,"92,70841321567065",Night,Documentaries,Science Fiction,1.0,,Weekly,Man
1453,50.0,"97,50311327873932",Afternoon,Documentaries,Horror,1.0,Family,Weekly,Man
1454,41.0,"72,93824997203993",Night,Anime,Science Fiction,1.0,Premium,Weekly,Man
1455,36.0,"237,11082010233247",Afternoon,Documentaries,Science Fiction,0.0,Family,Weekly,Woman
1456,52.0,"176,02519458840158",Afternoon,Documentaries,Science Fiction,1.0,Family,Weekly,Woman
1457,36.0,"102,86142315950896",Afternoon,Anime,Science Fiction,1.0,,Weekly,Woman
1458,19.0,"173,91454757989015",Afternoon,Anime,Science Fiction,0.0,Premium,Weekly,Man
1459,36.0,"158,3209151333329",Night,Documentaries,Drama,0.0,Premium,Weekly,Woman
1460,48.0,nan,Afternoon,Documentaries,Drama,1.0,Family,Weekly,Man
1461,30.0,"174,76718242957406",Night,Documentaries,Science Fiction,0.0,Family,Weekly,Woman
1462,29.0,nan,Night,Anime,Science Fiction,1.0,Premium,Weekly,Woman
1463,51.0,"104,47651956324512",Night,Documentaries,Science Fiction,1.0,Family,Weekly,Woman
1464,56.0,"172,1213794721487",Afternoon,Movies,Science Fiction,1.0,Family,Weekly,Man
1465,36.0,"168,8147648912205",Night,Documentaries,Drama,0.0,Premium,Weekly,Woman
1466,36.0,"130,75618679277494",Afternoon,Documentaries,Horror,1.0,Family,Weekly,Woman
1467,48.0,"105,55451383403212",Afternoon,Anime,Science Fiction,1.0,Premium,Weekly,Man
1468,46.0,"116,04754235354106",Afternoon,Documentaries,Science Fiction,1.0,Family,Weekly,Woman
1469,49.0,"162,52653472687993",Night,Movies,Drama,1.0,Family,Weekly,Man
1470,33.0,"180,6205984622217",Night,Documentaries,Science Fiction,0.0,Family,Weekly,Man
1471,52.0,"201,63157070206216",Afternoon,Documentaries,Science Fiction,0.0,Family,Weekly,Woman
1472,46.0,"146,624531428313",Afternoon,Documentaries,Science Fiction,0.0,Premium,Weekly,Man
1473,45.0,"140,76601002427108",Afternoon,Anime,Horror,0.0,Family,Weekly,Man
1474,44.0,"135,61130938929242",Night,Anime,Science Fiction,0.0,Family,Weekly,Man
1475,44.0,"157,29792517367486",Night,Documentaries,Science Fiction,0.0,Premium,Weekly,Woman
1476,41.0,"113,25054325065194",Afternoon,Anime,Science Fiction,1.0,Premium,Weekly,Man
1477,41.0,"162,03925217362712",Night,Documentaries,Science Fiction,1.0,Family,Weekly,Woman
1478,46.0,"168,43872144530636",Night,Documentaries,Science Fiction,1.0,Family,Weekly,Man
1479,47.0,"68,19731668673325",Night,Anime,Science Fiction,1.0,Premium,Weekly,Woman
1480,31.0,"68,69793088046504",Night,Anime,Science Fiction,0.0,,Weekly,Woman
1481,44.0,"189,87250371341327",Afternoon,Documentaries,Science Fiction,1.0,Family,Weekly,Man
1482,38.0,"168,0150734362074",Night,Documentaries,Drama,0.0,Premium,Weekly,Man
1483,37.0,"106,36905666250024",Night,Reality Shows,Horror,0.0,Premium,Occasional,Man
1484,48.0,"159,65991325493906",Afternoon,Anime,Horror,0.0,Premium,Weekly,Woman
1485,43.0,"164,32085477882237",Afternoon,Anime,Science Fiction,0.0,Family,Occasional,Woman
1486,32.0,"159,99611034065737",Afternoon,Documentaries,Science Fiction,0.0,Family,Weekly,Man
1487,34.0,"157,73507526317783",Night,Documentaries,Drama,0.0,Premium,Weekly,Man
1488,48.0,"161,76938188373686",Night,Anime,Horror,0.0,Family,Weekly,Man
1489,48.0,"206,72208408558487",Night,Documentaries,Science Fiction,0.0,Family,Weekly,Woman
1490,51.0,nan,Night,Documentaries,Horror,1.0,Family,Weekly,Woman
1491,39.0,"143,1051989472198",Afternoon,Anime,Science Fiction,0.0,Premium,Weekly,Woman
1492,36.0,"59,83514930526738",Afternoon,Anime,Science Fiction,1.0,Premium,Weekly,Man
1493,34.0,"160,0890551790518",Night,Documentaries,Drama,0.0,Premium,Weekly,Man
1494,42.0,"140,55717456180804",Night,Documentaries,Drama,0.0,Premium,Weekly,Woman
1495,38.0,"157,21021965352446",Night,Documentaries,Drama,0.0,Premium,Weekly,Woman
1496,41.0,"172,29591662055392",Afternoon,Documentaries,Science Fiction,0.0,Premium,Weekly,Man
1497,43.0,"210,96353369341557",Night,Documentaries,Drama,0.0,Family,Weekly,Woman
1498,35.0,"148,83468541030086",Night,Documentaries,Science Fiction,1.0,Family,Weekly,Woman
1499,36.0,"197,95028635364315",Night,Documentaries,Science Fiction,0.0,Family,Weekly,Man
1500,60.0,"131,45863663655123",Night,Documentaries,Horror,1.0,Family,Weekly,Woman
1501,41.0,"152,5999662537934",Night,Anime,Horror,0.0,Family,Weekly,Man
1502,35.0,"156,94150315557255",Afternoon,Documentaries,Drama,0.0,Premium,Weekly,Woman
1503,35.0,"119,89155491840398",Afternoon,Anime,Science Fiction,0.0,Family,Weekly,Woman
1504,60.0,"215,64457991430535",Afternoon,Anime,Horror,0.0,Family,Weekly,Woman
1505,40.0,"129,6071145765119",Afternoon,Anime,Science Fiction,0.0,Family,Weekly,Woman
1506,40.0,"71,42360478853276",Afternoon,Anime,Science Fiction,1.0,Premium,Weekly,Man
1507,38.0,"148,78794072702672",Night,Documentaries,Science Fiction,1.0,Family,Weekly,Man
1508,37.0,nan,Afternoon,Anime,Science Fiction,0.0,Premium,Weekly,Man
1509,35.0,"157,79495603328724",Night,Anime,Science Fiction,0.0,Family,Weekly,Man
1510,25.0,"92,09589123835946",Afternoon,Anime,Science Fiction,1.0,,Weekly,Man
1511,60.0,"153,60395644554922",Afternoon,Movies,Science Fiction,1.0,Family,Weekly,Man
1512,53.0,"228,60244919923227",Afternoon,Movies,Science Fiction,0.0,Family,Weekly,Man
1513,37.0,"180,6284928030902",Afternoon,Anime,Horror,0.0,Family,Weekly,Woman
1514,40.0,"126,33823336949332",Afternoon,Anime,Horror,1.0,Family,Weekly,Man
1515,40.0,"161,4869941330482",Afternoon,Documentaries,Drama,0.0,Premium,Weekly,Man
1516,46.0,"158,65840679639354",Afternoon,Movies,Science Fiction,1.0,Family,Weekly,Woman
1517,61.0,"202,07034968964632",Afternoon,Movies,Science Fiction,1.0,Family,Weekly,Man
1518,43.0,"171,6616844270638",Afternoon,Documentaries,Drama,0.0,Premium,Weekly,Woman
1519,40.0,"160,1851924356252",Night,Documentaries,Science Fiction,1.0,Family,Weekly,Man
1520,33.0,"195,94158675235403",Late Night,Anime,Science Fiction,0.0,,Weekly,Man
1521,42.0,"130,21235134785096",Afternoon,Documentaries,Drama,0.0,Premium,Weekly,Woman
1522,50.0,"126,0594845768494",Night,Documentaries,Horror,1.0,Family,Weekly,Woman
1523,53.0,"103,9461820045376",Night,Documentaries,Science Fiction,1.0,Family,Weekly,Man
1524,37.0,"187,6924639649044",Night,Documentaries,Science Fiction,1.0,Family,Weekly,Woman
1525,36.0,"105,40775438526164",Night,Anime,Science Fiction,1.0,Family,Weekly,Woman
1526,36.0,"108,75654274869862",Night,Anime,Science Fiction,1.0,Family,Weekly,Woman
1527,49.0,"135,50094516079548",Afternoon,Anime,Horror,1.0,Family,Weekly,Man
1528,47.0,"146,4292222766855",Afternoon,Documentaries,Science Fiction,1.0,Family,Weekly,Man
1529,44.0,nan,Afternoon,Documentaries,Horror,1.0,Family,Weekly,Woman
1530,39.0,"59,39700988021219",Afternoon,Documentaries,Science Fiction,1.0,Family,Weekly,Woman
1531,60.0,"119,7515386562904",Afternoon,Movies,Science Fiction,1.0,Family,Weekly,Woman
1532,46.0,"124,54851632064124",Afternoon,Anime,Horror,0.0,Family,Occasional,Man
1533,45.0,"166,07010307270724",Afternoon,Documentaries,Drama,0.0,Premium,Weekly,Woman
1534,35.0,"203,0999622570707",Night,Documentaries,Drama,0.0,Family,Weekly,Woman
1535,47.0,"130,00603710012908",Night,Documentaries,Horror,1.0,Family,Weekly,Man
1536,54.0,"97,65566423206192",Afternoon,Documentaries,Horror,1.0,Family,Daily,Woman
1537,44.0,"195,6119569873351",Afternoon,Documentaries,Science Fiction,0.0,Family,Occasional,Man
1538,37.0,"132,29788379783005",Afternoon,Anime,Science Fiction,0.0,Premium,Weekly,Man
1539,32.0,"98,91628635940924",Afternoon,Documentaries,Science Fiction,1.0,Family,Weekly,Man
1540,45.0,"191,8641464228604",Afternoon,Documentaries,Science Fiction,0.0,Family,Weekly,Man
1541,58.0,"129,11175553817975",Afternoon,Movies,Science Fiction,1.0,Family,Daily,Woman
1542,52.0,"78,56598480691085",Night,Documentaries,Science Fiction,1.0,Family,Weekly,Woman
1543,39.0,"134,63968689152262",Afternoon,Anime,Science Fiction,0.0,Family,Weekly,Man
1544,22.0,"55,2943317743707",Night,Anime,Science Fiction,1.0,Premium,Weekly,Woman
1545,57.0,"100,1249632352473",Night,Documentaries,Science Fiction,1.0,Premium,Weekly,Woman
1546,45.0,"112,94274917903194",Night,Documentaries,Drama,1.0,Premium,Weekly,Woman
1547,66.0,"168,3256120222326",Night,Movies,Drama,1.0,Family,Weekly,Man
1548,40.0,"171,34077745310051",Afternoon,Documentaries,Science Fiction,0.0,Family,Weekly,Woman
1549,50.0,"172,8169883616849",Night,Documentaries,Drama,1.0,Family,Weekly,Man
1550,43.0,"190,38731173292928",Afternoon,Documentaries,Science Fiction,0.0,Family,Weekly,Woman
1551,39.0,"112,9383682070651",Afternoon,Documentaries,Action,1.0,Premium,Weekly,Man
1552,49.0,"96,689631527419",Afternoon,Anime,Science Fiction,1.0,,Weekly,Man
1553,43.0,"154,94514938600472",Morning,Documentaries,Drama,0.0,Premium,Weekly,Man
1554,38.0,"157,76245967101335",Night,Documentaries,Science Fiction,1.0,Family,Weekly,Man
1555,41.0,"143,18386569183403",Night,Documentaries,Drama,0.0,Premium,Weekly,Man
1556,38.0,"203,90732315549545",Afternoon,Documentaries,Science Fiction,0.0,Premium,Weekly,Man
1557,59.0,"126,67507979359064",Afternoon,Movies,Science Fiction,1.0,Family,Weekly,Man
1558,58.0,"165,27570939691293",Night,Documentaries,Horror,0.0,Family,Weekly,Man
1559,64.0,"173,36777571650182",Afternoon,Movies,Drama,1.0,Family,Weekly,Woman
1560,30.0,"176,79825474167706",Afternoon,Anime,Science Fiction,0.0,Premium,Weekly,Woman
1561,40.0,"113,45489508198848",Night,Anime,Horror,1.0,Family,Weekly,Man
1562,43.0,"164,82896848315212",Afternoon,Documentaries,Drama,0.0,Premium,Weekly,Woman
1563,52.0,"110,59373784991983",Afternoon,Documentaries,Horror,1.0,Family,Daily,Woman
1564,44.0,"207,17790172822708",Afternoon,Documentaries,Horror,0.0,Family,Weekly,Man
1565,60.0,"90,80221822704064",Night,Movies,Science Fiction,1.0,Family,Weekly,Man
1566,53.0,"192,71798726016144",Afternoon,Movies,Science Fiction,1.0,Family,Weekly,Man
1567,57.0,"137,64249940754723",Afternoon,Movies,Science Fiction,1.0,Family,Weekly,Woman
1568,43.0,"198,97345469576908",Night,Documentaries,Science Fiction,0.0,Family,Weekly,Woman
1569,42.0,"154,25165930453332",Night,Documentaries,Drama,0.0,Premium,Weekly,Man
1570,51.0,"147,42160793979215",Night,Documentaries,Horror,0.0,Family,Weekly,Man
1571,65.0,"197,13483872556392",Afternoon,Movies,Science Fiction,1.0,Family,Weekly,Woman
1572,41.0,"113,3365408566228",Night,Anime,Science Fiction,0.0,Premium,Weekly,Woman
1573,46.0,"118,85923259396311",Night,Documentaries,Drama,1.0,Premium,Weekly,Man
1574,58.0,"151,74085113371018",Night,Movies,Science Fiction,1.0,Family,Weekly,Man
1575,29.0,"182,77130504244644",Night,Documentaries,Science Fiction,0.0,Family,Weekly,Woman
1576,44.0,"200,27298405788844",Night,Documentaries,Science Fiction,0.0,Family,Weekly,Man
1577,53.0,"157,2057038439424",Night,Documentaries,Horror,1.0,Family,Daily,Man
1578,55.0,"125,35328476402356",Night,Documentaries,Science Fiction,1.0,Family,Weekly,Woman
1579,35.0,"164,03776652173096",Night,Documentaries,Science Fiction,1.0,Family,Weekly,Woman
1580,43.0,"152,5033953480212",Afternoon,Movies,Science Fiction,1.0,Family,Weekly,Woman
1581,20.0,"57,53395060740464",Afternoon,Anime,Drama,1.0,Premium,Weekly,Man
1582,53.0,"165,86557232817108",Night,Documentaries,Science Fiction,1.0,Family,Weekly,Man
1583,37.0,"187,3013207649794",Afternoon,Documentaries,Drama,0.0,Premium,Weekly,Woman
1584,59.0,"216,6024953913756",Night,Movies,Science Fiction,1.0,Family,Weekly,Woman
1585,45.0,nan,Afternoon,Anime,Science Fiction,1.0,Premium,Weekly,Woman
1586,55.0,"156,48059601259305",Afternoon,Documentaries,Science Fiction,1.0,Family,Weekly,Woman
1587,39.0,"170,10275962334666",Afternoon,Documentaries,Drama,0.0,Premium,Weekly,Woman
1588,65.0,"138,43062829211436",Afternoon,Movies,Science Fiction,1.0,Family,Daily,Woman
1589,33.0,"58,88966775622376",Afternoon,Anime,Science Fiction,0.0,Premium,Weekly,Man
1590,41.0,"141,7594284298975",Night,Documentaries,Science Fiction,1.0,Family,Weekly,Woman
1591,49.0,"108,92796445930932",Afternoon,Anime,Science Fiction,1.0,Premium,Weekly,Woman
1592,44.0,"42,5569380296995",Night,Documentaries,Science Fiction,1.0,Family,Weekly,Woman
1593,41.0,"214,98044922166585",Afternoon,Documentaries,Science Fiction,0.0,Family,Weekly,Woman
1594,37.0,"42,216754377091966",Afternoon,Anime,Science Fiction,1.0,Premium,Weekly,Man
1595,42.0,"167,67079898183096",Afternoon,Movies,Science Fiction,1.0,Family,Weekly,Woman
1596,57.0,"105,6316936007232",Night,Documentaries,Science Fiction,1.0,Family,Weekly,Man
1597,56.0,"143,73702090483454",Night,Movies,Science Fiction,1.0,,Weekly,Woman
1598,47.0,"176,50067795909237",Night,Documentaries,Science Fiction,0.0,Family,Weekly,Woman
1599,51.0,"233,71894000350247",Night,Documentaries,Horror,0.0,,Weekly,Man
1600,42.0,"171,09268674222284",Afternoon,Anime,Horror,0.0,Family,Occasional,Woman
1601,35.0,"154,41605794120397",Afternoon,Documentaries,Horror,0.0,Family,Weekly,Woman
1602,49.0,"178,3195398489681",Afternoon,Movies,Horror,1.0,Family,Daily,Man
1603,46.0,"153,01327827689906",Afternoon,Documentaries,Science Fiction,1.0,Family,Weekly,Man
1604,31.0,"181,02893853425263",Night,Anime,Drama,0.0,Premium,Weekly,Woman
1605,41.0,"76,36058455662861",Night,Anime,Science Fiction,1.0,Premium,Weekly,Man
1606,44.0,"146,67595101669622",Night,Documentaries,Drama,0.0,Premium,Weekly,Man
1607,41.0,"206,68157940205376",Night,Movies,Drama,1.0,Family,Weekly,Man
1608,50.0,"136,701640037978",Afternoon,Movies,Science Fiction,1.0,Student,Daily,Woman
1609,47.0,"163,39194739053076",Night,Documentaries,Drama,0.0,Family,Weekly,Man
1610,51.0,"144,70135387964856",Night,Documentaries,Drama,1.0,Family,Weekly,Man
1611,45.0,"126,58916229898772",Night,Anime,Science Fiction,0.0,Family,Weekly,Woman
1612,44.0,"214,94435818107064",Night,Documentaries,Science Fiction,0.0,Family,Occasional,Woman
1613,56.0,"153,0458170302291",Night,Documentaries,Horror,1.0,Family,Weekly,Woman
1614,39.0,"156,33275052926416",Night,Documentaries,Science Fiction,1.0,Family,Weekly,Man
1615,36.0,"63,18124411167274",Night,Anime,Science Fiction,1.0,Premium,Weekly,Woman
1616,39.0,"178,1090133510544",Night,Documentaries,Horror,1.0,Family,Weekly,Woman
1617,58.0,"211,59574122936417",Night,Movies,Horror,1.0,Family,Weekly,Woman
1618,57.0,"139,3731323205073",Night,Documentaries,Horror,1.0,Family,Weekly,Woman
1619,41.0,"106,29281736152984",Night,Anime,Science Fiction,1.0,Premium,Weekly,Man
1620,42.0,"176,87549055472223",Afternoon,Documentaries,Science Fiction,0.0,Family,Weekly,Man
1621,45.0,"136,82581567035044",Afternoon,Anime,Horror,1.0,Family,Weekly,Man
1622,43.0,"152,13160040116657",Night,Anime,Horror,0.0,Premium,Weekly,Woman
1623,38.0,"60,35924397392843",Night,Anime,Science Fiction,1.0,Premium,Weekly,Man
1624,38.0,"30,233847489665905",Night,Anime,Science Fiction,1.0,Premium,Weekly,Man
1625,43.0,"210,18253960451827",Morning,Documentaries,Science Fiction,0.0,Family,Weekly,Man
1626,36.0,"183,30137979307935",Night,Anime,Drama,0.0,Premium,Occasional,Woman
1627,34.0,nan,Night,Documentaries,Science Fiction,0.0,Family,Weekly,Woman
1628,52.0,"180,7394676159784",Afternoon,Documentaries,Horror,1.0,Family,Weekly,Woman
1629,55.0,"242,9707512616741",Night,Movies,Horror,0.0,Family,Daily,Woman
1630,37.0,"157,8683541889798",Night,Anime,Science Fiction,0.0,Family,Weekly,Man
1631,61.0,"129,2076653099232",Afternoon,Documentaries,Horror,1.0,Family,Weekly,Woman
1632,39.0,"104,81114779741188",Afternoon,Anime,Science Fiction,0.0,Premium,Weekly,Woman
1633,59.0,"219,8419293376301",Night,Movies,Science Fiction,1.0,Family,Weekly,Woman
1634,36.0,"191,0732667435809",Afternoon,Anime,Science Fiction,0.0,Family,Occasional,Woman
1635,54.0,"261,78444847289165",Night,Movies,Science Fiction,0.0,Family,Weekly,Woman
1636,48.0,"197,14114772132288",Morning,Movies,Science Fiction,1.0,Family,Weekly,Woman
1637,46.0,"133,50334379197142",Night,Documentaries,Science Fiction,1.0,Family,Weekly,Man
1638,41.0,"68,55686346100882",Afternoon,Anime,Science Fiction,1.0,Premium,Weekly,Woman
1639,43.0,"195,2148086117661",Afternoon,Documentaries,Science Fiction,0.0,Family,Weekly,Man
1640,45.0,"210,46456736268703",Afternoon,Movies,Science Fiction,1.0,Family,Weekly,Woman
1641,37.0,"131,3479992023071",Afternoon,Anime,Science Fiction,0.0,Family,Weekly,Man
1642,39.0,"170,37404026279748",Night,Documentaries,Science Fiction,1.0,Family,Weekly,Woman
1643,35.0,"172,42812814345396",Afternoon,Documentaries,Drama,0.0,Premium,Weekly,Woman
1644,34.0,"52,64346895282922",Afternoon,Anime,Science Fiction,1.0,Premium,Weekly,Man
1645,47.0,"164,93095923230644",Afternoon,Documentaries,Drama,0.0,Family,Weekly,Woman
1646,52.0,"209,72834308317877",Afternoon,Movies,Science Fiction,0.0,Family,Weekly,Man
1647,46.0,"148,2493391118417",Afternoon,Documentaries,Drama,1.0,Premium,Weekly,Woman
1648,34.0,"151,09136122839928",Night,Anime,Drama,0.0,Premium,Weekly,Woman
1649,36.0,"163,08905412048222",Afternoon,Anime,Science Fiction,0.0,Premium,Weekly,Man
1650,45.0,"198,18852493382605",Afternoon,Documentaries,Science Fiction,0.0,Family,Weekly,Woman
1651,39.0,"196,54920274011877",Afternoon,Documentaries,Science Fiction,0.0,Family,Weekly,Man
1652,45.0,"175,29555414624366",Afternoon,Movies,Science Fiction,1.0,Family,Weekly,Man
1653,53.0,"101,51052296942036",Night,Documentaries,Horror,1.0,Family,Weekly,Woman
1654,41.0,"137,6773419206222",Afternoon,Anime,Science Fiction,0.0,Premium,Weekly,Man
1655,57.0,"182,38052518609044",Night,Movies,Science Fiction,1.0,Family,Weekly,Man
1656,34.0,"139,23958037683326",Night,Documentaries,Drama,0.0,Premium,Weekly,Man
1657,55.0,"212,3976838524763",Afternoon,Documentaries,Horror,1.0,Family,Weekly,Woman
1658,48.0,"184,8223372814321",Night,Documentaries,Science Fiction,0.0,,Weekly,Woman
1659,33.0,"73,48456486158842",Night,Anime,Science Fiction,1.0,Premium,Weekly,Woman
1660,49.0,"172,23098530730644",Night,Documentaries,Science Fiction,1.0,Family,Weekly,Woman
1661,44.0,"157,08176768715427",Afternoon,Documentaries,Science Fiction,1.0,Family,Weekly,Woman
1662,29.0,"170,0408067026889",Afternoon,Documentaries,Science Fiction,0.0,Family,Weekly,Woman
1663,48.0,"193,9250134993031",Afternoon,Documentaries,Science Fiction,0.0,Family,Weekly,Woman
1664,55.0,"148,17434303722175",Night,Documentaries,Horror,1.0,Family,Weekly,Man
1665,44.0,"155,95054278663403",Afternoon,Documentaries,Horror,1.0,Family,Weekly,Man
1666,36.0,"76,95130427822912",Afternoon,Anime,Science Fiction,1.0,Premium,Weekly,Man
1667,30.0,"87,32283969765236",Afternoon,Anime,Horror,0.0,Premium,Weekly,Woman
1668,36.0,"88,17032947346974",Afternoon,Anime,Science Fiction,0.0,Premium,Weekly,Man
1669,34.0,"74,22261103327047",Afternoon,Anime,Science Fiction,1.0,Premium,Weekly,Woman
1670,44.0,"189,70298914682425",Afternoon,Documentaries,Drama,0.0,Family,Weekly,Woman
1671,41.0,"120,7711377280624",Afternoon,Anime,Science Fiction,0.0,Premium,Weekly,Woman
1672,44.0,"164,68107325834282",Afternoon,Documentaries,Science Fiction,0.0,Premium,Weekly,Man
1673,29.0,"91,29529798116202",Afternoon,Anime,Science Fiction,1.0,Premium,Weekly,Woman
1674,46.0,"106,47469239200728",Afternoon,Anime,Science Fiction,1.0,Premium,Weekly,Woman
1675,60.0,"163,4503021039707",Afternoon,Movies,Drama,1.0,Family,Weekly,Man
1676,25.0,"48,62347323795525",Night,Anime,Science Fiction,1.0,Premium,Weekly,Man
1677,32.0,"215,1002648640601",Night,Documentaries,Drama,0.0,Premium,Weekly,Man
1678,41.0,"176,2138784864764",Night,Documentaries,Drama,0.0,Premium,Weekly,Man
1679,37.0,"94,65141905277352",Night,Anime,Science Fiction,1.0,Premium,Weekly,Man
1680,44.0,"136,93133355209693",Night,Documentaries,Drama,0.0,Premium,Weekly,Man
1681,58.0,"175,8741003849615",Night,Movies,Science Fiction,1.0,Family,Weekly,Woman
1682,32.0,"167,09229472170867",Afternoon,Anime,Science Fiction,0.0,Premium,Occasional,Man
1683,42.0,"145,53698631361524",Night,Documentaries,Horror,1.0,Family,Weekly,Man
1684,47.0,"175,6394548232523",Night,Documentaries,Horror,0.0,Family,Weekly,Woman
1685,41.0,"162,76957587583945",Afternoon,Documentaries,Drama,0.0,Premium,Weekly,Woman
1686,45.0,nan,Afternoon,Anime,Science Fiction,1.0,Premium,Weekly,Woman
1687,57.0,nan,Afternoon,Movies,Science Fiction,1.0,Family,Daily,Woman
1688,66.0,"125,60720312004428",Night,Movies,Science Fiction,1.0,Family,Daily,Man
1689,49.0,"157,49661935307074",Afternoon,Movies,Drama,1.0,Family,Weekly,Woman
1690,49.0,"154,48959278389893",Night,Movies,Science Fiction,1.0,Family,Weekly,Man
1691,44.0,"98,3773264046766",Night,Anime,Science Fiction,1.0,Premium,Weekly,Man
1692,34.0,"201,25832162603507",Afternoon,Movies,Drama,0.0,Family,Weekly,Man
1693,62.0,"207,2465740617276",Night,Movies,Science Fiction,1.0,Family,Weekly,Woman
1694,59.0,"180,194285404384",Afternoon,Movies,Science Fiction,1.0,Family,Daily,Woman
1695,51.0,"217,678177445507",Night,Documentaries,Science Fiction,0.0,Family,Weekly,Woman
1696,29.0,"101,89099894778812",Afternoon,Anime,Science Fiction,0.0,Premium,Weekly,Woman
1697,54.0,"102,63702954153568",Afternoon,Movies,Science Fiction,1.0,Premium,Daily,Man
1698,46.0,"164,3181238437332",Afternoon,Documentaries,Horror,0.0,Family,Weekly,Woman
1699,67.0,"103,98463309412156",Night,Movies,Science Fiction,1.0,Family,Daily,Woman
1700,55.0,"204,06100424197427",Afternoon,Movies,Science Fiction,1.0,Student,Weekly,Man
1701,30.0,"152,71596922370784",Night,Anime,Horror,0.0,Family,Weekly,Man
1702,49.0,"150,07470551790624",Afternoon,Documentaries,Horror,1.0,Family,Daily,Man
1703,42.0,"142,24431830572482",Afternoon,Documentaries,Drama,0.0,Premium,Weekly,Woman
1704,60.0,"137,8505626630007",Afternoon,Movies,Science Fiction,1.0,Family,Daily,Man
1705,39.0,"109,95954737202057",Afternoon,Anime,Science Fiction,0.0,Premium,Weekly,Woman
1706,41.0,"120,72084487733356",Afternoon,Documentaries,Horror,1.0,Family,Weekly,Man
1707,54.0,"110,59936951616798",Afternoon,Documentaries,Horror,1.0,Family,Weekly,Man
1708,48.0,"166,2237811577359",Night,Documentaries,Horror,1.0,Family,Weekly,Man
1709,42.0,"100,9968546036214",Night,Anime,Science Fiction,0.0,Premium,Weekly,Woman
1710,57.0,"227,47350908457395",Late Night,Movies,Science Fiction,0.0,Family,Weekly,Man
1711,53.0,"153,15413283354917",Afternoon,Documentaries,Horror,1.0,Family,Weekly,Man
1712,60.0,"181,79891560251255",Afternoon,Movies,Science Fiction,1.0,Family,Weekly,Man
1713,51.0,"196,40187159377248",Night,Documentaries,Drama,0.0,Family,Weekly,Woman
1714,41.0,nan,Afternoon,Documentaries,Action,1.0,Premium,Weekly,Man
1715,36.0,"179,64778095447264",Night,Documentaries,Drama,0.0,Premium,Weekly,Woman
1716,56.0,"138,31433507309916",Night,Documentaries,Horror,1.0,Family,Weekly,Man
1717,42.0,"141,24265949327307",Afternoon,Documentaries,Drama,1.0,Premium,Weekly,Woman
1718,34.0,"68,90170136779342",Afternoon,Anime,Science Fiction,1.0,Premium,Weekly,Woman
1719,43.0,"122,7492765776358",Afternoon,Documentaries,Science Fiction,1.0,Family,Weekly,Woman
1720,33.0,"60,97836469743077",Night,Anime,Science Fiction,1.0,Family,Weekly,Woman
1721,34.0,"196,2143771124637",Night,Anime,Drama,0.0,Premium,Weekly,Woman
1722,37.0,"130,21377307044662",Afternoon,Documentaries,Drama,0.0,Premium,Weekly,Woman
1723,51.0,nan,Afternoon,Documentaries,Horror,1.0,Family,Weekly,Woman
1724,59.0,"225,3990872182329",Night,Movies,Horror,1.0,Family,Weekly,Man
1725,46.0,"77,02275815920744",Night,Documentaries,Science Fiction,1.0,Family,Weekly,Man
1726,45.0,"161,068967074368",Night,Documentaries,Science Fiction,1.0,,Weekly,Woman
1727,39.0,"146,8834896541274",Late Night,Documentaries,Drama,0.0,Premium,Weekly,Woman
1728,44.0,"191,2450861821869",Afternoon,Documentaries,Science Fiction,0.0,Family,Weekly,Woman
1729,36.0,"223,7855818237134",Afternoon,Movies,Drama,0.0,Family,Weekly,Man
1730,51.0,"113,34441515951228",Afternoon,Documentaries,Science Fiction,1.0,Family,Daily,Woman
1731,38.0,"179,31701179229933",Afternoon,Documentaries,Science Fiction,0.0,Premium,Weekly,Woman
1732,35.0,"139,2597877733516",Night,Anime,Horror,0.0,Family,Weekly,Man
1733,56.0,"141,2911018940085",Afternoon,Documentaries,Science Fiction,1.0,Family,Weekly,Woman
1734,53.0,"139,04596844671894",Night,Anime,Horror,0.0,,Weekly,Man
1735,44.0,"184,77785844598355",Afternoon,Documentaries,Science Fiction,1.0,Family,Weekly,Woman
1736,49.0,"95,6492592701988",Night,Anime,Science Fiction,1.0,Family,Weekly,Man
1737,44.0,"68,7152328913368",Afternoon,Documentaries,Science Fiction,1.0,Family,Weekly,Woman
1738,35.0,"101,12921926977664",Night,Anime,Science Fiction,0.0,Premium,Weekly,Man
1739,29.0,"48,27338632513675",Afternoon,Anime,Science Fiction,1.0,Premium,Weekly,Man
1740,43.0,"210,72622500010436",Night,Documentaries,Science Fiction,0.0,Family,Weekly,Man
1741,25.0,"71,53108648767659",Night,Anime,Science Fiction,0.0,Premium,Weekly,Man
1742,44.0,"160,09954130092214",Afternoon,Documentaries,Drama,0.0,Family,Weekly,Man
1743,62.0,"143,6387086871601",Night,Movies,Science Fiction,1.0,Family,Weekly,Man
1744,45.0,"133,91527374029565",Afternoon,Documentaries,Drama,0.0,Premium,Weekly,Man
1745,31.0,"211,19394112071197",Night,Movies,Drama,0.0,Family,Weekly,Man
1746,41.0,"245,9592226381153",Night,Series,Drama,1.0,Student,Daily,Woman
1747,54.0,"122,82749435353286",Night,Documentaries,Science Fiction,1.0,Family,Weekly,Man
1748,44.0,"167,96425744878033",Late Night,Documentaries,Horror,1.0,Family,Weekly,Man
1749,52.0,"129,9049745301779",Afternoon,Documentaries,Science Fiction,1.0,Family,Weekly,Man
1750,43.0,"82,38185762290166",Night,Anime,Science Fiction,1.0,Premium,Weekly,Man
1751,62.0,"165,38264492949904",Afternoon,Movies,Science Fiction,1.0,Family,Weekly,Man
1752,40.0,"174,77132223303346",Afternoon,Documentaries,Drama,0.0,Premium,Weekly,Woman
1753,37.0,"131,23210600486613",Afternoon,Documentaries,Action,0.0,Premium,Weekly,Man
1754,42.0,"136,93301180809166",Afternoon,Documentaries,Drama,0.0,Premium,Weekly,Man
1755,37.0,"123,53472005087885",Afternoon,Anime,Horror,0.0,Family,Weekly,Woman
1756,36.0,"153,3685797735447",Afternoon,Documentaries,Drama,0.0,Premium,Weekly,Man
1757,60.0,"118,1831732522089",Afternoon,Movies,Science Fiction,1.0,Family,Weekly,Man
1758,36.0,"171,6543171164385",Afternoon,Documentaries,Drama,0.0,Premium,Weekly,Man
1759,45.0,"165,82178540215264",Night,Documentaries,Science Fiction,0.0,Family,Weekly,Woman
1760,61.0,"276,09566940862743",Afternoon,Movies,Horror,0.0,Student,Weekly,Woman
1761,43.0,"195,0938621321308",Night,Documentaries,Science Fiction,0.0,Family,Weekly,Woman
1762,28.0,"69,3608169705879",Late Night,Anime,Science Fiction,0.0,,Weekly,Man
1763,40.0,"204,795100862402",Afternoon,Documentaries,Science Fiction,0.0,Family,Weekly,Man
1764,36.0,"199,63285700705805",Night,Documentaries,Science Fiction,0.0,Family,Weekly,Man
1765,55.0,"187,0169750263261",Afternoon,Movies,Science Fiction,1.0,Family,Weekly,Woman
1766,60.0,"213,6696298623837",Night,Movies,Science Fiction,1.0,Family,Weekly,Woman
1767,62.0,"143,25604917452938",Night,Movies,Science Fiction,1.0,Family,Weekly,Woman
1768,33.0,nan,Night,Documentaries,Drama,0.0,Premium,Weekly,Man
1769,60.0,"170,68761438611142",Night,Movies,Science Fiction,1.0,Family,Weekly,Woman
1770,49.0,"188,35154350631072",Night,Documentaries,Science Fiction,0.0,Family,Weekly,Woman
1771,60.0,"156,20057473497397",Night,Movies,Horror,1.0,Family,Weekly,Man
1772,38.0,"151,3295666978814",Afternoon,Documentaries,Drama,0.0,Premium,Weekly,Man
1773,54.0,"134,57076086225103",Afternoon,Documentaries,Science Fiction,1.0,Family,Weekly,Man
1774,44.0,nan,Afternoon,Anime,Science Fiction,0.0,Premium,Weekly,Man
1775,54.0,"125,78755644123818",Night,Anime,Horror,1.0,Family,Occasional,Man
1776,33.0,"172,98246671229765",Afternoon,Anime,Horror,0.0,Family,Occasional,Man
1777,31.0,"134,69706973535176",Afternoon,Anime,Science Fiction,0.0,Premium,Weekly,Man
1778,38.0,"169,14535133942871",Night,Documentaries,Science Fiction,0.0,Family,Weekly,Woman
1779,29.0,"183,90474279995036",Night,Documentaries,Drama,0.0,Premium,Weekly,Man
1780,56.0,"107,40422063541914",Night,Documentaries,Horror,1.0,,Weekly,Man
1781,33.0,"57,80639522180681",Night,Anime,Science Fiction,1.0,Premium,Weekly,Woman
1782,34.0,"174,01693231039118",Night,Documentaries,Horror,0.0,,Weekly,Man
1783,34.0,"203,9679767588508",Night,Documentaries,Drama,0.0,Premium,Occasional,Woman
1784,43.0,"138,64787637023815",Night,Documentaries,Drama,1.0,Premium,Weekly,Woman
1785,39.0,"160,93180294266358",Afternoon,Documentaries,Science Fiction,0.0,Family,Weekly,Woman
1786,48.0,"79,44972523613579",Night,Documentaries,Science Fiction,1.0,Premium,Weekly,Man
1787,36.0,"185,53942636564457",Night,Documentaries,Drama,0.0,Premium,Weekly,Woman
1788,33.0,"190,26679744137067",Night,Anime,Drama,0.0,Premium,Weekly,Woman
1789,47.0,"142,7601410992264",Night,Documentaries,Science Fiction,1.0,Family,Weekly,Woman
1790,55.0,"149,04239476340263",Afternoon,Documentaries,Science Fiction,1.0,Family,Weekly,Woman
1791,39.0,"167,82595070355006",Night,Documentaries,Drama,0.0,Premium,Weekly,Woman
1792,36.0,nan,Morning,Anime,Science Fiction,1.0,Premium,Weekly,Man
1793,57.0,"300,0",Afternoon,Movies,Science Fiction,0.0,Student,Weekly,Man
1794,36.0,"110,81973149818148",Afternoon,Anime,Science Fiction,1.0,Premium,Weekly,Man
1795,54.0,"132,0454912096854",Night,Documentaries,Science Fiction,1.0,Family,Weekly,Man
1796,28.0,"95,39743850465555",Afternoon,Anime,Science Fiction,0.0,Premium,Weekly,Man
1797,33.0,"123,91508187050007",Afternoon,Documentaries,Drama,0.0,Premium,Weekly,Woman
1798,47.0,"178,36173361565508",Night,Movies,Science Fiction,1.0,Family,Weekly,Man
1799,34.0,"163,49732935472898",Night,Anime,Drama,0.0,Premium,Occasional,Woman
1800,47.0,"115,15294007227769",Night,Anime,Horror,0.0,Premium,Weekly,Woman
1801,52.0,"128,65003166313045",Night,Anime,Horror,1.0,Family,Weekly,Woman
1802,45.0,"169,08263108653642",Afternoon,Documentaries,Science Fiction,0.0,Family,Weekly,Woman
1803,55.0,"159,6782812329896",Afternoon,Anime,Horror,0.0,Family,Weekly,Man
1804,53.0,"117,06153323370724",Afternoon,Documentaries,Science Fiction,1.0,Family,Weekly,Woman
1805,39.0,"132,99626191314192",Afternoon,Documentaries,Drama,0.0,Premium,Weekly,Woman
1806,44.0,"169,3710377325376",Afternoon,Documentaries,Horror,1.0,Family,Weekly,Man
1807,49.0,"162,55603331669997",Night,Movies,Drama,1.0,Family,Weekly,Woman
1808,44.0,"121,89762451579946",Afternoon,Anime,Horror,0.0,Premium,Weekly,Woman
1809,36.0,"91,3983393418882",Afternoon,Anime,Science Fiction,1.0,Premium,Weekly,Man
1810,51.0,"126,49839532213647",Morning,Documentaries,Science Fiction,1.0,Family,Weekly,Woman
1811,22.0,"62,62827906327925",Night,Anime,Science Fiction,0.0,Premium,Weekly,Man
1812,55.0,"106,44699536196072",Afternoon,Anime,Science Fiction,1.0,Family,Weekly,Man
1813,49.0,nan,Afternoon,Movies,Science Fiction,1.0,Family,Weekly,Man
1814,40.0,"206,1235116888774",Afternoon,Documentaries,Drama,0.0,Family,Weekly,Man
1815,56.0,"163,76616753117312",Afternoon,Documentaries,Horror,1.0,Family,Weekly,Man
1816,49.0,"130,46470447952458",Afternoon,Documentaries,Science Fiction,1.0,Premium,Weekly,Woman
1817,39.0,"78,25582343122099",Night,Anime,Science Fiction,1.0,Premium,Weekly,Man
1818,40.0,"174,54610795145007",Night,Documentaries,Science Fiction,1.0,Family,Weekly,Man
1819,34.0,"177,52642581420483",Night,Documentaries,Science Fiction,0.0,Family,Weekly,Man
1820,54.0,"218,3210272458012",Afternoon,Movies,Horror,1.0,Family,Weekly,Woman
1821,57.0,"202,7405773835355",Afternoon,Movies,Science Fiction,1.0,Family,Weekly,Man
1822,55.0,"184,44633813990737",Afternoon,Movies,Science Fiction,1.0,,Weekly,Man
1823,39.0,"95,60774365423018",Night,Documentaries,Science Fiction,1.0,,Weekly,Woman
1824,44.0,"154,662206412806",Late Night,Documentaries,Science Fiction,1.0,Family,Weekly,Woman
1825,41.0,"139,49063319686755",Afternoon,Anime,Horror,0.0,Premium,Weekly,Woman
1826,49.0,"177,23522789342695",Afternoon,Documentaries,Drama,0.0,Family,Weekly,Woman
1827,30.0,"80,77180320963645",Afternoon,Anime,Science Fiction,1.0,Premium,Weekly,Man
1828,46.0,"111,74005542465908",Night,Documentaries,Horror,1.0,Family,Weekly,Man
1829,39.0,"102,43108381665296",Night,Anime,Science Fiction,0.0,Free,Weekly,Man
1830,59.0,"202,99371007369143",Afternoon,Movies,Science Fiction,1.0,Family,Weekly,Man
1831,48.0,"149,22500215595824",Afternoon,Documentaries,Science Fiction,1.0,Family,Weekly,Woman
1832,62.0,"179,2189038621839",Afternoon,Movies,Science Fiction,1.0,Family,Weekly,Man
1833,55.0,"139,20650527242606",Afternoon,Documentaries,Science Fiction,1.0,Family,Weekly,Woman
1834,39.0,"149,28752087635357",Afternoon,Documentaries,Drama,0.0,Premium,Weekly,Man
1835,39.0,"197,39066804664463",Night,Documentaries,Science Fiction,0.0,Family,Weekly,Woman
1836,39.0,"98,0279543621428",Night,Anime,Science Fiction,0.0,Premium,Weekly,Woman
1837,36.0,"141,1910344643714",Night,Documentaries,Drama,0.0,Premium,Weekly,Man
1838,35.0,"92,20253601661052",Afternoon,Anime,Science Fiction,0.0,Premium,Weekly,Woman
1839,58.0,"204,2926374281656",Afternoon,Movies,Horror,1.0,Family,Weekly,Woman
1840,42.0,"169,5866094516036",Night,Documentaries,Drama,0.0,Premium,Weekly,Man
1841,39.0,"76,72784367113728",Afternoon,Anime,Science Fiction,1.0,Premium,Weekly,Man
1842,29.0,"160,72244688134472",Afternoon,Anime,Drama,0.0,Premium,Weekly,Man
1843,43.0,"144,6938105697498",Night,Documentaries,Drama,1.0,Premium,Weekly,Woman
1844,58.0,"194,46366645783357",Night,Movies,Science Fiction,1.0,Family,Weekly,Woman
1845,35.0,"85,17028216337545",Afternoon,Documentaries,Science Fiction,1.0,Family,Weekly,Woman
1846,46.0,"216,97023114607447",Afternoon,Movies,Drama,0.0,Family,Weekly,Man
1847,50.0,"161,60123392540564",Night,Documentaries,Horror,0.0,Family,Weekly,Woman
1848,41.0,"160,78169763906993",Afternoon,Documentaries,Science Fiction,0.0,Family,Weekly,Man
1849,57.0,"153,9707606665886",Afternoon,Movies,Science Fiction,1.0,Family,Weekly,Man
1850,48.0,"108,09728171532784",Afternoon,Documentaries,Science Fiction,1.0,Family,Weekly,Woman
1851,65.0,"207,22704927590848",Night,Movies,Science Fiction,1.0,Family,Weekly,Man
1852,30.0,"68,04574515142032",Afternoon,Anime,Science Fiction,1.0,Premium,Weekly,Man
1853,40.0,"118,61061318331711",Night,Documentaries,Horror,1.0,Family,Weekly,Man
1854,38.0,"164,06927922859745",Afternoon,Documentaries,Science Fiction,1.0,Family,Weekly,Woman
1855,52.0,"153,2215910257442",Afternoon,Movies,Science Fiction,1.0,Family,Daily,Woman
1856,37.0,"153,76971314501023",Night,Documentaries,Drama,0.0,Premium,Weekly,Man
1857,41.0,"133,99307790884222",Night,Documentaries,Horror,0.0,Premium,Weekly,Man
1858,62.0,"154,17483004498283",Afternoon,Movies,Science Fiction,1.0,Family,Weekly,Woman
1859,36.0,"114,6634775073502",Night,Anime,Science Fiction,0.0,Premium,Weekly,Woman
1860,38.0,"169,27530473460536",Night,Documentaries,Drama,0.0,Premium,Weekly,Man
1861,35.0,nan,Afternoon,Documentaries,Science Fiction,0.0,Family,Weekly,Woman
1862,46.0,"159,16367505515086",Afternoon,Movies,Drama,1.0,Family,Weekly,Man
1863,45.0,"154,592272509193",Afternoon,Documentaries,Drama,0.0,Premium,Weekly,Woman
1864,41.0,"183,03701923293931",Night,Documentaries,Drama,0.0,Premium,Weekly,Man
1865,26.0,"22,098257364659204",Night,Anime,Drama,1.0,Family,Weekly,Woman
1866,52.0,"201,75249769757892",Night,Documentaries,Science Fiction,1.0,Family,Weekly,Woman
1867,35.0,"192,8662881377076",Night,Documentaries,Science Fiction,0.0,Premium,Weekly,Woman
1868,29.0,"66,35834826528097",Late Night,Anime,Science Fiction,1.0,Premium,Weekly,Woman
1869,45.0,"117,85878206613587",Night,Anime,Science Fiction,0.0,Premium,Weekly,Woman
1870,41.0,"149,26612620386663",Night,Documentaries,Drama,0.0,Premium,Weekly,Woman
1871,37.0,nan,Night,Documentaries,Science Fiction,0.0,Family,Weekly,Woman
1872,49.0,"231,7186084287981",Afternoon,Documentaries,Horror,0.0,Family,Weekly,Woman
1873,34.0,"167,0915860744142",Afternoon,Documentaries,Drama,0.0,Premium,Weekly,Woman
1874,60.0,"156,49183087459198",Afternoon,Movies,Science Fiction,1.0,Family,Daily,Woman
1875,41.0,"188,6056330773424",Afternoon,Documentaries,Drama,0.0,Premium,Weekly,Man
1876,52.0,"180,5545381272477",Afternoon,Movies,Horror,1.0,Family,Daily,Woman
1877,39.0,"159,50238419958347",Afternoon,Documentaries,Horror,1.0,Family,Weekly,Woman
1878,39.0,"193,79568564771688",Afternoon,Documentaries,Drama,0.0,Family,Weekly,Woman
1879,50.0,"159,8913811963475",Night,Movies,Science Fiction,1.0,Family,Weekly,Man
1880,59.0,"152,76175978001143",Afternoon,Movies,Science Fiction,1.0,Family,Weekly,Woman
1881,44.0,"64,20395293210446",Afternoon,Anime,Science Fiction,1.0,Premium,Weekly,Man
1882,37.0,"170,69489238320773",Night,Documentaries,Drama,0.0,Premium,Weekly,Woman
1883,65.0,"185,18563125258763",Afternoon,Movies,Science Fiction,1.0,Family,Weekly,Man
1884,54.0,nan,Afternoon,Anime,Science Fiction,0.0,Premium,Weekly,Man
1885,59.0,"148,0133098506752",Night,Movies,Science Fiction,1.0,Family,Weekly,Man
1886,35.0,"212,9350729252576",Afternoon,Movies,Science Fiction,1.0,Family,Weekly,Woman
1887,31.0,"128,8058658630585",Afternoon,Anime,Horror,0.0,Family,Weekly,Woman
1888,38.0,"135,98601792127235",Night,Documentaries,Science Fiction,1.0,Family,Weekly,Man
1889,39.0,"141,94812369778347",Afternoon,Documentaries,Drama,0.0,Premium,Weekly,Woman
1890,48.0,"220,8774755794856",Night,Movies,Drama,0.0,Family,Weekly,Woman
1891,52.0,"187,6770545720144",Night,Movies,Science Fiction,1.0,Family,Weekly,Man
1892,57.0,"142,40150531319313",Afternoon,Movies,Drama,1.0,Family,Weekly,Man
1893,45.0,"160,5334435256902",Night,Documentaries,Science Fiction,1.0,Family,Weekly,Man
1894,45.0,nan,Afternoon,Anime,Science Fiction,1.0,Premium,Weekly,Man
1895,48.0,"241,85576435943997",Night,Documentaries,Science Fiction,0.0,Family,Weekly,Man
1896,44.0,"125,98710477543284",Afternoon,Anime,Science Fiction,0.0,Family,Weekly,Woman
1897,38.0,"90,63263837737018",Night,Anime,Science Fiction,0.0,Premium,Weekly,Woman
1898,55.0,"112,91696055898689",Night,Anime,Horror,1.0,Family,Occasional,Man
1899,49.0,"156,70876393233786",Late Night,Documentaries,Science Fiction,1.0,Family,Weekly,Woman
1900,56.0,"149,47539051678294",Afternoon,Documentaries,Science Fiction,1.0,Family,Weekly,Man
1901,36.0,"152,8244926247288",Night,Anime,Drama,0.0,Premium,Weekly,Woman
1902,37.0,"138,80425423661282",Afternoon,Documentaries,Drama,0.0,Premium,Weekly,Man
1903,57.0,"145,98419151252023",Afternoon,Movies,Science Fiction,1.0,Family,Weekly,Man
1904,39.0,"126,35278106169514",Night,Documentaries,Drama,0.0,,Weekly,Woman
1905,56.0,"165,31925729948003",Afternoon,Movies,Science Fiction,1.0,Family,Weekly,Man
1906,45.0,"149,60369201185338",Night,Movies,Science Fiction,1.0,Family,Weekly,Man
1907,55.0,"117,2824599606104",Night,Documentaries,Science Fiction,1.0,Family,Weekly,Man
1908,61.0,"180,6198414703833",Night,Movies,Science Fiction,1.0,Family,Daily,Woman
1909,44.0,"109,92863968178436",Night,Anime,Horror,1.0,Family,Weekly,Man
1910,60.0,"138,5295664808027",Night,Movies,Science Fiction,1.0,Family,Daily,Man
1911,31.0,"145,43408334133392",Afternoon,Documentaries,Drama,0.0,,Weekly,Man
1912,61.0,"218,84238788407345",Afternoon,Movies,Science Fiction,1.0,Family,Weekly,Man
1913,51.0,"120,9442196184036",Night,Anime,Science Fiction,0.0,Premium,Weekly,Woman
1914,36.0,"194,8902743118792",Night,Documentaries,Science Fiction,0.0,Family,Weekly,Woman
1915,44.0,"155,31746776869795",Afternoon,Documentaries,Drama,0.0,,Weekly,Man
1916,47.0,"149,06106035415368",Night,Documentaries,Horror,1.0,Family,Weekly,Woman
1917,41.0,"123,2367047369864",Afternoon,Anime,Science Fiction,0.0,Premium,Weekly,Woman
1918,46.0,"152,71631162995865",Afternoon,Documentaries,Horror,0.0,Family,Weekly,Woman
1919,39.0,"174,07706185754716",Afternoon,Documentaries,Drama,0.0,Premium,Weekly,Man
1920,32.0,"162,4358835613094",Night,Documentaries,Science Fiction,0.0,Family,Weekly,Woman
1921,31.0,"191,05124336919343",Night,Anime,Science Fiction,0.0,Premium,Weekly,Woman
1922,40.0,"158,22283400866488",Night,Documentaries,Drama,0.0,Premium,Weekly,Man
1923,48.0,"94,47454703125702",Night,Anime,Science Fiction,1.0,Premium,Weekly,Man
1924,49.0,"186,1831381826861",Night,Documentaries,Science Fiction,0.0,Family,Weekly,Woman
1925,35.0,"200,7238959045633",Afternoon,Documentaries,Science Fiction,0.0,Family,Weekly,Man
1926,38.0,"107,2816512494395",Night,Reality Shows,Horror,0.0,Premium,Occasional,Man
1927,64.0,"102,43048610420992",Night,Movies,Drama,1.0,Family,Daily,Woman
1928,55.0,"152,2352405907082",Night,Documentaries,Horror,0.0,Family,Weekly,Woman
1929,46.0,"119,09191847008788",Afternoon,Anime,Science Fiction,1.0,Premium,Weekly,Woman
1930,46.0,"91,23169698515149",Night,Anime,Science Fiction,1.0,Premium,Weekly,Man
1931,44.0,"153,83924695685144",Night,Documentaries,Science Fiction,0.0,Family,Weekly,Man
1932,48.0,"157,34548303492184",Afternoon,Movies,Science Fiction,1.0,Family,Weekly,Man
1933,43.0,"114,86739530732224",Afternoon,Anime,Science Fiction,0.0,Premium,Weekly,Man
1934,60.0,"153,35531087516588",Afternoon,Movies,Science Fiction,1.0,Family,Weekly,Woman
1935,38.0,"128,54866826771973",Night,Documentaries,Horror,1.0,Family,Weekly,Man
1936,60.0,"228,04271511585435",Afternoon,Movies,Science Fiction,1.0,Family,Weekly,Woman
1937,41.0,"126,4335624392222",Afternoon,Anime,Science Fiction,0.0,Premium,Weekly,Woman
1938,32.0,"106,83577340338356",Night,Documentaries,Science Fiction,1.0,Family,Weekly,Woman
1939,40.0,"133,3913944048798",Afternoon,Anime,Science Fiction,0.0,Family,Weekly,Man
1940,40.0,nan,Afternoon,Anime,Drama,0.0,Premium,Weekly,Man
1941,38.0,"171,66860182278893",Night,Documentaries,Drama,0.0,Premium,Weekly,Woman
1942,40.0,"108,61580206422272",Afternoon,Documentaries,Science Fiction,1.0,Family,Weekly,Man
1943,53.0,"169,9587970287977",Afternoon,Movies,Drama,1.0,Family,Weekly,Man
1944,41.0,"92,54248986182728",Afternoon,Documentaries,Science Fiction,1.0,Family,Weekly,Woman
1945,49.0,"142,33119814511304",Night,Documentaries,Drama,1.0,Family,Weekly,Man
1946,36.0,"110,73880915998036",Afternoon,Documentaries,Science Fiction,1.0,Family,Weekly,Man
1947,47.0,"99,81543958896128",Afternoon,Documentaries,Science Fiction,1.0,Family,Weekly,Woman
1948,65.0,"159,87679439749314",Night,Movies,Science Fiction,1.0,Family,Weekly,Woman
1949,56.0,"162,66627875911377",Night,Movies,Drama,1.0,Family,Weekly,Woman
1950,52.0,"105,49822772319376",Night,Anime,Science Fiction,0.0,Premium,Weekly,Woman
1951,30.0,"65,89707683121449",Night,Anime,Science Fiction,1.0,Family,Weekly,Man
1952,38.0,"152,83016053177553",Afternoon,Anime,Horror,0.0,Family,Weekly,Man
1953,33.0,"72,24033579502803",Night,Documentaries,Science Fiction,1.0,Family,Weekly,Woman
1954,43.0,"123,50692247125444",Afternoon,Documentaries,Science Fiction,1.0,,Weekly,Man
1955,57.0,"191,81311942356095",Afternoon,Movies,Science Fiction,1.0,Family,Weekly,Man
1956,36.0,"125,23868206550324",Night,Anime,Horror,0.0,Premium,Weekly,Man
1957,37.0,"172,25901851348078",Afternoon,Documentaries,Drama,0.0,Premium,Weekly,Man
1958,47.0,"131,85181165914466",Night,Anime,Horror,1.0,Family,Weekly,Woman
1959,45.0,"205,80775780453808",Night,Documentaries,Science Fiction,0.0,,Weekly,Woman
1960,41.0,"178,80593039971038",Afternoon,Documentaries,Science Fiction,0.0,Family,Weekly,Woman
1961,44.0,"98,44159756497514",Afternoon,Documentaries,Horror,1.0,Family,Weekly,Woman
1962,48.0,"140,68774731166502",Afternoon,Documentaries,Horror,1.0,Family,Weekly,Woman
1963,41.0,"164,06436214966237",Night,Documentaries,Horror,1.0,Family,Weekly,Man
1964,40.0,"182,15101554739917",Afternoon,Documentaries,Drama,0.0,Premium,Weekly,Man
1965,39.0,"94,95233855934376",Afternoon,Anime,Science Fiction,1.0,Family,Occasional,Man
1966,44.0,"147,03981036964592",Afternoon,Documentaries,Horror,1.0,Family,Weekly,Man
1967,27.0,"174,5470039168733",Night,Documentaries,Science Fiction,0.0,Family,Weekly,Man
1968,61.0,"121,31492167927618",Night,Movies,Science Fiction,1.0,Family,Daily,Man
1969,52.0,"157,9750377290071",Afternoon,Documentaries,Science Fiction,1.0,Family,Weekly,Woman
1970,38.0,nan,Afternoon,Anime,Science Fiction,0.0,Free,Weekly,Woman
1971,55.0,"183,7252626098787",Night,Movies,Science Fiction,1.0,Family,Weekly,Man
1972,29.0,"32,14861314430131",Night,Anime,Drama,0.0,Premium,Weekly,Woman
1973,43.0,"177,01597863567372",Night,Movies,Drama,1.0,Family,Weekly,Man
1974,41.0,"116,16990146701583",Night,Documentaries,Drama,1.0,Premium,Weekly,Woman
1975,33.0,"96,82453485179782",Afternoon,Anime,Science Fiction,1.0,Premium,Weekly,Woman
1976,31.0,"199,6826535658022",Night,Documentaries,Science Fiction,0.0,Family,Weekly,Woman
1977,43.0,"202,4616025918717",Night,Documentaries,Science Fiction,0.0,Family,Weekly,Woman
1978,37.0,"67,03974880664038",Afternoon,Documentaries,Science Fiction,1.0,Family,Weekly,Woman
1979,29.0,"170,4595117981423",Afternoon,Documentaries,Science Fiction,0.0,Family,Weekly,Woman
1980,46.0,"127,65747855029504",Afternoon,Anime,Horror,1.0,Family,Weekly,Woman
1981,46.0,"77,57429105272588",Night,Anime,Science Fiction,1.0,Premium,Weekly,Woman
1982,48.0,nan,Afternoon,Movies,Drama,1.0,Family,Daily,Man
1983,61.0,nan,Night,Movies,Drama,1.0,Family,Weekly,Woman
1984,50.0,"127,29326353376578",Night,Documentaries,Science Fiction,1.0,Family,Weekly,Man
1985,47.0,"119,92031653857302",Night,Anime,Science Fiction,1.0,Family,Weekly,Woman
1986,39.0,"171,78007724924922",Night,Documentaries,Drama,0.0,Family,Weekly,Man
1987,38.0,"116,3976190034962",Night,Anime,Science Fiction,0.0,Premium,Weekly,Man
1988,31.0,"147,47137616305062",Night,Documentaries,Drama,0.0,,Weekly,Man
1989,46.0,"153,51457122138524",Afternoon,Anime,Horror,0.0,Family,Occasional,Man
1990,31.0,"53,29281660175758",Night,Anime,Science Fiction,1.0,Premium,Weekly,Man
1991,41.0,"144,4429846778631",Afternoon,Documentaries,Science Fiction,1.0,,Weekly,Man
1992,48.0,"174,85257681239148",Night,Documentaries,Science Fiction,0.0,Family,Weekly,Woman
1993,57.0,"197,3582016605937",Night,Movies,Science Fiction,1.0,Family,Weekly,Woman
1994,48.0,"79,15448543552559",Night,Anime,Science Fiction,1.0,Premium,Weekly,Man
1995,52.0,"201,86825281690065",Afternoon,Movies,Science Fiction,0.0,Family,Weekly,Woman
1996,64.0,"109,44807726673682",Night,Movies,Science Fiction,1.0,,Weekly,Man
1997,41.0,"143,0773191383059",Afternoon,Anime,Horror,0.0,Family,Occasional,Woman
1998,38.0,"237,6554842214784",Night,Movies,Drama,0.0,Family,Weekly,Woman
1999,64.0,"298,91484750551973",Night,Movies,Horror,0.0,Student,Weekly,Man
2000,29.0,"111,43198054614398",Night,Anime,Action,0.0,Free,Weekly,Woman
2001,58.0,"66,29802181547693",Afternoon,Documentaries,Science Fiction,1.0,Family,Weekly,Man
2002,44.0,"161,26089147158115",Afternoon,Anime,Horror,0.0,Premium,Weekly,Man
2003,56.0,"124,92661738338496",Night,Movies,Science Fiction,1.0,Family,Daily,Man
2004,46.0,"206,1719006783973",Night,Documentaries,Horror,0.0,Family,Weekly,Man
2005,45.0,"109,92761285095268",Night,Anime,Science Fiction,0.0,Premium,Weekly,Man
2006,35.0,"190,1089264655004",Night,Anime,Science Fiction,0.0,Family,Occasional,Man
2007,61.0,"169,8403517396097",Afternoon,Movies,Science Fiction,1.0,Family,Weekly,Man
2008,42.0,"70,21628793608457",Night,Anime,Science Fiction,1.0,Premium,Weekly,Man
2009,52.0,"113,99955181326186",Night,Documentaries,Science Fiction,1.0,Family,Daily,Man
2010,53.0,nan,Night,Documentaries,Science Fiction,1.0,Family,Weekly,Woman
2011,46.0,"115,9086766838058",Afternoon,Documentaries,Horror,1.0,Family,Weekly,Woman
2012,42.0,"48,36408244912336",Afternoon,Documentaries,Science Fiction,1.0,Family,Weekly,Man
2013,37.0,nan,Night,Documentaries,Science Fiction,0.0,Family,Weekly,Woman
2014,48.0,"112,7542487403076",Afternoon,Documentaries,Horror,1.0,Family,Weekly,Man
2015,57.0,"167,53492870605558",Afternoon,Movies,Science Fiction,1.0,Family,Weekly,Woman
2016,37.0,"93,89604906820404",Afternoon,Anime,Science Fiction,1.0,Premium,Weekly,Man
2017,31.0,"185,65390817188376",Night,Anime,Science Fiction,0.0,Premium,Occasional,Woman
2018,39.0,"159,0641657199154",Afternoon,Documentaries,Horror,0.0,Family,Weekly,Woman
2019,42.0,"217,75138720486763",Night,Documentaries,Science Fiction,0.0,Family,Occasional,Man
2020,40.0,"120,6206753938732",Night,Anime,Science Fiction,0.0,Premium,Weekly,Woman
2021,44.0,"169,60161042792635",Afternoon,Movies,Science Fiction,1.0,Family,Weekly,Woman
2022,61.0,"113,47817640289055",Night,Movies,Science Fiction,1.0,Family,Weekly,Man
2023,52.0,"88,0831170244632",Afternoon,Documentaries,Science Fiction,1.0,Family,Weekly,Woman
2024,49.0,"185,23735441490123",Night,Movies,Science Fiction,1.0,Student,Weekly,Woman
2025,32.0,"129,20787177022004",Night,Documentaries,Drama,0.0,Free,Weekly,Woman
2026,50.0,"215,08563103750316",Night,Movies,Horror,0.0,Family,Daily,Man
2027,41.0,"170,52912869254138",Afternoon,Documentaries,Horror,1.0,Family,Weekly,Man
2028,23.0,"23,06555129397036",Afternoon,Anime,Drama,1.0,Premium,Weekly,Woman
2029,47.0,"116,80178988210548",Night,Documentaries,Science Fiction,1.0,Family,Weekly,Man
2030,50.0,"213,4233002741897",Afternoon,Documentaries,Science Fiction,0.0,Family,Weekly,Woman
2031,46.0,"186,55677532517265",Afternoon,Documentaries,Science Fiction,1.0,Family,Weekly,Woman
2032,57.0,"191,32680611874795",Night,Movies,Horror,1.0,Family,Weekly,Woman
2033,53.0,"138,1387440526574",Afternoon,Documentaries,Science Fiction,1.0,Family,Weekly,Woman
2034,47.0,"157,0677890134926",Afternoon,Documentaries,Science Fiction,1.0,Family,Weekly,Woman
2035,28.0,"250,13153239066085",Night,Anime,Science Fiction,0.0,Premium,Weekly,Woman
2036,48.0,"165,0610549302906",Night,Movies,Science Fiction,1.0,Family,Weekly,Man
2037,45.0,"151,04604771735583",Afternoon,Anime,Horror,0.0,Premium,Weekly,Woman
2038,23.0,"68,2340168076335",Afternoon,Anime,Science Fiction,0.0,Premium,Weekly,Woman
2039,47.0,"167,35620124312032",Afternoon,Documentaries,Science Fiction,0.0,Family,Weekly,Man
2040,41.0,"187,93531862492796",Afternoon,Documentaries,Drama,0.0,Family,Weekly,Man
2041,56.0,"231,96834197256467",Night,Movies,Science Fiction,0.0,Family,Weekly,Man
2042,40.0,nan,Night,Anime,Science Fiction,0.0,Family,Occasional,Woman
2043,47.0,"176,77905175019217",Afternoon,Movies,Drama,1.0,Family,Weekly,Woman
2044,39.0,"209,79059930614957",Night,Documentaries,Science Fiction,0.0,Premium,Weekly,Woman
2045,41.0,"172,05509299617103",Night,Documentaries,Science Fiction,0.0,Family,Weekly,Woman
2046,53.0,"104,19680293321233",Afternoon,Documentaries,Drama,1.0,Premium,Weekly,Man
2047,50.0,"127,933230024505",Night,Documentaries,Science Fiction,1.0,Family,Weekly,Man
2048,30.0,"177,04305763252384",Afternoon,Documentaries,Science Fiction,0.0,,Weekly,Woman
2049,49.0,"134,33196371116117",Night,Documentaries,Horror,1.0,Family,Weekly,Man
2050,57.0,"158,7488681393444",Night,Movies,Science Fiction,1.0,Family,Daily,Man
2051,40.0,"130,14086776780528",Night,Documentaries,Drama,1.0,Premium,Weekly,Woman
2052,62.0,"210,9232318480352",Afternoon,Movies,Horror,1.0,Family,Weekly,Woman
2053,59.0,"174,26777594430922",Night,Movies,Science Fiction,1.0,Family,Weekly,Woman
2054,25.0,"97,1891718694214",Afternoon,Anime,Science Fiction,0.0,Premium,Weekly,Woman
2055,27.0,"44,55482123047117",Afternoon,Anime,Science Fiction,1.0,Family,Weekly,Man
2056,40.0,"170,59772633174174",Night,Documentaries,Science Fiction,0.0,Premium,Weekly,Man
2057,50.0,"109,43321605343272",Afternoon,Documentaries,Science Fiction,1.0,Family,Weekly,Man
2058,52.0,"116,29586235114446",Night,Anime,Horror,1.0,Family,Weekly,Woman
2059,54.0,"180,6000737925771",Afternoon,Movies,Science Fiction,1.0,Family,Weekly,Woman
2060,44.0,"183,02305250730168",Afternoon,Documentaries,Science Fiction,0.0,Family,Weekly,Man
2061,43.0,"71,30384671196826",Night,Anime,Science Fiction,1.0,Premium,Weekly,Man
2062,34.0,"189,5858071286217",Night,Movies,Drama,1.0,Family,Weekly,Woman
2063,31.0,"199,81456465932092",Afternoon,Anime,Drama,0.0,Premium,Occasional,Man
2064,39.0,nan,Afternoon,Anime,Science Fiction,0.0,Premium,Weekly,Man
2065,43.0,"151,438532898633",Afternoon,Documentaries,Science Fiction,0.0,Family,Weekly,Man
2066,50.0,"111,43575363695516",Night,Documentaries,Science Fiction,1.0,Premium,Weekly,Man
2067,35.0,"109,98908501215382",Night,Anime,Science Fiction,0.0,Premium,Weekly,Woman
2068,41.0,"162,5789100422607",Afternoon,Movies,Science Fiction,1.0,Family,Weekly,Woman
2069,60.0,"178,48191701625672",Afternoon,Movies,Science Fiction,1.0,Family,Weekly,Woman
2070,38.0,"128,83557908164448",Afternoon,Documentaries,Drama,0.0,Premium,Weekly,Man
2071,35.0,"180,3997133563261",Afternoon,Documentaries,Science Fiction,0.0,Family,Weekly,Woman
2072,37.0,"166,06802071226045",Night,Documentaries,Drama,0.0,Premium,Weekly,Man
2073,39.0,"48,75860057372943",Afternoon,Anime,Science Fiction,1.0,Premium,Weekly,Woman
2074,32.0,"151,22889391550132",Afternoon,Anime,Drama,0.0,Premium,Weekly,Man
2075,36.0,"155,36979111606286",Afternoon,Documentaries,Drama,0.0,Premium,Weekly,Woman
2076,53.0,"157,28809988872388",Night,Movies,Science Fiction,1.0,Family,Daily,Woman
2077,61.0,"169,68014874759135",Afternoon,Movies,Science Fiction,1.0,Family,Weekly,Woman
2078,46.0,"144,52871001041478",Night,Documentaries,Science Fiction,1.0,Family,Weekly,Woman
2079,45.0,"104,73366964146518",Afternoon,Documentaries,Science Fiction,1.0,Premium,Weekly,Man
2080,51.0,"189,98207445702093",Night,Movies,Science Fiction,1.0,Family,Weekly,Woman
2081,28.0,"94,75627738984484",Night,Anime,Science Fiction,1.0,Premium,Weekly,Man
2082,35.0,"120,58932868069007",Afternoon,Documentaries,Drama,0.0,,Weekly,Man
2083,52.0,"150,66076085758507",Afternoon,Documentaries,Horror,1.0,Student,Weekly,Man
2084,42.0,"129,7418742115681",Afternoon,Documentaries,Science Fiction,1.0,Family,Weekly,Woman
2085,44.0,"189,28579935820665",Night,Documentaries,Drama,0.0,,Weekly,Man
2086,43.0,"131,09426337736903",Afternoon,Documentaries,Drama,0.0,Premium,Weekly,Woman
2087,33.0,"179,97362182705007",Afternoon,Documentaries,Science Fiction,0.0,Family,Weekly,Woman
2088,42.0,"128,5751493896918",Night,Documentaries,Drama,1.0,,Weekly,Man
2089,35.0,"174,8820830233669",Afternoon,Documentaries,Drama,0.0,Premium,Weekly,Man
2090,62.0,"165,7746208221108",Afternoon,Movies,Science Fiction,1.0,Family,Weekly,Man
2091,41.0,"147,3933794146242",Night,Documentaries,Horror,1.0,Family,Weekly,Woman
2092,36.0,"120,42879794566888",Night,Documentaries,Science Fiction,1.0,Family,Weekly,Man
2093,54.0,"164,9501167658349",Night,Documentaries,Horror,1.0,Family,Weekly,Man
2094,42.0,"156,7257085792501",Night,Documentaries,Drama,0.0,Premium,Weekly,Woman
2095,49.0,"168,15104380667967",Night,Documentaries,Science Fiction,1.0,Family,Weekly,Man
2096,38.0,"147,8029586857183",Afternoon,Documentaries,Drama,0.0,Premium,Weekly,Woman
2097,44.0,"168,26182028636848",Afternoon,Movies,Science Fiction,1.0,Family,Weekly,Man
2098,51.0,"100,83170943155044",Afternoon,Documentaries,Science Fiction,1.0,Family,Weekly,Woman
2099,59.0,"198,1714366294168",Night,Movies,Science Fiction,1.0,Family,Weekly,Man
2100,44.0,"134,01957720451176",Night,Anime,Science Fiction,0.0,Premium,Weekly,Woman
2101,61.0,"295,9514177870194",Night,Movies,Horror,0.0,Student,Weekly,Woman
2102,52.0,"220,74645365245465",Night,Movies,Horror,0.0,Family,Weekly,Woman
2103,48.0,"172,96489191819197",Afternoon,Movies,Drama,1.0,Family,Weekly,Woman
2104,35.0,"76,61600129224968",Night,Anime,Science Fiction,1.0,Premium,Weekly,Woman
2105,40.0,"197,808463904024",Night,Documentaries,Drama,0.0,Family,Weekly,Man
2106,54.0,"129,06330884164282",Night,Documentaries,Horror,1.0,Family,Daily,Woman
2107,42.0,"95,50397407223204",Night,Anime,Science Fiction,0.0,Premium,Weekly,Woman
2108,49.0,"226,4352938618157",Night,Movies,Horror,0.0,Family,Daily,Man
2109,62.0,"130,5779522682253",Night,Movies,Drama,1.0,Family,Daily,Man
2110,36.0,"85,10808153043966",Night,Anime,Science Fiction,1.0,Premium,Weekly,Man
2111,41.0,"170,0909491045704",Afternoon,Documentaries,Science Fiction,0.0,Premium,Weekly,Woman
2112,45.0,"230,27215046410493",Afternoon,Movies,Drama,1.0,Student,Weekly,Man
2113,55.0,"188,9741400305532",Night,Movies,Science Fiction,1.0,Family,Weekly,Woman
2114,51.0,"197,4788042242552",Night,Documentaries,Science Fiction,0.0,Family,Occasional,Man
2115,39.0,"76,47556966264189",Night,Anime,Science Fiction,1.0,Premium,Weekly,Woman
2116,43.0,"134,87023588049334",Night,Documentaries,Horror,1.0,Family,Weekly,Man
2117,46.0,"205,20114409083345",Afternoon,Documentaries,Science Fiction,0.0,Family,Weekly,Woman
2118,49.0,"118,66522225382936",Night,Anime,Horror,1.0,Premium,Weekly,Woman
2119,59.0,"185,59726300263668",Afternoon,Movies,Horror,1.0,Family,Weekly,Woman
2120,41.0,"55,88076951260255",Night,Anime,Science Fiction,1.0,Premium,Weekly,Woman
2121,43.0,"201,96844322697083",Afternoon,Documentaries,Science Fiction,0.0,Family,Weekly,Woman
2122,57.0,"110,7508581026102",Afternoon,Anime,Horror,1.0,Premium,Weekly,Man
2123,43.0,"198,20091002993647",Afternoon,Movies,Drama,1.0,Family,Weekly,Man
2124,63.0,"162,10270981762042",Night,Movies,Science Fiction,1.0,,Weekly,Man
2125,50.0,"134,65806833628437",Late Night,Documentaries,Science Fiction,1.0,Family,Weekly,Woman
2126,33.0,"153,99896616376898",Night,Documentaries,Drama,0.0,Premium,Weekly,Woman
2127,57.0,"157,40340093950186",Afternoon,Movies,Science Fiction,1.0,Family,Daily,Woman
2128,53.0,"166,80545075355013",Night,Movies,Science Fiction,1.0,Student,Weekly,Man
2129,40.0,"147,08808743041902",Afternoon,Documentaries,Drama,0.0,Premium,Weekly,Man
2130,30.0,"77,16495814663081",Afternoon,Anime,Science Fiction,1.0,,Weekly,Man
2131,35.0,"191,384487677542",Afternoon,Documentaries,Drama,0.0,Premium,Weekly,Man
2132,40.0,"178,31353739609958",Afternoon,Documentaries,Science Fiction,1.0,Family,Weekly,Man
2133,45.0,"108,782020079255",Night,Anime,Science Fiction,0.0,Premium,Weekly,Man
2134,56.0,"246,72630768381003",Night,Movies,Horror,0.0,Family,Weekly,Woman
2135,37.0,"170,6590265595541",Afternoon,Documentaries,Drama,0.0,Premium,Weekly,Man
2136,59.0,"151,1790702792583",Afternoon,Movies,Science Fiction,1.0,Family,Weekly,Man
2137,41.0,"146,70471192504115",Afternoon,Documentaries,Drama,1.0,Premium,Weekly,Woman
2138,59.0,"227,54438960232469",Night,Movies,Science Fiction,1.0,Family,Weekly,Man
2139,47.0,"158,46446437625497",Night,Documentaries,Science Fiction,1.0,Family,Weekly,Woman
2140,54.0,"165,05006589403274",Night,Movies,Science Fiction,1.0,Family,Daily,Man
2141,45.0,nan,Afternoon,Documentaries,Drama,1.0,,Weekly,Woman
2142,44.0,"182,2726058123332",Afternoon,Documentaries,Science Fiction,0.0,Family,Weekly,Man
2143,44.0,"147,36366308817276",Night,Documentaries,Drama,0.0,Premium,Weekly,Woman
2144,39.0,"180,36946625465075",Afternoon,Documentaries,Drama,0.0,Premium,Weekly,Woman
2145,42.0,"162,1315832078531",Night,Documentaries,Drama,1.0,Family,Weekly,Woman
2146,58.0,"185,63145329616563",Night,Movies,Science Fiction,1.0,Family,Weekly,Woman
2147,32.0,"63,24087168930521",Night,Anime,Science Fiction,1.0,Premium,Weekly,Man
2148,45.0,"97,73291946428694",Night,Anime,Science Fiction,1.0,Premium,Weekly,Man
2149,35.0,"289,8014713780565",Night,Movies,Drama,0.0,Family,Weekly,Woman
2150,42.0,"217,73243436589487",Night,Documentaries,Science Fiction,0.0,Family,Occasional,Man
2151,45.0,"154,75876096246554",Night,Documentaries,Science Fiction,1.0,Family,Weekly,Man
2152,55.0,"155,0842314439396",Night,Movies,Science Fiction,1.0,Family,Weekly,Woman
2153,36.0,"191,601342363301",Afternoon,Documentaries,Drama,0.0,Premium,Weekly,Woman
2154,57.0,"152,45972169719826",Night,Documentaries,Horror,1.0,Family,Weekly,Man
2155,28.0,"97,64724016190334",Night,Anime,Science Fiction,0.0,Premium,Weekly,Woman
2156,58.0,"136,69505963134637",Afternoon,Documentaries,Science Fiction,1.0,Family,Weekly,Woman
2157,56.0,"148,3502000748126",Night,Movies,Science Fiction,1.0,Family,Daily,Woman
2158,40.0,"188,83788666630107",Night,Movies,Science Fiction,1.0,,Weekly,Man
2159,39.0,"184,86023598919385",Afternoon,Documentaries,Drama,0.0,Premium,Weekly,Woman
2160,39.0,"182,44342903902117",Afternoon,Documentaries,Science Fiction,0.0,Family,Weekly,Man
2161,37.0,"82,48214415115865",Night,Anime,Science Fiction,1.0,,Weekly,Woman
2162,42.0,"90,05758543052536",Night,Anime,Science Fiction,1.0,Premium,Weekly,Woman
2163,43.0,"139,8873169398442",Afternoon,Documentaries,Horror,1.0,Family,Daily,Man
2164,28.0,"178,7662592466612",Afternoon,Documentaries,Drama,0.0,Premium,Weekly,Man
2165,55.0,"214,497887653473",Afternoon,Movies,Horror,1.0,Family,Weekly,Man
2166,60.0,"208,9063227748465",Night,Movies,Science Fiction,1.0,Family,Weekly,Woman
2167,35.0,"159,60093162113805",Afternoon,Anime,Horror,0.0,Premium,Occasional,Woman
2168,47.0,"106,34843350830566",Afternoon,Documentaries,Horror,1.0,Family,Weekly,Man
2169,53.0,nan,Night,Movies,Horror,0.0,Family,Daily,Woman
2170,29.0,"160,83382168852276",Night,Anime,Horror,0.0,Family,Weekly,Man
2171,36.0,"136,2106347251284",Night,Anime,Horror,0.0,Family,Weekly,Woman
2172,48.0,"146,89101947929154",Afternoon,Anime,Science Fiction,0.0,Premium,Weekly,Woman
2173,38.0,"96,16183715795668",Night,Anime,Science Fiction,1.0,Premium,Weekly,Man
2174,36.0,"104,96996200986172",Afternoon,Anime,Science Fiction,0.0,Premium,Weekly,Woman
2175,46.0,"148,00523027856335",Night,Anime,Science Fiction,0.0,Family,Weekly,Man
2176,37.0,"211,5217181241927",Night,Movies,Science Fiction,0.0,Family,Weekly,Man
2177,47.0,"142,95458280142572",Afternoon,Documentaries,Science Fiction,1.0,Family,Weekly,Woman
2178,48.0,nan,Afternoon,Movies,Science Fiction,1.0,Family,Weekly,Man
2179,42.0,"136,98729788059669",Afternoon,Documentaries,Drama,0.0,Premium,Weekly,Woman
2180,44.0,"54,45174421993434",Night,Anime,Science Fiction,1.0,Premium,Weekly,Woman
2181,62.0,"221,95048196871087",Night,Movies,Horror,1.0,Student,Weekly,Man
2182,40.0,"153,5762692995007",Night,Anime,Horror,0.0,Family,Weekly,Woman
2183,53.0,"154,48334137168774",Afternoon,Movies,Science Fiction,1.0,Family,Weekly,Man
2184,40.0,"165,92563845288058",Night,Documentaries,Drama,0.0,Premium,Weekly,Man
2185,35.0,"174,8340683096667",Night,Documentaries,Science Fiction,0.0,Family,Weekly,Woman
2186,44.0,"161,2867881863109",Afternoon,Documentaries,Science Fiction,0.0,Premium,Weekly,Woman
2187,43.0,"205,3297354086472",Afternoon,Movies,Drama,0.0,Family,Weekly,Man
2188,51.0,"167,19204293796557",Night,Documentaries,Horror,1.0,Family,Weekly,Woman
2189,47.0,"160,75201638009847",Afternoon,Documentaries,Horror,1.0,Family,Weekly,Man
2190,39.0,"75,3213618587703",Afternoon,Anime,Science Fiction,1.0,Premium,Weekly,Woman
2191,58.0,"105,9999980940382",Night,Documentaries,Horror,1.0,Premium,Weekly,Man
2192,32.0,"51,97806616936946",Afternoon,Documentaries,Science Fiction,1.0,Family,Weekly,Woman
2193,44.0,"208,4544091203949",Afternoon,Documentaries,Science Fiction,0.0,Family,Weekly,Man
2194,38.0,"121,06638918960574",Afternoon,Documentaries,Science Fiction,1.0,Family,Weekly,Man
2195,30.0,"197,8029423980987",Night,Documentaries,Science Fiction,0.0,Family,Weekly,Woman
2196,52.0,"192,5303120232988",Afternoon,Documentaries,Science Fiction,1.0,,Weekly,Man
2197,49.0,"239,04417928549373",Afternoon,Movies,Science Fiction,1.0,Student,Weekly,Woman
2198,61.0,"92,47357459995604",Afternoon,Movies,Science Fiction,1.0,Family,Daily,Woman
2199,36.0,"170,72101755420292",Night,Documentaries,Drama,0.0,Premium,Weekly,Man
2200,41.0,"144,74782563613513",Night,Documentaries,Science Fiction,1.0,Family,Weekly,Man
2201,58.0,"139,8118469484667",Night,Movies,Science Fiction,1.0,Family,Daily,Woman
2202,19.0,"51,9859793322183",Night,Documentaries,Science Fiction,1.0,Family,Weekly,Woman
2203,45.0,"202,5071931805776",Night,Documentaries,Science Fiction,0.0,Family,Weekly,Woman
2204,42.0,"177,5732794227581",Night,Documentaries,Horror,0.0,Family,Weekly,Man
2205,46.0,"190,4892404438797",Afternoon,Documentaries,Science Fiction,0.0,Family,Weekly,Woman
2206,48.0,"186,9497439368729",Afternoon,Documentaries,Drama,0.0,Family,Weekly,Woman
2207,48.0,"138,01516533632832",Afternoon,Documentaries,Horror,1.0,Premium,Weekly,Man
2208,35.0,"179,69859347946965",Afternoon,Documentaries,Science Fiction,0.0,Family,Weekly,Woman
2209,48.0,nan,Night,Documentaries,Science Fiction,0.0,Family,Weekly,Man
2210,61.0,"145,69686673749246",Night,Movies,Science Fiction,1.0,Family,Weekly,Man
2211,50.0,"112,28885251728724",Afternoon,Anime,Science Fiction,1.0,Family,Weekly,Man
2212,49.0,"179,15971887366234",Afternoon,Documentaries,Horror,1.0,Family,Weekly,Man
2213,61.0,"183,24573608753653",Night,Movies,Science Fiction,1.0,Family,Weekly,Woman
2214,48.0,"154,024625575908",Afternoon,Documentaries,Science Fiction,1.0,Premium,Weekly,Woman
2215,43.0,"204,679046322092",Night,Documentaries,Drama,0.0,Family,Weekly,Man
2216,65.0,"169,70353981509732",Night,Movies,Science Fiction,1.0,Family,Weekly,Woman
2217,43.0,nan,Afternoon,Documentaries,Drama,0.0,Family,Weekly,Man
2218,60.0,"192,05497800989625",Afternoon,Movies,Science Fiction,1.0,Family,Weekly,Man
2219,47.0,"164,1757177040511",Night,Anime,Horror,0.0,Family,Occasional,Woman
2220,36.0,"95,08920929207255",Afternoon,Anime,Science Fiction,1.0,Family,Weekly,Woman
2221,46.0,"188,4416190064908",Afternoon,Documentaries,Drama,0.0,Family,Weekly,Woman
2222,41.0,"183,08785452679717",Night,Documentaries,Drama,0.0,Premium,Weekly,Man
2223,63.0,"123,14114346130422",Afternoon,Movies,Science Fiction,1.0,Family,Daily,Man
2224,58.0,"153,56387315551947",Night,Movies,Science Fiction,1.0,Family,Weekly,Man
2225,52.0,"112,66717704222891",Afternoon,Documentaries,Science Fiction,1.0,Family,Weekly,Woman
2226,55.0,"136,57767715055647",Night,Documentaries,Horror,1.0,Family,Weekly,Woman
2227,59.0,"126,17336551803594",Afternoon,Movies,Science Fiction,1.0,Family,Daily,Man
2228,50.0,"181,634154762302",Afternoon,Documentaries,Horror,1.0,,Daily,Man
2229,51.0,"94,46649547321933",Afternoon,Documentaries,Science Fiction,1.0,Premium,Weekly,Man
2230,48.0,"196,4779655011013",Night,Movies,Science Fiction,0.0,Family,Weekly,Woman
2231,62.0,"179,3033391912939",Night,Movies,Science Fiction,1.0,Family,Weekly,Man
2232,25.0,"83,93579505773417",Night,Anime,Science Fiction,0.0,Premium,Weekly,Man
2233,57.0,"154,62686734735922",Night,Anime,Horror,0.0,Premium,Weekly,Man
2234,30.0,"117,28972382591157",Afternoon,Anime,Science Fiction,0.0,Premium,Weekly,Woman
2235,42.0,"169,52823630480302",Afternoon,Documentaries,Drama,0.0,Premium,Weekly,Man
2236,47.0,"95,85166407741052",Night,Documentaries,Science Fiction,1.0,Premium,Daily,Man
2237,49.0,nan,Night,Anime,Science Fiction,0.0,Premium,Weekly,Man
2238,54.0,"148,55894469034496",Night,Movies,Science Fiction,1.0,Family,Daily,Man
2239,48.0,"139,47456011395693",Afternoon,Documentaries,Science Fiction,1.0,Family,Weekly,Man
2240,60.0,"187,1005599472188",Night,Movies,Science Fiction,1.0,Family,Weekly,Man
2241,35.0,"110,68996851426536",Night,Anime,Science Fiction,0.0,Premium,Weekly,Woman
2242,35.0,nan,Afternoon,Anime,Science Fiction,1.0,Premium,Weekly,Woman
2243,35.0,"175,81562942666312",Afternoon,Documentaries,Science Fiction,1.0,Family,Weekly,Woman
2244,28.0,"208,1046708004369",Night,Documentaries,Science Fiction,0.0,Family,Weekly,Man
2245,61.0,"164,94700870915875",Night,Movies,Science Fiction,1.0,Family,Weekly,Man
2246,43.0,"86,2031031032971",Night,Anime,Science Fiction,1.0,Premium,Weekly,Man
2247,54.0,"167,31930947578553",Night,Movies,Science Fiction,1.0,Family,Weekly,Man
2248,42.0,"104,8745095289907",Night,Anime,Comedy,1.0,Family,Weekly,Woman
2249,41.0,"174,2696692114983",Night,Documentaries,Science Fiction,1.0,Family,Weekly,Woman
2250,33.0,"112,06755181380814",Afternoon,Anime,Science Fiction,0.0,Premium,Weekly,Man
2251,33.0,"69,3418866451955",Night,Anime,Science Fiction,0.0,Premium,Weekly,Man
2252,30.0,"85,86082028277585",Afternoon,Anime,Science Fiction,1.0,Premium,Weekly,Woman
2253,24.0,"198,04953539565824",Afternoon,Anime,Science Fiction,0.0,,Weekly,Woman
2254,63.0,"177,59994807889512",Night,Movies,Science Fiction,1.0,Family,Daily,Woman
2255,37.0,"197,79994501724303",Night,Documentaries,Science Fiction,0.0,Family,Weekly,Woman
2256,36.0,"212,34465470172012",Night,Documentaries,Science Fiction,0.0,Family,Weekly,Man
2257,31.0,"73,4197092018162",Night,Anime,Science Fiction,1.0,Premium,Weekly,Man
2258,30.0,"141,91693075709424",Afternoon,Documentaries,Drama,0.0,Premium,Weekly,Man
2259,45.0,"127,87365279511536",Afternoon,Anime,Science Fiction,0.0,Premium,Weekly,Man
2260,38.0,"164,48821019991323",Night,Documentaries,Drama,0.0,Premium,Weekly,Woman
2261,37.0,"220,25923041982455",Night,Movies,Science Fiction,1.0,Family,Weekly,Man
2262,40.0,nan,Afternoon,Documentaries,Drama,0.0,Premium,Weekly,Woman
2263,40.0,"110,37097827106982",Afternoon,Anime,Science Fiction,0.0,Premium,Weekly,Man
2264,52.0,"160,54596684049082",Night,Documentaries,Science Fiction,1.0,Family,Weekly,Man
2265,39.0,"127,65728115532872",Night,Documentaries,Drama,0.0,Premium,Weekly,Man
2266,50.0,"190,2184399889078",Night,Documentaries,Science Fiction,1.0,Family,Weekly,Woman
2267,34.0,"242,26370884822015",Afternoon,Documentaries,Drama,0.0,Family,Weekly,Man
2268,36.0,"179,05053690455173",Night,Documentaries,Drama,0.0,Premium,Occasional,Man
2269,52.0,"238,78356673188543",Afternoon,Movies,Horror,0.0,Family,Weekly,Man
2270,42.0,"107,05254289921038",Afternoon,Anime,Science Fiction,0.0,Premium,Weekly,Man
2271,44.0,"181,65869551231535",Night,Documentaries,Science Fiction,0.0,Family,Weekly,Man
2272,54.0,"174,90233126985973",Night,Movies,Horror,1.0,Family,Weekly,Woman
2273,33.0,"200,8514605755035",Night,Documentaries,Drama,0.0,,Weekly,Man
2274,55.0,"118,25454674596448",Afternoon,Documentaries,Science Fiction,1.0,Family,Weekly,Man
2275,35.0,"129,69820531507398",Afternoon,Documentaries,Science Fiction,1.0,Family,Weekly,Woman
2276,36.0,"149,9213847896338",Night,Anime,Drama,0.0,Premium,Weekly,Woman
2277,44.0,"140,5131042242837",Night,Documentaries,Drama,1.0,Premium,Weekly,Woman
2278,33.0,"92,2301082236551",Afternoon,Anime,Science Fiction,0.0,Premium,Weekly,Man
2279,27.0,"69,24894975187162",Night,Anime,Science Fiction,1.0,Premium,Weekly,Man
2280,27.0,"188,27043903060516",Night,Documentaries,Science Fiction,0.0,Family,Weekly,Man
2281,52.0,"186,5189186991941",Night,Movies,Science Fiction,1.0,,Weekly,Man
2282,46.0,"122,8068352378212",Morning,Anime,Horror,0.0,Premium,Weekly,Man
2283,59.0,"156,84355582267992",Night,Movies,Science Fiction,1.0,Family,Weekly,Man
2284,40.0,"165,81636622896386",Night,Documentaries,Drama,0.0,Premium,Weekly,Woman
2285,39.0,"108,67849578972174",Night,Anime,Science Fiction,0.0,Premium,Weekly,Man
2286,46.0,"168,74134888989627",Night,Documentaries,Science Fiction,1.0,Family,Weekly,Man
2287,30.0,"165,84523426813328",Night,Anime,Drama,0.0,Premium,Weekly,Man
2288,59.0,"180,1658441593379",Afternoon,Movies,Horror,1.0,,Weekly,Man
2289,49.0,"133,7939627396824",Night,Documentaries,Horror,1.0,Family,Weekly,Woman
2290,26.0,"105,0608328639356",Afternoon,Anime,Science Fiction,0.0,Premium,Weekly,Man
2291,37.0,"103,11437579584438",Afternoon,Anime,Science Fiction,0.0,Premium,Weekly,Woman
2292,45.0,"100,54631813466878",Afternoon,Anime,Science Fiction,1.0,Family,Weekly,Woman
2293,43.0,"166,84718936070266",Night,Documentaries,Drama,0.0,Premium,Weekly,Woman
2294,29.0,"78,33315284344977",Afternoon,Anime,Science Fiction,1.0,Premium,Weekly,Man
2295,49.0,"180,87639075229663",Night,Documentaries,Science Fiction,1.0,Family,Weekly,Man
2296,39.0,"164,32934721563575",Night,Anime,Science Fiction,0.0,Family,Weekly,Woman
2297,59.0,"197,40299857553543",Night,Movies,Science Fiction,1.0,Family,Weekly,Man
2298,34.0,"184,41665643020335",Night,Documentaries,Science Fiction,0.0,Family,Weekly,Woman
2299,43.0,"162,03044951936246",Night,Documentaries,Drama,0.0,Premium,Weekly,Man
2300,33.0,"179,86342293274788",Afternoon,Anime,Science Fiction,0.0,Family,Weekly,Man
2301,39.0,"115,51516192658087",Night,Anime,Science Fiction,0.0,Premium,Weekly,Woman
2302,36.0,"189,7427526385156",Afternoon,Documentaries,Drama,0.0,Family,Weekly,Man
2303,61.0,"174,46790598512294",Night,Movies,Science Fiction,1.0,Family,Weekly,Woman
2304,35.0,"134,3160445380181",Night,Anime,Science Fiction,0.0,Premium,Weekly,Man
2305,41.0,"221,0966684865436",Afternoon,Movies,Drama,0.0,Family,Weekly,Man
2306,38.0,"102,1099048930636",Afternoon,Anime,Science Fiction,1.0,,Weekly,Woman
2307,30.0,"100,73121543312251",Afternoon,Anime,Science Fiction,0.0,Premium,Weekly,Woman
2308,36.0,"175,19737096924644",Night,Documentaries,Drama,0.0,Premium,Weekly,Man
2309,35.0,nan,Night,Documentaries,Drama,0.0,Premium,Weekly,Woman
2310,39.0,"173,44353228150655",Afternoon,Documentaries,Drama,0.0,Premium,Weekly,Woman
2311,34.0,"142,7473188171278",Night,Anime,Science Fiction,0.0,Family,Weekly,Man
2312,50.0,nan,Morning,Movies,Horror,1.0,Family,Daily,Man
2313,34.0,"178,10917823936472",Afternoon,Documentaries,Drama,0.0,Premium,Weekly,Woman
2314,58.0,nan,Afternoon,Movies,Science Fiction,1.0,Family,Weekly,Man
2315,40.0,"169,13685829673395",Afternoon,Documentaries,Science Fiction,0.0,Family,Weekly,Woman
2316,58.0,"81,70411534719207",Afternoon,Documentaries,Drama,1.0,Premium,Weekly,Man
2317,40.0,nan,Afternoon,Documentaries,Science Fiction,1.0,Family,Weekly,Man
2318,57.0,"177,81180894569417",Night,Documentaries,Horror,1.0,Family,Weekly,Woman
2319,28.0,"137,32698674757617",Afternoon,Documentaries,Drama,0.0,Free,Weekly,Man
2320,41.0,"63,65024886424127",Afternoon,Documentaries,Science Fiction,1.0,Family,Weekly,Man
2321,32.0,"176,76596841028373",Night,Documentaries,Drama,0.0,Family,Weekly,Man
2322,58.0,"137,14881991602445",Night,Movies,Science Fiction,1.0,Family,Weekly,Man
2323,44.0,"117,17840025958866",Night,Anime,Science Fiction,0.0,Premium,Weekly,Man
2324,52.0,"192,40451273425785",Night,Documentaries,Horror,1.0,Family,Weekly,Man
2325,39.0,"167,9312251257196",Afternoon,Documentaries,Drama,0.0,Premium,Weekly,Woman
2326,48.0,"152,1037481236032",Night,Documentaries,Horror,1.0,Family,Weekly,Man
2327,43.0,"196,3330782794266",Night,Documentaries,Science Fiction,0.0,Family,Weekly,Woman
2328,43.0,"165,1345080573895",Afternoon,Documentaries,Drama,0.0,Premium,Weekly,Man
2329,60.0,"163,87486246271536",Night,Movies,Science Fiction,1.0,Family,Weekly,Woman
2330,45.0,"176,76865996157696",Night,Documentaries,Science Fiction,0.0,Family,Weekly,Man
2331,37.0,"98,5906441008423",Afternoon,Anime,Science Fiction,1.0,Family,Weekly,Woman
2332,64.0,nan,Night,Movies,Science Fiction,1.0,Family,Weekly,Woman
2333,38.0,"94,22685869230968",Afternoon,Anime,Science Fiction,0.0,Premium,Weekly,Man
2334,59.0,"173,3423298334213",Morning,Movies,Science Fiction,1.0,Family,Daily,Woman
2335,37.0,"176,76998081445194",Night,Documentaries,Science Fiction,1.0,Family,Weekly,Man
2336,43.0,"136,26115033572236",Night,Documentaries,Science Fiction,1.0,Family,Weekly,Man
2337,36.0,"194,1262205231422",Night,Documentaries,Science Fiction,0.0,Family,Weekly,Man
2338,42.0,"116,3462209044458",Afternoon,Anime,Science Fiction,1.0,Premium,Weekly,Woman
2339,45.0,"169,25030127879944",Night,Documentaries,Drama,1.0,Family,Weekly,Man
2340,53.0,"166,83931402214117",Night,Documentaries,Horror,1.0,Family,Weekly,Woman
2341,27.0,"162,20202792170397",Night,Documentaries,Drama,0.0,,Weekly,Woman
2342,51.0,"116,71088155679436",Afternoon,Documentaries,Horror,1.0,Family,Weekly,Man
2343,24.0,"67,31670153325189",Afternoon,Anime,Science Fiction,1.0,Premium,Weekly,Woman
2344,53.0,"69,83405299406215",Night,Documentaries,Science Fiction,1.0,Premium,Weekly,Woman
2345,36.0,"183,62246229889277",Afternoon,Anime,Drama,0.0,Premium,Occasional,Woman
2346,47.0,"63,16300408744923",Night,Anime,Science Fiction,1.0,Premium,Weekly,Man
2347,41.0,"134,54591686902108",Night,Anime,Science Fiction,0.0,Premium,Weekly,Woman
2348,40.0,"120,344259652805",Afternoon,Anime,Science Fiction,0.0,Premium,Weekly,Man
2349,39.0,"109,22631592514053",Night,Anime,Science Fiction,0.0,Premium,Weekly,Man
2350,47.0,"147,00970934802058",Night,Documentaries,Horror,1.0,Family,Daily,Man
2351,35.0,"93,30777675915216",Night,Anime,Science Fiction,1.0,Premium,Weekly,Man
2352,45.0,"153,08979023562114",Afternoon,Anime,Horror,0.0,Premium,Weekly,Man
2353,62.0,"119,15600160830029",Night,Movies,Science Fiction,1.0,Family,Daily,Man
2354,40.0,"157,23511917982188",Afternoon,Anime,Horror,0.0,Family,Occasional,Woman
2355,64.0,"228,45190566859964",Night,Movies,Science Fiction,1.0,Family,Weekly,Woman
2356,49.0,"98,3836537663906",Night,Documentaries,Science Fiction,1.0,Family,Weekly,Woman
2357,36.0,"151,8424983010733",Night,Anime,Science Fiction,0.0,Family,Weekly,Woman
2358,36.0,"181,8057322778153",Afternoon,Documentaries,Science Fiction,1.0,Family,Weekly,Woman
2359,64.0,"173,4558143688824",Afternoon,Movies,Science Fiction,1.0,Family,Weekly,Woman
2360,37.0,"149,75101490673933",Afternoon,Documentaries,Drama,0.0,Premium,Weekly,Woman
2361,42.0,"84,71520525454544",Night,Anime,Science Fiction,0.0,Premium,Weekly,Man
2362,63.0,"144,19553185922092",Night,Movies,Science Fiction,1.0,Family,Weekly,Man
2363,63.0,"141,36227333818135",Afternoon,Movies,Science Fiction,1.0,Family,Weekly,Woman
2364,44.0,"114,31334843753078",Afternoon,Documentaries,Horror,1.0,Family,Weekly,Woman
2365,62.0,"135,90680040903516",Night,Movies,Science Fiction,1.0,Family,Daily,Woman
2366,59.0,"106,21263632194568",Afternoon,Movies,Science Fiction,1.0,Family,Weekly,Man
2367,55.0,"214,21662312673112",Night,Movies,Science Fiction,0.0,Family,Weekly,Woman
2368,40.0,"73,96911492601166",Late Night,Documentaries,Science Fiction,1.0,Premium,Weekly,Man
2369,47.0,"158,9941440189658",Afternoon,Movies,Drama,1.0,Family,Weekly,Woman
2370,32.0,"163,65498498613164",Night,Documentaries,Science Fiction,0.0,Family,Weekly,Man
2371,32.0,"152,6853178119859",Night,Documentaries,Drama,0.0,Premium,Weekly,Woman
2372,44.0,"86,19784218603529",Night,Documentaries,Science Fiction,1.0,Family,Weekly,Woman
2373,51.0,"122,34506648121344",Night,Documentaries,Science Fiction,1.0,Family,Daily,Man
2374,41.0,"151,0087433380333",Afternoon,Documentaries,Science Fiction,1.0,Family,Weekly,Woman
2375,48.0,"97,56315366717396",Afternoon,Documentaries,Science Fiction,1.0,,Weekly,Woman
2376,51.0,"135,48641800361582",Afternoon,Documentaries,Horror,1.0,Family,Weekly,Woman
2377,41.0,"207,04411095329732",Afternoon,Documentaries,Drama,0.0,Family,Weekly,Woman
2378,38.0,"104,80817315986704",Night,Anime,Science Fiction,0.0,Premium,Weekly,Woman
2379,41.0,"108,24672881929423",Night,Anime,Science Fiction,1.0,Family,Weekly,Man
2380,49.0,"214,0834862702817",Afternoon,Documentaries,Science Fiction,0.0,Family,Weekly,Man
2381,38.0,"141,84580200901428",Night,Documentaries,Science Fiction,1.0,Family,Weekly,Man
2382,33.0,nan,Night,Anime,Science Fiction,0.0,Premium,Weekly,Woman
2383,47.0,"91,94507514994936",Afternoon,Documentaries,Horror,1.0,Family,Weekly,Woman
2384,50.0,"158,47270839243586",Night,Documentaries,Drama,1.0,Family,Weekly,Woman
2385,56.0,"141,94559020529144",Afternoon,Movies,Science Fiction,1.0,Family,Weekly,Woman
2386,60.0,"159,17578812971536",Night,Movies,Science Fiction,1.0,Family,Weekly,Woman
2387,31.0,"54,228416490038335",Afternoon,Anime,Science Fiction,1.0,Premium,Weekly,Man
2388,37.0,"75,35994130596823",Night,Anime,Science Fiction,1.0,Premium,Weekly,Man
2389,42.0,"113,03495604198535",Afternoon,Anime,Science Fiction,0.0,Premium,Weekly,Man
2390,32.0,"90,37295737257986",Afternoon,Anime,Science Fiction,0.0,Premium,Weekly,Man
2391,58.0,"96,34792275917616",Afternoon,Documentaries,Science Fiction,1.0,Family,Weekly,Woman
2392,40.0,"187,591075717726",Afternoon,Documentaries,Science Fiction,0.0,Family,Weekly,Woman
2393,50.0,"204,3276077077899",Night,Documentaries,Horror,1.0,Family,Weekly,Man
2394,48.0,"143,53557481803347",Afternoon,Documentaries,Science Fiction,1.0,Family,Weekly,Woman
2395,38.0,"141,55030824316972",Afternoon,Documentaries,Drama,0.0,Premium,Weekly,Man
2396,34.0,"154,04152050130477",Afternoon,Documentaries,Drama,0.0,Premium,Weekly,Woman
2397,29.0,"219,39785302839297",Night,Documentaries,Science Fiction,0.0,Family,Weekly,Woman
2398,41.0,"231,8837066040954",Night,Documentaries,Drama,0.0,Family,Weekly,Man
2399,24.0,"219,80220954373272",Night,Documentaries,Science Fiction,0.0,Family,Weekly,Man
2400,41.0,"176,53126674771627",Afternoon,Documentaries,Drama,0.0,Premium,Weekly,Woman
2401,43.0,nan,Afternoon,Anime,Science Fiction,1.0,Premium,Weekly,Woman
2402,25.0,"219,0076795428104",Night,Documentaries,Science Fiction,0.0,Family,Weekly,Woman
2403,48.0,"187,6485643676476",Afternoon,Documentaries,Science Fiction,0.0,Family,Weekly,Woman
2404,36.0,"191,43912655429207",Night,Documentaries,Drama,0.0,Premium,Weekly,Man
2405,37.0,"113,98536989827866",Night,Documentaries,Horror,1.0,Family,Weekly,Man
2406,46.0,"172,63978803544225",Afternoon,Documentaries,Science Fiction,0.0,Family,Weekly,Man
2407,55.0,"178,78093768246478",Night,Movies,Horror,1.0,Family,Weekly,Man
2408,31.0,"238,19006424215985",Afternoon,Documentaries,Science Fiction,0.0,Premium,Weekly,Man
2409,28.0,"52,43882957523864",Night,Anime,Science Fiction,1.0,Premium,Weekly,Man
2410,42.0,nan,Night,Documentaries,Drama,0.0,Family,Weekly,Woman
2411,36.0,"70,8901669434612",Night,Anime,Science Fiction,1.0,Premium,Weekly,Man
2412,36.0,"123,63715362050844",Afternoon,Anime,Science Fiction,0.0,Premium,Weekly,Man
2413,43.0,"160,82085134597472",Night,Documentaries,Science Fiction,1.0,Family,Weekly,Man
2414,44.0,"137,1495827553277",Afternoon,Documentaries,Horror,1.0,Family,Weekly,Man
2415,32.0,"162,7728144878703",Night,Documentaries,Science Fiction,0.0,Family,Weekly,Man
2416,35.0,"86,49961097638605",Afternoon,Anime,Science Fiction,1.0,Premium,Weekly,Woman
2417,42.0,"212,0260026072547",Night,Movies,Science Fiction,0.0,Family,Weekly,Woman
2418,62.0,"92,33966949931812",Night,Movies,Science Fiction,1.0,Family,Daily,Man
2419,34.0,"41,64297382627961",Afternoon,Anime,Science Fiction,1.0,Premium,Weekly,Man
2420,54.0,"162,032992638022",Night,Documentaries,Horror,1.0,Family,Weekly,Man
2421,64.0,"206,18572486502865",Night,Movies,Science Fiction,1.0,Family,Daily,Man
2422,45.0,"188,1057676103967",Afternoon,Documentaries,Science Fiction,1.0,Family,Weekly,Man
2423,43.0,"122,32734812614268",Night,Anime,Science Fiction,0.0,Premium,Occasional,Woman
2424,36.0,"105,91070748077632",Night,Anime,Science Fiction,1.0,Premium,Weekly,Woman
2425,64.0,"269,63222036855296",Afternoon,Movies,Science Fiction,0.0,Student,Weekly,Woman
2426,28.0,"144,89575770386188",Night,Documentaries,Science Fiction,1.0,Family,Weekly,Woman
2427,58.0,"205,87468819815385",Night,Movies,Horror,1.0,Family,Weekly,Man
2428,48.0,"185,07011125772308",Night,Documentaries,Science Fiction,0.0,Family,Weekly,Woman
2429,41.0,"88,1722816597171",Afternoon,Anime,Science Fiction,1.0,Premium,Weekly,Woman
2430,29.0,"201,8749702547111",Night,Anime,Science Fiction,0.0,Premium,Weekly,Woman
2431,52.0,"146,4613389381829",Night,Movies,Drama,1.0,Family,Weekly,Woman
2432,38.0,nan,Afternoon,Documentaries,Drama,0.0,Premium,Weekly,Woman
2433,43.0,"114,16379760259538",Afternoon,Documentaries,Science Fiction,1.0,Premium,Weekly,Man
2434,31.0,"77,13763492724551",Afternoon,Documentaries,Science Fiction,1.0,Family,Weekly,Man
2435,53.0,"102,90750145836468",Night,Documentaries,Horror,1.0,Family,Weekly,Man
2436,26.0,"27,387796772771622",Afternoon,Anime,Science Fiction,1.0,Premium,Weekly,Woman
2437,41.0,"174,26390966568053",Night,Documentaries,Science Fiction,0.0,,Weekly,Man
2438,34.0,"162,74818618989107",Night,Documentaries,Drama,0.0,Premium,Weekly,Woman
2439,64.0,"180,90068296067264",Afternoon,Movies,Science Fiction,1.0,Family,Weekly,Man
2440,41.0,nan,Night,Documentaries,Drama,0.0,Family,Weekly,Woman
2441,51.0,nan,Night,Movies,Science Fiction,1.0,Family,Weekly,Man
2442,48.0,"164,6936554168583",Night,Movies,Horror,1.0,Student,Weekly,Woman
2443,59.0,"180,8529685656897",Night,Movies,Science Fiction,1.0,Family,Daily,Woman
2444,55.0,"80,60761187518791",Afternoon,Documentaries,Science Fiction,1.0,Premium,Daily,Man
2445,60.0,"91,6919842998004",Late Night,Movies,Horror,1.0,Family,Daily,Woman
2446,41.0,"178,36242149682238",Night,Documentaries,Drama,0.0,Premium,Weekly,Man
2447,43.0,"153,80519344062765",Afternoon,Documentaries,Drama,0.0,Premium,Weekly,Woman
2448,46.0,"103,92947643417692",Night,Anime,Science Fiction,1.0,Premium,Weekly,Woman
2449,26.0,"195,93366303003876",Afternoon,Anime,Science Fiction,0.0,Premium,Weekly,Man
2450,31.0,"71,26527377573079",Afternoon,Anime,Science Fiction,0.0,Premium,Weekly,Man
2451,43.0,"166,67899875937275",Night,Documentaries,Science Fiction,0.0,,Weekly,Woman
2452,52.0,"151,43294808236226",Afternoon,Documentaries,Science Fiction,1.0,Family,Weekly,Man
2453,36.0,"109,46699433179349",Afternoon,Documentaries,Drama,0.0,Premium,Weekly,Man
2454,39.0,"100,9038796860167",Night,Anime,Science Fiction,1.0,Premium,Weekly,Woman
2455,54.0,nan,Afternoon,Documentaries,Horror,1.0,Family,Weekly,Man
2456,51.0,"143,85433419638653",Night,Documentaries,Science Fiction,1.0,Family,Daily,Woman
2457,45.0,"179,77628484296014",Night,Documentaries,Science Fiction,0.0,Family,Weekly,Man
2458,43.0,"165,81667454470684",Night,Documentaries,Science Fiction,0.0,Premium,Weekly,Man
2459,48.0,"137,13261867981635",Night,Documentaries,Drama,1.0,Premium,Weekly,Woman
2460,52.0,"106,7153636791938",Afternoon,Anime,Horror,0.0,Premium,Weekly,Man
2461,37.0,"176,2438180322149",Afternoon,Documentaries,Science Fiction,0.0,Premium,Weekly,Woman
2462,42.0,"115,76242131983928",Afternoon,Anime,Science Fiction,1.0,Premium,Weekly,Man
2463,64.0,"167,84922477482107",Late Night,Movies,Science Fiction,1.0,Family,Weekly,Man
2464,37.0,"73,42571081664073",Afternoon,Anime,Science Fiction,1.0,Premium,Weekly,Woman
2465,41.0,"232,31199284782747",Morning,Movies,Drama,0.0,Family,Weekly,Man
2466,32.0,"186,27064890635543",Afternoon,Documentaries,Drama,0.0,Premium,Weekly,Man
2467,41.0,"172,94786190846054",Night,Anime,Horror,0.0,Family,Occasional,Woman
2468,28.0,nan,Night,Anime,Science Fiction,1.0,Premium,Weekly,Woman
2469,38.0,"83,63385847739619",Afternoon,Anime,Science Fiction,1.0,Premium,Weekly,Man
2470,57.0,"190,51170229691863",Afternoon,Movies,Science Fiction,1.0,Family,Weekly,Woman
2471,59.0,"80,9817778099684",Night,Movies,Science Fiction,1.0,Family,Daily,Woman
2472,18.0,"212,3963341935084",Night,Anime,Science Fiction,0.0,Premium,Weekly,Woman
2473,39.0,"97,90962245700813",Night,Anime,Science Fiction,1.0,Premium,Weekly,Man
2474,45.0,"169,36735736662",Night,Documentaries,Science Fiction,1.0,Family,Weekly,Woman
2475,48.0,"171,0792757080747",Night,Documentaries,Horror,0.0,,Weekly,Man
2476,61.0,"174,66147340380843",Afternoon,Movies,Science Fiction,1.0,Family,Weekly,Man
2477,41.0,"131,9567320236156",Night,Documentaries,Drama,0.0,Premium,Weekly,Man
2478,38.0,"182,23310177892992",Afternoon,Documentaries,Drama,0.0,Premium,Weekly,Man
2479,63.0,"176,2172468198609",Afternoon,Movies,Science Fiction,1.0,Family,Weekly,Man
2480,36.0,nan,Night,Documentaries,Drama,0.0,Premium,Weekly,Man
2481,43.0,"161,26145486047977",Afternoon,Documentaries,Science Fiction,0.0,Premium,Weekly,Woman
2482,60.0,"170,51059006366685",Night,Movies,Horror,1.0,Family,Weekly,Man
2483,39.0,"117,65119836928903",Afternoon,Anime,Science Fiction,0.0,Premium,Weekly,Man
2484,58.0,"243,404422040906",Afternoon,Movies,Science Fiction,0.0,Family,Weekly,Man
2485,44.0,"85,73662392987697",Night,Anime,Science Fiction,1.0,Premium,Weekly,Man
2486,23.0,"131,27843685486937",Afternoon,Anime,Science Fiction,0.0,Premium,Weekly,Woman
2487,30.0,"178,020323039663",Night,Documentaries,Drama,0.0,Premium,Weekly,Woman
2488,51.0,nan,Afternoon,Documentaries,Science Fiction,1.0,Family,Weekly,Woman
2489,43.0,"200,39168769406476",Night,Documentaries,Science Fiction,0.0,Premium,Weekly,Man
2490,41.0,"112,54030126128409",Afternoon,Anime,Science Fiction,0.0,Premium,Weekly,Man
2491,58.0,nan,Afternoon,Movies,Science Fiction,1.0,Family,Weekly,Woman
2492,37.0,"99,9419935912793",Afternoon,Anime,Science Fiction,0.0,Premium,Weekly,Man
2493,33.0,"124,16126318950047",Afternoon,Documentaries,Drama,0.0,Premium,Weekly,Woman
2494,59.0,"160,88965798170278",Night,Movies,Science Fiction,1.0,Family,Daily,Man
2495,42.0,"188,81886974596037",Night,Documentaries,Science Fiction,0.0,,Weekly,Woman
2496,46.0,"202,3903243534176",Afternoon,Documentaries,Drama,0.0,Family,Weekly,Woman
2497,60.0,"156,68714302137238",Night,Movies,Science Fiction,1.0,Family,Weekly,Man
2498,36.0,"164,85262354061382",Night,Documentaries,Drama,0.0,Premium,Weekly,Man
2499,50.0,"123,17708935229092",Night,Documentaries,Science Fiction,1.0,Premium,Daily,Man
2500,39.0,"153,25492611962383",Afternoon,Documentaries,Drama,0.0,Premium,Weekly,Man
2501,25.0,"203,9307653560481",Afternoon,Documentaries,Science Fiction,0.0,Family,Weekly,Woman
2502,62.0,"175,65842571668964",Night,Movies,Science Fiction,1.0,Family,Weekly,Woman
2503,52.0,"161,34707990127342",Night,Documentaries,Science Fiction,1.0,Family,Weekly,Woman
2504,49.0,"188,5729706445105",Night,Movies,Science Fiction,1.0,Family,Daily,Man
2505,19.0,nan,Afternoon,Anime,Science Fiction,1.0,Premium,Weekly,Man
2506,46.0,"200,88307484833305",Night,Anime,Horror,0.0,Premium,Weekly,Woman
2507,55.0,"133,30417803196494",Night,Documentaries,Science Fiction,1.0,Family,Weekly,Man
2508,35.0,"100,52504392459991",Night,Anime,Science Fiction,0.0,Premium,Weekly,Man
2509,42.0,"116,9586534495765",Night,Anime,Science Fiction,0.0,Premium,Weekly,Woman
2510,35.0,"183,6918164345636",Afternoon,Anime,Drama,0.0,Premium,Weekly,Woman
2511,39.0,nan,Night,Documentaries,Science Fiction,1.0,Family,Weekly,Woman
2512,49.0,"207,4232823361356",Night,Documentaries,Horror,0.0,Family,Weekly,Man
2513,35.0,"169,1594053767561",Night,Documentaries,Drama,0.0,Premium,Weekly,Man
2514,40.0,"114,18584536667636",Night,Documentaries,Drama,1.0,Premium,Weekly,Man
2515,45.0,"168,9323261218028",Night,Documentaries,Horror,1.0,Family,Weekly,Woman
2516,39.0,"185,03441427954397",Night,Documentaries,Science Fiction,0.0,Family,Weekly,Woman
2517,37.0,"154,33119050946925",Afternoon,Anime,Science Fiction,0.0,Premium,Weekly,Woman
2518,37.0,"158,84041478969388",Night,Documentaries,Horror,1.0,Family,Weekly,Man
2519,54.0,"178,45963799708773",Night,Documentaries,Horror,1.0,Family,Weekly,Man
2520,30.0,"165,1364019126312",Afternoon,Documentaries,Drama,0.0,Premium,Weekly,Woman
2521,62.0,"77,75461530922406",Night,Documentaries,Horror,1.0,Family,Weekly,Man
2522,38.0,"80,73650469839875",Night,Anime,Science Fiction,0.0,Premium,Weekly,Woman
2523,45.0,"175,94344861331834",Afternoon,Movies,Science Fiction,1.0,Family,Weekly,Man
2524,55.0,"164,24456975135791",Afternoon,Movies,Drama,1.0,Family,Weekly,Man
2525,37.0,"170,43978929838147",Night,Documentaries,Science Fiction,1.0,,Weekly,Man
2526,64.0,"130,2141759419714",Night,Movies,Science Fiction,1.0,Family,Weekly,Woman
2527,44.0,"182,4150422232004",Afternoon,Documentaries,Science Fiction,0.0,Family,Weekly,Man
2528,32.0,nan,Afternoon,Documentaries,Science Fiction,1.0,,Weekly,Woman
2529,52.0,"145,54288292212402",Night,Documentaries,Horror,1.0,Family,Weekly,Man
2530,45.0,"161,6654443369419",Afternoon,Documentaries,Drama,1.0,Family,Weekly,Man
2531,55.0,"114,899581588949",Afternoon,Movies,Science Fiction,1.0,Family,Daily,Woman
2532,44.0,"98,73637236335549",Afternoon,Anime,Science Fiction,1.0,Family,Weekly,Woman
2533,47.0,"210,18862569641823",Night,Documentaries,Science Fiction,0.0,Family,Weekly,Woman
2534,17.0,"31,627534175682744",Afternoon,Anime,Science Fiction,0.0,Premium,Weekly,Man
2535,29.0,nan,Afternoon,Documentaries,Science Fiction,1.0,Family,Weekly,Woman
2536,34.0,"142,74625270550524",Afternoon,Anime,Horror,0.0,Family,Weekly,Man
2537,38.0,"58,62498720484924",Night,Anime,Horror,1.0,Family,Weekly,Woman
2538,31.0,"141,13307836927086",Afternoon,Anime,Science Fiction,0.0,Premium,Weekly,Man
2539,61.0,"140,12525767592342",Night,Movies,Drama,1.0,Family,Weekly,Man
2540,39.0,"168,75423150893215",Night,Documentaries,Drama,0.0,Premium,Weekly,Man
2541,49.0,"203,10610823385932",Night,Documentaries,Science Fiction,0.0,Family,Weekly,Man
2542,49.0,"168,457710132658",Afternoon,Documentaries,Horror,1.0,Family,Weekly,Woman
2543,51.0,nan,Night,Documentaries,Horror,1.0,,Weekly,Man
2544,40.0,"164,71667964357837",Night,Anime,Drama,0.0,Premium,Weekly,Woman
2545,30.0,"125,40903482323849",Night,Documentaries,Drama,0.0,Premium,Weekly,Man
2546,45.0,"107,29970282462276",Afternoon,Anime,Science Fiction,1.0,Premium,Weekly,Man
2547,58.0,"124,60523531519608",Afternoon,Movies,Science Fiction,1.0,Family,Weekly,Man
2548,37.0,nan,Night,Documentaries,Science Fiction,0.0,Family,Weekly,Man
2549,22.0,"213,84196826792612",Night,Documentaries,Science Fiction,0.0,Family,Weekly,Man
2550,48.0,"208,30102703666213",Afternoon,Documentaries,Science Fiction,0.0,Family,Weekly,Woman
2551,34.0,"176,74949611358062",Afternoon,Documentaries,Drama,0.0,Premium,Weekly,Woman
2552,43.0,"148,283914191332",Afternoon,Documentaries,Science Fiction,0.0,,Weekly,Man
2553,38.0,"159,90816661795563",Night,Documentaries,Science Fiction,1.0,Family,Weekly,Man
2554,35.0,"51,28163539606879",Afternoon,Anime,Science Fiction,1.0,Family,Weekly,Man
2555,56.0,"188,93887239038855",Afternoon,Movies,Horror,1.0,Family,Daily,Man
2556,39.0,"147,69948024772407",Afternoon,Anime,Horror,0.0,Family,Weekly,Man
2557,42.0,"88,25215426785887",Afternoon,Documentaries,Science Fiction,1.0,Premium,Weekly,Man
2558,35.0,nan,Afternoon,Documentaries,Science Fiction,0.0,Premium,Weekly,Woman
2559,59.0,"109,77698103340256",Afternoon,Movies,Science Fiction,1.0,Family,Weekly,Woman
2560,54.0,"130,94850574250842",Afternoon,Movies,Science Fiction,1.0,Family,Daily,Woman
2561,33.0,"193,00792234454508",Night,Documentaries,Drama,0.0,Premium,Weekly,Woman
2562,41.0,"153,8259504293148",Afternoon,Documentaries,Science Fiction,1.0,Family,Weekly,Woman
2563,50.0,"126,8236585178515",Night,Anime,Horror,1.0,Family,Weekly,Woman
2564,39.0,"156,86771600357602",Night,Anime,Science Fiction,0.0,,Weekly,Woman
2565,61.0,"220,38857108575715",Afternoon,Movies,Horror,1.0,Family,Weekly,Man
2566,55.0,"142,31821822056742",Afternoon,Movies,Science Fiction,1.0,Family,Daily,Man
2567,32.0,"134,17261569584488",Afternoon,Anime,Horror,0.0,Family,Weekly,Man
2568,24.0,"92,63920266031636",Afternoon,Anime,Science Fiction,0.0,Premium,Weekly,Man
2569,36.0,"201,0249178191277",Night,Documentaries,Drama,0.0,Premium,Weekly,Man
2570,53.0,"232,36573583739352",Night,Movies,Science Fiction,0.0,Family,Weekly,Woman
2571,39.0,"177,61970190653318",Afternoon,Documentaries,Drama,0.0,Premium,Weekly,Woman
2572,56.0,"131,2725941754016",Afternoon,Movies,Science Fiction,1.0,Family,Daily,Man
2573,50.0,"197,9688182744439",Afternoon,Documentaries,Horror,0.0,Family,Weekly,Woman
2574,39.0,"175,4010357882579",Afternoon,Documentaries,Science Fiction,0.0,Premium,Weekly,Woman
2575,43.0,"184,0023513355069",Night,Anime,Science Fiction,0.0,Family,Weekly,Woman
2576,34.0,"221,62902233286667",Night,Movies,Drama,0.0,Family,Weekly,Woman
2577,36.0,"87,54540623584566",Afternoon,Anime,Science Fiction,1.0,Premium,Weekly,Woman
2578,42.0,"197,487706474247",Night,Documentaries,Science Fiction,0.0,Premium,Weekly,Woman
2579,53.0,"197,4054996981956",Night,Movies,Science Fiction,1.0,Family,Weekly,Woman
2580,31.0,"224,27887048150328",Afternoon,Movies,Drama,0.0,Family,Weekly,Man
2581,38.0,"105,61526111729182",Night,Documentaries,Science Fiction,1.0,Premium,Weekly,Woman
2582,31.0,"143,48248483866533",Afternoon,Anime,Science Fiction,0.0,Premium,Weekly,Man
2583,36.0,"213,49009965164504",Night,Documentaries,Science Fiction,0.0,Premium,Weekly,Woman
2584,37.0,"118,45213687419609",Afternoon,Documentaries,Science Fiction,1.0,Family,Weekly,Woman
2585,44.0,"61,40105654612752",Afternoon,Documentaries,Science Fiction,1.0,Family,Weekly,Man
2586,41.0,"168,08213388912537",Night,Documentaries,Drama,0.0,Premium,Weekly,Man
2587,57.0,"203,7383322375973",Night,Movies,Science Fiction,1.0,Family,Weekly,Man
2588,32.0,"81,8114839337311",Night,Documentaries,Science Fiction,1.0,Family,Weekly,Man
2589,35.0,"186,1751352477652",Night,Documentaries,Science Fiction,0.0,Family,Weekly,Man
2590,58.0,"234,1364475048696",Afternoon,Movies,Horror,1.0,Family,Weekly,Woman
2591,42.0,"112,53584139751112",Afternoon,Documentaries,Action,1.0,Premium,Weekly,Woman
2592,44.0,"142,10864908489123",Night,Documentaries,Horror,1.0,Family,Weekly,Woman
2593,56.0,"150,66000482675054",Afternoon,Movies,Science Fiction,1.0,Family,Weekly,Woman
2594,55.0,"245,1831778591224",Night,Movies,Horror,0.0,,Weekly,Woman
2595,60.0,"172,45130832934515",Late Night,Movies,Science Fiction,1.0,Family,Weekly,Woman
2596,54.0,"134,65287367946058",Night,Documentaries,Science Fiction,1.0,Family,Weekly,Man
2597,41.0,"208,4978715935245",Night,Documentaries,Science Fiction,0.0,Family,Weekly,Man
2598,41.0,"102,45562687072182",Afternoon,Anime,Science Fiction,1.0,Premium,Weekly,Man
2599,56.0,"226,9936499616402",Night,Movies,Science Fiction,0.0,Family,Weekly,Woman
2600,45.0,"166,99932276714387",Night,Documentaries,Science Fiction,1.0,Family,Weekly,Man
2601,44.0,"182,8712183157662",Night,Documentaries,Science Fiction,0.0,Family,Weekly,Man
2602,29.0,"81,72480843716264",Afternoon,Documentaries,Science Fiction,1.0,Family,Weekly,Woman
2603,20.0,"209,24556543600443",Afternoon,Documentaries,Science Fiction,0.0,Premium,Weekly,Woman
2604,46.0,"180,75526227753343",Afternoon,Documentaries,Science Fiction,0.0,Family,Weekly,Woman
2605,62.0,"194,5400598104232",Night,Movies,Science Fiction,1.0,Family,Weekly,Woman
2606,46.0,"66,08288685306128",Night,Documentaries,Science Fiction,1.0,Family,Weekly,Man
2607,55.0,"212,40176979449848",Night,Movies,Horror,1.0,Family,Daily,Man
2608,58.0,"144,8458239502641",Afternoon,Movies,Science Fiction,1.0,Family,Weekly,Man
2609,55.0,nan,Afternoon,Anime,Horror,0.0,Premium,Weekly,Woman
2610,32.0,"34,966255935619415",Night,Anime,Science Fiction,1.0,Premium,Weekly,Woman
2611,54.0,"128,05785892096773",Afternoon,Anime,Horror,1.0,Premium,Weekly,Man
2612,45.0,"181,51272181823276",Night,Documentaries,Drama,0.0,Family,Weekly,Man
2613,41.0,"211,0804359760415",Night,Movies,Science Fiction,1.0,Family,Weekly,Man
2614,38.0,"173,32154121605822",Afternoon,Documentaries,Science Fiction,0.0,Premium,Weekly,Man
2615,65.0,"163,95906273259112",Night,Movies,Science Fiction,1.0,Family,Weekly,Woman
2616,62.0,"148,73801703606557",Afternoon,Movies,Science Fiction,1.0,Family,Weekly,Man
2617,44.0,"217,45670617347892",Afternoon,Documentaries,Drama,0.0,,Weekly,Woman
2618,36.0,"91,61442951072874",Afternoon,Anime,Science Fiction,1.0,Premium,Weekly,Man
2619,43.0,"166,79310487725164",Afternoon,Documentaries,Science Fiction,0.0,Premium,Weekly,Woman
2620,47.0,"208,55460821520788",Afternoon,Documentaries,Science Fiction,0.0,Family,Weekly,Woman
2621,46.0,"146,8351792935319",Night,Documentaries,Horror,1.0,Family,Weekly,Man
2622,39.0,"148,7509963532485",Night,Documentaries,Science Fiction,1.0,Family,Weekly,Woman
2623,40.0,nan,Night,Documentaries,Science Fiction,0.0,Family,Weekly,Woman
2624,47.0,"111,23912984680987",Night,Anime,Science Fiction,1.0,,Weekly,Woman
2625,48.0,"138,7020747761693",Afternoon,Documentaries,Horror,1.0,Family,Weekly,Woman
2626,56.0,"210,40605639091137",Night,Movies,Science Fiction,1.0,Family,Weekly,Woman
2627,38.0,"171,80357662196243",Afternoon,Documentaries,Drama,0.0,Premium,Weekly,Man
2628,40.0,nan,Night,Anime,Science Fiction,1.0,Premium,Weekly,Man
2629,56.0,"149,09857367418783",Afternoon,Movies,Horror,1.0,,Weekly,Woman
2630,39.0,"70,85864603649945",Night,Anime,Science Fiction,0.0,Premium,Weekly,Man
2631,50.0,"125,21402197374807",Afternoon,Anime,Science Fiction,0.0,Premium,Weekly,Man
2632,39.0,"141,22637309758034",Night,Documentaries,Drama,0.0,Premium,Weekly,Woman
2633,31.0,"215,5814566359712",Night,Documentaries,Science Fiction,0.0,Family,Weekly,Woman
2634,37.0,"186,7693905635292",Afternoon,Documentaries,Science Fiction,0.0,Premium,Weekly,Woman
2635,50.0,"157,5133198324808",Afternoon,Anime,Horror,0.0,Premium,Weekly,Woman
2636,45.0,"165,55790407470263",Night,Documentaries,Science Fiction,1.0,Family,Weekly,Woman
2637,30.0,"182,19341702719484",Night,Documentaries,Horror,0.0,Family,Weekly,Woman
2638,40.0,"136,63814184553718",Night,Documentaries,Drama,0.0,Premium,Weekly,Man
2639,46.0,"148,89546012915767",Night,Documentaries,Science Fiction,1.0,Family,Weekly,Man
2640,38.0,"74,33727659057242",Afternoon,Anime,Science Fiction,1.0,Premium,Weekly,Woman
2641,33.0,"178,51106646314923",Night,Documentaries,Drama,0.0,,Weekly,Woman
2642,45.0,"184,6809190914329",Night,Documentaries,Science Fiction,0.0,Family,Weekly,Woman
2643,58.0,"165,38214516643598",Afternoon,Movies,Science Fiction,1.0,Family,Weekly,Man
2644,63.0,"188,7449106117088",Night,Movies,Science Fiction,1.0,Family,Daily,Woman
2645,35.0,"189,9929924918336",Night,Documentaries,Science Fiction,0.0,Family,Weekly,Man
2646,58.0,"145,41155706701838",Night,Movies,Drama,1.0,Family,Weekly,Woman
2647,42.0,"194,8138424044829",Afternoon,Documentaries,Science Fiction,0.0,Premium,Weekly,Man
2648,54.0,"116,24048747186148",Afternoon,Anime,Science Fiction,1.0,Family,Weekly,Man
2649,46.0,"159,27323841908228",Afternoon,Movies,Science Fiction,1.0,Family,Weekly,Man
2650,58.0,"226,0563684157028",Night,Movies,Horror,1.0,Student,Weekly,Woman
2651,32.0,"84,70466814419996",Night,Anime,Science Fiction,0.0,Premium,Weekly,Man
2652,32.0,"139,58807516768024",Night,Documentaries,Drama,0.0,Premium,Weekly,Woman
2653,50.0,"165,5050161186734",Night,Documentaries,Science Fiction,1.0,Family,Weekly,Woman
2654,40.0,"122,72120953638318",Night,Anime,Science Fiction,0.0,Premium,Weekly,Woman
2655,52.0,"162,63694449132473",Afternoon,Documentaries,Science Fiction,1.0,Family,Weekly,Woman
2656,32.0,"139,98590367939914",Afternoon,Anime,Science Fiction,0.0,Premium,Weekly,Woman
2657,38.0,"185,8273309342441",Morning,Documentaries,Drama,0.0,Premium,Occasional,Man
2658,58.0,"182,7087767620051",Night,Movies,Science Fiction,1.0,Family,Weekly,Woman
2659,50.0,"153,77325907807364",Night,Anime,Horror,0.0,Premium,Weekly,Woman
2660,28.0,"88,58161956865248",Afternoon,Anime,Science Fiction,0.0,Premium,Weekly,Woman
2661,40.0,"128,06980254159728",Night,Anime,Science Fiction,0.0,Premium,Weekly,Man
2662,44.0,"140,98744520961412",Afternoon,Anime,Horror,0.0,Family,Weekly,Woman
2663,38.0,"178,43653362386098",Afternoon,Documentaries,Science Fiction,1.0,Family,Weekly,Man
2664,25.0,"147,85943296533006",Afternoon,Anime,Science Fiction,0.0,Premium,Weekly,Woman
2665,41.0,"170,48559865194142",Afternoon,Documentaries,Horror,0.0,Family,Weekly,Man
2666,42.0,"138,50070082231665",Night,Documentaries,Drama,0.0,Premium,Occasional,Man
2667,44.0,nan,Afternoon,Movies,Science Fiction,1.0,Family,Weekly,Man
2668,30.0,"93,97258034507932",Night,Anime,Science Fiction,1.0,Premium,Weekly,Man
2669,34.0,"209,8789124154606",Night,Documentaries,Drama,0.0,Family,Weekly,Woman
2670,54.0,"161,00034198900988",Night,Movies,Science Fiction,1.0,Family,Weekly,Man
2671,39.0,"205,8768138343447",Night,Documentaries,Science Fiction,0.0,Family,Weekly,Woman
2672,23.0,"177,91729836052104",Night,Anime,Science Fiction,0.0,Premium,Weekly,Woman
2673,38.0,"75,24444764524361",Night,Anime,Science Fiction,1.0,Premium,Weekly,Woman
2674,37.0,"14,031016803512506",Night,Anime,Science Fiction,1.0,Family,Weekly,Man
2675,49.0,"185,0603157116336",Afternoon,Documentaries,Science Fiction,1.0,Family,Weekly,Man
2676,37.0,"173,3774873239448",Afternoon,Documentaries,Science Fiction,1.0,Family,Weekly,Woman
2677,46.0,"119,06580922365504",Late Night,Anime,Science Fiction,0.0,Premium,Weekly,Woman
2678,57.0,"198,72679327991145",Afternoon,Movies,Science Fiction,1.0,Family,Weekly,Woman
2679,49.0,"179,54128366444112",Night,Documentaries,Science Fiction,1.0,Family,Weekly,Man
2680,59.0,nan,Afternoon,Movies,Science Fiction,1.0,Family,Daily,Woman
2681,61.0,"224,12386077586743",Afternoon,Movies,Horror,1.0,Family,Daily,Woman
2682,45.0,"193,94082038966792",Night,Documentaries,Science Fiction,0.0,Family,Weekly,Woman
2683,58.0,nan,Night,Movies,Science Fiction,1.0,Family,Daily,Woman
2684,47.0,"156,16599299412405",Afternoon,Documentaries,Drama,0.0,Premium,Weekly,Man
2685,39.0,"193,44006324992264",Afternoon,Documentaries,Drama,0.0,Premium,Occasional,Woman
2686,63.0,"211,384857497496",Night,Movies,Science Fiction,1.0,Family,Weekly,Man
2687,34.0,"35,36786786789183",Afternoon,Documentaries,Science Fiction,1.0,Premium,Weekly,Man
2688,39.0,"188,1636085493649",Afternoon,Documentaries,Science Fiction,1.0,Family,Weekly,Man
2689,37.0,"174,32842072952778",Night,Documentaries,Horror,0.0,Family,Weekly,Woman
2690,46.0,"211,1109172866797",Night,Movies,Drama,1.0,Family,Weekly,Man
2691,38.0,"101,03143338071212",Afternoon,Anime,Science Fiction,0.0,Premium,Weekly,Woman
2692,39.0,"152,6073448364794",Night,Documentaries,Horror,1.0,Family,Weekly,Man
2693,57.0,"160,13390554571845",Afternoon,Movies,Science Fiction,1.0,Family,Daily,Man
2694,54.0,"176,37629933577486",Afternoon,Movies,Science Fiction,1.0,Family,Weekly,Woman
2695,40.0,"141,62180742747287",Afternoon,Documentaries,Drama,0.0,Premium,Weekly,Woman
2696,37.0,"239,8544088102319",Afternoon,Movies,Drama,0.0,Family,Weekly,Woman
2697,38.0,"162,90568638265927",Afternoon,Documentaries,Drama,0.0,Premium,Weekly,Man
2698,37.0,"127,30077661739388",Afternoon,Documentaries,Drama,0.0,Premium,Weekly,Woman
2699,46.0,"130,11877792982355",Afternoon,Anime,Horror,1.0,Family,Weekly,Woman
2700,39.0,"172,2379341899408",Afternoon,Documentaries,Drama,0.0,Premium,Weekly,Man
2701,28.0,"151,81779886652623",Afternoon,Anime,Drama,0.0,Premium,Weekly,Man
2702,48.0,"198,01612146399737",Night,Documentaries,Horror,1.0,Family,Weekly,Woman
2703,39.0,"155,92527703823797",Afternoon,Documentaries,Drama,0.0,Premium,Weekly,Man
2704,40.0,"168,43523291862058",Night,Anime,Horror,0.0,Premium,Weekly,Woman
2705,51.0,"165,03909687616758",Afternoon,Documentaries,Science Fiction,1.0,Family,Weekly,Woman
2706,49.0,"125,01634072546454",Night,Documentaries,Horror,1.0,Premium,Weekly,Woman
2707,58.0,"174,71249030620996",Afternoon,Movies,Science Fiction,1.0,Family,Weekly,Man
2708,51.0,"191,8580202336306",Night,Documentaries,Science Fiction,0.0,Family,Weekly,Woman
2709,56.0,nan,Afternoon,Anime,Horror,0.0,Premium,Weekly,Woman
2710,59.0,"185,9635873327017",Night,Movies,Horror,1.0,Family,Weekly,Man
2711,41.0,"112,44536046574213",Night,Anime,Science Fiction,0.0,Premium,Weekly,Man
2712,27.0,"209,97425900845536",Afternoon,Documentaries,Science Fiction,0.0,Family,Weekly,Woman
2713,41.0,"99,55795433857094",Night,Documentaries,Horror,1.0,Family,Weekly,Woman
2714,68.0,"143,59164212762622",Night,Movies,Science Fiction,1.0,Family,Weekly,Woman
2715,53.0,"107,33536330730398",Afternoon,Anime,Science Fiction,1.0,Premium,Weekly,Man
2716,46.0,"192,2597858092541",Afternoon,Movies,Drama,1.0,Family,Weekly,Woman
2717,34.0,"115,06210052280043",Night,Anime,Science Fiction,0.0,Premium,Weekly,Man
2718,45.0,"191,7105602967236",Afternoon,Movies,Science Fiction,1.0,Family,Weekly,Man
2719,37.0,"108,94591535972138",Night,Documentaries,Science Fiction,1.0,,Weekly,Man
2720,59.0,"114,2138536129298",Afternoon,Movies,Science Fiction,1.0,Family,Weekly,Man
2721,24.0,"13,368312611156766",Afternoon,Anime,Drama,1.0,Premium,Weekly,Woman
2722,55.0,"161,60309955690337",Afternoon,Documentaries,Science Fiction,1.0,Family,Weekly,Woman
2723,35.0,"120,3488833858426",Night,Anime,Science Fiction,0.0,Premium,Weekly,Man
2724,41.0,"165,3036273034812",Night,Documentaries,Science Fiction,1.0,,Weekly,Woman
2725,38.0,"172,46993430923587",Night,Documentaries,Drama,0.0,Premium,Weekly,Man
2726,43.0,"154,8156874519912",Night,Documentaries,Science Fiction,0.0,Family,Weekly,Man
2727,36.0,"149,92491378462609",Afternoon,Documentaries,Science Fiction,0.0,Family,Weekly,Man
2728,45.0,"131,7667064023715",Night,Documentaries,Horror,1.0,Family,Weekly,Woman
2729,49.0,"177,3917219273592",Night,Movies,Science Fiction,1.0,Family,Daily,Woman
2730,51.0,"100,03687031575105",Afternoon,Documentaries,Horror,1.0,Family,Weekly,Man
2731,36.0,"183,7825876345601",Afternoon,Documentaries,Science Fiction,0.0,Premium,Weekly,Man
2732,36.0,"162,7075739730515",Afternoon,Documentaries,Drama,0.0,Premium,Weekly,Woman
2733,53.0,"136,9185230758491",Afternoon,Movies,Science Fiction,1.0,Student,Weekly,Woman
2734,57.0,nan,Night,Documentaries,Horror,1.0,Family,Weekly,Woman
2735,46.0,"168,08894725020937",Afternoon,Documentaries,Drama,0.0,Family,Weekly,Man
2736,54.0,"157,55053605643843",Afternoon,Movies,Science Fiction,1.0,,Weekly,Man
2737,50.0,"232,75950614217345",Night,Documentaries,Science Fiction,0.0,Family,Weekly,Man
2738,34.0,"88,34258817258475",Night,Documentaries,Science Fiction,1.0,Family,Weekly,Man
2739,53.0,"132,59910597784716",Afternoon,Documentaries,Horror,1.0,Family,Daily,Woman
2740,43.0,"64,36422817223902",Night,Anime,Science Fiction,1.0,Premium,Weekly,Woman
2741,43.0,"208,74840039643703",Afternoon,Movies,Science Fiction,1.0,Student,Weekly,Man
2742,41.0,"156,2457881806966",Night,Documentaries,Science Fiction,0.0,Family,Weekly,Man
2743,49.0,"131,4125292769009",Night,Documentaries,Horror,1.0,Family,Weekly,Woman
2744,46.0,"190,610684145708",Afternoon,Movies,Science Fiction,1.0,Family,Weekly,Man
2745,42.0,"186,59795411542424",Night,Documentaries,Drama,0.0,Family,Occasional,Woman
2746,42.0,"182,4645810244964",Night,Documentaries,Drama,0.0,Family,Weekly,Man
2747,52.0,"140,25047687912644",Night,Documentaries,Science Fiction,1.0,Family,Weekly,Man
2748,50.0,"182,07876454162144",Afternoon,Documentaries,Drama,1.0,Family,Weekly,Man
2749,42.0,"205,94718550059957",Night,Documentaries,Science Fiction,0.0,Family,Weekly,Woman
2750,48.0,"128,7796535308537",Night,Documentaries,Horror,1.0,Family,Weekly,Woman
2751,44.0,nan,Night,Documentaries,Science Fiction,1.0,Family,Weekly,Woman
2752,49.0,"123,74480908189317",Afternoon,Anime,Science Fiction,0.0,Premium,Weekly,Woman
2753,36.0,"150,87691673019702",Night,Documentaries,Drama,0.0,Premium,Weekly,Woman
2754,37.0,"197,3512404989148",Night,Documentaries,Drama,0.0,Premium,Weekly,Woman
2755,48.0,"110,0043888940872",Afternoon,Documentaries,Horror,1.0,Family,Weekly,Man
2756,52.0,"176,80612148369846",Afternoon,Movies,Horror,1.0,Family,Daily,Man
2757,47.0,"179,54838050319034",Night,Movies,Drama,1.0,Family,Weekly,Man
2758,49.0,"147,25079709128806",Night,Documentaries,Science Fiction,1.0,Premium,Weekly,Woman
2759,42.0,"149,6558334632239",Night,Documentaries,Horror,1.0,Family,Weekly,Man
2760,68.0,"145,7531845164478",Night,Movies,Science Fiction,1.0,Family,Weekly,Man
2761,42.0,"163,12678901839587",Night,Documentaries,Science Fiction,0.0,Family,Weekly,Man
2762,35.0,"207,07794463446447",Afternoon,Documentaries,Science Fiction,0.0,Family,Weekly,Woman
2763,49.0,"83,51942591640494",Night,Documentaries,Horror,1.0,Family,Weekly,Woman
2764,55.0,"160,14641849336323",Night,Documentaries,Horror,0.0,Premium,Weekly,Woman
2765,55.0,"162,97340737038374",Afternoon,Documentaries,Science Fiction,1.0,Family,Weekly,Man
2766,40.0,"111,5255585277455",Afternoon,Documentaries,Science Fiction,1.0,Family,Weekly,Woman
2767,45.0,"144,03355881423923",Night,Documentaries,Horror,1.0,Family,Weekly,Woman
2768,47.0,"220,36610963930605",Afternoon,Documentaries,Science Fiction,0.0,Family,Weekly,Man
2769,59.0,"126,65463073039903",Night,Documentaries,Horror,1.0,Family,Weekly,Man
2770,36.0,"96,3848452241068",Afternoon,Anime,Science Fiction,1.0,Premium,Weekly,Man
2771,52.0,"157,45680023642836",Afternoon,Documentaries,Drama,1.0,Family,Weekly,Woman
2772,45.0,"176,8478914602363",Afternoon,Documentaries,Science Fiction,0.0,Family,Weekly,Woman
2773,45.0,"147,87092896969753",Afternoon,Movies,Science Fiction,1.0,Family,Weekly,Woman
2774,38.0,nan,Afternoon,Documentaries,Science Fiction,0.0,Family,Weekly,Woman
2775,37.0,"198,29483404492248",Afternoon,Documentaries,Science Fiction,0.0,Premium,Weekly,Man
2776,40.0,"168,6192898373546",Night,Documentaries,Science Fiction,0.0,Family,Weekly,Woman
2777,37.0,"179,793976188067",Night,Documentaries,Science Fiction,0.0,Family,Weekly,Woman
2778,31.0,"30,253699391430104",Afternoon,Anime,Science Fiction,1.0,Premium,Weekly,Woman
2779,31.0,"165,7877136339645",Night,Documentaries,Science Fiction,0.0,Family,Weekly,Woman
2780,33.0,"91,01691266758668",Night,Anime,Science Fiction,0.0,Premium,Weekly,Man
2781,44.0,"171,67066016767703",Night,Documentaries,Science Fiction,1.0,Family,Weekly,Woman
2782,37.0,"171,6478396651845",Night,Documentaries,Science Fiction,0.0,Premium,Weekly,Man
2783,45.0,"217,31734695683863",Night,Documentaries,Science Fiction,0.0,Family,Weekly,Woman
2784,44.0,"147,69710369729685",Afternoon,Documentaries,Horror,1.0,Family,Weekly,Woman
2785,45.0,"182,59473381322383",Afternoon,Documentaries,Drama,0.0,Premium,Weekly,Woman
2786,47.0,"145,45181702507287",Afternoon,Anime,Horror,0.0,Premium,Weekly,Man
2787,36.0,"171,3346273675059",Afternoon,Anime,Science Fiction,0.0,Family,Weekly,Man
2788,26.0,nan,Afternoon,Anime,Science Fiction,0.0,Premium,Weekly,Man
2789,62.0,"197,84540354313089",Night,Movies,Science Fiction,1.0,Family,Daily,Woman
2790,37.0,"195,59897337479305",Afternoon,Documentaries,Drama,0.0,Family,Weekly,Man
2791,47.0,"146,5149865797009",Night,Documentaries,Horror,1.0,Family,Weekly,Woman
2792,43.0,"166,0374582949858",Afternoon,Anime,Science Fiction,0.0,Family,Weekly,Man
2793,36.0,"57,878977659015874",Night,Anime,Science Fiction,1.0,Premium,Weekly,Man
2794,25.0,"159,11599931413025",Night,Anime,Horror,0.0,Premium,Weekly,Man
2795,46.0,"126,77978762851475",Afternoon,Documentaries,Horror,1.0,Family,Weekly,Man
2796,36.0,"41,124051455289774",Afternoon,Documentaries,Science Fiction,1.0,Family,Weekly,Man
2797,47.0,"129,6395326735593",Afternoon,Documentaries,Drama,1.0,Family,Weekly,Woman
2798,47.0,"152,62208274965587",Night,Anime,Horror,0.0,Family,Occasional,Woman
2799,49.0,"125,51771050349362",Night,Documentaries,Drama,1.0,Family,Weekly,Woman
2800,46.0,nan,Late Night,Documentaries,Horror,1.0,Family,Weekly,Woman
2801,49.0,"119,56782303354406",Afternoon,Documentaries,Drama,1.0,Premium,Weekly,Man
2802,48.0,"108,48481183336808",Afternoon,Anime,Horror,0.0,Premium,Weekly,Man
2803,51.0,"220,8797965388997",Afternoon,Documentaries,Horror,0.0,Family,Weekly,Woman
2804,59.0,"193,7232170722241",Night,Movies,Horror,1.0,Family,Daily,Woman
2805,43.0,"175,2057467187138",Night,Documentaries,Science Fiction,0.0,Family,Weekly,Woman
2806,28.0,"33,77070772405636",Night,Documentaries,Science Fiction,1.0,,Weekly,Woman
2807,38.0,"76,86386830485246",Afternoon,Anime,Science Fiction,1.0,Premium,Weekly,Man
2808,57.0,"167,86469639821402",Morning,Movies,Horror,1.0,Family,Weekly,Woman
2809,66.0,"114,69822819058622",Afternoon,Anime,Science Fiction,1.0,Premium,Weekly,Woman
2810,36.0,"86,60699617136619",Afternoon,Anime,Science Fiction,1.0,Premium,Weekly,Man
2811,45.0,"85,75366706549332",Afternoon,Documentaries,Science Fiction,1.0,Premium,Weekly,Woman
2812,55.0,nan,Afternoon,Movies,Science Fiction,1.0,Family,Daily,Woman
2813,49.0,"79,41352953721221",Afternoon,Documentaries,Science Fiction,1.0,Premium,Daily,Woman
2814,48.0,"120,66142583288878",Night,Documentaries,Science Fiction,1.0,Family,Weekly,Woman
2815,35.0,"130,52110280305325",Afternoon,Documentaries,Drama,0.0,Premium,Weekly,Man
2816,33.0,"46,50275696281328",Afternoon,Anime,Science Fiction,1.0,Premium,Weekly,Man
2817,41.0,"191,71615625720852",Afternoon,Documentaries,Drama,0.0,,Weekly,Man
2818,46.0,"190,73130496126228",Night,Documentaries,Science Fiction,0.0,Family,Weekly,Man
2819,48.0,"82,61672654861806",Night,Documentaries,Science Fiction,1.0,Family,Weekly,Man
2820,44.0,"191,15925151540537",Afternoon,Documentaries,Science Fiction,0.0,Family,Weekly,Woman
2821,40.0,"74,22527771585949",Morning,Anime,Science Fiction,1.0,Premium,Weekly,Man
2822,61.0,nan,Night,Movies,Drama,1.0,Family,Weekly,Woman
2823,55.0,"162,8706654841771",Night,Movies,Science Fiction,1.0,Family,Weekly,Man
2824,34.0,"10,025811219308066",Afternoon,Anime,Drama,1.0,Premium,Weekly,Man
2825,47.0,"155,22692077294647",Afternoon,Documentaries,Horror,1.0,Family,Weekly,Woman
2826,52.0,"180,4954957295777",Afternoon,Movies,Science Fiction,1.0,Family,Weekly,Man
2827,36.0,nan,Afternoon,Anime,Horror,0.0,Family,Weekly,Woman
2828,26.0,"117,23244310325816",Afternoon,Anime,Science Fiction,0.0,Premium,Weekly,Man
2829,40.0,"194,1172269848635",Night,Documentaries,Science Fiction,0.0,Premium,Occasional,Woman
2830,36.0,"148,1010365436036",Afternoon,Documentaries,Drama,0.0,Premium,Weekly,Woman
2831,58.0,"126,74277618516984",Afternoon,Documentaries,Horror,1.0,Premium,Weekly,Man
2832,32.0,"190,04942657304463",Night,Documentaries,Science Fiction,0.0,Family,Weekly,Woman
2833,58.0,"243,64642392984885",Night,Movies,Science Fiction,0.0,Family,Weekly,Woman
2834,50.0,"159,86253918995686",Night,Movies,Drama,1.0,Family,Weekly,Woman
2835,44.0,"136,5594719413659",Night,Documentaries,Drama,0.0,Premium,Weekly,Woman
2836,37.0,"158,68422507111222",Night,Documentaries,Drama,0.0,Premium,Weekly,Woman
2837,42.0,"169,2824301405818",Night,Documentaries,Drama,0.0,Family,Weekly,Man
2838,28.0,"134,90476584487783",Night,Anime,Science Fiction,0.0,Premium,Weekly,Woman
2839,52.0,nan,Night,Movies,Horror,1.0,Family,Daily,Man
2840,54.0,"221,39748684155717",Afternoon,Movies,Horror,1.0,Family,Weekly,Man
2841,40.0,"173,40104501414964",Night,Documentaries,Science Fiction,0.0,Premium,Weekly,Woman
2842,35.0,"174,4087187849083",Night,Documentaries,Drama,0.0,Premium,Weekly,Woman
2843,39.0,"166,0144239025308",Night,Documentaries,Drama,0.0,Premium,Weekly,Man
2844,40.0,"181,0479317518245",Afternoon,Documentaries,Drama,0.0,Family,Weekly,Woman
2845,40.0,"112,30516223211907",Night,Anime,Science Fiction,0.0,Premium,Weekly,Man
2846,38.0,"227,62578549374885",Afternoon,Documentaries,Science Fiction,0.0,Family,Weekly,Man
2847,34.0,"184,10051399785607",Night,Anime,Science Fiction,0.0,Premium,Weekly,Man
2848,43.0,"96,22681976513437",Night,Documentaries,Science Fiction,1.0,,Daily,Woman
2849,43.0,"75,49900242215084",Night,Anime,Science Fiction,1.0,,Weekly,Woman
2850,40.0,"155,87782533752565",Night,Documentaries,Science Fiction,0.0,Family,Weekly,Woman
2851,46.0,"102,3623439287152",Afternoon,Anime,Science Fiction,0.0,Premium,Weekly,Man
2852,37.0,"161,54207439214886",Night,Documentaries,Science Fiction,0.0,,Weekly,Woman
2853,57.0,"187,37890477562047",Afternoon,Movies,Horror,1.0,Family,Weekly,Woman
2854,52.0,"113,17109597985711",Afternoon,Documentaries,Science Fiction,1.0,Family,Weekly,Man
2855,55.0,"137,47225007459636",Afternoon,Movies,Horror,1.0,Family,Daily,Man
2856,58.0,"156,36640966217058",Night,Movies,Science Fiction,1.0,Family,Weekly,Man
2857,41.0,"119,07201759303923",Afternoon,Documentaries,Science Fiction,0.0,Premium,Weekly,Man
2858,52.0,"120,06331183908624",Afternoon,Documentaries,Science Fiction,1.0,Family,Daily,Man
2859,33.0,"21,2941647064356",Night,Documentaries,Science Fiction,1.0,Premium,Weekly,Woman
2860,63.0,nan,Afternoon,Movies,Science Fiction,0.0,Student,Weekly,Man
2861,39.0,"64,55560657367172",Night,Anime,Science Fiction,1.0,Premium,Weekly,Woman
2862,43.0,"163,42401709793305",Night,Documentaries,Drama,0.0,Premium,Weekly,Man
2863,46.0,"139,3841693011411",Afternoon,Documentaries,Drama,1.0,Premium,Weekly,Man
2864,52.0,"121,49465234235694",Afternoon,Anime,Science Fiction,0.0,Premium,Weekly,Man
2865,57.0,"167,25479816664924",Night,Movies,Drama,1.0,Family,Weekly,Man
2866,45.0,"96,0635165906436",Morning,Anime,Science Fiction,1.0,Family,Weekly,Man
2867,38.0,"199,83792784413785",Afternoon,Documentaries,Drama,0.0,Premium,Weekly,Man
2868,42.0,"110,0763302911704",Night,Documentaries,Science Fiction,1.0,,Weekly,Man
2869,38.0,"64,60150004355108",Night,Documentaries,Science Fiction,1.0,Premium,Weekly,Woman
2870,50.0,"140,90444747680857",Night,Documentaries,Horror,1.0,Family,Weekly,Woman
2871,25.0,"165,45826095817534",Afternoon,Anime,Science Fiction,0.0,Family,Weekly,Man
2872,42.0,"151,18662992766792",Afternoon,Documentaries,Drama,0.0,Premium,Weekly,Man
2873,50.0,nan,Night,Documentaries,Horror,1.0,Family,Weekly,Man
2874,32.0,"77,61446212642544",Night,Anime,Science Fiction,1.0,Family,Weekly,Man
2875,62.0,"211,14382293217352",Afternoon,Movies,Science Fiction,1.0,Family,Weekly,Woman
2876,31.0,"134,38952838185827",Night,Documentaries,Action,0.0,Premium,Weekly,Woman
2877,44.0,"180,77660002382703",Afternoon,Documentaries,Science Fiction,1.0,Family,Weekly,Man
2878,26.0,"209,09697674476183",Afternoon,Documentaries,Science Fiction,0.0,Premium,Weekly,Man
2879,53.0,"127,39762258942116",Night,Documentaries,Science Fiction,1.0,Family,Weekly,Woman
2880,53.0,"131,50478757869394",Night,Documentaries,Horror,1.0,Premium,Weekly,Woman
2881,43.0,"163,08250838139742",Afternoon,Documentaries,Science Fiction,0.0,Premium,Weekly,Man
2882,31.0,"158,07649627985677",Night,Documentaries,Drama,0.0,Premium,Weekly,Man
2883,50.0,"116,80280119091518",Afternoon,Documentaries,Horror,1.0,Family,Weekly,Man
2884,44.0,"145,18282577860768",Night,Documentaries,Drama,0.0,Premium,Weekly,Man
2885,62.0,"168,62192192486887",Afternoon,Movies,Science Fiction,1.0,Family,Weekly,Man
2886,28.0,"110,98727801915804",Afternoon,Anime,Science Fiction,0.0,Premium,Weekly,Man
2887,55.0,"191,56027522001617",Afternoon,Documentaries,Science Fiction,1.0,Family,Weekly,Woman
2888,57.0,"95,4959695049148",Afternoon,Documentaries,Science Fiction,1.0,Family,Weekly,Man
2889,31.0,"122,1944292547748",Night,Anime,Science Fiction,0.0,Premium,Weekly,Man
2890,51.0,"173,37236844081582",Late Night,Documentaries,Drama,1.0,Family,Weekly,Woman
2891,41.0,"124,75684097032456",Night,Anime,Science Fiction,0.0,Premium,Weekly,Man
2892,39.0,nan,Night,Documentaries,Science Fiction,0.0,Family,Weekly,Woman
2893,41.0,"175,0360939245008",Afternoon,Documentaries,Science Fiction,1.0,Family,Weekly,Woman
2894,58.0,"140,7005838158326",Afternoon,Movies,Drama,1.0,Family,Weekly,Man
2895,33.0,"86,59318524293606",Night,Anime,Science Fiction,1.0,Premium,Weekly,Man
2896,49.0,"96,70778967840477",Late Night,Anime,Science Fiction,0.0,,Weekly,Man
2897,43.0,"170,0616199515806",Afternoon,Documentaries,Science Fiction,0.0,Family,Weekly,Woman
2898,34.0,"161,74155251743608",Afternoon,Anime,Drama,0.0,Premium,Occasional,Man
2899,47.0,"176,0541798129267",Afternoon,Documentaries,Drama,0.0,Family,Weekly,Man
2900,35.0,"199,9577314302215",Afternoon,Documentaries,Science Fiction,0.0,Family,Weekly,Man
2901,29.0,"190,6352399051572",Night,Anime,Science Fiction,0.0,Premium,Weekly,Man
2902,49.0,"150,0382804334238",Night,Documentaries,Science Fiction,1.0,,Weekly,Woman
2903,52.0,"139,86791544597213",Night,Anime,Horror,0.0,,Weekly,Woman
2904,57.0,"146,2818218236022",Night,Movies,Horror,1.0,Family,Daily,Woman
2905,32.0,"167,82293769338375",Afternoon,Documentaries,Drama,0.0,Premium,Weekly,Woman
2906,41.0,"182,58497371796477",Afternoon,Documentaries,Drama,0.0,Family,Weekly,Woman
2907,42.0,"79,23467943982617",Afternoon,Anime,Science Fiction,1.0,Premium,Weekly,Man
2908,57.0,nan,Afternoon,Documentaries,Science Fiction,1.0,Family,Weekly,Woman
2909,46.0,"210,8582719771776",Night,Documentaries,Horror,0.0,Family,Weekly,Woman
2910,51.0,"192,37151069797056",Night,Documentaries,Science Fiction,1.0,Family,Weekly,Woman
2911,31.0,"218,76621645821584",Afternoon,Documentaries,Drama,0.0,Premium,Weekly,Man
2912,45.0,"157,83158625275462",Afternoon,Documentaries,Horror,1.0,Family,Weekly,Man
2913,39.0,"115,21767818686698",Night,Anime,Science Fiction,0.0,Premium,Weekly,Man
2914,46.0,"89,70184936947176",Night,Anime,Science Fiction,1.0,Premium,Weekly,Woman
2915,52.0,"123,25159382072624",Night,Documentaries,Science Fiction,1.0,,Weekly,Woman
2916,43.0,"160,37514290164282",Afternoon,Documentaries,Drama,0.0,Family,Weekly,Woman
2917,48.0,"105,97347556736187",Night,Documentaries,Science Fiction,1.0,Family,Weekly,Man
2918,45.0,"174,28192013059507",Night,Documentaries,Horror,0.0,Family,Weekly,Woman
2919,47.0,"182,8773070911926",Night,Documentaries,Science Fiction,0.0,Family,Weekly,Man
2920,48.0,nan,Afternoon,Documentaries,Science Fiction,1.0,Family,Weekly,Woman
2921,51.0,"108,2379169510803",Afternoon,Documentaries,Science Fiction,1.0,,Weekly,Woman
2922,35.0,"176,15773830729947",Night,Documentaries,Science Fiction,0.0,Premium,Weekly,Man
2923,60.0,"155,45483835383698",Afternoon,Movies,Science Fiction,1.0,Family,Weekly,Woman
2924,56.0,"135,02102107762337",Afternoon,Movies,Science Fiction,1.0,Family,Weekly,Woman
2925,37.0,"205,0175509949127",Night,Documentaries,Drama,0.0,Premium,Weekly,Woman
2926,47.0,"150,54805554306787",Afternoon,Documentaries,Horror,0.0,Premium,Weekly,Man
2927,54.0,"165,8471429385819",Night,Documentaries,Science Fiction,1.0,Family,Weekly,Man
2928,34.0,"207,45814918152533",Afternoon,Documentaries,Drama,0.0,Premium,Weekly,Man
2929,55.0,"234,67927089697392",Night,Movies,Science Fiction,0.0,Family,Weekly,Woman
2930,55.0,"175,30719157942943",Afternoon,Movies,Science Fiction,1.0,Family,Weekly,Woman
2931,43.0,"135,59488894651818",Afternoon,Documentaries,Drama,1.0,Premium,Weekly,Man
2932,53.0,"134,85019703641908",Afternoon,Documentaries,Science Fiction,1.0,Family,Daily,Woman
2933,42.0,"193,8341376724065",Night,Documentaries,Science Fiction,0.0,Family,Weekly,Woman
2934,39.0,"216,8562867244109",Afternoon,Documentaries,Science Fiction,0.0,Family,Weekly,Man
2935,59.0,"183,7804648786249",Afternoon,Movies,Science Fiction,1.0,Family,Weekly,Man
2936,36.0,"186,70146396819712",Afternoon,Documentaries,Science Fiction,0.0,Family,Weekly,Man
2937,37.0,"173,87610945324045",Night,Documentaries,Horror,1.0,Family,Weekly,Man
2938,60.0,"142,4361822407784",Afternoon,Movies,Science Fiction,1.0,Family,Weekly,Man
2939,48.0,nan,Night,Series,Drama,1.0,Student,Weekly,Woman
2940,28.0,"40,28757639563431",Afternoon,Anime,Science Fiction,1.0,Premium,Weekly,Woman
2941,44.0,"189,33998984692855",Night,Documentaries,Drama,0.0,Family,Weekly,Man
2942,47.0,"146,74748954629948",Afternoon,Movies,Drama,1.0,Family,Weekly,Woman
2943,53.0,"177,41869068579948",Night,Documentaries,Science Fiction,1.0,,Weekly,Man
2944,33.0,"191,3646011134221",Afternoon,Documentaries,Science Fiction,0.0,Family,Weekly,Woman
2945,52.0,"164,3001301900947",Night,Documentaries,Horror,0.0,Family,Weekly,Man
2946,33.0,"194,25471691552627",Night,Documentaries,Science Fiction,0.0,Family,Weekly,Man
2947,58.0,"170,83985208999007",Night,Movies,Science Fiction,1.0,Family,Weekly,Man
2948,54.0,"208,74428333776856",Night,Movies,Science Fiction,0.0,Family,Weekly,Man
2949,36.0,nan,Night,Documentaries,Drama,0.0,Premium,Weekly,Man
2950,32.0,"35,36539083674176",Afternoon,Anime,Science Fiction,1.0,,Weekly,Man
2951,39.0,"129,6591440465186",Afternoon,Documentaries,Horror,1.0,Family,Weekly,Man
2952,43.0,nan,Night,Documentaries,Drama,0.0,Family,Weekly,Man
2953,34.0,"108,7915696468679",Night,Documentaries,Science Fiction,1.0,Family,Weekly,Man
2954,35.0,"117,42020111024804",Afternoon,Anime,Horror,1.0,Family,Weekly,Man
2955,51.0,"151,05969746385017",Night,Documentaries,Science Fiction,1.0,Family,Weekly,Woman
2956,31.0,"74,60081349210182",Night,Anime,Science Fiction,1.0,Premium,Weekly,Woman
2957,46.0,"136,3190611175368",Afternoon,Movies,Drama,1.0,Premium,Weekly,Man
2958,56.0,"162,4864801709926",Night,Movies,Science Fiction,1.0,Family,Daily,Man
2959,50.0,"102,10035582191236",Afternoon,Documentaries,Science Fiction,1.0,Family,Weekly,Woman
2960,36.0,"164,79082321487667",Afternoon,Anime,Science Fiction,0.0,Premium,Weekly,Woman
2961,36.0,"73,7540243041614",Night,Anime,Science Fiction,1.0,Family,Weekly,Woman
2962,25.0,"227,21780592565025",Afternoon,Documentaries,Science Fiction,0.0,Family,Weekly,Man
2963,32.0,"198,2003733689332",Night,Movies,Drama,0.0,,Weekly,Woman
2964,59.0,"159,31275587253282",Afternoon,Movies,Science Fiction,1.0,Family,Weekly,Man
2965,57.0,"130,25138799306674",Afternoon,Movies,Horror,1.0,Family,Daily,Man
2966,49.0,"135,4592163310566",Afternoon,Documentaries,Drama,1.0,Family,Weekly,Man
2967,47.0,"179,47809799728614",Night,Anime,Horror,0.0,Premium,Weekly,Man
2968,44.0,nan,Night,Anime,Horror,0.0,Family,Occasional,Man
2969,39.0,"118,01295488703146",Afternoon,Documentaries,Drama,0.0,Premium,Weekly,Woman
2970,55.0,"158,3968818692494",Afternoon,Documentaries,Science Fiction,1.0,Family,Weekly,Man
2971,33.0,"207,35520383121627",Afternoon,Documentaries,Drama,0.0,Premium,Weekly,Woman
2972,33.0,"183,32172264220367",Afternoon,Documentaries,Drama,0.0,Premium,Weekly,Man
2973,55.0,"232,07748536984164",Afternoon,Movies,Science Fiction,0.0,Family,Weekly,Man
2974,45.0,"143,66968377202178",Night,Documentaries,Science Fiction,1.0,Family,Weekly,Woman
2975,37.0,"107,74708504988114",Afternoon,Anime,Science Fiction,0.0,Premium,Weekly,Man
2976,31.0,"166,23278010907927",Night,Documentaries,Drama,0.0,Premium,Weekly,Man
2977,37.0,"180,3968533235146",Night,Documentaries,Drama,0.0,Premium,Weekly,Man
2978,37.0,"111,85358125971564",Afternoon,Documentaries,Science Fiction,1.0,Family,Weekly,Woman
2979,33.0,"60,26625341592111",Afternoon,Anime,Science Fiction,1.0,Premium,Weekly,Man
2980,33.0,"176,78408251806846",Afternoon,Anime,Horror,0.0,Family,Weekly,Man
2981,63.0,nan,Night,Documentaries,Science Fiction,1.0,Premium,Weekly,Man
2982,58.0,"171,71778455362255",Night,Movies,Science Fiction,1.0,Family,Weekly,Man
2983,45.0,"182,2552505060187",Night,Documentaries,Science Fiction,0.0,Family,Weekly,Woman
2984,60.0,"166,25362446150672",Afternoon,Movies,Science Fiction,1.0,Family,Weekly,Woman
2985,40.0,"119,87924002931236",Night,Anime,Science Fiction,0.0,Premium,Weekly,Woman
2986,52.0,"102,39198280528107",Night,Documentaries,Horror,1.0,Family,Weekly,Woman
2987,39.0,"189,434873850544",Afternoon,Documentaries,Science Fiction,0.0,Premium,Weekly,Man
2988,38.0,"224,31665387500027",Night,Anime,Science Fiction,0.0,Family,Occasional,Man
2989,59.0,"213,88523642029168",Night,Movies,Horror,1.0,Family,Weekly,Man
2990,55.0,"137,2701759323774",Night,Documentaries,Science Fiction,1.0,Family,Weekly,Woman
2991,43.0,"131,96321598474296",Afternoon,Documentaries,Science Fiction,1.0,Family,Weekly,Man
2992,49.0,"235,57263750806797",Night,Documentaries,Science Fiction,0.0,Family,Weekly,Man
2993,46.0,"131,85615108561248",Afternoon,Anime,Science Fiction,0.0,Family,Weekly,Woman
2994,37.0,"217,90434768855167",Afternoon,Documentaries,Drama,0.0,Premium,Weekly,Woman
2995,45.0,"191,96870028592204",Afternoon,Documentaries,Science Fiction,0.0,Family,Weekly,Woman
2996,39.0,"128,7613469729164",Afternoon,Anime,Horror,0.0,Family,Weekly,Man
2997,33.0,nan,Night,Anime,Horror,0.0,Family,Weekly,Woman
2998,46.0,"175,6448740049077",Night,Documentaries,Drama,0.0,Family,Weekly,Woman
2999,37.0,"201,94453764171627",Afternoon,Documentaries,Drama,0.0,Premium,Weekly,Woman
3000,31.0,"78,86017644474961",Afternoon,Anime,Science Fiction,1.0,Premium,Weekly,Woman
3001,55.0,"199,23961263892184",Afternoon,Movies,Science Fiction,1.0,Family,Weekly,Man
3002,40.0,"192,8681272251121",Afternoon,Documentaries,Drama,0.0,Premium,Weekly,Man
3003,42.0,"169,993412175057",Afternoon,Documentaries,Science Fiction,1.0,Family,Weekly,Man
3004,50.0,"122,99577091213622",Afternoon,Anime,Science Fiction,1.0,Family,Weekly,Man
3005,37.0,"160,5474064843414",Night,Documentaries,Horror,0.0,Family,Weekly,Man
3006,38.0,"184,46122707370444",Afternoon,Documentaries,Drama,0.0,Premium,Weekly,Woman
3007,60.0,"229,8736366634515",Night,Movies,Science Fiction,1.0,Family,Weekly,Man
3008,50.0,"139,0641069243196",Afternoon,Anime,Horror,0.0,Family,Occasional,Woman
3009,53.0,"160,49846199895407",Afternoon,Documentaries,Horror,1.0,Family,Weekly,Woman
3010,31.0,"126,85075003734356",Night,Anime,Science Fiction,0.0,Premium,Weekly,Woman
3011,57.0,"172,3640271766696",Afternoon,Movies,Science Fiction,1.0,Family,Weekly,Man
3012,33.0,"64,1622135925378",Afternoon,Anime,Science Fiction,1.0,Family,Weekly,Woman
3013,39.0,"131,2899013893556",Afternoon,Documentaries,Science Fiction,0.0,Premium,Daily,Man
3014,47.0,"105,33407856961976",Night,Documentaries,Science Fiction,1.0,Family,Weekly,Man
3015,31.0,"29,68280438058215",Night,Anime,Science Fiction,1.0,Premium,Weekly,Woman
3016,46.0,"124,14701855654276",Afternoon,Anime,Science Fiction,0.0,Premium,Weekly,Woman
3017,34.0,"75,91179896158783",Night,Documentaries,Science Fiction,1.0,Family,Weekly,Man
3018,71.0,"193,1390881285457",Afternoon,Movies,Science Fiction,1.0,Family,Weekly,Woman
3019,51.0,"181,1642304580197",Night,Movies,Science Fiction,1.0,Family,Weekly,Man
3020,36.0,"154,57440854141888",Night,Anime,Science Fiction,0.0,Family,Weekly,Man
3021,40.0,"164,00138882520525",Night,Documentaries,Science Fiction,0.0,Family,Weekly,Man
3022,42.0,"96,37370221831564",Morning,Anime,Science Fiction,0.0,Premium,Weekly,Woman
3023,41.0,"68,70340631627343",Night,Anime,Science Fiction,1.0,Family,Weekly,Woman
3024,58.0,"223,3105650700472",Afternoon,Movies,Science Fiction,1.0,Family,Weekly,Man
3025,41.0,"176,48146533416576",Night,Documentaries,Science Fiction,0.0,Family,Weekly,Man
3026,58.0,"237,77024009580575",Afternoon,Movies,Science Fiction,0.0,Family,Weekly,Man
3027,42.0,"66,48271538036583",Afternoon,Documentaries,Science Fiction,1.0,Family,Weekly,Man
3028,59.0,"202,81167222361248",Afternoon,Movies,Science Fiction,1.0,Family,Weekly,Man
3029,54.0,"155,32532423262984",Afternoon,Documentaries,Science Fiction,1.0,Family,Weekly,Woman
3030,56.0,"117,05801176392391",Afternoon,Documentaries,Science Fiction,1.0,Family,Weekly,Woman
3031,50.0,"142,83290832401696",Afternoon,Movies,Horror,1.0,Family,Daily,Woman
3032,44.0,"142,38790684522425",Afternoon,Anime,Horror,0.0,Family,Occasional,Man
3033,45.0,"136,33861584746532",Afternoon,Anime,Horror,0.0,Premium,Weekly,Woman
3034,43.0,"177,9921965687648",Night,Documentaries,Drama,0.0,Premium,Weekly,Man
3035,53.0,"211,0992926972904",Night,Movies,Science Fiction,1.0,Family,Weekly,Woman
3036,54.0,"115,12642121814352",Night,Documentaries,Horror,1.0,Family,Weekly,Man
3037,56.0,"154,20721336097697",Afternoon,Movies,Science Fiction,1.0,Family,Daily,Man
3038,30.0,"135,52011227826037",Afternoon,Anime,Horror,0.0,Family,Weekly,Man
3039,62.0,"126,15734721831606",Night,Documentaries,Horror,1.0,Premium,Weekly,Woman
3040,47.0,"177,03171292646513",Night,Documentaries,Science Fiction,0.0,Family,Weekly,Woman
3041,56.0,"107,70681718306096",Night,Documentaries,Horror,1.0,Family,Weekly,Man
3042,38.0,"169,0605686442234",Night,Documentaries,Drama,0.0,Premium,Weekly,Woman
3043,45.0,"166,89584811305895",Night,Documentaries,Drama,1.0,Family,Weekly,Woman
3044,28.0,"165,45924855842694",Night,Anime,Science Fiction,0.0,Premium,Weekly,Man
3045,45.0,"169,2752805034388",Night,Documentaries,Drama,1.0,Family,Weekly,Man
3046,36.0,"173,03664246249713",Night,Documentaries,Science Fiction,1.0,Family,Weekly,Woman
3047,29.0,"200,82760691671012",Afternoon,Documentaries,Science Fiction,0.0,Family,Weekly,Woman
3048,39.0,"122,67706256708216",Afternoon,Anime,Science Fiction,0.0,Premium,Weekly,Man
3049,40.0,"97,60535915140768",Afternoon,Documentaries,Science Fiction,1.0,Family,Weekly,Man
3050,38.0,"195,53318531588357",Night,Movies,Drama,1.0,Family,Weekly,Man
3051,38.0,"144,10003786529484",Night,Anime,Horror,0.0,Family,Weekly,Man
3052,34.0,"151,9987679440684",Night,Documentaries,Drama,0.0,Premium,Weekly,Woman
3053,58.0,"205,61139209536108",Night,Movies,Horror,1.0,Family,Weekly,Man
3054,44.0,"121,93921073886104",Night,Documentaries,Drama,1.0,Premium,Weekly,Man
3055,55.0,"149,65425353986416",Afternoon,Movies,Science Fiction,1.0,Family,Daily,Man
3056,40.0,"106,16330192059192",Late Night,Documentaries,Science Fiction,1.0,Family,Weekly,Woman
3057,56.0,"154,6539594937722",Night,Documentaries,Science Fiction,1.0,Family,Weekly,Woman
3058,41.0,"180,93531031405496",Night,Documentaries,Drama,0.0,Family,Weekly,Woman
3059,55.0,"138,18574176907285",Night,Documentaries,Horror,1.0,Family,Weekly,Woman
3060,46.0,"155,38389227361822",Night,Documentaries,Science Fiction,0.0,,Weekly,Man
3061,30.0,"95,52699656903906",Night,Anime,Science Fiction,1.0,Premium,Weekly,Woman
3062,55.0,"118,95398383292188",Night,Documentaries,Horror,1.0,Family,Weekly,Man
3063,61.0,"162,8389693769503",Morning,Movies,Science Fiction,1.0,Family,Daily,Man
3064,63.0,"112,11658423924214",Night,Movies,Science Fiction,1.0,Family,Weekly,Man
3065,45.0,"189,73890313888785",Night,Movies,Drama,1.0,Family,Weekly,Woman
3066,39.0,"168,9703339070472",Afternoon,Documentaries,Horror,0.0,Family,Weekly,Woman
3067,37.0,"132,8342098232617",Night,Anime,Drama,0.0,Premium,Occasional,Man
3068,40.0,"173,15692312770057",Afternoon,Documentaries,Drama,0.0,Premium,Weekly,Man
3069,34.0,"217,37767839960708",Night,Documentaries,Science Fiction,0.0,Family,Weekly,Woman
3070,62.0,"137,7213385462159",Afternoon,Movies,Science Fiction,1.0,Family,Weekly,Man
3071,40.0,"148,241688390554",Afternoon,Documentaries,Drama,0.0,Premium,Weekly,Woman
3072,56.0,"170,7912150750618",Night,Movies,Science Fiction,1.0,Family,Weekly,Man
3073,49.0,"130,6752220250224",Afternoon,Anime,Science Fiction,0.0,Premium,Weekly,Man
3074,57.0,"154,5309167336315",Afternoon,Documentaries,Horror,1.0,Family,Occasional,Woman
3075,40.0,"143,71628781428743",Night,Anime,Horror,0.0,Premium,Weekly,Man
3076,45.0,"174,93608001917045",Night,Documentaries,Drama,0.0,Family,Weekly,Woman
3077,60.0,"195,0121083858845",Afternoon,Movies,Horror,1.0,Family,Daily,Woman
3078,40.0,"137,6335652159851",Night,Documentaries,Drama,0.0,Premium,Weekly,Woman
3079,45.0,"197,8562477837286",Night,Documentaries,Science Fiction,0.0,,Weekly,Woman
3080,39.0,"115,64484455529846",Afternoon,Anime,Horror,0.0,Family,Weekly,Woman
3081,39.0,"190,7690686916596",Afternoon,Movies,Science Fiction,1.0,Family,Weekly,Woman
3082,35.0,"90,10032306399049",Afternoon,Anime,Science Fiction,1.0,,Weekly,Woman
3083,59.0,"217,55458036913507",Night,Movies,Horror,1.0,Family,Weekly,Man
3084,34.0,"44,95209733129451",Night,Anime,Science Fiction,1.0,Premium,Weekly,Woman
3085,29.0,"142,23980119155073",Afternoon,Anime,Drama,0.0,Free,Weekly,Man
3086,54.0,"165,14006188027045",Afternoon,Documentaries,Science Fiction,1.0,Family,Weekly,Man
3087,62.0,"166,14294770204978",Night,Movies,Science Fiction,1.0,Family,Weekly,Woman
3088,54.0,nan,Night,Documentaries,Science Fiction,1.0,,Weekly,Man
3089,49.0,"158,9084311467152",Afternoon,Movies,Drama,1.0,Family,Weekly,Woman
3090,35.0,"158,01138243635236",Afternoon,Anime,Science Fiction,0.0,Premium,Occasional,Man
3091,36.0,"179,09058453703716",Afternoon,Documentaries,Science Fiction,0.0,Family,Weekly,Man
3092,43.0,"70,28804467629692",Night,Anime,Science Fiction,1.0,Premium,Weekly,Man
3093,44.0,"164,11331631176031",Night,Documentaries,Drama,0.0,Premium,Weekly,Woman
3094,46.0,"122,64798373117436",Afternoon,Documentaries,Horror,0.0,Premium,Weekly,Man
3095,44.0,"127,1132896720844",Afternoon,Documentaries,Horror,1.0,Family,Weekly,Woman
3096,44.0,"159,29569397968518",Afternoon,Documentaries,Drama,1.0,Family,Weekly,Man
3097,33.0,"172,72559146990724",Afternoon,Documentaries,Science Fiction,0.0,Family,Weekly,Woman
3098,28.0,"82,01825600426162",Night,Anime,Science Fiction,0.0,Premium,Weekly,Woman
3099,56.0,"257,4486091778191",Afternoon,Movies,Horror,0.0,Family,Weekly,Woman
3100,46.0,"222,6600599916163",Night,Documentaries,Science Fiction,0.0,Family,Weekly,Man
3101,50.0,"199,8528640990789",Night,Documentaries,Horror,1.0,Family,Weekly,Woman
3102,46.0,"99,1879676160134",Afternoon,Documentaries,Science Fiction,1.0,Premium,Weekly,Man
3103,39.0,"132,83266658325874",Afternoon,Documentaries,Science Fiction,1.0,Family,Weekly,Woman
3104,58.0,"155,64460507198442",Afternoon,Anime,Horror,0.0,Premium,Weekly,Woman
3105,47.0,"207,5786272028086",Night,Documentaries,Science Fiction,0.0,Family,Weekly,Woman
3106,65.0,"162,16378310438287",Night,Movies,Science Fiction,1.0,Family,Weekly,Woman
3107,56.0,"101,60592170577615",Night,Movies,Science Fiction,1.0,Family,Daily,Woman
3108,46.0,"149,8850725393079",Night,Documentaries,Horror,1.0,Family,Weekly,Man
3109,52.0,"231,78768769646064",Afternoon,Movies,Horror,0.0,Family,Weekly,Man
3110,29.0,"64,12374424500703",Night,Anime,Science Fiction,1.0,Premium,Weekly,Man
3111,60.0,"207,1889231066423",Night,Movies,Science Fiction,1.0,Family,Daily,Man
3112,58.0,"163,87091545663543",Night,Movies,Science Fiction,1.0,Family,Weekly,Woman
3113,56.0,"124,82094779533269",Afternoon,Documentaries,Horror,1.0,Family,Weekly,Man
3114,40.0,"135,9055425182888",Night,Anime,Science Fiction,0.0,,Weekly,Woman
3115,54.0,"120,72526166095298",Afternoon,Movies,Horror,1.0,Family,Daily,Woman
3116,35.0,"185,68405409738733",Night,Documentaries,Drama,0.0,Premium,Weekly,Woman
3117,45.0,nan,Night,Anime,Science Fiction,0.0,Premium,Weekly,Woman
3118,59.0,"190,58468820212167",Afternoon,Movies,Science Fiction,1.0,Family,Weekly,Man
3119,60.0,"96,44130559744464",Night,Documentaries,Science Fiction,1.0,Family,Weekly,Woman
3120,40.0,"165,5167859952096",Night,Documentaries,Science Fiction,1.0,Family,Weekly,Man
3121,30.0,"175,06163998785408",Afternoon,Documentaries,Drama,0.0,Premium,Weekly,Woman
3122,45.0,"130,20999367929164",Night,Documentaries,Drama,1.0,Premium,Weekly,Woman
3123,58.0,"140,55295304746625",Afternoon,Movies,Science Fiction,1.0,Family,Daily,Woman
3124,23.0,"77,96445076973069",Night,Anime,Science Fiction,0.0,Premium,Weekly,Man
3125,39.0,"184,3240674702285",Afternoon,Documentaries,Drama,0.0,Premium,Occasional,Man
3126,39.0,"112,54644601515938",Afternoon,Anime,Science Fiction,0.0,Premium,Weekly,Woman
3127,48.0,"105,67816336569398",Afternoon,Anime,Science Fiction,0.0,,Weekly,Woman
3128,37.0,"94,31690599226856",Night,Anime,Science Fiction,1.0,Premium,Weekly,Woman
3129,42.0,"127,42551959507962",Afternoon,Documentaries,Science Fiction,1.0,Family,Weekly,Man
3130,33.0,"66,32840620380189",Afternoon,Anime,Science Fiction,1.0,Premium,Weekly,Woman
3131,49.0,"93,36861987203228",Night,Anime,Science Fiction,1.0,Family,Weekly,Woman
3132,44.0,"103,43268369404744",Night,Anime,Science Fiction,1.0,Premium,Weekly,Man
3133,45.0,"138,478830561273",Night,Documentaries,Science Fiction,1.0,,Daily,Woman
3134,46.0,"160,52477261876172",Night,Documentaries,Drama,1.0,Family,Weekly,Man
3135,23.0,"185,93906340192868",Night,Anime,Drama,0.0,Premium,Weekly,Woman
3136,51.0,nan,Afternoon,Documentaries,Horror,1.0,Family,Daily,Woman
3137,39.0,"189,45569313694097",Afternoon,Documentaries,Science Fiction,0.0,Family,Weekly,Woman
3138,41.0,"131,45852557981385",Afternoon,Documentaries,Horror,1.0,Family,Weekly,Man
3139,36.0,"161,5901018105043",Afternoon,Documentaries,Drama,0.0,Premium,Weekly,Woman
3140,37.0,"188,3131514661892",Afternoon,Documentaries,Drama,0.0,Premium,Weekly,Man
3141,38.0,"169,0836243845307",Night,Documentaries,Drama,0.0,Premium,Weekly,Woman
3142,36.0,"174,67850350914864",Afternoon,Documentaries,Drama,0.0,Premium,Weekly,Woman
3143,40.0,"110,61469957203774",Afternoon,Documentaries,Drama,0.0,Premium,Weekly,Man
3144,45.0,"126,04453469207904",Night,Documentaries,Drama,1.0,Premium,Weekly,Man
3145,56.0,"157,07493625358993",Afternoon,Movies,Science Fiction,1.0,,Weekly,Man
3146,40.0,"141,08527316885832",Night,Documentaries,Science Fiction,1.0,Family,Weekly,Man
3147,30.0,"163,35973385286007",Night,Documentaries,Horror,0.0,Family,Weekly,Man
3148,42.0,"133,52113165674783",Night,Anime,Horror,0.0,Premium,Weekly,Man
3149,59.0,"171,23929641355124",Night,Movies,Science Fiction,1.0,Family,Weekly,Man
3150,42.0,"132,75329807700368",Afternoon,Documentaries,Drama,0.0,Premium,Weekly,Man
3151,40.0,"67,97797071017072",Night,Anime,Science Fiction,0.0,Premium,Weekly,Woman
3152,50.0,"255,45743091757456",Late Night,Movies,Science Fiction,0.0,Family,Weekly,Man
3153,40.0,"161,17281005150716",Night,Documentaries,Drama,0.0,Premium,Weekly,Man
3154,41.0,"141,05429544017198",Afternoon,Documentaries,Science Fiction,1.0,Family,Weekly,Man
3155,37.0,"166,24592693194893",Night,Documentaries,Science Fiction,0.0,Premium,Weekly,Man
3156,62.0,"171,85946267318397",Morning,Movies,Horror,1.0,Family,Weekly,Woman
3157,40.0,"150,91492710907232",Afternoon,Documentaries,Drama,0.0,Premium,Weekly,Man
3158,34.0,"53,86586923514931",Afternoon,Anime,Science Fiction,1.0,Premium,Weekly,Man
3159,52.0,"180,12233760054002",Afternoon,Movies,Science Fiction,1.0,Student,Weekly,Man
3160,29.0,"148,6113666803877",Afternoon,Anime,Horror,0.0,Family,Weekly,Man
3161,46.0,"210,2253811388186",Afternoon,Documentaries,Science Fiction,0.0,Family,Weekly,Man
3162,42.0,"76,63874058664467",Night,Anime,Science Fiction,1.0,Premium,Weekly,Woman
3163,42.0,"157,73684203636043",Night,Documentaries,Drama,0.0,Premium,Weekly,Woman
3164,52.0,"131,42158696762868",Night,Documentaries,Horror,1.0,Family,Weekly,Man
3165,46.0,"156,72215374563186",Night,Documentaries,Drama,0.0,Premium,Weekly,Woman
3166,50.0,"196,49401656150127",Morning,Movies,Science Fiction,1.0,Family,Weekly,Man
3167,36.0,"137,19160693713553",Night,Anime,Horror,0.0,Family,Weekly,Man
3168,36.0,"202,5219246838277",Afternoon,Movies,Science Fiction,1.0,Family,Weekly,Woman
3169,57.0,"194,18219419037223",Night,Movies,Science Fiction,1.0,Family,Daily,Man
3170,36.0,"116,965996813488",Night,Anime,Horror,1.0,Family,Weekly,Woman
3171,30.0,"159,4345870273117",Night,Anime,Horror,0.0,Family,Weekly,Man
3172,35.0,"82,8752760758089",Night,Anime,Science Fiction,1.0,Family,Weekly,Woman
3173,39.0,"82,88100283836059",Night,Anime,Science Fiction,1.0,Premium,Weekly,Woman
3174,38.0,"165,659313844716",Afternoon,Documentaries,Drama,0.0,Premium,Weekly,Man
3175,43.0,"105,27804515520891",Night,Anime,Science Fiction,1.0,Premium,Weekly,Man
3176,33.0,"148,73451314514372",Night,Documentaries,Drama,0.0,Premium,Weekly,Man
3177,51.0,"250,2673204850052",Night,Documentaries,Horror,0.0,Family,Weekly,Man
3178,58.0,"233,0896071867525",Afternoon,Movies,Horror,1.0,Student,Weekly,Man
3179,40.0,"125,29848063070408",Afternoon,Documentaries,Drama,0.0,Premium,Weekly,Man
3180,25.0,"158,14963784195203",Night,Anime,Horror,0.0,Premium,Weekly,Woman
3181,41.0,nan,Night,Documentaries,Drama,0.0,Premium,Weekly,Woman
3182,45.0,"169,74640198163078",Afternoon,Documentaries,Science Fiction,1.0,Family,Weekly,Woman
3183,50.0,"153,64556459806263",Afternoon,Documentaries,Horror,1.0,Family,Weekly,Woman
3184,27.0,"131,10947339054405",Afternoon,Documentaries,Drama,0.0,Free,Weekly,Man
3185,41.0,"181,8301135495245",Afternoon,Documentaries,Horror,0.0,Family,Weekly,Man
3186,40.0,"144,37666552681753",Afternoon,Documentaries,Drama,0.0,Premium,Weekly,Man
3187,47.0,"127,91851175535903",Night,Anime,Horror,0.0,Premium,Weekly,Man
3188,52.0,"119,8394738254572",Night,Documentaries,Horror,1.0,Family,Weekly,Woman
3189,33.0,"200,77187013150785",Night,Documentaries,Science Fiction,0.0,Family,Weekly,Man
3190,50.0,"161,8284818497845",Night,Documentaries,Horror,1.0,Family,Weekly,Man
3191,38.0,"124,67267750887116",Afternoon,Anime,Science Fiction,0.0,,Weekly,Man
3192,64.0,"111,55004944865672",Night,Documentaries,Science Fiction,1.0,Family,Weekly,Man
3193,41.0,"129,28843445047147",Night,Documentaries,Drama,0.0,Premium,Weekly,Man
3194,46.0,"161,252704434103",Night,Documentaries,Drama,1.0,Family,Weekly,Woman
3195,48.0,"225,7402536548661",Afternoon,Documentaries,Science Fiction,0.0,Family,Weekly,Woman
3196,29.0,"56,24817100905313",Night,Anime,Science Fiction,1.0,Premium,Weekly,Man
3197,66.0,"149,32825389109286",Afternoon,Movies,Drama,1.0,Family,Weekly,Man
3198,32.0,"170,97409382592852",Afternoon,Anime,Horror,0.0,Family,Weekly,Man
3199,36.0,"156,9593673049392",Night,Anime,Science Fiction,0.0,Family,Weekly,Woman
3200,47.0,"147,44156504487836",Afternoon,Documentaries,Science Fiction,1.0,Family,Weekly,Man
3201,66.0,"114,04028532110482",Night,Movies,Science Fiction,1.0,Family,Weekly,Woman
3202,37.0,"146,19609621194633",Afternoon,Documentaries,Horror,1.0,,Weekly,Woman
3203,58.0,"213,04637603789945",Night,Movies,Drama,1.0,Student,Weekly,Woman
3204,36.0,"162,710625324976",Afternoon,Documentaries,Drama,0.0,Premium,Weekly,Woman
3205,37.0,"100,76151480322363",Night,Anime,Science Fiction,1.0,Premium,Weekly,Man
3206,50.0,"128,88640587071546",Night,Documentaries,Science Fiction,1.0,Family,Weekly,Woman
3207,51.0,"204,53009769206017",Afternoon,Documentaries,Science Fiction,0.0,Family,Weekly,Man
3208,49.0,"135,3629364036432",Afternoon,Documentaries,Science Fiction,1.0,Family,Weekly,Woman
3209,38.0,"204,8870648711858",Night,Documentaries,Science Fiction,0.0,Family,Weekly,Man
3210,55.0,"91,95601451307766",Afternoon,Documentaries,Science Fiction,1.0,Family,Weekly,Man
3211,61.0,"224,61135808113647",Night,Movies,Science Fiction,1.0,Family,Weekly,Man
3212,45.0,"119,6817770535789",Night,Documentaries,Science Fiction,1.0,,Weekly,Man
3213,59.0,nan,Night,Documentaries,Science Fiction,1.0,Family,Weekly,Woman
3214,34.0,"177,8693625680013",Night,Documentaries,Drama,0.0,Premium,Weekly,Woman
3215,44.0,"170,07044675296837",Night,Documentaries,Horror,0.0,Family,Weekly,Woman
3216,41.0,"167,41844412910754",Night,Documentaries,Drama,0.0,Premium,Weekly,Man
3217,52.0,"153,70867315425485",Afternoon,Documentaries,Science Fiction,1.0,Family,Weekly,Woman
3218,40.0,"160,93044350391716",Night,Documentaries,Science Fiction,1.0,Family,Weekly,Woman
3219,34.0,"176,72181987402527",Night,Documentaries,Drama,0.0,Premium,Weekly,Man
3220,55.0,"179,8016127075622",Night,Movies,Science Fiction,1.0,Family,Weekly,Man
3221,46.0,"201,33810079089213",Night,Movies,Science Fiction,1.0,Student,Weekly,Woman
3222,56.0,"85,45409247158332",Afternoon,Anime,Horror,1.0,Family,Weekly,Man
3223,34.0,"127,59329010534556",Night,Anime,Drama,0.0,Premium,Weekly,Woman
3224,35.0,"177,68763240524444",Night,Documentaries,Drama,0.0,Premium,Weekly,Woman
3225,52.0,"126,38124109877825",Night,Documentaries,Science Fiction,1.0,Family,Weekly,Woman
3226,35.0,"58,90667981796163",Afternoon,Anime,Science Fiction,1.0,Premium,Weekly,Man
3227,53.0,"186,6759726957241",Afternoon,Documentaries,Science Fiction,1.0,Family,Weekly,Woman
3228,40.0,"169,66042478131473",Night,Documentaries,Drama,0.0,Premium,Weekly,Man
3229,34.0,"160,84913683419947",Night,Documentaries,Drama,0.0,Premium,Weekly,Man
3230,65.0,"197,2076393574256",Night,Movies,Science Fiction,1.0,Family,Weekly,Woman
3231,44.0,"187,64578851289207",Night,Movies,Science Fiction,1.0,Family,Weekly,Woman
3232,47.0,nan,Night,Documentaries,Science Fiction,1.0,Family,Weekly,Woman
3233,31.0,"39,801224821929566",Afternoon,Anime,Science Fiction,1.0,Premium,Weekly,Woman
3234,40.0,"133,64200313815965",Night,Documentaries,Horror,1.0,Family,Weekly,Man
3235,44.0,"176,33182726523012",Night,Documentaries,Science Fiction,1.0,Family,Weekly,Woman
3236,55.0,"133,27466697417177",Afternoon,Documentaries,Horror,0.0,Premium,Weekly,Man
3237,58.0,"178,32244868692442",Night,Movies,Science Fiction,1.0,Family,Weekly,Woman
3238,43.0,nan,Afternoon,Anime,Science Fiction,0.0,Premium,Weekly,Woman
3239,45.0,"175,37273782583426",Night,Documentaries,Drama,0.0,Family,Weekly,Woman
3240,33.0,"142,59662827141284",Night,Anime,Horror,0.0,Family,Weekly,Woman
3241,37.0,"148,27668795453926",Night,Anime,Horror,0.0,Premium,Occasional,Woman
3242,44.0,"104,91646745810228",Afternoon,Anime,Science Fiction,1.0,Family,Weekly,Woman
3243,46.0,"172,6638097795402",Afternoon,Documentaries,Science Fiction,0.0,Family,Weekly,Woman
3244,33.0,"178,6345871252648",Afternoon,Anime,Drama,0.0,Premium,Weekly,Woman
3245,45.0,"171,4078316144698",Morning,Documentaries,Science Fiction,1.0,Family,Weekly,Woman
3246,43.0,"177,22127673665855",Afternoon,Movies,Science Fiction,1.0,Family,Weekly,Woman
3247,34.0,"161,11912443932437",Night,Documentaries,Action,0.0,Premium,Weekly,Man
3248,54.0,"110,24194929261584",Night,Documentaries,Science Fiction,1.0,Family,Weekly,Woman
3249,55.0,"225,44879596689407",Night,Documentaries,Science Fiction,0.0,Family,Weekly,Man
3250,31.0,"81,2921307074276",Afternoon,Anime,Science Fiction,1.0,,Weekly,Woman
3251,43.0,"176,29597815622392",Night,Documentaries,Drama,0.0,Family,Weekly,Woman
3252,42.0,"69,60047396775275",Night,Documentaries,Science Fiction,1.0,Premium,Weekly,Man
3253,57.0,"273,3432460586822",Late Night,Movies,Horror,0.0,Family,Weekly,Woman
3254,41.0,"96,00182151081754",Night,Anime,Science Fiction,1.0,Premium,Weekly,Man
3255,38.0,"187,2677213042992",Afternoon,Documentaries,Horror,1.0,Family,Weekly,Man
3256,55.0,"155,85025368174948",Night,Documentaries,Science Fiction,0.0,Family,Occasional,Man
3257,57.0,"184,31617022963",Afternoon,Documentaries,Horror,1.0,Family,Weekly,Woman
3258,50.0,"105,68965678887965",Afternoon,Documentaries,Science Fiction,1.0,,Weekly,Man
3259,44.0,"159,94748223854532",Night,Documentaries,Drama,0.0,Premium,Weekly,Man
3260,45.0,"37,31232669089928",Afternoon,Anime,Science Fiction,1.0,Premium,Weekly,Man
3261,51.0,"159,9267953592894",Afternoon,Movies,Science Fiction,1.0,Family,Weekly,Man
3262,54.0,"241,91843620457712",Afternoon,Movies,Science Fiction,0.0,Family,Weekly,Man
3263,41.0,"148,37265097667174",Night,Documentaries,Drama,0.0,Premium,Weekly,Woman
3264,56.0,"178,40833547291604",Night,Anime,Horror,0.0,Premium,Weekly,Woman
3265,31.0,"166,54504009378198",Afternoon,Documentaries,Drama,0.0,Premium,Weekly,Woman
3266,35.0,nan,Afternoon,Documentaries,Drama,0.0,Premium,Weekly,Woman
3267,63.0,"125,01275104528445",Afternoon,Movies,Science Fiction,1.0,Family,Weekly,Woman
3268,46.0,"138,34601417367145",Night,Anime,Science Fiction,0.0,Premium,Weekly,Woman
3269,47.0,"106,8587875404834",Night,Anime,Science Fiction,0.0,Premium,Weekly,Woman
3270,48.0,"212,5065214385944",Afternoon,Documentaries,Horror,0.0,Family,Weekly,Man
3271,51.0,"62,49516307326967",Night,Documentaries,Science Fiction,1.0,Premium,Daily,Man
3272,35.0,nan,Afternoon,Documentaries,Science Fiction,0.0,Family,Weekly,Man
3273,42.0,"167,8964963382847",Night,Anime,Drama,0.0,Premium,Occasional,Man
3274,43.0,"173,30094385285565",Afternoon,Documentaries,Drama,0.0,Family,Weekly,Man
3275,37.0,"142,2606343630934",Night,Documentaries,Drama,0.0,Premium,Weekly,Man
3276,53.0,"152,75290188789162",Morning,Documentaries,Horror,1.0,Family,Weekly,Woman
3277,57.0,"91,90936007957484",Night,Documentaries,Science Fiction,1.0,Family,Weekly,Woman
3278,61.0,"107,51496987206114",Night,Movies,Science Fiction,1.0,Family,Weekly,Man
3279,42.0,"67,5439387060291",Afternoon,Anime,Science Fiction,0.0,Premium,Weekly,Woman
3280,45.0,"85,47301476102291",Night,Anime,Science Fiction,1.0,Premium,Weekly,Man
3281,42.0,"156,0631564912221",Afternoon,Documentaries,Drama,0.0,Premium,Weekly,Woman
3282,41.0,"175,89555604736674",Morning,Documentaries,Drama,0.0,Family,Weekly,Man
3283,50.0,"149,39250873965133",Afternoon,Anime,Horror,0.0,Premium,Weekly,Woman
3284,61.0,"261,8084494367914",Night,Movies,Horror,1.0,Student,Weekly,Woman
3285,40.0,"209,25588093147505",Night,Documentaries,Science Fiction,0.0,Family,Weekly,Man
3286,45.0,"179,0031910025479",Night,Documentaries,Science Fiction,0.0,Family,Weekly,Man
3287,36.0,"197,3688418527477",Night,Anime,Science Fiction,0.0,Family,Occasional,Man
3288,43.0,"68,50986047264666",Afternoon,Documentaries,Science Fiction,1.0,Family,Weekly,Man
3289,32.0,"98,59688836906548",Night,Anime,Science Fiction,1.0,Family,Weekly,Woman
3290,24.0,"152,74189730936902",Afternoon,Anime,Drama,0.0,Free,Weekly,Woman
3291,42.0,"158,12453877638163",Afternoon,Documentaries,Science Fiction,0.0,Family,Weekly,Woman
3292,46.0,"122,31091215140582",Night,Anime,Horror,1.0,Family,Weekly,Man
3293,36.0,"108,03732679689212",Afternoon,Anime,Science Fiction,0.0,Premium,Weekly,Man
3294,46.0,"142,24151173307064",Night,Anime,Drama,0.0,Premium,Occasional,Woman
3295,37.0,"113,45017038598164",Night,Anime,Science Fiction,0.0,Premium,Weekly,Man
3296,37.0,"211,8545645832959",Afternoon,Documentaries,Science Fiction,0.0,Family,Weekly,Woman
3297,35.0,"148,65962302551776",Afternoon,Documentaries,Drama,0.0,Premium,Weekly,Man
3298,38.0,nan,Night,Documentaries,Science Fiction,0.0,Premium,Weekly,Man
3299,58.0,"122,48226693220413",Night,Movies,Drama,1.0,Family,Weekly,Woman
3300,44.0,"87,65121805832229",Night,Anime,Science Fiction,1.0,Premium,Weekly,Man
3301,49.0,"173,31713948796275",Afternoon,Documentaries,Science Fiction,1.0,Family,Weekly,Man
3302,59.0,"146,95729066339587",Night,Movies,Horror,1.0,Family,Weekly,Woman
3303,38.0,"136,805502980943",Afternoon,Anime,Science Fiction,0.0,,Weekly,Man
3304,44.0,nan,Night,Documentaries,Drama,0.0,Premium,Weekly,Man
3305,54.0,"132,8758958316263",Night,Movies,Science Fiction,1.0,Family,Weekly,Man
3306,47.0,"136,07078387387782",Night,Documentaries,Drama,1.0,Premium,Weekly,Man
3307,41.0,"83,3685012450381",Night,Anime,Science Fiction,1.0,Family,Weekly,Man
3308,42.0,"146,3969210171709",Afternoon,Documentaries,Drama,0.0,Premium,Weekly,Man
3309,36.0,"186,985726278501",Morning,Anime,Drama,0.0,Premium,Occasional,Man
3310,40.0,"94,78065540081523",Afternoon,Anime,Science Fiction,1.0,,Weekly,Woman
3311,36.0,"153,15902500824734",Afternoon,Documentaries,Drama,0.0,Premium,Weekly,Woman
3312,40.0,"216,6441545696542",Night,Movies,Drama,0.0,Family,Weekly,Woman
3313,34.0,"214,01411062147992",Afternoon,Documentaries,Science Fiction,0.0,Family,Weekly,Man
3314,62.0,"95,0042144266331",Night,Movies,Science Fiction,1.0,Family,Weekly,Man
3315,43.0,"157,77930414056306",Afternoon,Documentaries,Drama,0.0,Premium,Weekly,Woman
3316,39.0,"211,4376803906675",Night,Documentaries,Science Fiction,0.0,Premium,Weekly,Man
3317,58.0,"225,44607444956057",Night,Movies,Science Fiction,1.0,Family,Weekly,Woman
3318,30.0,nan,Night,Anime,Science Fiction,1.0,Family,Weekly,Woman
3319,42.0,"152,38426120041245",Night,Documentaries,Drama,0.0,Premium,Weekly,Man
3320,50.0,"142,87743253574428",Afternoon,Documentaries,Horror,1.0,Family,Weekly,Woman
3321,36.0,"67,61929110557392",Afternoon,Anime,Science Fiction,1.0,Premium,Weekly,Man
3322,52.0,"239,0274055183863",Afternoon,Documentaries,Horror,0.0,Family,Weekly,Woman
3323,34.0,"150,61961490335028",Afternoon,Anime,Horror,0.0,Family,Weekly,Man
3324,56.0,"210,6966167842544",Afternoon,Movies,Science Fiction,1.0,Family,Weekly,Woman
3325,42.0,"103,8162432192625",Night,Documentaries,Science Fiction,1.0,Premium,Weekly,Man
3326,40.0,"168,16262124939277",Afternoon,Documentaries,Science Fiction,1.0,Family,Weekly,Man
3327,58.0,"147,00951534351495",Afternoon,Movies,Science Fiction,1.0,Family,Weekly,Woman
3328,43.0,"150,82827423289572",Night,Documentaries,Drama,0.0,Premium,Weekly,Man
3329,55.0,"141,4588920019214",Night,Documentaries,Science Fiction,1.0,Family,Weekly,Woman
3330,37.0,"165,2392694738146",Afternoon,Documentaries,Drama,0.0,Premium,Weekly,Woman
3331,38.0,"162,01526899636497",Night,Anime,Science Fiction,0.0,Family,Weekly,Man
3332,43.0,"190,49996677537925",Afternoon,Documentaries,Science Fiction,0.0,Family,Weekly,Man
3333,46.0,"166,47179330032313",Afternoon,Documentaries,Horror,1.0,Family,Weekly,Woman
3334,61.0,"155,26981205322022",Afternoon,Movies,Science Fiction,1.0,Family,Weekly,Man
3335,35.0,"148,0034296657009",Afternoon,Documentaries,Science Fiction,0.0,Family,Weekly,Woman
3336,37.0,"43,1683281124272",Afternoon,Anime,Science Fiction,1.0,Premium,Weekly,Woman
3337,63.0,"147,04533748251026",Night,Movies,Science Fiction,1.0,Family,Weekly,Man
3338,43.0,"200,84857162182752",Afternoon,Documentaries,Science Fiction,0.0,Family,Weekly,Woman
3339,52.0,"138,52653730403202",Night,Documentaries,Horror,1.0,Family,Weekly,Man
3340,43.0,"125,99117186164902",Afternoon,Movies,Drama,1.0,Premium,Daily,Woman
3341,57.0,"238,37622913190404",Night,Movies,Horror,0.0,Family,Weekly,Woman
3342,58.0,"157,72743285344887",Night,Movies,Science Fiction,1.0,Family,Weekly,Man
3343,40.0,"69,26738252612202",Afternoon,Anime,Science Fiction,1.0,Premium,Weekly,Man
3344,45.0,"105,28738526115242",Night,Anime,Science Fiction,1.0,Family,Weekly,Man
3345,55.0,"125,901662124957",Afternoon,Movies,Science Fiction,1.0,Family,Daily,Man
3346,45.0,"116,13980036254168",Afternoon,Documentaries,Horror,1.0,Family,Weekly,Man
3347,58.0,"165,30799549383795",Afternoon,Movies,Science Fiction,1.0,Family,Daily,Man
3348,33.0,nan,Afternoon,Documentaries,Drama,0.0,Premium,Weekly,Man
3349,48.0,"197,50672295621183",Night,Movies,Drama,1.0,Family,Weekly,Man
3350,44.0,"149,1283490487041",Afternoon,Documentaries,Science Fiction,1.0,Family,Weekly,Man
3351,49.0,"166,54902553452104",Night,Documentaries,Science Fiction,1.0,Family,Weekly,Man
3352,36.0,"186,7592083767255",Night,Documentaries,Drama,0.0,,Weekly,Man
3353,41.0,"147,34468183848566",Afternoon,Anime,Drama,0.0,Premium,Weekly,Man
3354,37.0,"137,75290734592576",Afternoon,Anime,Science Fiction,0.0,Premium,Weekly,Man
3355,41.0,"107,2356334279866",Night,Anime,Science Fiction,1.0,Premium,Weekly,Man
3356,34.0,"127,7605077728018",Night,Documentaries,Science Fiction,1.0,Family,Weekly,Woman
3357,42.0,"139,10330145898038",Night,Documentaries,Horror,0.0,Family,Weekly,Man
3358,37.0,"213,59901866875245",Afternoon,Documentaries,Science Fiction,0.0,Premium,Weekly,Woman
3359,42.0,"70,9780208005653",Night,Documentaries,Science Fiction,1.0,Family,Weekly,Woman
3360,38.0,"142,8678448117848",Night,Anime,Science Fiction,0.0,Family,Weekly,Man
3361,31.0,"162,3594493339537",Afternoon,Documentaries,Drama,0.0,Premium,Weekly,Man
3362,30.0,"146,93209122754072",Night,Documentaries,Drama,0.0,Premium,Weekly,Man
3363,37.0,"179,62134101203287",Night,Documentaries,Drama,0.0,Premium,Weekly,Woman
3364,21.0,"168,76003244501257",Afternoon,Anime,Horror,0.0,Family,Weekly,Man
3365,59.0,"155,1107358499107",Afternoon,Movies,Horror,1.0,Family,Daily,Man
3366,32.0,"108,15142329793647",Afternoon,Anime,Science Fiction,0.0,Premium,Weekly,Man
3367,47.0,"136,27619766708372",Afternoon,Documentaries,Horror,1.0,Family,Weekly,Woman
3368,41.0,"202,832136521813",Afternoon,Documentaries,Science Fiction,0.0,Family,Weekly,Man
3369,37.0,"137,0614775341192",Night,Documentaries,Horror,1.0,,Weekly,Woman
3370,36.0,nan,Night,Anime,Science Fiction,0.0,Premium,Weekly,Woman
3371,30.0,"142,112993659273",Night,Anime,Horror,0.0,Premium,Weekly,Man
3372,48.0,"146,52472467695128",Afternoon,Documentaries,Horror,1.0,Family,Weekly,Woman
3373,51.0,"187,96993745095065",Afternoon,Documentaries,Science Fiction,0.0,Family,Weekly,Man
3374,37.0,"49,08484388919238",Afternoon,Anime,Science Fiction,1.0,Family,Weekly,Man
3375,59.0,nan,Night,Movies,Science Fiction,1.0,,Daily,Woman
3376,40.0,"43,23017642792041",Night,Anime,Science Fiction,1.0,Premium,Weekly,Woman
3377,63.0,"139,07919618480727",Night,Movies,Science Fiction,1.0,Family,Weekly,Woman
3378,46.0,"162,89310666832762",Afternoon,Documentaries,Science Fiction,0.0,Family,Weekly,Woman
3379,45.0,"38,37112606201916",Night,Documentaries,Science Fiction,1.0,Premium,Weekly,Woman
3380,35.0,"175,3746478025389",Night,Documentaries,Drama,0.0,Premium,Weekly,Woman
3381,40.0,"205,11277959857296",Night,Movies,Science Fiction,1.0,Family,Weekly,Woman
3382,49.0,"194,35803599188188",Afternoon,Documentaries,Science Fiction,0.0,Family,Weekly,Man
3383,33.0,"94,6280528717819",Afternoon,Anime,Science Fiction,1.0,Premium,Weekly,Man
3384,41.0,"177,97821897686964",Afternoon,Documentaries,Science Fiction,1.0,Family,Weekly,Man
3385,41.0,"160,30555463055578",Afternoon,Documentaries,Science Fiction,0.0,Family,Weekly,Man
3386,52.0,"180,6521389309163",Afternoon,Documentaries,Horror,1.0,Family,Weekly,Man
3387,52.0,nan,Afternoon,Documentaries,Science Fiction,1.0,Family,Weekly,Woman
3388,38.0,"163,51109946999773",Night,Documentaries,Science Fiction,0.0,Family,Weekly,Man
3389,46.0,"142,1596016638364",Afternoon,Documentaries,Science Fiction,1.0,Family,Weekly,Woman
3390,36.0,"53,28753994510873",Afternoon,Anime,Science Fiction,1.0,Family,Weekly,Man
3391,56.0,"170,39588542919194",Night,Movies,Horror,1.0,Family,Weekly,Woman
3392,53.0,"157,784490221441",Night,Documentaries,Science Fiction,1.0,Family,Weekly,Man
3393,60.0,"172,38310532191346",Night,Movies,Science Fiction,1.0,Family,Daily,Woman
3394,40.0,nan,Afternoon,Anime,Science Fiction,0.0,Premium,Weekly,Man
3395,58.0,"189,75727173002",Night,Movies,Horror,1.0,,Weekly,Woman
3396,56.0,"144,41681938166934",Afternoon,Documentaries,Horror,1.0,Family,Weekly,Woman
3397,34.0,"145,18707403508057",Afternoon,Anime,Drama,0.0,Premium,Occasional,Woman
3398,22.0,"53,32584972003911",Night,Anime,Science Fiction,1.0,Premium,Weekly,Woman
3399,38.0,"148,22429148449584",Night,Documentaries,Science Fiction,0.0,Family,Weekly,Man
3400,44.0,"164,93233153708007",Afternoon,Documentaries,Science Fiction,0.0,Premium,Weekly,Man
3401,56.0,"156,27091225314047",Afternoon,Documentaries,Science Fiction,1.0,Family,Weekly,Woman
3402,31.0,nan,Night,Anime,Science Fiction,1.0,,Weekly,Man
3403,33.0,"105,25492709676338",Night,Anime,Science Fiction,0.0,Premium,Weekly,Man
3404,54.0,"203,49021156671316",Night,Movies,Science Fiction,1.0,Family,Daily,Man
3405,58.0,"162,59671282126305",Afternoon,Movies,Science Fiction,1.0,Family,Weekly,Man
3406,36.0,"160,01233902741257",Afternoon,Documentaries,Drama,0.0,Premium,Weekly,Man
3407,47.0,"171,5741367643133",Night,Documentaries,Science Fiction,0.0,Family,Weekly,Woman
3408,40.0,"154,91784229614694",Afternoon,Documentaries,Science Fiction,0.0,Premium,Weekly,Woman
3409,27.0,"181,1095754050777",Night,Documentaries,Science Fiction,0.0,Family,Weekly,Man
3410,25.0,"146,881910752543",Afternoon,Anime,Action,0.0,Premium,Weekly,Man
3411,29.0,"233,9342134919601",Night,Documentaries,Science Fiction,0.0,Family,Weekly,Woman
3412,58.0,"232,82549632196205",Night,Movies,Science Fiction,0.0,Family,Weekly,Man
3413,40.0,"155,11691674246563",Night,Documentaries,Drama,0.0,Premium,Weekly,Woman
3414,35.0,"147,53094821571003",Afternoon,Anime,Horror,0.0,Family,Weekly,Man
3415,61.0,"210,0015926812522",Afternoon,Movies,Science Fiction,1.0,Family,Weekly,Woman
3416,47.0,"143,5689910010865",Afternoon,Documentaries,Drama,0.0,,Weekly,Man
3417,37.0,"193,8939283821866",Afternoon,Documentaries,Science Fiction,0.0,Family,Weekly,Man
3418,43.0,"123,80041409483836",Night,Documentaries,Drama,1.0,Premium,Weekly,Woman
3419,52.0,"158,6193359369857",Night,Movies,Science Fiction,1.0,Premium,Daily,Woman
3420,39.0,"152,80644613771892",Night,Documentaries,Science Fiction,0.0,Family,Weekly,Man
3421,56.0,"164,96415822116",Afternoon,Movies,Horror,1.0,Family,Weekly,Man
3422,54.0,"130,33983115211967",Afternoon,Documentaries,Science Fiction,1.0,,Weekly,Woman
3423,52.0,"153,14826769158032",Afternoon,Documentaries,Science Fiction,1.0,Family,Weekly,Woman
3424,65.0,"145,25901815070063",Night,Movies,Science Fiction,1.0,Family,Weekly,Woman
3425,39.0,"195,57199569449276",Afternoon,Documentaries,Science Fiction,0.0,Family,Weekly,Man
3426,24.0,nan,Night,Anime,Science Fiction,1.0,Premium,Weekly,Man
3427,33.0,"168,05875199997726",Afternoon,Documentaries,Drama,0.0,Premium,Weekly,Man
3428,31.0,"119,8382611689755",Night,Reality Shows,Horror,0.0,Premium,Occasional,Woman
3429,58.0,"117,36975768211607",Afternoon,Movies,Science Fiction,1.0,Family,Daily,Man
3430,57.0,"162,92160556088302",Afternoon,Movies,Horror,1.0,Family,Daily,Man
3431,41.0,"169,2212992651471",Afternoon,Documentaries,Drama,0.0,Premium,Weekly,Woman
3432,34.0,"131,75274111292416",Night,Documentaries,Science Fiction,1.0,Family,Weekly,Man
3433,37.0,"233,64986194384375",Afternoon,Documentaries,Science Fiction,0.0,Family,Weekly,Man
3434,52.0,"173,33591097008176",Morning,Documentaries,Science Fiction,1.0,Family,Weekly,Woman
3435,50.0,nan,Afternoon,Documentaries,Science Fiction,1.0,Family,Weekly,Woman
3436,48.0,"112,988630834549",Night,Documentaries,Science Fiction,1.0,Family,Weekly,Woman
3437,32.0,"93,12933426581873",Night,Anime,Science Fiction,0.0,Premium,Weekly,Woman
3438,53.0,"215,44947375105005",Afternoon,Movies,Science Fiction,0.0,,Weekly,Man
3439,62.0,"144,29733091232447",Night,Movies,Science Fiction,1.0,Family,Weekly,Man
3440,33.0,"203,52961217813436",Night,Documentaries,Drama,0.0,Premium,Weekly,Man
3441,47.0,"138,30841560384135",Afternoon,Documentaries,Drama,1.0,Premium,Weekly,Woman
3442,42.0,"193,21539136826905",Night,Documentaries,Science Fiction,0.0,Family,Weekly,Man
3443,38.0,"88,46375223696312",Night,Anime,Science Fiction,1.0,Family,Weekly,Man
3444,42.0,"158,59087571127304",Afternoon,Documentaries,Science Fiction,0.0,Premium,Weekly,Woman
3445,50.0,"196,6257841612891",Night,Documentaries,Horror,1.0,Family,Weekly,Woman
3446,57.0,"188,7463665118125",Afternoon,Movies,Science Fiction,1.0,Family,Weekly,Woman
3447,34.0,"111,68495967533548",Night,Anime,Science Fiction,0.0,Premium,Weekly,Man
3448,41.0,"140,7335240294093",Afternoon,Anime,Science Fiction,0.0,Family,Weekly,Man
3449,42.0,"176,19706332131975",Afternoon,Movies,Science Fiction,1.0,Family,Weekly,Man
3450,27.0,"69,7332199506441",Afternoon,Anime,Science Fiction,0.0,Premium,Weekly,Man
3451,27.0,"57,62172369689808",Night,Anime,Science Fiction,1.0,,Weekly,Man
3452,58.0,"113,469680829137",Afternoon,Movies,Science Fiction,1.0,Family,Daily,Woman
3453,55.0,"168,16096301253057",Night,Movies,Science Fiction,1.0,Family,Daily,Woman
3454,44.0,"158,87659523730915",Afternoon,Documentaries,Drama,1.0,Premium,Weekly,Man
3455,53.0,"244,13117091135055",Night,Movies,Horror,0.0,Family,Weekly,Woman
3456,43.0,"196,0189327418904",Afternoon,Documentaries,Science Fiction,0.0,Family,Weekly,Man
3457,61.0,"181,72105818890444",Night,Movies,Science Fiction,1.0,Family,Weekly,Woman
3458,43.0,"185,41680971651996",Night,Documentaries,Science Fiction,0.0,Premium,Weekly,Man
3459,36.0,"123,47383004891076",Afternoon,Anime,Science Fiction,0.0,Premium,Weekly,Woman
3460,41.0,"183,5865457601397",Afternoon,Documentaries,Drama,0.0,Premium,Weekly,Man
3461,61.0,"133,00132138176275",Night,Movies,Science Fiction,1.0,Family,Weekly,Man
3462,46.0,"99,72126065435565",Morning,Anime,Science Fiction,0.0,,Weekly,Woman
3463,43.0,"188,25052866087407",Afternoon,Documentaries,Science Fiction,0.0,Premium,Occasional,Woman
3464,62.0,"191,8814103484927",Afternoon,Movies,Science Fiction,1.0,Family,Weekly,Man
3465,40.0,"177,2645226570885",Morning,Movies,Drama,1.0,Family,Weekly,Woman
3466,61.0,nan,Afternoon,Movies,Science Fiction,1.0,Family,Weekly,Woman
3467,38.0,"66,02723206191939",Afternoon,Anime,Science Fiction,1.0,Premium,Weekly,Man
3468,34.0,"44,54633848633258",Night,Anime,Science Fiction,1.0,Premium,Weekly,Man
3469,49.0,"208,1524214588981",Night,Movies,Drama,1.0,Student,Weekly,Woman
3470,38.0,"104,57184107943598",Night,Anime,Science Fiction,1.0,Premium,Weekly,Man
3471,33.0,"73,65916569075752",Afternoon,Anime,Science Fiction,1.0,Family,Weekly,Man
3472,50.0,nan,Afternoon,Documentaries,Horror,1.0,Family,Weekly,Woman
3473,32.0,"68,77399131414757",Night,Anime,Science Fiction,1.0,Premium,Weekly,Man
3474,45.0,"177,50704251493403",Night,Movies,Science Fiction,1.0,Family,Weekly,Woman
3475,37.0,"185,7021783978898",Night,Documentaries,Science Fiction,0.0,Family,Weekly,Man
3476,42.0,"161,1524011098588",Night,Documentaries,Drama,0.0,Premium,Weekly,Woman
3477,49.0,"159,01652919871955",Night,Documentaries,Science Fiction,1.0,Family,Weekly,Woman
3478,42.0,"170,53987456784753",Afternoon,Documentaries,Science Fiction,0.0,Premium,Weekly,Woman
3479,51.0,"140,73339926532032",Afternoon,Anime,Horror,0.0,Premium,Weekly,Woman
3480,47.0,"151,86539104053517",Night,Documentaries,Science Fiction,1.0,Family,Weekly,Man
3481,40.0,"110,1541162455071",Night,Anime,Science Fiction,1.0,Premium,Weekly,Man
3482,52.0,"161,44663722146268",Night,Documentaries,Science Fiction,1.0,Family,Weekly,Man
3483,41.0,"174,8139488684661",Night,Documentaries,Horror,1.0,Family,Weekly,Woman
3484,41.0,nan,Night,Anime,Science Fiction,1.0,Premium,Weekly,Man
3485,58.0,"163,6524670467332",Night,Movies,Science Fiction,1.0,Family,Daily,Man
3486,39.0,"56,70446360542337",Afternoon,Anime,Science Fiction,1.0,Premium,Weekly,Man
3487,35.0,"126,90243861979864",Afternoon,Anime,Action,0.0,Premium,Weekly,Woman
3488,43.0,"198,94018427634103",Night,Documentaries,Science Fiction,0.0,Family,Weekly,Woman
3489,55.0,"172,98798937709188",Night,Movies,Horror,1.0,,Weekly,Man
3490,62.0,"214,6566868468612",Afternoon,Movies,Science Fiction,1.0,Family,Weekly,Woman
3491,44.0,nan,Afternoon,Documentaries,Horror,1.0,Family,Weekly,Man
3492,46.0,"90,5767648472184",Afternoon,Anime,Science Fiction,1.0,Premium,Weekly,Woman
3493,34.0,"120,59256898638762",Afternoon,Anime,Science Fiction,0.0,Premium,Weekly,Man
3494,37.0,"179,66591906962927",Night,Documentaries,Drama,0.0,Premium,Weekly,Man
3495,48.0,"187,67857349621988",Night,Documentaries,Science Fiction,0.0,Family,Weekly,Woman
3496,53.0,"144,47125563179375",Afternoon,Documentaries,Horror,0.0,Premium,Weekly,Man
3497,66.0,"150,83704905382623",Night,Movies,Science Fiction,1.0,Family,Weekly,Man
3498,31.0,"195,94288074895985",Night,Documentaries,Science Fiction,0.0,Family,Weekly,Man
3499,45.0,"138,6353474195401",Night,Anime,Science Fiction,0.0,Premium,Weekly,Man
3500,43.0,"91,12301231158632",Night,Documentaries,Science Fiction,1.0,Family,Weekly,Woman
3501,58.0,"226,21550761541823",Night,Movies,Science Fiction,0.0,Family,Weekly,Woman
3502,56.0,"126,92129564822244",Afternoon,Movies,Drama,1.0,Family,Weekly,Woman
3503,43.0,"146,1043242044219",Morning,Documentaries,Horror,1.0,Student,Weekly,Woman
3504,54.0,"149,67028798339146",Night,Movies,Science Fiction,1.0,,Daily,Man
3505,44.0,"162,60748462743538",Night,Documentaries,Drama,0.0,Premium,Weekly,Woman
3506,43.0,"139,90148794557064",Night,Documentaries,Horror,1.0,Family,Weekly,Man
3507,55.0,"103,21127126982594",Night,Documentaries,Science Fiction,1.0,Family,Weekly,Man
3508,34.0,"188,67618774080148",Night,Documentaries,Drama,0.0,Family,Weekly,Man
3509,37.0,"145,1962495921605",Night,Anime,Horror,0.0,Premium,Weekly,Man
3510,50.0,"195,8195256296659",Afternoon,Documentaries,Science Fiction,0.0,Family,Weekly,Woman
3511,39.0,"179,33376394953268",Night,Documentaries,Science Fiction,0.0,Premium,Weekly,Man
3512,40.0,"177,87398057142153",Night,Documentaries,Drama,0.0,Premium,Weekly,Man
3513,39.0,"165,4675912482124",Afternoon,Documentaries,Science Fiction,1.0,Family,Weekly,Man
3514,25.0,"181,92830276744493",Night,Anime,Science Fiction,0.0,Family,Weekly,Woman
3515,42.0,"138,5506823483341",Afternoon,Documentaries,Horror,1.0,,Weekly,Woman
3516,47.0,"65,31354471750629",Afternoon,Documentaries,Science Fiction,1.0,Family,Weekly,Woman
3517,44.0,"108,31647520152366",Afternoon,Documentaries,Science Fiction,1.0,Premium,Weekly,Woman
3518,50.0,"128,26991992582398",Night,Documentaries,Horror,1.0,Family,Daily,Man
3519,53.0,"188,8073398984732",Afternoon,Documentaries,Horror,1.0,Family,Weekly,Man
3520,49.0,"111,68821124591132",Afternoon,Anime,Science Fiction,0.0,Premium,Occasional,Woman
3521,52.0,"151,32536569444204",Night,Documentaries,Science Fiction,1.0,Family,Weekly,Woman
3522,33.0,"167,68521726795095",Night,Documentaries,Drama,0.0,Premium,Weekly,Man
3523,40.0,"212,1393803319509",Afternoon,Documentaries,Drama,0.0,,Weekly,Woman
3524,49.0,"141,16650813869228",Night,Documentaries,Science Fiction,1.0,Family,Weekly,Man
3525,33.0,"192,03691022076964",Night,Documentaries,Drama,0.0,Premium,Weekly,Woman
3526,47.0,"123,08987619707116",Afternoon,Anime,Horror,0.0,Premium,Weekly,Woman
3527,36.0,"151,52434648587612",Night,Documentaries,Science Fiction,1.0,Family,Weekly,Man
3528,42.0,"187,7089031689904",Night,Documentaries,Drama,0.0,Family,Occasional,Woman
3529,56.0,"204,62301307822733",Night,Movies,Science Fiction,1.0,Family,Weekly,Man
3530,43.0,"152,11779108786683",Night,Documentaries,Drama,0.0,Premium,Weekly,Man
3531,55.0,"156,28001872005905",Night,Movies,Science Fiction,1.0,Family,Daily,Man
3532,58.0,"126,8086200452704",Afternoon,Movies,Science Fiction,1.0,Family,Daily,Woman
3533,43.0,"137,5631766227927",Night,Documentaries,Science Fiction,0.0,Family,Weekly,Woman
3534,41.0,"139,08016241471657",Afternoon,Documentaries,Drama,1.0,Premium,Weekly,Woman
3535,53.0,"153,06240632211583",Afternoon,Documentaries,Science Fiction,1.0,Family,Weekly,Man
3536,52.0,"231,8446062846609",Night,Movies,Horror,0.0,Family,Daily,Man
3537,32.0,"149,95262810053367",Afternoon,Anime,Horror,0.0,Family,Weekly,Woman
3538,59.0,"210,07102183275293",Night,Movies,Science Fiction,1.0,Family,Weekly,Woman
3539,40.0,"204,8098349787989",Night,Documentaries,Science Fiction,0.0,Family,Weekly,Woman
3540,40.0,"148,1608701643537",Night,Anime,Science Fiction,0.0,Family,Weekly,Woman
3541,46.0,"114,64232304109754",Afternoon,Documentaries,Science Fiction,1.0,Family,Weekly,Man
3542,59.0,"151,81462792640366",Night,Movies,Science Fiction,1.0,Family,Weekly,Woman
3543,28.0,"66,20171016033363",Afternoon,Anime,Science Fiction,1.0,Family,Weekly,Man
3544,51.0,"248,0909292591082",Night,Movies,Horror,0.0,Family,Weekly,Woman
3545,45.0,"148,08747435703967",Night,Documentaries,Horror,1.0,Family,Daily,Woman
3546,57.0,"249,36202729962935",Afternoon,Movies,Horror,0.0,Family,Weekly,Woman
3547,41.0,"56,73175221877446",Night,Anime,Science Fiction,1.0,Premium,Weekly,Woman
3548,36.0,"85,09589861544904",Night,Anime,Science Fiction,1.0,Premium,Weekly,Woman
3549,59.0,"150,80702916417016",Night,Movies,Science Fiction,1.0,Family,Weekly,Man
3550,40.0,"104,39336710487562",Afternoon,Documentaries,Science Fiction,1.0,Family,Weekly,Woman
3551,42.0,"186,51434495457977",Afternoon,Documentaries,Science Fiction,0.0,Premium,Weekly,Woman
3552,36.0,"198,54835375127615",Afternoon,Documentaries,Science Fiction,0.0,Family,Weekly,Man
3553,41.0,"151,76783482958822",Night,Documentaries,Drama,0.0,Premium,Weekly,Woman
3554,42.0,"117,73585120751756",Afternoon,Anime,Science Fiction,0.0,Premium,Weekly,Man
3555,47.0,nan,Afternoon,Documentaries,Horror,1.0,,Weekly,Woman
3556,53.0,"156,57253729813863",Late Night,Documentaries,Science Fiction,1.0,Family,Weekly,Man
3557,32.0,nan,Afternoon,Anime,Horror,0.0,,Weekly,Man
3558,32.0,"158,83924729361655",Afternoon,Documentaries,Drama,0.0,Premium,Weekly,Man
3559,41.0,"117,87312630468972",Night,Documentaries,Drama,1.0,Premium,Weekly,Man
3560,56.0,"193,73719346716885",Night,Movies,Science Fiction,1.0,Family,Weekly,Man
3561,38.0,"90,60683018983282",Night,Anime,Science Fiction,1.0,Premium,Weekly,Woman
3562,50.0,"157,7202182097612",Afternoon,Documentaries,Science Fiction,1.0,Family,Weekly,Man
3563,53.0,"153,24590231262255",Night,Movies,Science Fiction,1.0,Family,Daily,Man
3564,35.0,"87,77198336638789",Night,Anime,Science Fiction,0.0,Premium,Weekly,Woman
3565,34.0,"87,54839402611499",Night,Documentaries,Science Fiction,1.0,Family,Weekly,Man
3566,46.0,"120,17666924114329",Afternoon,Documentaries,Drama,1.0,Premium,Weekly,Man
3567,57.0,"188,51587296787525",Night,Movies,Science Fiction,1.0,,Weekly,Woman
3568,43.0,"167,91001508696328",Afternoon,Documentaries,Science Fiction,0.0,Premium,Weekly,Man
3569,47.0,"98,36616419191674",Afternoon,Anime,Science Fiction,1.0,Premium,Weekly,Woman
3570,59.0,"114,41984134583078",Afternoon,Documentaries,Science Fiction,1.0,Family,Weekly,Man
3571,34.0,"104,66751316383396",Night,Anime,Science Fiction,0.0,Premium,Weekly,Man
3572,57.0,"110,15290456281116",Afternoon,Documentaries,Science Fiction,1.0,Family,Weekly,Man
3573,40.0,"127,85881928644068",Night,Documentaries,Science Fiction,1.0,Family,Weekly,Man
3574,40.0,"132,62074222504415",Afternoon,Documentaries,Drama,0.0,,Weekly,Woman
3575,41.0,"201,76514578098",Night,Documentaries,Science Fiction,0.0,Family,Weekly,Woman
3576,32.0,"178,24622583346533",Afternoon,Anime,Drama,0.0,Premium,Weekly,Woman
3577,55.0,"142,5371110476397",Night,Movies,Science Fiction,1.0,Family,Daily,Man
3578,41.0,"141,72687843330488",Night,Documentaries,Drama,1.0,Premium,Weekly,Woman
3579,39.0,"68,89530445542135",Night,Documentaries,Science Fiction,1.0,Family,Weekly,Woman
3580,55.0,"208,71146884877143",Morning,Movies,Science Fiction,1.0,,Weekly,Man
3581,34.0,nan,Night,Anime,Science Fiction,0.0,Premium,Weekly,Woman
3582,43.0,"164,15968190248066",Night,Documentaries,Drama,0.0,Premium,Weekly,Man
3583,38.0,"45,23117711145829",Afternoon,Anime,Science Fiction,1.0,Premium,Weekly,Man
3584,48.0,"106,70223631200732",Afternoon,Documentaries,Science Fiction,1.0,Premium,Daily,Woman
3585,48.0,"138,92532117436392",Afternoon,Documentaries,Horror,1.0,Family,Weekly,Woman
3586,55.0,"130,65139700575654",Night,Movies,Horror,1.0,Student,Weekly,Man
3587,52.0,"160,23457758173728",Afternoon,Movies,Science Fiction,1.0,Family,Weekly,Man
3588,39.0,"140,3995209517935",Afternoon,Documentaries,Drama,0.0,Premium,Weekly,Man
3589,34.0,"187,35401199977403",Night,Movies,Science Fiction,1.0,Family,Weekly,Woman
3590,55.0,"131,59761785992063",Afternoon,Documentaries,Science Fiction,1.0,Family,Weekly,Woman
3591,39.0,"189,38362953693087",Afternoon,Documentaries,Drama,0.0,Premium,Weekly,Man
3592,43.0,"120,06630890435989",Night,Documentaries,Horror,1.0,Family,Weekly,Woman
3593,48.0,"127,30978761034426",Night,Documentaries,Science Fiction,1.0,Family,Weekly,Man
3594,53.0,"169,56121057587185",Night,Movies,Horror,1.0,Student,Weekly,Woman
3595,37.0,"175,27037636232816",Night,Documentaries,Science Fiction,1.0,Family,Weekly,Man
3596,41.0,"188,8202352785912",Afternoon,Documentaries,Drama,0.0,Family,Weekly,Woman
3597,32.0,"157,80943533208017",Night,Anime,Science Fiction,0.0,Premium,Occasional,Woman
3598,58.0,"180,04842572098497",Afternoon,Movies,Science Fiction,1.0,Student,Weekly,Man
3599,52.0,"128,81640314667015",Night,Documentaries,Horror,1.0,Family,Weekly,Woman
3600,51.0,"162,14787030681734",Night,Documentaries,Science Fiction,1.0,Family,Weekly,Woman
3601,49.0,"156,92301447836604",Afternoon,Documentaries,Science Fiction,1.0,Family,Weekly,Man
3602,36.0,"200,1956741396372",Afternoon,Documentaries,Science Fiction,0.0,Premium,Weekly,Man
3603,43.0,"71,38523283636943",Afternoon,Documentaries,Science Fiction,1.0,Family,Weekly,Man
3604,35.0,nan,Afternoon,Documentaries,Drama,0.0,Premium,Weekly,Man
3605,52.0,"148,551137458559",Afternoon,Documentaries,Horror,1.0,Family,Weekly,Woman
3606,50.0,"105,5999226765814",Afternoon,Documentaries,Horror,1.0,Family,Weekly,Man
3607,31.0,"195,1619245600468",Afternoon,Documentaries,Science Fiction,0.0,Family,Weekly,Woman
3608,45.0,"224,3243456325458",Afternoon,Movies,Drama,0.0,Family,Weekly,Woman
3609,34.0,"69,84596493170669",Night,Anime,Science Fiction,0.0,,Weekly,Man
3610,61.0,"211,65499324301237",Night,Movies,Science Fiction,1.0,Family,Weekly,Woman
3611,42.0,"166,1375675411821",Afternoon,Documentaries,Science Fiction,1.0,Family,Weekly,Woman
3612,44.0,"83,55819092503395",Night,Anime,Science Fiction,1.0,Premium,Weekly,Man
3613,47.0,"108,31514725551588",Night,Documentaries,Science Fiction,1.0,Family,Weekly,Woman
3614,30.0,"193,39900149316344",Afternoon,Anime,Drama,0.0,Premium,Occasional,Man
3615,48.0,"179,0978731041142",Night,Documentaries,Horror,1.0,Family,Weekly,Woman
3616,44.0,"180,78337778335947",Afternoon,Documentaries,Drama,0.0,Family,Weekly,Man
3617,30.0,"174,09496245474784",Afternoon,Anime,Drama,0.0,,Weekly,Man
3618,43.0,"101,24323810473744",Night,Anime,Science Fiction,0.0,Premium,Weekly,Man
3619,60.0,"145,06408932194236",Night,Movies,Science Fiction,1.0,Family,Weekly,Man
3620,35.0,"225,4463804513604",Afternoon,Movies,Drama,0.0,Family,Weekly,Woman
3621,63.0,"174,2486635165182",Night,Movies,Horror,1.0,Family,Daily,Man
3622,40.0,"169,45340413323842",Night,Anime,Science Fiction,0.0,Family,Weekly,Woman
3623,48.0,"207,5172759478425",Afternoon,Documentaries,Horror,0.0,Family,Daily,Woman
3624,36.0,"163,56507420487085",Afternoon,Documentaries,Drama,0.0,Premium,Occasional,Man
3625,54.0,"226,7600484248108",Night,Movies,Science Fiction,0.0,Family,Weekly,Woman
3626,59.0,"182,79487596848247",Afternoon,Movies,Science Fiction,1.0,Family,Weekly,Man
3627,41.0,"173,82466810922656",Night,Documentaries,Science Fiction,0.0,Premium,Weekly,Man
3628,31.0,"89,43204124488688",Night,Documentaries,Science Fiction,1.0,Family,Weekly,Woman
3629,57.0,"215,22133633568507",Night,Movies,Science Fiction,1.0,Family,Weekly,Woman
3630,45.0,"129,6111729760333",Afternoon,Anime,Science Fiction,0.0,Family,Weekly,Woman
3631,30.0,"167,96625005870138",Night,Anime,Science Fiction,0.0,Premium,Weekly,Woman
3632,30.0,"69,74993880693712",Afternoon,Documentaries,Science Fiction,1.0,Family,Weekly,Woman
3633,58.0,nan,Night,Documentaries,Science Fiction,1.0,Family,Weekly,Man
3634,55.0,"166,38029831598013",Afternoon,Movies,Science Fiction,1.0,Family,Weekly,Man
3635,45.0,"178,0007897422161",Afternoon,Documentaries,Science Fiction,0.0,Family,Weekly,Man
3636,43.0,"161,79868273180844",Afternoon,Documentaries,Science Fiction,1.0,Family,Weekly,Woman
3637,34.0,"142,3613168518955",Morning,Anime,Science Fiction,0.0,Premium,Weekly,Woman
3638,35.0,"151,30640183172235",Night,Documentaries,Horror,1.0,Family,Weekly,Man
3639,46.0,"156,6253472492026",Afternoon,Documentaries,Drama,1.0,Family,Weekly,Woman
3640,27.0,"77,72866394632409",Night,Anime,Science Fiction,0.0,Premium,Weekly,Woman
3641,41.0,"148,74783765322724",Night,Documentaries,Drama,0.0,Premium,Weekly,Woman
3642,55.0,"243,5788293244374",Night,Movies,Horror,0.0,Family,Daily,Woman
3643,47.0,"93,91073754216606",Night,Anime,Horror,0.0,Premium,Occasional,Man
3644,41.0,"172,35441631709077",Night,Documentaries,Science Fiction,0.0,Premium,Weekly,Man
3645,57.0,"137,70070142464397",Night,Movies,Horror,1.0,Family,Daily,Woman
3646,41.0,"213,0887690328424",Night,Documentaries,Science Fiction,0.0,Family,Weekly,Man
3647,35.0,"101,01940108543587",Afternoon,Anime,Science Fiction,0.0,Premium,Weekly,Man
3648,49.0,"143,94277521868744",Night,Documentaries,Science Fiction,1.0,Family,Weekly,Man
3649,34.0,"99,95381723200278",Night,Anime,Science Fiction,0.0,Premium,Weekly,Woman
3650,41.0,"175,82188353125747",Night,Documentaries,Science Fiction,1.0,Family,Weekly,Man
3651,52.0,"196,8712416328468",Afternoon,Documentaries,Horror,1.0,Family,Weekly,Man
3652,40.0,"74,788853282289",Night,Anime,Science Fiction,1.0,Premium,Weekly,Woman
3653,61.0,"193,91570188868116",Night,Documentaries,Science Fiction,1.0,Family,Occasional,Woman
3654,44.0,"189,76914639568412",Night,Documentaries,Science Fiction,0.0,Family,Weekly,Man
3655,42.0,nan,Afternoon,Documentaries,Science Fiction,0.0,Family,Weekly,Woman
3656,61.0,"212,21318663099896",Night,Movies,Science Fiction,1.0,Family,Weekly,Woman
3657,50.0,"177,2868126260996",Night,Documentaries,Science Fiction,1.0,Family,Weekly,Man
3658,62.0,"210,5874444227641",Night,Movies,Science Fiction,1.0,Family,Daily,Woman
3659,51.0,"162,95165715382726",Night,Documentaries,Horror,1.0,Student,Weekly,Woman
3660,40.0,nan,Afternoon,Documentaries,Science Fiction,0.0,,Weekly,Woman
3661,40.0,"155,37420889056318",Night,Documentaries,Science Fiction,1.0,Family,Weekly,Man
3662,46.0,"179,0227178012047",Afternoon,Documentaries,Drama,0.0,Family,Weekly,Man
3663,30.0,"60,43151553526444",Night,Anime,Science Fiction,1.0,Premium,Weekly,Man
3664,32.0,"189,33365827541823",Afternoon,Documentaries,Science Fiction,0.0,Family,Weekly,Man
3665,42.0,"85,84516008769884",Afternoon,Documentaries,Science Fiction,1.0,Family,Weekly,Woman
3666,65.0,"179,65457211113466",Night,Movies,Science Fiction,1.0,Family,Weekly,Man
3667,37.0,"196,76140201314848",Late Night,Documentaries,Drama,0.0,Premium,Weekly,Man
3668,46.0,"65,66170367859257",Night,Anime,Science Fiction,1.0,Premium,Weekly,Woman
3669,38.0,"183,01119972739568",Afternoon,Documentaries,Drama,0.0,Premium,Weekly,Man
3670,38.0,"34,38988416567394",Night,Anime,Science Fiction,1.0,Premium,Weekly,Woman
3671,40.0,"101,80741593073245",Night,Anime,Science Fiction,1.0,Premium,Weekly,Man
3672,32.0,"168,1796245132758",Afternoon,Anime,Drama,0.0,Premium,Occasional,Woman
3673,41.0,"114,06075243516796",Night,Anime,Science Fiction,1.0,Premium,Weekly,Man
3674,45.0,"62,27750497244397",Afternoon,Anime,Science Fiction,1.0,,Weekly,Man
3675,45.0,"133,5320770802219",Night,Documentaries,Horror,1.0,,Weekly,Woman
3676,49.0,"156,01240317411717",Night,Documentaries,Science Fiction,1.0,Family,Weekly,Woman
3677,45.0,"150,36127538175134",Afternoon,Documentaries,Drama,0.0,Premium,Weekly,Woman
3678,38.0,"170,58933232667025",Night,Documentaries,Horror,0.0,Family,Weekly,Woman
3679,44.0,"78,2440602445717",Afternoon,Documentaries,Science Fiction,1.0,Family,Weekly,Woman
3680,52.0,"269,7576450477056",Night,Documentaries,Horror,0.0,Student,Weekly,Man
3681,37.0,"215,00895786873605",Night,Documentaries,Science Fiction,0.0,Family,Weekly,Man
3682,37.0,"139,71160148042156",Afternoon,Documentaries,Science Fiction,1.0,Family,Weekly,Man
3683,26.0,"191,90207483763268",Afternoon,Anime,Science Fiction,0.0,Family,Weekly,Man
3684,43.0,"199,58191447982227",Afternoon,Documentaries,Drama,0.0,Family,Weekly,Woman
3685,20.0,"108,04709441840724",Night,Anime,Science Fiction,0.0,Premium,Weekly,Man
3686,30.0,"188,0696688886168",Afternoon,Documentaries,Drama,0.0,Premium,Weekly,Man
3687,46.0,"144,18212149803574",Night,Movies,Drama,1.0,Family,Weekly,Woman
3688,46.0,"187,18841300147767",Afternoon,Documentaries,Drama,0.0,Family,Weekly,Man
3689,46.0,"139,66993388622703",Night,Movies,Drama,1.0,Family,Weekly,Woman
3690,37.0,"202,85287451298507",Night,Documentaries,Drama,0.0,Premium,Weekly,Man
3691,43.0,"97,86405529640182",Afternoon,Anime,Science Fiction,0.0,Premium,Weekly,Man
3692,43.0,"171,80748079467278",Night,Movies,Science Fiction,1.0,Family,Weekly,Woman
3693,56.0,"149,18264062351628",Afternoon,Movies,Science Fiction,1.0,Family,Weekly,Woman
3694,44.0,"160,71345046396343",Afternoon,Documentaries,Science Fiction,1.0,Family,Weekly,Man
3695,49.0,"115,6931597085536",Night,Documentaries,Horror,1.0,Family,Weekly,Man
3696,43.0,"193,09264748084848",Afternoon,Documentaries,Horror,0.0,Family,Weekly,Woman
3697,45.0,"142,23378111780804",Afternoon,Documentaries,Science Fiction,1.0,Family,Weekly,Man
3698,38.0,"147,14917267960757",Afternoon,Anime,Horror,0.0,Family,Weekly,Woman
3699,30.0,nan,Afternoon,Anime,Science Fiction,1.0,Premium,Weekly,Man
3700,52.0,"163,7412068069096",Night,Documentaries,Science Fiction,1.0,Family,Weekly,Man
3701,35.0,"225,43465223604483",Afternoon,Documentaries,Science Fiction,0.0,Family,Weekly,Woman
3702,37.0,"143,1703759582601",Night,Documentaries,Drama,0.0,Premium,Weekly,Man
3703,54.0,"80,77021888691412",Night,Documentaries,Science Fiction,1.0,Family,Weekly,Woman
3704,35.0,"210,94341782902765",Afternoon,Documentaries,Drama,0.0,Family,Weekly,Man
3705,43.0,"168,35816101499194",Night,Documentaries,Science Fiction,0.0,Premium,Weekly,Man
3706,43.0,"162,7740478144884",Night,Documentaries,Horror,1.0,Family,Weekly,Man
3707,43.0,"104,94749936080588",Afternoon,Documentaries,Science Fiction,1.0,Premium,Weekly,Man
3708,51.0,"168,68647569262455",Afternoon,Documentaries,Horror,0.0,Family,Weekly,Man
3709,49.0,"170,3734500333201",Afternoon,Documentaries,Horror,1.0,Family,Weekly,Man
3710,30.0,"95,70123150896848",Night,Anime,Science Fiction,1.0,Family,Weekly,Woman
3711,48.0,"220,0455951307852",Afternoon,Documentaries,Science Fiction,0.0,Family,Weekly,Man
3712,38.0,"172,38792233662627",Afternoon,Anime,Horror,0.0,Family,Occasional,Man
3713,57.0,"189,3852167701197",Night,Movies,Science Fiction,1.0,Family,Daily,Man
3714,35.0,"174,10767580591977",Afternoon,Documentaries,Horror,0.0,Family,Weekly,Woman
3715,61.0,"151,6535323358537",Afternoon,Movies,Science Fiction,1.0,Family,Weekly,Woman
3716,50.0,"120,8238546499804",Night,Anime,Science Fiction,0.0,Free,Weekly,Woman
3717,46.0,"138,45086656831222",Night,Anime,Horror,0.0,Family,Occasional,Man
3718,33.0,nan,Afternoon,Documentaries,Drama,0.0,Premium,Weekly,Man
3719,44.0,"146,06058613390047",Night,Documentaries,Science Fiction,1.0,Family,Weekly,Man
3720,52.0,"179,55599963582114",Night,Movies,Science Fiction,1.0,Family,Daily,Woman
3721,42.0,"176,8402663686984",Night,Documentaries,Science Fiction,0.0,Premium,Weekly,Man
3722,58.0,"140,85762317364004",Night,Documentaries,Horror,1.0,Family,Weekly,Woman
3723,38.0,"49,372952881488175",Afternoon,Anime,Science Fiction,1.0,Premium,Weekly,Woman
3724,32.0,"44,0722490430916",Afternoon,Anime,Science Fiction,1.0,Premium,Weekly,Man
3725,46.0,"121,488103511478",Afternoon,Anime,Horror,0.0,Premium,Weekly,Woman
3726,41.0,"88,67274715051857",Night,Anime,Science Fiction,0.0,Premium,Weekly,Woman
3727,33.0,"187,5683687195259",Night,Anime,Drama,0.0,Premium,Occasional,Woman
3728,43.0,"151,82567360799058",Night,Documentaries,Horror,0.0,Family,Weekly,Woman
3729,41.0,"187,78039086466876",Afternoon,Anime,Horror,0.0,Premium,Weekly,Man
3730,30.0,"143,5719190389198",Afternoon,Anime,Science Fiction,0.0,Premium,Weekly,Woman
3731,47.0,"216,88954217025525",Night,Movies,Drama,1.0,Student,Weekly,Woman
3732,39.0,"139,900407710844",Night,Anime,Science Fiction,0.0,Premium,Weekly,Woman
3733,46.0,"108,63960696116187",Night,Anime,Science Fiction,1.0,Premium,Weekly,Man
3734,41.0,"168,38127688073777",Night,Documentaries,Horror,0.0,Family,Weekly,Man
3735,38.0,"92,49962353775796",Night,Documentaries,Science Fiction,1.0,Premium,Weekly,Man
3736,39.0,"87,4385858536658",Afternoon,Anime,Science Fiction,1.0,Premium,Weekly,Woman
3737,39.0,"160,7968366256139",Night,Documentaries,Drama,0.0,Premium,Weekly,Woman
3738,60.0,"197,9795253201183",Night,Movies,Drama,1.0,Family,Weekly,Woman
3739,47.0,"131,04133305368103",Afternoon,Anime,Horror,1.0,Family,Weekly,Man
3740,49.0,"161,17190972119295",Afternoon,Documentaries,Science Fiction,1.0,Premium,Weekly,Man
3741,53.0,"104,84547311026768",Night,Documentaries,Science Fiction,1.0,Family,Weekly,Man
3742,47.0,"181,4541427997171",Afternoon,Documentaries,Science Fiction,0.0,Family,Weekly,Man
3743,60.0,"224,4180989139969",Afternoon,Movies,Science Fiction,1.0,Family,Weekly,Woman
3744,23.0,"209,4964006741513",Night,Anime,Science Fiction,0.0,Premium,Weekly,Man
3745,47.0,"180,35575234435805",Night,Documentaries,Science Fiction,0.0,,Weekly,Man
3746,34.0,"70,89358953287886",Afternoon,Anime,Science Fiction,1.0,,Weekly,Man
3747,51.0,"167,78540440171594",Afternoon,Documentaries,Science Fiction,1.0,Family,Weekly,Woman
3748,54.0,"166,29692708278748",Afternoon,Documentaries,Horror,1.0,Family,Weekly,Man
3749,49.0,"217,4039689736204",Night,Movies,Science Fiction,0.0,Family,Weekly,Man
3750,44.0,"193,54803384160323",Afternoon,Documentaries,Science Fiction,0.0,Family,Weekly,Woman
3751,44.0,"176,84147085352183",Night,Documentaries,Drama,0.0,Premium,Occasional,Woman
3752,41.0,"212,5015039542719",Morning,Documentaries,Science Fiction,0.0,Family,Occasional,Man
3753,63.0,nan,Afternoon,Movies,Science Fiction,1.0,Family,Daily,Man
3754,29.0,nan,Night,Anime,Science Fiction,1.0,Premium,Weekly,Woman
3755,27.0,"200,88998205811544",Night,Documentaries,Drama,0.0,Family,Weekly,Woman
3756,37.0,"151,8988718098654",Night,Documentaries,Horror,0.0,Premium,Weekly,Man
3757,42.0,"159,31097227778585",Afternoon,Documentaries,Science Fiction,1.0,Family,Weekly,Man
3758,34.0,"219,59677104232236",Night,Anime,Drama,0.0,Premium,Occasional,Woman
3759,58.0,"141,55559063247563",Afternoon,Movies,Science Fiction,1.0,Family,Weekly,Woman
3760,42.0,"87,7239018073094",Afternoon,Anime,Science Fiction,0.0,Premium,Weekly,Man
3761,42.0,"207,33524703407903",Night,Movies,Drama,1.0,Family,Weekly,Woman
3762,54.0,"156,58841332747227",Afternoon,Documentaries,Horror,1.0,Family,Weekly,Woman
3763,46.0,"66,44733352705332",Afternoon,Anime,Science Fiction,1.0,Family,Weekly,Woman
3764,42.0,"180,44648741979475",Night,Documentaries,Drama,0.0,Premium,Weekly,Woman
3765,36.0,"88,90262963457575",Night,Anime,Science Fiction,0.0,Premium,Weekly,Man
3766,38.0,"187,27158150836948",Night,Documentaries,Science Fiction,1.0,Family,Weekly,Man
3767,37.0,"53,24735395682273",Night,Anime,Science Fiction,1.0,Premium,Weekly,Man
3768,57.0,"178,2191575308254",Night,Movies,Science Fiction,1.0,Family,Weekly,Man
3769,48.0,"130,42316936213558",Night,Documentaries,Horror,1.0,Family,Weekly,Woman
3770,42.0,"147,36731711087347",Afternoon,Documentaries,Horror,1.0,Family,Weekly,Woman
3771,39.0,"141,08426784874905",Afternoon,Anime,Horror,0.0,Family,Weekly,Woman
3772,53.0,"156,93251451728696",Afternoon,Movies,Science Fiction,1.0,Family,Daily,Man
3773,29.0,"51,33376365138109",Afternoon,Anime,Science Fiction,1.0,Premium,Weekly,Man
3774,38.0,"193,32034645730204",Late Night,Documentaries,Drama,0.0,Family,Weekly,Woman
3775,35.0,"127,98321957332188",Afternoon,Anime,Science Fiction,0.0,Premium,Weekly,Man
3776,38.0,"178,77494876864884",Night,Documentaries,Science Fiction,0.0,Family,Weekly,Woman
3777,34.0,"192,81593013380603",Afternoon,Anime,Drama,0.0,Premium,Weekly,Woman
3778,31.0,"69,91166240241357",Night,Anime,Science Fiction,1.0,Premium,Weekly,Woman
3779,37.0,"130,0637919905165",Night,Documentaries,Science Fiction,1.0,Family,Weekly,Woman
3780,52.0,"129,49262246242543",Night,Documentaries,Horror,1.0,Family,Weekly,Woman
3781,56.0,"239,76703453219275",Night,Movies,Science Fiction,0.0,Family,Weekly,Man
3782,34.0,"168,28300401126197",Night,Anime,Drama,0.0,Premium,Weekly,Man
3783,44.0,"166,15193748955215",Afternoon,Documentaries,Science Fiction,0.0,Premium,Weekly,Man
3784,51.0,"106,43966143447804",Night,Documentaries,Science Fiction,1.0,Family,Weekly,Man
3785,56.0,nan,Afternoon,Movies,Science Fiction,1.0,Family,Daily,Woman
3786,56.0,"132,5454758968426",Afternoon,Anime,Horror,0.0,Premium,Weekly,Woman
3787,42.0,"146,2902439912413",Night,Anime,Horror,0.0,Family,Weekly,Woman
3788,64.0,"230,64733053543563",Afternoon,Movies,Science Fiction,1.0,Family,Daily,Man
3789,39.0,"154,09329370432576",Afternoon,Documentaries,Drama,0.0,Premium,Weekly,Woman
3790,53.0,"121,5076686613676",Afternoon,Documentaries,Science Fiction,1.0,Family,Weekly,Man
3791,48.0,"205,8685936283574",Late Night,Documentaries,Science Fiction,0.0,Family,Weekly,Man
3792,35.0,"106,26042447631288",Night,Documentaries,Science Fiction,1.0,Premium,Weekly,Man
3793,64.0,"142,15594730283527",Afternoon,Movies,Science Fiction,1.0,Family,Daily,Woman
3794,51.0,"164,2553415937437",Night,Documentaries,Horror,1.0,Family,Weekly,Woman
3795,57.0,"158,43174934689964",Afternoon,Movies,Science Fiction,1.0,Family,Weekly,Man
3796,28.0,"59,65734252789507",Night,Anime,Science Fiction,1.0,Premium,Weekly,Woman
3797,27.0,"193,1839467304412",Night,Anime,Drama,0.0,,Weekly,Woman
3798,55.0,"166,16821622033706",Night,Documentaries,Science Fiction,1.0,Family,Weekly,Man
3799,36.0,"90,05685156254495",Night,Documentaries,Science Fiction,1.0,Premium,Weekly,Man
3800,62.0,"146,31243308231785",Night,Movies,Science Fiction,1.0,Family,Weekly,Man
3801,38.0,"131,47571615939296",Afternoon,Documentaries,Science Fiction,0.0,Premium,Weekly,Woman
3802,28.0,"171,59867490852494",Afternoon,Anime,Horror,0.0,Family,Occasional,Woman
3803,42.0,"54,483414052743896",Night,Documentaries,Science Fiction,1.0,Family,Weekly,Woman
3804,29.0,"53,32567934037687",Afternoon,Anime,Science Fiction,1.0,Premium,Weekly,Man
3805,24.0,"217,3723553602032",Night,Documentaries,Drama,0.0,Family,Weekly,Man
3806,52.0,"208,97289325884728",Night,Documentaries,Science Fiction,0.0,Family,Weekly,Man
3807,63.0,"156,64173230786224",Afternoon,Movies,Science Fiction,1.0,Family,Weekly,Woman
3808,35.0,"149,51092419146235",Afternoon,Anime,Horror,0.0,Family,Weekly,Man
3809,42.0,nan,Afternoon,Anime,Science Fiction,0.0,Premium,Weekly,Woman
3810,57.0,"165,0321919044225",Afternoon,Documentaries,Science Fiction,1.0,Family,Weekly,Woman
3811,37.0,nan,Afternoon,Anime,Science Fiction,0.0,Premium,Weekly,Man
3812,43.0,"154,9114529973012",Afternoon,Documentaries,Drama,0.0,Premium,Weekly,Man
3813,38.0,"158,1565087675371",Afternoon,Documentaries,Science Fiction,1.0,Family,Weekly,Woman
3814,65.0,"210,6294059670981",Afternoon,Movies,Science Fiction,1.0,Family,Weekly,Woman
3815,38.0,"63,81501030307016",Afternoon,Documentaries,Science Fiction,1.0,Premium,Weekly,Woman
3816,33.0,"161,44414202214267",Night,Documentaries,Science Fiction,0.0,Family,Weekly,Woman
3817,62.0,"158,82332466004715",Afternoon,Movies,Science Fiction,1.0,Family,Daily,Man
3818,35.0,"113,30354606024314",Afternoon,Anime,Science Fiction,1.0,Family,Weekly,Woman
3819,42.0,"149,33074185363267",Night,Documentaries,Drama,0.0,Premium,Weekly,Man
3820,54.0,"164,75271708230434",Night,Documentaries,Horror,1.0,Family,Weekly,Man
3821,57.0,"197,0132444737339",Afternoon,Movies,Science Fiction,1.0,Family,Weekly,Man
3822,36.0,"263,38210547226254",Afternoon,Movies,Drama,0.0,Family,Weekly,Man
3823,45.0,"150,73446668686856",Afternoon,Movies,Science Fiction,1.0,Family,Weekly,Woman
3824,46.0,"120,76834458440354",Afternoon,Documentaries,Science Fiction,0.0,Premium,Weekly,Man
3825,41.0,"119,95754876997128",Afternoon,Documentaries,Drama,0.0,Premium,Weekly,Woman
3826,53.0,"134,0699967372733",Afternoon,Documentaries,Horror,1.0,Family,Weekly,Man
3827,28.0,"208,8131656632336",Night,Documentaries,Science Fiction,0.0,Family,Weekly,Woman
3828,39.0,"204,58998599468848",Afternoon,Documentaries,Science Fiction,0.0,Premium,Weekly,Woman
3829,45.0,"143,71354366880465",Afternoon,Anime,Horror,0.0,Premium,Weekly,Man
3830,44.0,"236,165707491947",Afternoon,Documentaries,Science Fiction,0.0,Family,Weekly,Woman
3831,42.0,"172,32738601150604",Afternoon,Documentaries,Science Fiction,1.0,Family,Weekly,Man
3832,39.0,"83,7126245964633",Afternoon,Anime,Science Fiction,1.0,Family,Weekly,Man
3833,37.0,"159,6093128871683",Afternoon,Documentaries,Science Fiction,1.0,Family,Weekly,Woman
3834,40.0,"183,40999010883604",Afternoon,Documentaries,Science Fiction,0.0,Family,Weekly,Man
3835,57.0,"242,373514880068",Afternoon,Movies,Science Fiction,0.0,Family,Weekly,Woman
3836,55.0,"245,239400625649",Night,Movies,Science Fiction,0.0,Family,Weekly,Woman
3837,58.0,"144,13741462561538",Night,Movies,Science Fiction,1.0,Family,Weekly,Woman
3838,49.0,"114,8279854763415",Afternoon,Documentaries,Science Fiction,1.0,Premium,Weekly,Woman
3839,46.0,"81,4659782009924",Afternoon,Anime,Science Fiction,1.0,Family,Weekly,Woman
3840,49.0,"179,5780083306247",Night,Movies,Science Fiction,1.0,Family,Weekly,Man
3841,42.0,"190,2727530753269",Afternoon,Documentaries,Science Fiction,0.0,Premium,Weekly,Man
3842,54.0,"155,46839360964407",Afternoon,Movies,Science Fiction,1.0,Family,Daily,Man
3843,62.0,"166,02287332378273",Afternoon,Movies,Science Fiction,1.0,Family,Weekly,Man
3844,33.0,"186,68470948721657",Afternoon,Documentaries,Drama,0.0,,Weekly,Man
3845,50.0,nan,Night,Anime,Science Fiction,1.0,Premium,Weekly,Woman
3846,35.0,"98,5769942558978",Afternoon,Anime,Science Fiction,0.0,Premium,Weekly,Woman
3847,48.0,"135,91925054483505",Night,Anime,Horror,0.0,Premium,Weekly,Man
3848,38.0,"118,8833692146527",Afternoon,Anime,Horror,1.0,Family,Weekly,Woman
3849,42.0,"124,47438599570827",Afternoon,Anime,Science Fiction,0.0,Premium,Weekly,Woman
3850,50.0,"245,7033808661837",Night,Documentaries,Horror,0.0,Family,Weekly,Woman
3851,41.0,"179,44637742756524",Night,Documentaries,Drama,0.0,Family,Weekly,Man
3852,55.0,"191,3115972538881",Afternoon,Movies,Horror,1.0,Family,Weekly,Man
3853,39.0,"93,18331615465888",Night,Documentaries,Science Fiction,1.0,Family,Weekly,Man
3854,48.0,"148,181885145504",Night,Documentaries,Horror,1.0,Family,Weekly,Woman
3855,51.0,"195,20108205891992",Night,Documentaries,Science Fiction,0.0,,Weekly,Woman
3856,46.0,"164,42869985658652",Afternoon,Documentaries,Drama,0.0,Family,Weekly,Woman
3857,38.0,"134,65330423104965",Afternoon,Documentaries,Horror,1.0,Family,Weekly,Woman
3858,43.0,"155,74923338614215",Late Night,Documentaries,Science Fiction,1.0,,Weekly,Woman
3859,52.0,"140,90594877447583",Afternoon,Documentaries,Science Fiction,1.0,Family,Weekly,Man
3860,33.0,"162,76763897872877",Afternoon,Documentaries,Drama,0.0,Premium,Weekly,Man
3861,36.0,"38,032054979109866",Night,Anime,Science Fiction,1.0,Premium,Weekly,Man
3862,40.0,nan,Night,Anime,Science Fiction,1.0,Premium,Weekly,Woman
3863,27.0,"96,53235528026188",Night,Anime,Science Fiction,0.0,Premium,Weekly,Man
3864,38.0,"148,1731058423896",Night,Documentaries,Drama,0.0,,Weekly,Man
3865,45.0,"181,14549321075663",Late Night,Documentaries,Science Fiction,0.0,Family,Weekly,Man
3866,47.0,"154,7344735410523",Afternoon,Documentaries,Horror,1.0,Family,Weekly,Man
3867,34.0,"154,8220804551228",Night,Documentaries,Drama,0.0,Premium,Weekly,Man
3868,46.0,"186,8923384002048",Afternoon,Documentaries,Science Fiction,0.0,Family,Weekly,Man
3869,48.0,nan,Afternoon,Movies,Drama,1.0,Family,Weekly,Man
3870,41.0,"164,06592667426943",Night,Documentaries,Drama,0.0,Premium,Weekly,Woman
3871,50.0,"157,4455356522725",Night,Documentaries,Science Fiction,1.0,Family,Daily,Woman
3872,30.0,"56,21441250611733",Afternoon,Anime,Science Fiction,1.0,Premium,Weekly,Man
3873,47.0,"100,56197378613498",Afternoon,Anime,Science Fiction,0.0,Premium,Weekly,Woman
3874,41.0,"116,43596207684688",Night,Documentaries,Science Fiction,1.0,Family,Weekly,Woman
3875,43.0,"129,2117843277559",Afternoon,Documentaries,Horror,1.0,Family,Weekly,Woman
3876,53.0,"170,33512327821538",Late Night,Movies,Science Fiction,1.0,Family,Daily,Man
3877,52.0,"129,0815414349489",Night,Documentaries,Horror,1.0,Family,Weekly,Man
3878,38.0,"157,63887148869688",Night,Documentaries,Drama,0.0,Premium,Weekly,Woman
3879,32.0,"176,51815313699635",Night,Documentaries,Drama,0.0,Premium,Weekly,Man
3880,47.0,"162,56468893418753",Night,Documentaries,Science Fiction,1.0,Family,Weekly,Man
3881,31.0,"57,82576979478189",Night,Anime,Science Fiction,1.0,Premium,Weekly,Man
3882,19.0,"35,838853515568964",Night,Documentaries,Science Fiction,1.0,Family,Weekly,Man
3883,59.0,"232,4810496235451",Afternoon,Movies,Science Fiction,1.0,Family,Weekly,Man
3884,50.0,"98,9324954811568",Night,Anime,Horror,1.0,Family,Weekly,Woman
3885,30.0,"143,43338973615232",Afternoon,Documentaries,Horror,1.0,Family,Weekly,Man
3886,51.0,"189,9984326695467",Night,Documentaries,Science Fiction,1.0,Family,Weekly,Man
3887,23.0,"175,62050569146152",Afternoon,Documentaries,Science Fiction,0.0,,Weekly,Woman
3888,47.0,"169,07457540862993",Afternoon,Movies,Science Fiction,1.0,Family,Weekly,Man
3889,38.0,"170,56139604420682",Afternoon,Documentaries,Science Fiction,0.0,Family,Weekly,Woman
3890,38.0,"177,8206447743178",Afternoon,Documentaries,Science Fiction,1.0,Family,Weekly,Man
3891,45.0,nan,Afternoon,Documentaries,Drama,0.0,Premium,Weekly,Woman
3892,41.0,"74,63507356069486",Night,Anime,Science Fiction,1.0,Family,Weekly,Man
3893,47.0,"80,61209263800559",Afternoon,Anime,Science Fiction,1.0,Premium,Weekly,Woman
3894,50.0,"115,35548243680536",Night,Anime,Science Fiction,0.0,Premium,Weekly,Woman
3895,37.0,"80,32270730018321",Afternoon,Documentaries,Science Fiction,1.0,Family,Weekly,Man
3896,49.0,"157,67316057062962",Afternoon,Documentaries,Science Fiction,0.0,Premium,Weekly,Man
3897,58.0,"175,31684076029185",Afternoon,Movies,Science Fiction,1.0,Family,Weekly,Woman
3898,65.0,"211,09152274360164",Night,Movies,Horror,1.0,Family,Weekly,Man
3899,39.0,"54,28516121149433",Night,Anime,Science Fiction,1.0,Premium,Weekly,Man
3900,39.0,"147,96638446368138",Night,Documentaries,Drama,0.0,Premium,Weekly,Woman
3901,44.0,"97,08560082437964",Afternoon,Documentaries,Science Fiction,1.0,Premium,Weekly,Woman
3902,55.0,"202,5280468761261",Night,Series,Drama,1.0,Student,Weekly,Man
3903,54.0,"135,41830571514495",Afternoon,Movies,Science Fiction,1.0,Family,Daily,Man
3904,43.0,"216,36171326054912",Afternoon,Documentaries,Science Fiction,0.0,,Weekly,Woman
3905,40.0,"145,61263340438768",Afternoon,Documentaries,Drama,0.0,Premium,Weekly,Woman
3906,39.0,"77,38178123032475",Afternoon,Anime,Science Fiction,0.0,Premium,Weekly,Woman
3907,41.0,"157,80892605711378",Afternoon,Documentaries,Science Fiction,1.0,Family,Weekly,Woman
3908,50.0,"176,90036192194174",Night,Movies,Science Fiction,1.0,Family,Weekly,Woman
3909,36.0,"55,2338970922708",Afternoon,Anime,Science Fiction,1.0,Premium,Weekly,Woman
3910,61.0,"102,81814998305164",Afternoon,Movies,Drama,1.0,Family,Weekly,Woman
3911,46.0,"150,75283770885605",Afternoon,Documentaries,Horror,1.0,Family,Weekly,Man
3912,45.0,"170,3867624398869",Night,Documentaries,Science Fiction,1.0,Family,Weekly,Woman
3913,32.0,"120,53549270122194",Afternoon,Anime,Science Fiction,1.0,Family,Weekly,Man
3914,36.0,"119,81927074579971",Night,Documentaries,Action,1.0,Premium,Weekly,Woman
3915,43.0,"203,04062163870705",Afternoon,Documentaries,Science Fiction,0.0,Family,Weekly,Man
3916,47.0,"142,487982947978",Morning,Anime,Horror,0.0,Premium,Weekly,Woman
3917,40.0,"73,09995510655095",Afternoon,Anime,Science Fiction,1.0,Premium,Weekly,Woman
3918,46.0,"102,14031381582792",Night,Documentaries,Science Fiction,1.0,Family,Weekly,Man
3919,39.0,"89,62180807269318",Night,Anime,Science Fiction,0.0,Premium,Weekly,Man
3920,47.0,"126,5512219838195",Night,Anime,Horror,0.0,Premium,Weekly,Man
3921,51.0,"193,04399251147652",Night,Documentaries,Horror,1.0,Family,Weekly,Man
3922,37.0,"171,40153595758633",Night,Documentaries,Drama,0.0,Premium,Weekly,Man
3923,55.0,"86,65376240468177",Night,Documentaries,Science Fiction,1.0,Family,Daily,Man
3924,40.0,"181,1405045935724",Night,Documentaries,Science Fiction,1.0,Family,Weekly,Man
3925,35.0,"135,82494410475744",Afternoon,Documentaries,Drama,0.0,Premium,Weekly,Man
3926,53.0,"173,57560957689586",Morning,Documentaries,Science Fiction,1.0,Family,Weekly,Woman
3927,62.0,"117,45620350266888",Afternoon,Movies,Science Fiction,1.0,Family,Weekly,Woman
3928,35.0,"164,48143814781662",Afternoon,Movies,Science Fiction,1.0,Family,Weekly,Woman
3929,43.0,"89,2482978456263",Afternoon,Documentaries,Science Fiction,1.0,Family,Weekly,Man
3930,32.0,"159,44169969089722",Afternoon,Documentaries,Drama,0.0,Premium,Weekly,Man
3931,40.0,"139,42328920512773",Night,Anime,Horror,0.0,Family,Occasional,Man
3932,38.0,"120,35050799270108",Afternoon,Anime,Science Fiction,0.0,Premium,Weekly,Man
3933,60.0,"193,47780176703563",Night,Movies,Science Fiction,1.0,Family,Weekly,Man
3934,67.0,"192,34139229996757",Afternoon,Movies,Science Fiction,1.0,Family,Weekly,Woman
3935,33.0,"125,84761834086969",Night,Anime,Science Fiction,0.0,Premium,Weekly,Woman
3936,38.0,"172,80009045311067",Afternoon,Documentaries,Drama,0.0,Premium,Weekly,Woman
3937,51.0,"194,0969911149778",Night,Movies,Science Fiction,1.0,Family,Daily,Woman
3938,41.0,"138,79233021694577",Night,Documentaries,Drama,0.0,Premium,Weekly,Woman
3939,37.0,"245,72753951263985",Afternoon,Anime,Science Fiction,0.0,Premium,Occasional,Man
3940,39.0,"218,42711856402",Afternoon,Documentaries,Drama,0.0,Family,Weekly,Woman
3941,59.0,"94,437679858767",Afternoon,Documentaries,Horror,1.0,Premium,Weekly,Woman
3942,46.0,"95,7825841307461",Night,Documentaries,Science Fiction,1.0,Premium,Weekly,Woman
3943,45.0,"154,31339291659407",Night,Documentaries,Drama,0.0,Premium,Weekly,Woman
3944,52.0,"190,64959242285005",Afternoon,Movies,Science Fiction,1.0,Family,Weekly,Woman
3945,42.0,"224,35125948039013",Afternoon,Documentaries,Science Fiction,0.0,Family,Weekly,Woman
3946,62.0,"120,58867234312667",Night,Movies,Science Fiction,1.0,Family,Daily,Man
3947,62.0,"154,0260078372246",Night,Movies,Science Fiction,1.0,Family,Weekly,Woman
3948,58.0,"161,45604708965732",Afternoon,Movies,Science Fiction,1.0,Family,Daily,Man
3949,63.0,"130,56222019015658",Afternoon,Movies,Drama,1.0,Family,Weekly,Man
3950,45.0,"173,99946401636083",Night,Documentaries,Drama,0.0,Premium,Weekly,Woman
3951,35.0,"207,15376306162452",Night,Documentaries,Science Fiction,0.0,Premium,Weekly,Woman
3952,54.0,"125,38478612072409",Afternoon,Documentaries,Science Fiction,1.0,Family,Weekly,Man
3953,27.0,"84,62137825548616",Afternoon,Anime,Science Fiction,1.0,Family,Weekly,Man
3954,36.0,"177,18460030505963",Afternoon,Documentaries,Drama,0.0,Premium,Occasional,Woman
3955,47.0,"207,8304561720923",Night,Documentaries,Horror,0.0,Family,Weekly,Woman
3956,50.0,"141,2101167851466",Night,Documentaries,Horror,1.0,Family,Weekly,Woman
3957,51.0,"218,3607692188593",Afternoon,Documentaries,Horror,0.0,Family,Weekly,Woman
3958,42.0,"92,18272246039837",Afternoon,Documentaries,Science Fiction,1.0,Premium,Weekly,Man
3959,50.0,"150,0355258042402",Afternoon,Documentaries,Science Fiction,1.0,Family,Weekly,Woman
3960,42.0,"107,70420906551162",Afternoon,Anime,Science Fiction,1.0,Premium,Weekly,Man
3961,62.0,"165,25114209912277",Night,Movies,Science Fiction,1.0,Family,Weekly,Woman
3962,45.0,nan,Night,Anime,Science Fiction,1.0,Premium,Weekly,Man
3963,50.0,"186,87253971764608",Afternoon,Documentaries,Science Fiction,0.0,Family,Weekly,Woman
3964,51.0,"221,1168529873836",Afternoon,Documentaries,Drama,0.0,Family,Weekly,Man
3965,55.0,"111,89738638213592",Afternoon,Anime,Science Fiction,1.0,Premium,Weekly,Woman
3966,44.0,"179,8358506930023",Night,Documentaries,Science Fiction,0.0,Family,Weekly,Woman
3967,42.0,"136,25334798157658",Night,Documentaries,Drama,0.0,Premium,Weekly,Woman
3968,49.0,"149,05457560089084",Afternoon,Documentaries,Science Fiction,1.0,Family,Weekly,Woman
3969,55.0,"140,88250393341113",Night,Documentaries,Science Fiction,1.0,Family,Weekly,Woman
3970,36.0,"189,3003420972985",Night,Documentaries,Science Fiction,0.0,,Weekly,Man
3971,59.0,"211,9652741983598",Night,Movies,Science Fiction,1.0,Family,Weekly,Man
3972,48.0,"180,0101496541136",Night,Documentaries,Science Fiction,0.0,Family,Weekly,Woman
3973,55.0,"156,5070040757546",Afternoon,Documentaries,Horror,1.0,Family,Weekly,Man
3974,39.0,"169,54854276245285",Night,Documentaries,Drama,0.0,Premium,Weekly,Man
3975,44.0,"168,12639757510385",Afternoon,Documentaries,Science Fiction,1.0,Family,Weekly,Woman
3976,48.0,"140,99423734439762",Night,Documentaries,Science Fiction,1.0,Family,Weekly,Woman
3977,28.0,"181,1570215304604",Night,Documentaries,Science Fiction,0.0,Family,Weekly,Woman
3978,41.0,"137,00571890040783",Afternoon,Anime,Horror,0.0,Family,Occasional,Woman
3979,54.0,"133,63161196415822",Afternoon,Documentaries,Science Fiction,1.0,Family,Weekly,Man
3980,55.0,"90,10364458203134",Night,Documentaries,Science Fiction,1.0,Family,Weekly,Woman
3981,42.0,"184,42071305160945",Afternoon,Documentaries,Drama,0.0,Family,Weekly,Man
3982,33.0,"226,38778200303528",Afternoon,Documentaries,Drama,0.0,Premium,Occasional,Man
3983,34.0,"180,0692399967573",Night,Documentaries,Drama,0.0,Premium,Weekly,Man
3984,35.0,"189,8336096307972",Afternoon,Documentaries,Science Fiction,0.0,Premium,Weekly,Man
3985,29.0,"212,8116917956213",Afternoon,Documentaries,Drama,0.0,Premium,Weekly,Woman
3986,38.0,"168,46767783473112",Night,Documentaries,Drama,0.0,Premium,Weekly,Man
3987,29.0,"182,81379004763247",Night,Documentaries,Science Fiction,0.0,Family,Weekly,Woman
3988,29.0,"227,5873496224972",Afternoon,Anime,Science Fiction,0.0,Premium,Occasional,Woman
3989,41.0,"148,78271188725736",Night,Documentaries,Drama,0.0,Premium,Weekly,Man
3990,61.0,"135,42999222601222",Night,Movies,Science Fiction,1.0,Family,Weekly,Woman
3991,29.0,"161,15938392239715",Afternoon,Anime,Science Fiction,0.0,Premium,Weekly,Man
3992,36.0,"171,20103665870175",Afternoon,Documentaries,Horror,1.0,Family,Weekly,Woman
3993,58.0,"158,74863703885063",Night,Documentaries,Horror,0.0,Premium,Weekly,Woman
3994,47.0,"175,16536683089222",Night,Documentaries,Science Fiction,1.0,Family,Weekly,Woman
3995,35.0,"167,23525878301444",Afternoon,Documentaries,Drama,0.0,Premium,Weekly,Woman
3996,43.0,"185,66627781980836",Afternoon,Documentaries,Drama,0.0,Family,Weekly,Man
3997,32.0,"164,3293164858176",Afternoon,Documentaries,Drama,0.0,Premium,Weekly,Man
3998,39.0,"171,16326579613073",Night,Documentaries,Science Fiction,0.0,Family,Weekly,Woman
3999,35.0,"161,23396693067414",Afternoon,Documentaries,Science Fiction,1.0,Family,Weekly,Man
4000,59.0,"117,2300376465642",Night,Movies,Science Fiction,1.0,Family,Daily,Man
4001,43.0,"170,40276174424474",Night,Documentaries,Science Fiction,0.0,Premium,Weekly,Woman
4002,61.0,"122,6654242926924",Night,Movies,Science Fiction,1.0,Family,Weekly,Man
4003,60.0,"146,221568731656",Night,Movies,Science Fiction,1.0,Family,Weekly,Man
4004,52.0,"162,95629865633498",Afternoon,Documentaries,Science Fiction,1.0,Family,Weekly,Woman
4005,49.0,"200,23307952666465",Night,Documentaries,Science Fiction,0.0,,Weekly,Woman
4006,45.0,"206,5035944503135",Afternoon,Documentaries,Science Fiction,1.0,Family,Weekly,Man
4007,35.0,"154,60815369011138",Afternoon,Documentaries,Drama,0.0,Premium,Weekly,Woman
4008,54.0,"188,11596765607652",Night,Movies,Science Fiction,1.0,Family,Weekly,Man
4009,39.0,"166,73081081677665",Night,Documentaries,Drama,0.0,Premium,Weekly,Man
4010,34.0,"188,45858665474304",Night,Documentaries,Science Fiction,0.0,Premium,Weekly,Man
4011,46.0,"116,30726961079264",Night,Anime,Horror,1.0,Family,Weekly,Woman
4012,59.0,"133,16250441088383",Afternoon,Movies,Horror,1.0,,Daily,Woman
4013,50.0,"218,84451014830427",Afternoon,Documentaries,Science Fiction,0.0,Family,Weekly,Woman
4014,32.0,"173,3233190586898",Night,Documentaries,Science Fiction,1.0,Family,Weekly,Man
4015,48.0,"145,8511389397283",Night,Documentaries,Science Fiction,1.0,Family,Weekly,Man
4016,41.0,"99,03539502920532",Night,Anime,Science Fiction,1.0,Family,Weekly,Man
4017,30.0,"178,71161958931864",Afternoon,Anime,Horror,0.0,Family,Occasional,Man
4018,67.0,"165,46592893596335",Night,Movies,Drama,1.0,Family,Weekly,Woman
4019,36.0,"147,1374144642129",Night,Anime,Science Fiction,0.0,Family,Occasional,Man
4020,52.0,"122,997718766884",Night,Anime,Science Fiction,0.0,Premium,Weekly,Woman
4021,40.0,"187,7523349727236",Afternoon,Documentaries,Horror,0.0,Family,Weekly,Man
4022,33.0,"89,35753722896598",Night,Anime,Science Fiction,0.0,Premium,Weekly,Man
4023,62.0,"157,76240718183936",Afternoon,Movies,Science Fiction,1.0,Family,Weekly,Man
4024,61.0,"185,84273225164475",Night,Movies,Science Fiction,1.0,Family,Daily,Woman
4025,60.0,"172,83488148772133",Afternoon,Movies,Science Fiction,1.0,,Weekly,Man
4026,62.0,"200,7152333668396",Afternoon,Movies,Science Fiction,1.0,Family,Weekly,Woman
4027,39.0,"175,3423489490849",Night,Documentaries,Drama,0.0,Premium,Weekly,Woman
4028,46.0,"109,314213144689",Afternoon,Anime,Science Fiction,1.0,Family,Weekly,Man
4029,57.0,"132,44486237866332",Night,Movies,Science Fiction,1.0,Family,Weekly,Man
4030,50.0,"126,4415775552545",Night,Documentaries,Science Fiction,1.0,Family,Daily,Woman
4031,46.0,"115,0016339222046",Afternoon,Anime,Science Fiction,0.0,Premium,Weekly,Man
4032,28.0,"42,68299211984706",Afternoon,Anime,Science Fiction,1.0,Family,Weekly,Man
4033,39.0,"92,25223848332844",Afternoon,Anime,Science Fiction,1.0,Premium,Weekly,Woman
4034,43.0,"153,5275975304227",Night,Documentaries,Science Fiction,0.0,Premium,Weekly,Man
4035,39.0,"143,6007679844698",Night,Anime,Horror,0.0,Family,Weekly,Woman
4036,34.0,nan,Night,Anime,Science Fiction,0.0,Premium,Weekly,Man
4037,39.0,"158,60394296047843",Afternoon,Documentaries,Drama,0.0,Premium,Weekly,Man
4038,42.0,"70,9286200836818",Night,Reality Shows,Comedy,0.0,Premium,Occasional,Man
4039,50.0,"176,2695970075823",Night,Documentaries,Science Fiction,1.0,Family,Weekly,Woman
4040,40.0,"123,19734701064591",Afternoon,Documentaries,Horror,1.0,Family,Weekly,Woman
4041,45.0,"123,2001688705401",Night,Documentaries,Horror,1.0,,Weekly,Man
4042,39.0,"91,72661234618992",Afternoon,Anime,Science Fiction,0.0,Premium,Weekly,Man
4043,42.0,"111,59304369610372",Afternoon,Anime,Science Fiction,0.0,Premium,Weekly,Man
4044,43.0,"66,58950358527198",Night,Anime,Science Fiction,1.0,Premium,Weekly,Man
4045,43.0,"83,64156837053113",Night,Anime,Science Fiction,1.0,Premium,Weekly,Man
4046,29.0,"159,65971371756547",Night,Documentaries,Drama,0.0,Premium,Weekly,Man
4047,31.0,"37,3171014013548",Night,Anime,Science Fiction,1.0,,Weekly,Woman
4048,37.0,"96,76722270872528",Afternoon,Anime,Science Fiction,0.0,Premium,Weekly,Woman
4049,40.0,"88,94604342500402",Night,Documentaries,Science Fiction,1.0,Premium,Weekly,Man
4050,69.0,"123,44162976063971",Afternoon,Movies,Science Fiction,1.0,Family,Weekly,Man
4051,40.0,"137,74590142878804",Afternoon,Anime,Horror,0.0,Family,Weekly,Man
4052,46.0,"131,11178906921646",Afternoon,Anime,Science Fiction,1.0,Family,Weekly,Woman
4053,37.0,"239,49222887529257",Night,Documentaries,Science Fiction,0.0,Premium,Weekly,Man
4054,31.0,"213,4114198153713",Afternoon,Documentaries,Drama,0.0,Family,Weekly,Woman
4055,27.0,"165,01963718626357",Night,Documentaries,Science Fiction,0.0,Family,Weekly,Woman
4056,47.0,"182,5396045313862",Afternoon,Movies,Science Fiction,1.0,,Weekly,Man
4057,80.0,"259,4467081227545",Afternoon,Series,Science Fiction,1.0,Student,Weekly,Woman
4058,45.0,"169,62257308740735",Afternoon,Movies,Science Fiction,1.0,Family,Weekly,Woman
4059,36.0,"94,389862667579",Late Night,Anime,Science Fiction,1.0,Premium,Weekly,Woman
4060,60.0,"97,58177714477698",Afternoon,Movies,Science Fiction,1.0,Family,Daily,Man
4061,28.0,"180,89371826507792",Night,Documentaries,Science Fiction,0.0,Family,Weekly,Woman
4062,46.0,"187,1275286656265",Night,Documentaries,Science Fiction,0.0,Family,Weekly,Woman
4063,27.0,"206,5843791335685",Afternoon,Anime,Drama,0.0,Premium,Occasional,Man
4064,35.0,"91,09617966016854",Afternoon,Anime,Science Fiction,1.0,Family,Weekly,Woman
4065,45.0,"122,867803034112",Afternoon,Documentaries,Science Fiction,1.0,Family,Weekly,Woman
4066,39.0,"73,67139310713465",Afternoon,Documentaries,Science Fiction,1.0,Family,Weekly,Man
4067,34.0,"194,9407384315",Night,Documentaries,Science Fiction,0.0,Family,Weekly,Woman
4068,37.0,"97,61145698645646",Afternoon,Anime,Science Fiction,0.0,Premium,Weekly,Man
4069,56.0,"160,7109252690238",Night,Movies,Science Fiction,1.0,Student,Weekly,Woman
4070,54.0,"134,81742305001106",Night,Anime,Science Fiction,1.0,Family,Weekly,Woman
4071,40.0,nan,Night,Documentaries,Science Fiction,0.0,Premium,Weekly,Man
4072,62.0,"118,30867311635132",Afternoon,Movies,Science Fiction,1.0,Family,Weekly,Man
4073,54.0,"175,39622746710174",Afternoon,Movies,Science Fiction,1.0,Family,Weekly,Man
4074,44.0,"150,7350805763464",Night,Documentaries,Science Fiction,1.0,Family,Weekly,Woman
4075,41.0,"140,06117072225692",Afternoon,Documentaries,Science Fiction,1.0,Family,Weekly,Woman
4076,33.0,nan,Night,Anime,Science Fiction,0.0,Premium,Weekly,Man
4077,57.0,"167,49870061330893",Night,Movies,Science Fiction,1.0,,Weekly,Man
4078,50.0,"138,973067820257",Afternoon,Documentaries,Science Fiction,1.0,Family,Weekly,Woman
4079,45.0,"159,56111288651186",Night,Documentaries,Drama,0.0,Family,Weekly,Man
4080,37.0,"97,29987110297554",Night,Anime,Science Fiction,0.0,Premium,Weekly,Man
4081,40.0,"191,72662963772453",Afternoon,Documentaries,Science Fiction,0.0,Premium,Weekly,Man
4082,46.0,"174,22105677302503",Afternoon,Documentaries,Drama,0.0,Family,Weekly,Man
4083,56.0,"219,72475188562768",Afternoon,Movies,Science Fiction,1.0,Family,Weekly,Man
4084,51.0,"182,8813106812725",Afternoon,Documentaries,Horror,0.0,Family,Weekly,Woman
4085,45.0,"183,22573567408736",Night,Documentaries,Science Fiction,0.0,,Weekly,Woman
4086,53.0,"180,00886200027657",Night,Documentaries,Science Fiction,1.0,Family,Weekly,Woman
4087,39.0,"194,13149314429688",Night,Movies,Drama,0.0,Family,Weekly,Man
4088,41.0,"108,62903036386378",Night,Anime,Science Fiction,1.0,Family,Weekly,Man
4089,45.0,"163,51449365580166",Night,Documentaries,Science Fiction,0.0,Premium,Weekly,Man
4090,41.0,"81,43491089997339",Afternoon,Documentaries,Science Fiction,1.0,Premium,Weekly,Man
4091,46.0,"244,7886222524492",Afternoon,Documentaries,Science Fiction,0.0,Family,Weekly,Woman
4092,35.0,"204,39958867388768",Night,Documentaries,Drama,0.0,Family,Weekly,Woman
4093,34.0,"33,016859618299",Night,Documentaries,Science Fiction,1.0,Family,Weekly,Man
4094,51.0,"92,62754431181466",Night,Movies,Drama,1.0,Premium,Weekly,Woman
4095,61.0,"145,90664315215213",Night,Movies,Science Fiction,1.0,,Weekly,Woman
4096,37.0,"162,47141853181623",Night,Documentaries,Science Fiction,0.0,Family,Weekly,Man
4097,41.0,"145,0742791741926",Afternoon,Anime,Science Fiction,0.0,Family,Occasional,Woman
4098,38.0,"99,13849031871172",Afternoon,Documentaries,Science Fiction,1.0,Family,Weekly,Woman
4099,47.0,"127,37008743473632",Afternoon,Anime,Science Fiction,0.0,Premium,Weekly,Woman
4100,45.0,"157,2988110479101",Afternoon,Movies,Science Fiction,1.0,Family,Weekly,Woman
4101,45.0,nan,Afternoon,Documentaries,Horror,1.0,Family,Weekly,Woman
4102,54.0,"157,94467409884655",Afternoon,Documentaries,Science Fiction,1.0,Family,Weekly,Man
4103,37.0,"177,17817584632928",Afternoon,Documentaries,Science Fiction,1.0,Family,Weekly,Man
4104,40.0,"170,00763623191634",Night,Documentaries,Drama,0.0,Premium,Weekly,Man
4105,29.0,"60,41573552772466",Night,Anime,Science Fiction,1.0,Family,Weekly,Man
4106,42.0,"117,04186579312098",Night,Documentaries,Science Fiction,1.0,Family,Weekly,Man
4107,43.0,"140,85436633364688",Night,Anime,Horror,0.0,Premium,Weekly,Man
4108,58.0,"215,31062370107296",Night,Movies,Science Fiction,1.0,Family,Weekly,Woman
4109,56.0,"205,9372162639653",Afternoon,Movies,Science Fiction,1.0,Family,Daily,Man
4110,39.0,"209,6055225185264",Afternoon,Documentaries,Science Fiction,0.0,Family,Weekly,Man
4111,44.0,"157,01648055836628",Afternoon,Documentaries,Drama,0.0,Family,Weekly,Man
4112,59.0,"217,1199162787354",Night,Movies,Science Fiction,1.0,Family,Weekly,Woman
4113,40.0,"116,8195183098621",Afternoon,Anime,Science Fiction,0.0,Premium,Weekly,Man
4114,38.0,"141,77414828431327",Night,Documentaries,Drama,0.0,Premium,Weekly,Woman
4115,36.0,"105,376560633014",Night,Anime,Science Fiction,0.0,Premium,Weekly,Man
4116,45.0,"166,91342659962012",Afternoon,Documentaries,Horror,1.0,Family,Weekly,Man
4117,33.0,"179,95872432081",Night,Documentaries,Drama,0.0,Premium,Weekly,Woman
4118,46.0,"86,00329949014434",Night,Anime,Science Fiction,1.0,Premium,Weekly,Man
4119,42.0,"92,7993612509472",Night,Anime,Science Fiction,1.0,,Weekly,Man
4120,37.0,"138,79008628317655",Night,Anime,Science Fiction,0.0,Premium,Weekly,Man
4121,33.0,"43,03260753878028",Afternoon,Anime,Science Fiction,1.0,Premium,Weekly,Woman
4122,35.0,"148,5991013475413",Afternoon,Documentaries,Horror,0.0,Family,Weekly,Man
4123,50.0,"220,30154500189835",Afternoon,Documentaries,Science Fiction,0.0,Family,Weekly,Man
4124,35.0,"191,2681784645222",Night,Documentaries,Science Fiction,0.0,Family,Weekly,Man
4125,42.0,"121,67627922649292",Night,Documentaries,Horror,1.0,Family,Weekly,Woman
4126,36.0,"167,8219376450892",Night,Anime,Drama,0.0,Premium,Occasional,Woman
4127,41.0,"108,70356032872093",Night,Anime,Science Fiction,0.0,Premium,Weekly,Woman
4128,46.0,"182,308378889214",Afternoon,Documentaries,Science Fiction,1.0,,Weekly,Man
4129,41.0,"202,165813091536",Night,Movies,Science Fiction,1.0,Family,Weekly,Woman
4130,52.0,"167,9959407226512",Afternoon,Documentaries,Science Fiction,1.0,Family,Weekly,Man
4131,47.0,"151,36272755548777",Night,Documentaries,Science Fiction,0.0,Premium,Weekly,Man
4132,39.0,nan,Afternoon,Documentaries,Science Fiction,1.0,Family,Weekly,Man
4133,56.0,"137,75019236363275",Afternoon,Documentaries,Science Fiction,1.0,Family,Weekly,Woman
4134,42.0,"179,53879993104684",Night,Documentaries,Science Fiction,0.0,Family,Weekly,Woman
4135,28.0,"174,48750498971805",Night,Anime,Science Fiction,0.0,Family,Weekly,Woman
4136,60.0,"170,05163975517215",Afternoon,Movies,Science Fiction,1.0,Family,Weekly,Woman
4137,36.0,"116,89049444743708",Night,Documentaries,Science Fiction,1.0,Family,Weekly,Man
4138,64.0,"123,98952025985714",Night,Movies,Science Fiction,1.0,Family,Daily,Woman
4139,46.0,"183,853939417036",Afternoon,Documentaries,Science Fiction,0.0,Family,Weekly,Man
4140,55.0,nan,Night,Documentaries,Horror,1.0,Family,Weekly,Woman
4141,18.0,"28,473895257330405",Afternoon,Anime,Science Fiction,1.0,Premium,Weekly,Man
4142,36.0,"170,80903912974512",Night,Documentaries,Drama,0.0,Premium,Weekly,Man
4143,61.0,"184,97604314061272",Night,Movies,Science Fiction,1.0,Family,Weekly,Woman
4144,42.0,"150,79772733419503",Night,Documentaries,Drama,0.0,Premium,Weekly,Man
4145,33.0,"158,82087293537506",Afternoon,Documentaries,Drama,0.0,Premium,Weekly,Woman
4146,34.0,"112,97093062527148",Afternoon,Anime,Science Fiction,0.0,Premium,Weekly,Man
4147,40.0,"78,12036647042974",Night,Anime,Science Fiction,1.0,Family,Weekly,Woman
4148,56.0,"131,7763861684155",Afternoon,Movies,Science Fiction,1.0,Family,Daily,Woman
4149,51.0,"165,07704224947523",Night,Documentaries,Science Fiction,1.0,Family,Weekly,Woman
4150,52.0,"181,84335243486552",Night,Documentaries,Science Fiction,1.0,Family,Weekly,Man
4151,49.0,"126,30190653423068",Afternoon,Documentaries,Science Fiction,1.0,Family,Daily,Woman
4152,31.0,"94,53803196404296",Night,Anime,Science Fiction,1.0,Family,Weekly,Man
4153,42.0,"176,72157200260096",Night,Documentaries,Drama,0.0,Premium,Weekly,Woman
4154,56.0,"139,61804502425713",Night,Movies,Science Fiction,1.0,Family,Weekly,Man
4155,42.0,"147,31048668717557",Night,Anime,Science Fiction,0.0,Family,Weekly,Woman
4156,45.0,"150,5607791594298",Afternoon,Documentaries,Drama,1.0,Premium,Weekly,Woman
4157,56.0,"170,13766221910726",Afternoon,Movies,Horror,1.0,Family,Weekly,Man
4158,32.0,"168,4537615715479",Night,Documentaries,Horror,0.0,Family,Weekly,Woman
4159,56.0,"113,02585706416444",Afternoon,Movies,Science Fiction,1.0,,Daily,Woman
4160,32.0,"162,8379391325165",Night,Documentaries,Science Fiction,0.0,Family,Weekly,Man
4161,29.0,"177,49281681758714",Afternoon,Documentaries,Action,0.0,Premium,Weekly,Man
4162,58.0,"199,05976203290027",Afternoon,Movies,Science Fiction,1.0,Family,Daily,Woman
4163,52.0,nan,Afternoon,Documentaries,Science Fiction,1.0,Family,Weekly,Woman
4164,38.0,"148,7091566438588",Night,Anime,Horror,0.0,Family,Weekly,Woman
4165,40.0,"191,01664588164945",Night,Documentaries,Science Fiction,0.0,Family,Weekly,Woman
4166,41.0,"74,57775634486246",Afternoon,Anime,Science Fiction,1.0,Premium,Weekly,Man
4167,48.0,"160,31801363479084",Afternoon,Documentaries,Drama,0.0,Family,Weekly,Woman
4168,30.0,"216,0591904128172",Afternoon,Documentaries,Science Fiction,0.0,Family,Weekly,Man
4169,30.0,"147,8434410679784",Afternoon,Anime,Horror,0.0,Premium,Occasional,Man
4170,37.0,"83,28375219885936",Afternoon,Anime,Science Fiction,0.0,Premium,Weekly,Man
4171,46.0,"194,0489018953884",Night,Documentaries,Science Fiction,0.0,Family,Weekly,Woman
4172,60.0,"148,3744724968262",Night,Movies,Science Fiction,1.0,Family,Weekly,Man
4173,30.0,"48,793652547173615",Night,Documentaries,Science Fiction,1.0,Family,Weekly,Man
4174,38.0,"127,73911318150718",Afternoon,Anime,Horror,0.0,Family,Weekly,Woman
4175,41.0,"134,7069646101508",Afternoon,Anime,Science Fiction,0.0,Premium,Weekly,Woman
4176,32.0,"90,25852684645126",Afternoon,Anime,Science Fiction,1.0,Family,Weekly,Man
4177,39.0,"168,51151144962847",Night,Documentaries,Drama,0.0,Premium,Weekly,Woman
4178,61.0,"185,6445006005925",Night,Movies,Science Fiction,1.0,Family,Weekly,Woman
4179,42.0,"145,48250118787806",Afternoon,Anime,Horror,1.0,Family,Weekly,Man
4180,54.0,nan,Night,Movies,Science Fiction,1.0,Family,Weekly,Woman
4181,33.0,"58,05002777531062",Night,Anime,Science Fiction,0.0,Premium,Weekly,Man
4182,57.0,"120,1327363986596",Night,Documentaries,Science Fiction,1.0,Family,Weekly,Man
4183,38.0,"181,72821117937187",Afternoon,Documentaries,Drama,0.0,Premium,Weekly,Man
4184,36.0,"156,74166687910125",Night,Anime,Horror,0.0,Family,Weekly,Man
4185,60.0,"210,98416852001236",Night,Movies,Science Fiction,1.0,Family,Weekly,Woman
4186,33.0,"131,90131006910062",Night,Anime,Horror,0.0,Family,Weekly,Woman
4187,33.0,"120,472350863867",Night,Documentaries,Action,0.0,Premium,Weekly,Woman
4188,37.0,"97,078742622624",Late Night,Anime,Science Fiction,1.0,Premium,Weekly,Man
4189,38.0,"184,98483234298735",Afternoon,Documentaries,Science Fiction,1.0,Family,Weekly,Man
4190,61.0,"132,90016738353629",Night,Documentaries,Science Fiction,1.0,Family,Weekly,Woman
4191,32.0,"175,3149030680471",Afternoon,Anime,Science Fiction,0.0,,Occasional,Woman
4192,46.0,"187,99239231411792",Afternoon,Documentaries,Science Fiction,0.0,Family,Weekly,Man
4193,62.0,"162,22603649654377",Afternoon,Movies,Science Fiction,1.0,Family,Daily,Woman
4194,38.0,"166,46815395656617",Afternoon,Documentaries,Science Fiction,1.0,Family,Weekly,Woman
4195,44.0,"132,35536571029957",Night,Documentaries,Horror,0.0,Premium,Weekly,Woman
4196,37.0,"211,965556097794",Afternoon,Documentaries,Drama,0.0,,Occasional,Man
4197,36.0,"161,2430104338045",Night,Anime,Horror,0.0,Family,Weekly,Man
4198,52.0,"144,5395601604816",Night,Movies,Science Fiction,1.0,Family,Weekly,Woman
4199,59.0,"176,9257113915917",Afternoon,Movies,Science Fiction,1.0,Family,Weekly,Man
4200,47.0,"172,64128556975348",Night,Movies,Drama,1.0,Family,Weekly,Man
4201,63.0,"117,53224048688097",Afternoon,Movies,Science Fiction,1.0,Family,Weekly,Woman
4202,44.0,"82,79199816196407",Night,Documentaries,Science Fiction,1.0,Family,Weekly,Man
4203,52.0,nan,Afternoon,Documentaries,Science Fiction,0.0,Family,Weekly,Man
4204,32.0,"142,90609917347453",Afternoon,Anime,Science Fiction,0.0,Family,Weekly,Man
4205,45.0,"135,2035683741453",Night,Documentaries,Horror,1.0,Family,Weekly,Man
4206,52.0,"159,63915425526292",Night,Documentaries,Science Fiction,1.0,Family,Weekly,Man
4207,46.0,nan,Afternoon,Documentaries,Horror,1.0,Family,Weekly,Woman
4208,39.0,"154,65942430284866",Afternoon,Documentaries,Drama,0.0,Premium,Weekly,Man
4209,42.0,nan,Night,Documentaries,Drama,0.0,Family,Weekly,Man
4210,47.0,"116,4057764243762",Night,Documentaries,Science Fiction,1.0,Premium,Weekly,Man
4211,41.0,"97,35626881496526",Afternoon,Anime,Science Fiction,1.0,Premium,Weekly,Man
4212,55.0,"133,00633813426936",Afternoon,Documentaries,Horror,1.0,Family,Weekly,Woman
4213,39.0,"153,06039420305385",Night,Documentaries,Science Fiction,0.0,Premium,Weekly,Man
4214,39.0,nan,Afternoon,Anime,Science Fiction,0.0,Premium,Occasional,Man
4215,29.0,"74,19991747849032",Late Night,Anime,Science Fiction,1.0,Premium,Weekly,Man
4216,36.0,"190,15929056262627",Night,Documentaries,Drama,0.0,Premium,Weekly,Man
4217,38.0,"124,92649674507436",Night,Documentaries,Drama,0.0,Premium,Weekly,Woman
4218,51.0,"172,0636957520881",Afternoon,Movies,Science Fiction,1.0,Family,Weekly,Man
4219,55.0,"185,2802665396597",Afternoon,Movies,Science Fiction,1.0,,Weekly,Woman
4220,58.0,"182,37650536750317",Afternoon,Movies,Horror,1.0,Family,Weekly,Man
4221,41.0,"135,155024070518",Night,Anime,Science Fiction,0.0,Premium,Weekly,Woman
4222,43.0,"93,911583434821",Night,Anime,Science Fiction,1.0,Premium,Weekly,Woman
4223,55.0,"189,26396326930345",Afternoon,Movies,Science Fiction,1.0,Family,Weekly,Woman
4224,39.0,"101,0521277685244",Night,Documentaries,Science Fiction,1.0,Premium,Weekly,Woman
4225,46.0,"46,01803380090493",Afternoon,Anime,Science Fiction,1.0,Premium,Weekly,Man
4226,43.0,nan,Night,Documentaries,Horror,1.0,Family,Weekly,Man
4227,38.0,"118,12018053047947",Afternoon,Anime,Horror,0.0,Family,Weekly,Man
4228,39.0,"157,66269591171405",Afternoon,Documentaries,Drama,0.0,,Weekly,Man
4229,25.0,"211,20849814007371",Afternoon,Documentaries,Science Fiction,0.0,Family,Weekly,Man
4230,36.0,"181,44481183572287",Afternoon,Documentaries,Science Fiction,0.0,Premium,Weekly,Man
4231,33.0,"104,66175301983012",Night,Anime,Science Fiction,0.0,Premium,Weekly,Woman
4232,45.0,"146,6702575193172",Night,Documentaries,Science Fiction,1.0,Family,Weekly,Man
4233,36.0,"209,53056777836795",Night,Documentaries,Science Fiction,0.0,Family,Weekly,Man
4234,39.0,"207,65923238852443",Night,Documentaries,Drama,0.0,Family,Weekly,Man
4235,45.0,"108,79595072221797",Night,Documentaries,Science Fiction,1.0,Premium,Daily,Woman
4236,47.0,"161,53498303459938",Night,Documentaries,Science Fiction,1.0,,Weekly,Man
4237,34.0,"215,74490973530783",Night,Movies,Science Fiction,0.0,Family,Weekly,Man
4238,44.0,"83,35944433234906",Night,Anime,Science Fiction,1.0,Premium,Weekly,Man
4239,47.0,nan,Night,Documentaries,Science Fiction,1.0,Premium,Daily,Man
4240,45.0,"175,1511766822874",Night,Documentaries,Science Fiction,1.0,Family,Weekly,Man
4241,34.0,"86,34474119503119",Night,Anime,Science Fiction,0.0,Premium,Weekly,Woman
4242,33.0,"166,71034604539767",Night,Documentaries,Science Fiction,0.0,Premium,Weekly,Man
4243,58.0,"145,3590192046579",Afternoon,Movies,Science Fiction,1.0,Family,Weekly,Man
4244,54.0,nan,Night,Documentaries,Science Fiction,1.0,Family,Weekly,Woman
4245,36.0,"178,29051729549363",Afternoon,Documentaries,Science Fiction,0.0,Family,Weekly,Man
4246,36.0,"87,17443443600673",Night,Anime,Science Fiction,1.0,Premium,Weekly,Man
4247,42.0,"136,86448890680938",Night,Documentaries,Science Fiction,1.0,Family,Weekly,Man
4248,43.0,"153,06061478882705",Night,Documentaries,Science Fiction,1.0,Family,Weekly,Woman
4249,50.0,nan,Night,Anime,Horror,1.0,Family,Weekly,Woman
4250,44.0,"154,14558909086674",Afternoon,Documentaries,Science Fiction,1.0,Family,Weekly,Woman
4251,43.0,"175,154690590258",Morning,Documentaries,Drama,0.0,Family,Weekly,Man
4252,47.0,"128,7336443207824",Night,Anime,Science Fiction,0.0,Premium,Weekly,Woman
4253,34.0,"146,55585722928686",Late Night,Documentaries,Drama,0.0,Premium,Weekly,Man
4254,54.0,"137,24184887568802",Afternoon,Movies,Science Fiction,1.0,Family,Daily,Woman
4255,38.0,"175,17503265029572",Night,Documentaries,Science Fiction,0.0,Premium,Weekly,Woman
4256,45.0,"82,85807309700569",Afternoon,Documentaries,Science Fiction,1.0,Family,Weekly,Woman
4257,45.0,"156,48982897882303",Afternoon,Anime,Horror,0.0,Premium,Weekly,Man
4258,34.0,"175,21599486862908",Afternoon,Documentaries,Drama,0.0,Premium,Weekly,Man
4259,58.0,"164,64902502097584",Night,Documentaries,Horror,1.0,Student,Weekly,Woman
4260,41.0,"190,6480749529142",Afternoon,Documentaries,Drama,0.0,Family,Occasional,Man
4261,44.0,"120,24765688435558",Afternoon,Documentaries,Science Fiction,1.0,Family,Weekly,Woman
4262,38.0,"167,29706805955914",Night,Anime,Science Fiction,0.0,Family,Occasional,Man
4263,61.0,"135,2817606054373",Night,Movies,Science Fiction,1.0,Family,Weekly,Man
4264,41.0,"118,53223045181576",Night,Anime,Science Fiction,0.0,Premium,Weekly,Man
4265,37.0,"85,85159858156433",Night,Documentaries,Science Fiction,1.0,Family,Weekly,Man
4266,47.0,"156,31609844053685",Night,Documentaries,Horror,1.0,Family,Weekly,Woman
4267,54.0,"182,2973852654227",Night,Movies,Science Fiction,1.0,,Weekly,Man
4268,49.0,"124,41240689723227",Afternoon,Documentaries,Horror,1.0,Family,Weekly,Man
4269,54.0,"119,32075738748192",Afternoon,Movies,Science Fiction,1.0,Family,Daily,Man
4270,56.0,"160,41439527367754",Night,Movies,Science Fiction,1.0,Student,Weekly,Woman
4271,38.0,"198,6368118502461",Afternoon,Documentaries,Science Fiction,0.0,Family,Weekly,Woman
4272,51.0,"163,9182418412866",Afternoon,Documentaries,Science Fiction,1.0,Family,Weekly,Woman
4273,44.0,"183,46022414503813",Afternoon,Documentaries,Science Fiction,0.0,Family,Weekly,Woman
4274,58.0,"159,29193095102124",Afternoon,Movies,Science Fiction,1.0,,Weekly,Woman
4275,64.0,"187,0814464818452",Night,Movies,Science Fiction,1.0,Family,Weekly,Woman
4276,37.0,"214,2871857178163",Night,Movies,Drama,0.0,Family,Weekly,Woman
4277,63.0,"135,10927029151767",Afternoon,Movies,Science Fiction,1.0,Family,Weekly,Woman
4278,54.0,"156,82993282891462",Afternoon,Movies,Science Fiction,1.0,Family,Weekly,Man
4279,45.0,"147,7928925521692",Night,Documentaries,Drama,1.0,Premium,Weekly,Man
4280,32.0,"71,41551525135313",Night,Anime,Science Fiction,1.0,Premium,Weekly,Woman
4281,56.0,"140,40502651870258",Afternoon,Documentaries,Science Fiction,1.0,Family,Weekly,Woman
4282,51.0,"167,1885140434144",Night,Movies,Science Fiction,1.0,Family,Daily,Man
4283,56.0,"191,34102493954032",Night,Movies,Horror,1.0,,Daily,Woman
4284,35.0,nan,Night,Anime,Horror,0.0,Family,Weekly,Woman
4285,31.0,nan,Afternoon,Anime,Science Fiction,1.0,Premium,Weekly,Woman
4286,38.0,"155,0453854702764",Afternoon,Documentaries,Science Fiction,1.0,,Weekly,Woman
4287,55.0,"164,16639409854486",Afternoon,Movies,Science Fiction,1.0,Family,Daily,Man
4288,54.0,"157,8032141642627",Afternoon,Movies,Science Fiction,1.0,Family,Weekly,Man
4289,55.0,"72,85992775562823",Night,Anime,Science Fiction,1.0,Premium,Weekly,Man
4290,42.0,"194,23751209112496",Night,Movies,Science Fiction,1.0,Family,Weekly,Woman
4291,57.0,nan,Night,Documentaries,Science Fiction,1.0,Family,Weekly,Woman
4292,48.0,"150,6770136856876",Afternoon,Documentaries,Science Fiction,1.0,Family,Weekly,Woman
4293,48.0,"130,97283289031785",Afternoon,Documentaries,Horror,1.0,Family,Weekly,Man
4294,44.0,"197,1806606144528",Night,Documentaries,Science Fiction,0.0,Family,Weekly,Man
4295,42.0,"69,25925492610281",Afternoon,Anime,Science Fiction,1.0,Premium,Weekly,Woman
4296,33.0,"77,28981300473443",Afternoon,Anime,Science Fiction,1.0,,Weekly,Man
4297,36.0,"200,6790024288186",Night,Documentaries,Drama,0.0,Premium,Weekly,Woman
4298,58.0,"103,35066213419944",Afternoon,Documentaries,Science Fiction,1.0,Family,Weekly,Woman
4299,46.0,"134,00346624392105",Night,Documentaries,Science Fiction,1.0,Family,Weekly,Man
4300,49.0,"170,3237864715133",Afternoon,Documentaries,Horror,1.0,Family,Daily,Woman
4301,49.0,"167,670890034968",Afternoon,Movies,Science Fiction,1.0,Family,Weekly,Woman
4302,43.0,"197,133789164891",Night,Documentaries,Science Fiction,0.0,Family,Occasional,Woman
4303,61.0,"226,1745439565118",Night,Movies,Science Fiction,1.0,Family,Weekly,Woman
4304,46.0,nan,Afternoon,Anime,Science Fiction,1.0,Family,Weekly,Man
4305,58.0,"104,74492054786688",Afternoon,Documentaries,Science Fiction,1.0,Premium,Weekly,Man
4306,36.0,"199,6547554842728",Afternoon,Documentaries,Drama,0.0,Premium,Occasional,Woman
4307,54.0,"140,20970838438697",Afternoon,Documentaries,Science Fiction,1.0,Family,Weekly,Man
4308,59.0,"129,9901703993879",Night,Documentaries,Science Fiction,1.0,Family,Weekly,Woman
4309,44.0,"168,32603229798602",Night,Documentaries,Science Fiction,1.0,Family,Weekly,Man
4310,50.0,"148,74755117470585",Night,Documentaries,Horror,1.0,Family,Weekly,Woman
4311,42.0,"176,4498562277275",Night,Documentaries,Drama,0.0,Premium,Weekly,Woman
4312,40.0,"124,1115696105884",Night,Documentaries,Drama,0.0,Premium,Weekly,Man
4313,35.0,"34,88977252694111",Night,Documentaries,Science Fiction,1.0,Family,Weekly,Woman
4314,53.0,"138,22950532779794",Afternoon,Documentaries,Horror,1.0,Family,Weekly,Man
4315,46.0,"213,808692541484",Afternoon,Documentaries,Science Fiction,0.0,Family,Occasional,Woman
4316,62.0,nan,Night,Movies,Horror,1.0,Family,Daily,Woman
4317,41.0,"155,26770443455214",Night,Documentaries,Drama,0.0,Premium,Weekly,Man
4318,22.0,"144,50764186824435",Afternoon,Documentaries,Science Fiction,0.0,Family,Weekly,Man
4319,36.0,"165,90337317961215",Night,Documentaries,Drama,0.0,Premium,Weekly,Woman
4320,33.0,"153,33425072151329",Afternoon,Documentaries,Drama,0.0,Premium,Weekly,Man
4321,29.0,"131,92565609014991",Night,Anime,Science Fiction,0.0,Premium,Weekly,Man
4322,35.0,"173,834155990646",Night,Documentaries,Science Fiction,0.0,Family,Weekly,Man
4323,55.0,"178,52776136797323",Night,Documentaries,Science Fiction,1.0,Family,Weekly,Woman
4324,36.0,"149,3024032720482",Night,Documentaries,Drama,0.0,Premium,Weekly,Woman
4325,30.0,"138,7851229244119",Afternoon,Anime,Science Fiction,0.0,Premium,Weekly,Woman
4326,42.0,"182,4272395162804",Afternoon,Documentaries,Science Fiction,0.0,Premium,Weekly,Woman
4327,41.0,"78,645662054732",Night,Anime,Science Fiction,1.0,Premium,Weekly,Man
4328,44.0,"128,00492677811383",Night,Anime,Science Fiction,0.0,Premium,Weekly,Woman
4329,38.0,"124,80528765681606",Afternoon,Documentaries,Drama,0.0,Premium,Weekly,Woman
4330,54.0,"206,6988480512286",Afternoon,Documentaries,Horror,1.0,Family,Weekly,Man
4331,49.0,"159,4308046663694",Afternoon,Documentaries,Horror,1.0,Family,Weekly,Man
4332,64.0,"141,8724767614852",Night,Movies,Science Fiction,1.0,Family,Daily,Man
4333,54.0,"203,31831221671737",Morning,Movies,Science Fiction,0.0,Family,Weekly,Man
4334,42.0,"129,59923923718813",Night,Documentaries,Drama,1.0,Premium,Weekly,Man
4335,41.0,"156,94669057814028",Afternoon,Documentaries,Science Fiction,1.0,Family,Weekly,Man
4336,43.0,"175,62084031260616",Afternoon,Documentaries,Science Fiction,1.0,Family,Weekly,Man
4337,37.0,"203,2567112362269",Afternoon,Documentaries,Drama,0.0,Premium,Weekly,Man
4338,58.0,"194,30305623710888",Night,Movies,Science Fiction,1.0,Family,Weekly,Man
4339,50.0,"158,8611350692929",Night,Anime,Horror,1.0,Family,Weekly,Woman
4340,27.0,"210,18888331700288",Night,Movies,Science Fiction,0.0,Family,Weekly,Man
4341,28.0,"203,1993489556352",Night,Movies,Drama,0.0,Family,Weekly,Man
4342,34.0,"179,03916165535065",Night,Documentaries,Science Fiction,0.0,Family,Weekly,Woman
4343,34.0,"124,8074847651759",Afternoon,Reality Shows,Comedy,0.0,Family,Occasional,Woman
4344,23.0,"90,1867828240761",Morning,Anime,Science Fiction,0.0,Premium,Weekly,Woman
4345,45.0,nan,Night,Documentaries,Drama,0.0,Premium,Weekly,Woman
4346,22.0,"214,57426794849297",Late Night,Anime,Drama,0.0,Premium,Weekly,Man
4347,50.0,"136,32159228214726",Night,Documentaries,Science Fiction,1.0,Family,Weekly,Woman
4348,36.0,"150,18084098130393",Afternoon,Documentaries,Drama,0.0,,Weekly,Man
4349,51.0,"148,33343212966227",Night,Documentaries,Science Fiction,1.0,Family,Weekly,Man
4350,43.0,"96,59614489249616",Night,Anime,Science Fiction,0.0,,Weekly,Woman
4351,26.0,"222,7566242923254",Night,Movies,Drama,0.0,Family,Weekly,Woman
4352,46.0,nan,Night,Documentaries,Science Fiction,1.0,Premium,Weekly,Woman
4353,42.0,"229,9954337711766",Night,Movies,Drama,1.0,Family,Weekly,Woman
4354,55.0,"168,18573694229173",Afternoon,Documentaries,Science Fiction,1.0,Family,Weekly,Woman
4355,37.0,"127,55492579672617",Late Night,Anime,Science Fiction,0.0,Premium,Weekly,Woman
4356,46.0,nan,Night,Anime,Horror,0.0,Family,Occasional,Woman
4357,43.0,"156,22776875139888",Afternoon,Documentaries,Drama,1.0,Family,Weekly,Woman
4358,35.0,"19,35886190395379",Afternoon,Anime,Science Fiction,1.0,Premium,Weekly,Man
4359,36.0,"180,03671320367675",Night,Documentaries,Drama,0.0,Premium,Weekly,Man
4360,59.0,"214,25361193883623",Afternoon,Movies,Science Fiction,1.0,Family,Weekly,Man
4361,37.0,"139,07456615195056",Afternoon,Documentaries,Drama,0.0,Premium,Weekly,Man
4362,43.0,"128,79992642581635",Afternoon,Anime,Horror,1.0,Family,Weekly,Man
4363,35.0,"159,38998522588307",Night,Documentaries,Science Fiction,0.0,Family,Weekly,Woman
4364,34.0,"207,2560847403669",Night,Movies,Drama,1.0,Family,Weekly,Woman
4365,51.0,"184,70457096111795",Night,Movies,Drama,1.0,,Weekly,Man
4366,51.0,"218,49002254404664",Afternoon,Documentaries,Science Fiction,0.0,Family,Weekly,Man
4367,48.0,"150,96577551783545",Night,Documentaries,Drama,1.0,Premium,Weekly,Woman
4368,47.0,"144,8293441851596",Night,Documentaries,Drama,1.0,Family,Weekly,Man
4369,53.0,"97,40935834415662",Night,Documentaries,Science Fiction,1.0,Family,Weekly,Woman
4370,48.0,"176,96188947782656",Afternoon,Documentaries,Science Fiction,0.0,Family,Weekly,Man
4371,44.0,"152,50082901153186",Night,Documentaries,Horror,1.0,Family,Weekly,Woman
4372,45.0,"163,0909391622015",Night,Documentaries,Science Fiction,0.0,Premium,Weekly,Woman
4373,45.0,"187,34333024480296",Afternoon,Documentaries,Science Fiction,0.0,Family,Weekly,Man
4374,51.0,"138,88815662292433",Morning,Documentaries,Horror,1.0,Family,Weekly,Woman
4375,45.0,"134,63051613255536",Afternoon,Anime,Horror,0.0,Family,Weekly,Woman
4376,34.0,"193,2655641625905",Afternoon,Documentaries,Science Fiction,0.0,Family,Weekly,Man
4377,55.0,"131,20948845175997",Night,Documentaries,Science Fiction,1.0,Family,Weekly,Man
4378,55.0,"213,84795537522072",Night,Movies,Science Fiction,1.0,Family,Daily,Woman
4379,42.0,"154,84086335019666",Afternoon,Documentaries,Drama,0.0,Premium,Weekly,Woman
4380,36.0,"100,9879874398528",Afternoon,Documentaries,Science Fiction,1.0,Family,Weekly,Man
4381,39.0,"56,48194659020047",Night,Anime,Science Fiction,1.0,Premium,Weekly,Woman
4382,43.0,"125,04517041251452",Afternoon,Documentaries,Science Fiction,0.0,Premium,Weekly,Man
4383,48.0,"155,0351910644156",Afternoon,Documentaries,Science Fiction,1.0,Family,Weekly,Man
4384,41.0,"134,88627267008448",Afternoon,Documentaries,Horror,1.0,,Weekly,Man
4385,49.0,"151,40887873500606",Night,Documentaries,Drama,1.0,Family,Weekly,Woman
4386,42.0,"145,66553029281985",Night,Documentaries,Drama,1.0,Premium,Weekly,Man
4387,44.0,"158,25276939213367",Night,Documentaries,Horror,0.0,Family,Weekly,Woman
4388,49.0,"124,2612859114541",Night,Anime,Horror,0.0,Premium,Weekly,Woman
4389,28.0,"69,94529493121702",Night,Anime,Science Fiction,1.0,Premium,Weekly,Woman
4390,36.0,"181,1943315298114",Afternoon,Documentaries,Drama,0.0,,Weekly,Woman
4391,48.0,"181,6437594435832",Afternoon,Documentaries,Science Fiction,0.0,Family,Weekly,Man
4392,41.0,nan,Afternoon,Documentaries,Drama,0.0,Premium,Weekly,Woman
4393,44.0,"138,59005125269007",Night,Documentaries,Drama,0.0,Premium,Weekly,Woman
4394,36.0,"108,30670006782547",Night,Anime,Science Fiction,0.0,Premium,Weekly,Woman
4395,33.0,"202,265032312694",Afternoon,Movies,Drama,1.0,Family,Weekly,Man
4396,57.0,"274,233022330508",Afternoon,Movies,Science Fiction,0.0,,Weekly,Woman
4397,51.0,"119,27100292920784",Afternoon,Anime,Science Fiction,0.0,Premium,Weekly,Man
4398,45.0,"159,46363976207417",Night,Documentaries,Science Fiction,0.0,Premium,Weekly,Woman
4399,31.0,"161,2165635401006",Night,Anime,Horror,0.0,Family,Weekly,Man
4400,30.0,"98,72083543848645",Afternoon,Anime,Science Fiction,0.0,Premium,Weekly,Woman
4401,63.0,"180,23458341145763",Night,Movies,Science Fiction,1.0,Family,Weekly,Man
4402,29.0,"150,5368336410637",Afternoon,Documentaries,Drama,0.0,Premium,Weekly,Woman
4403,39.0,"142,01204631281814",Night,Anime,Horror,0.0,Family,Weekly,Man
4404,51.0,"126,19226633627304",Afternoon,Anime,Science Fiction,0.0,Premium,Weekly,Woman
4405,61.0,"168,85069326560554",Afternoon,Movies,Science Fiction,1.0,Family,Daily,Man
4406,37.0,"189,91801718842535",Night,Movies,Science Fiction,1.0,Family,Weekly,Woman
4407,27.0,"44,48384676151101",Night,Anime,Science Fiction,1.0,Premium,Weekly,Woman
4408,38.0,"124,78541337482012",Night,Anime,Science Fiction,0.0,Premium,Weekly,Woman
4409,46.0,"195,59467074629023",Night,Movies,Science Fiction,1.0,Family,Weekly,Man
4410,59.0,"202,548695882536",Night,Movies,Science Fiction,1.0,Family,Weekly,Woman
4411,39.0,"178,5979113539212",Afternoon,Documentaries,Science Fiction,0.0,Premium,Weekly,Man
4412,29.0,"193,18208625480264",Night,Documentaries,Horror,0.0,Family,Weekly,Woman
4413,60.0,"245,5398206590403",Afternoon,Movies,Horror,1.0,Family,Weekly,Woman
4414,29.0,"192,71965616454025",Night,Documentaries,Science Fiction,0.0,Family,Weekly,Man
4415,42.0,"97,6971546377072",Afternoon,Anime,Science Fiction,0.0,Premium,Weekly,Woman
4416,40.0,"34,70953161577818",Night,Documentaries,Science Fiction,1.0,Premium,Weekly,Man
4417,22.0,"40,88734241213113",Night,Anime,Science Fiction,1.0,Premium,Weekly,Man
4418,38.0,"90,94218479359697",Late Night,Anime,Science Fiction,0.0,Premium,Weekly,Man
4419,49.0,nan,Afternoon,Documentaries,Science Fiction,1.0,Family,Daily,Man
4420,50.0,"175,58488982568375",Night,Movies,Science Fiction,1.0,Family,Daily,Woman
4421,36.0,"126,80256992467002",Night,Anime,Science Fiction,0.0,Premium,Weekly,Woman
4422,63.0,nan,Afternoon,Movies,Science Fiction,1.0,Family,Daily,Woman
4423,47.0,"170,79361219661538",Night,Documentaries,Horror,1.0,Family,Daily,Woman
4424,32.0,"117,20382979963232",Night,Documentaries,Science Fiction,1.0,Family,Weekly,Woman
4425,56.0,"212,87146055483376",Night,Movies,Horror,1.0,Family,Weekly,Man
4426,29.0,"165,08306128080469",Afternoon,Anime,Science Fiction,0.0,Premium,Weekly,Man
4427,41.0,nan,Afternoon,Documentaries,Science Fiction,0.0,Family,Weekly,Man
4428,45.0,"106,80142790831312",Night,Documentaries,Science Fiction,1.0,Premium,Daily,Woman
4429,65.0,"162,9090004329451",Afternoon,Movies,Science Fiction,1.0,Family,Weekly,Woman
4430,56.0,"212,2155833459506",Night,Movies,Horror,1.0,Family,Weekly,Woman
4431,42.0,"154,0223645416549",Afternoon,Documentaries,Drama,0.0,Premium,Weekly,Woman
4432,38.0,"143,32447909600893",Afternoon,Anime,Horror,0.0,Family,Weekly,Man
4433,33.0,"160,41558263287462",Afternoon,Documentaries,Drama,0.0,Premium,Weekly,Man
4434,53.0,"209,64481046585735",Afternoon,Movies,Horror,1.0,Family,Weekly,Woman
4435,54.0,"184,6976290860665",Afternoon,Movies,Science Fiction,1.0,Family,Weekly,Man
4436,56.0,"142,73715568375815",Afternoon,Documentaries,Horror,1.0,Premium,Weekly,Man
4437,57.0,"129,1763547984714",Night,Movies,Science Fiction,1.0,Family,Daily,Woman
4438,44.0,"192,4314725446528",Night,Movies,Drama,1.0,Family,Weekly,Woman
4439,60.0,"169,165549028388",Night,Movies,Science Fiction,1.0,Family,Weekly,Man
4440,48.0,"118,93929734666746",Afternoon,Documentaries,Horror,1.0,Family,Weekly,Woman
4441,40.0,"158,15509450578628",Afternoon,Documentaries,Drama,0.0,Premium,Weekly,Woman
4442,39.0,"174,9537859328051",Afternoon,Documentaries,Drama,0.0,Premium,Weekly,Woman
4443,38.0,"114,95144333737564",Night,Anime,Science Fiction,1.0,Family,Weekly,Man
4444,35.0,"167,9284408794336",Afternoon,Documentaries,Drama,0.0,Premium,Weekly,Man
4445,51.0,"181,20158106674432",Night,Documentaries,Science Fiction,0.0,Family,Occasional,Woman
4446,42.0,"144,93265878609392",Night,Anime,Science Fiction,0.0,Premium,Weekly,Woman
4447,36.0,"199,7843779304963",Afternoon,Documentaries,Drama,0.0,Premium,Weekly,Man
4448,47.0,"129,9062689207499",Afternoon,Documentaries,Drama,1.0,Premium,Weekly,Man
4449,50.0,"167,24306989474982",Night,Documentaries,Science Fiction,1.0,Family,Weekly,Man
4450,43.0,nan,Morning,Documentaries,Science Fiction,1.0,Family,Weekly,Woman
4451,31.0,"120,89051978423068",Afternoon,Documentaries,Drama,0.0,Premium,Weekly,Man
4452,56.0,"238,77684469263608",Night,Movies,Horror,0.0,Family,Daily,Man
4453,40.0,"95,0705974810224",Afternoon,Documentaries,Science Fiction,1.0,Family,Weekly,Man
4454,56.0,"128,52741350447218",Afternoon,Anime,Horror,0.0,Premium,Weekly,Woman
4455,55.0,"146,65317429928024",Afternoon,Movies,Science Fiction,1.0,Family,Weekly,Man
4456,36.0,"184,2261483010526",Late Night,Documentaries,Drama,0.0,Family,Weekly,Woman
4457,61.0,"216,28327200448095",Night,Movies,Science Fiction,1.0,Family,Weekly,Man
4458,43.0,nan,Night,Anime,Science Fiction,1.0,Premium,Weekly,Man
4459,53.0,"128,4302843125362",Night,Documentaries,Horror,1.0,Student,Weekly,Woman
4460,54.0,"261,4198697351102",Afternoon,Movies,Science Fiction,0.0,Family,Weekly,Man
4461,41.0,"202,6261458933878",Night,Documentaries,Science Fiction,0.0,Family,Occasional,Man
4462,42.0,"167,87881775225668",Night,Documentaries,Drama,0.0,Premium,Weekly,Woman
4463,45.0,"179,01920305888424",Night,Documentaries,Science Fiction,1.0,Family,Weekly,Man
4464,60.0,"198,9031373787256",Night,Movies,Science Fiction,1.0,Family,Daily,Man
4465,40.0,"175,3494479195646",Afternoon,Documentaries,Drama,0.0,Premium,Weekly,Woman
4466,43.0,"109,03166074743731",Afternoon,Anime,Science Fiction,1.0,Family,Weekly,Man
4467,40.0,"175,67599455567125",Afternoon,Documentaries,Drama,0.0,Premium,Weekly,Man
4468,57.0,"118,26252527254093",Afternoon,Documentaries,Science Fiction,1.0,Family,Weekly,Woman
4469,38.0,"175,78159762719662",Night,Documentaries,Science Fiction,0.0,Family,Weekly,Woman
4470,32.0,"87,58047827926849",Night,Anime,Science Fiction,1.0,Premium,Weekly,Man
4471,33.0,"187,8453092945919",Night,Documentaries,Science Fiction,0.0,Family,Weekly,Woman
4472,35.0,"163,57512004898524",Night,Documentaries,Drama,0.0,Premium,Weekly,Man
4473,41.0,"201,947305985248",Night,Documentaries,Science Fiction,0.0,Family,Occasional,Woman
4474,39.0,"157,39972600092904",Night,Documentaries,Drama,0.0,Premium,Weekly,Woman
4475,50.0,"139,70059558510957",Night,Documentaries,Horror,1.0,Family,Daily,Woman
4476,44.0,"167,24017321354248",Night,Documentaries,Drama,0.0,Premium,Weekly,Man
4477,51.0,"77,79560676370738",Night,Documentaries,Science Fiction,1.0,,Daily,Man
4478,47.0,"182,246136043238",Night,Documentaries,Science Fiction,0.0,,Weekly,Man
4479,35.0,"140,35170899972783",Night,Documentaries,Drama,0.0,Premium,Weekly,Man
4480,35.0,"83,9582189512918",Afternoon,Anime,Science Fiction,0.0,Premium,Weekly,Man
4481,66.0,"129,63822300374056",Night,Documentaries,Horror,1.0,Family,Weekly,Woman
4482,37.0,"210,2843377728537",Afternoon,Movies,Drama,0.0,Family,Weekly,Woman
4483,54.0,"191,0010071088161",Afternoon,Movies,Horror,1.0,Family,Weekly,Man
4484,26.0,"88,18017287866182",Night,Documentaries,Science Fiction,1.0,Family,Weekly,Man
4485,45.0,"89,30670670132609",Night,Documentaries,Science Fiction,1.0,Premium,Weekly,Woman
4486,53.0,"232,71490962286512",Afternoon,Movies,Science Fiction,0.0,Family,Weekly,Woman
4487,47.0,"134,7850226947751",Night,Anime,Science Fiction,0.0,Premium,Weekly,Man
4488,26.0,"183,6923521546399",Night,Documentaries,Drama,0.0,Premium,Weekly,Man
4489,39.0,"107,93714557306237",Night,Anime,Science Fiction,0.0,Premium,Weekly,Woman
4490,38.0,"42,97661469968888",Afternoon,Documentaries,Science Fiction,1.0,Family,Weekly,Man
4491,57.0,"176,2332458349098",Afternoon,Movies,Science Fiction,1.0,Family,Weekly,Woman
4492,46.0,"102,4610458481388",Night,Anime,Science Fiction,1.0,Premium,Weekly,Man
4493,42.0,"94,06268508492428",Afternoon,Documentaries,Science Fiction,1.0,Premium,Weekly,Woman
4494,45.0,"135,05481183323778",Afternoon,Documentaries,Horror,1.0,Premium,Daily,Woman
4495,47.0,nan,Afternoon,Anime,Science Fiction,0.0,Family,Weekly,Woman
4496,34.0,"145,20609855082645",Afternoon,Anime,Horror,0.0,Family,Weekly,Woman
4497,52.0,"186,60446700339335",Night,Movies,Science Fiction,1.0,Family,Daily,Man
4498,60.0,"188,3399856675515",Afternoon,Movies,Science Fiction,1.0,Family,Weekly,Woman
4499,41.0,"193,88549950703887",Afternoon,Documentaries,Science Fiction,0.0,Family,Weekly,Woman
4500,52.0,"159,75807396875032",Afternoon,Documentaries,Horror,1.0,Family,Daily,Man
4501,48.0,"161,3837099822436",Afternoon,Documentaries,Science Fiction,1.0,Family,Weekly,Man
4502,58.0,"124,1291343982097",Night,Movies,Science Fiction,1.0,Family,Weekly,Woman
4503,32.0,"45,3870494856003",Night,Anime,Science Fiction,1.0,Premium,Weekly,Woman
4504,46.0,"170,02919183059353",Night,Documentaries,Science Fiction,0.0,Family,Weekly,Man
4505,41.0,"100,23743235533364",Afternoon,Anime,Science Fiction,1.0,Family,Weekly,Man
4506,54.0,"108,10182871381323",Night,Documentaries,Science Fiction,1.0,,Weekly,Woman
4507,44.0,"144,63848901962567",Afternoon,Documentaries,Drama,0.0,Premium,Weekly,Man
4508,40.0,"102,51117401006348",Afternoon,Anime,Science Fiction,1.0,Premium,Weekly,Woman
4509,51.0,"102,87610727696234",Night,Documentaries,Science Fiction,1.0,Family,Weekly,Man
4510,52.0,nan,Night,Documentaries,Science Fiction,1.0,Family,Weekly,Woman
4511,28.0,"38,94045228130436",Afternoon,Anime,Science Fiction,1.0,Premium,Weekly,Woman
4512,39.0,"64,41105459220763",Night,Anime,Science Fiction,1.0,Premium,Weekly,Man
4513,47.0,"122,5373286588826",Night,Anime,Horror,1.0,Family,Weekly,Man
4514,55.0,"120,8403409001613",Night,Documentaries,Science Fiction,1.0,Family,Weekly,Man
4515,38.0,"171,7564004640401",Afternoon,Documentaries,Drama,0.0,Premium,Weekly,Man
4516,39.0,"182,1735365636744",Night,Documentaries,Drama,0.0,Premium,Weekly,Man
4517,34.0,"143,9516352910568",Afternoon,Documentaries,Drama,0.0,Premium,Weekly,Man
4518,50.0,"219,37133899207683",Afternoon,Movies,Drama,1.0,Student,Weekly,Man
4519,34.0,"130,29049540309416",Afternoon,Anime,Science Fiction,0.0,Premium,Weekly,Man
4520,62.0,"182,4334000039381",Afternoon,Movies,Science Fiction,1.0,Family,Weekly,Man
4521,60.0,"206,3639719759987",Afternoon,Movies,Science Fiction,1.0,Family,Weekly,Woman
4522,38.0,"60,74328308546181",Afternoon,Documentaries,Science Fiction,1.0,Family,Weekly,Woman
4523,36.0,"51,63721976434097",Afternoon,Anime,Science Fiction,1.0,Premium,Weekly,Woman
4524,47.0,"62,72253617204282",Night,Documentaries,Science Fiction,1.0,Family,Weekly,Man
4525,29.0,"229,9813234096427",Afternoon,Movies,Drama,0.0,Family,Weekly,Woman
4526,48.0,"171,6536032655789",Afternoon,Movies,Science Fiction,1.0,Student,Daily,Man
4527,49.0,"135,6771196684404",Night,Documentaries,Science Fiction,1.0,Family,Weekly,Man
4528,60.0,"218,9608423806369",Night,Movies,Science Fiction,1.0,Family,Weekly,Man
4529,50.0,"152,78147354624588",Night,Documentaries,Horror,1.0,Family,Weekly,Woman
4530,62.0,"198,6221081295372",Afternoon,Movies,Science Fiction,1.0,Family,Weekly,Man
4531,46.0,"155,41204066868596",Night,Documentaries,Drama,0.0,Premium,Weekly,Woman
4532,63.0,"177,91514985132676",Afternoon,Movies,Science Fiction,1.0,Family,Daily,Woman
4533,47.0,"94,17529433975656",Afternoon,Documentaries,Science Fiction,1.0,Family,Weekly,Man
4534,29.0,"178,76601806212477",Afternoon,Documentaries,Drama,0.0,Premium,Weekly,Man
4535,48.0,"104,5665151833294",Night,Anime,Horror,1.0,Family,Weekly,Man
4536,42.0,"166,01507458376287",Afternoon,Documentaries,Drama,0.0,Premium,Occasional,Man
4537,52.0,"129,2482184429478",Night,Documentaries,Science Fiction,1.0,Family,Weekly,Woman
4538,56.0,"203,03444005926528",Afternoon,Movies,Science Fiction,1.0,Family,Weekly,Woman
4539,35.0,"136,4172438671821",Afternoon,Documentaries,Drama,0.0,Premium,Weekly,Man
4540,37.0,"173,2087787255719",Afternoon,Documentaries,Science Fiction,0.0,Premium,Weekly,Woman
4541,49.0,"181,3297377822648",Afternoon,Documentaries,Horror,1.0,Family,Weekly,Man
4542,41.0,"191,40714331688773",Night,Documentaries,Science Fiction,0.0,Family,Weekly,Man
4543,26.0,"99,8744178276064",Night,Anime,Science Fiction,0.0,Premium,Weekly,Man
4544,26.0,"99,36657608839184",Night,Anime,Science Fiction,0.0,Premium,Weekly,Woman
4545,51.0,"210,81352819615367",Afternoon,Documentaries,Horror,0.0,Family,Weekly,Woman
4546,46.0,"162,99417036934886",Afternoon,Documentaries,Drama,1.0,Family,Weekly,Woman
4547,34.0,"147,00487278619087",Afternoon,Anime,Drama,0.0,Premium,Weekly,Woman
4548,51.0,"168,64124295805715",Night,Movies,Science Fiction,1.0,Student,Weekly,Man
4549,61.0,"147,6273129677143",Afternoon,Movies,Science Fiction,1.0,Family,Daily,Woman
4550,49.0,"92,34411361570837",Night,Documentaries,Horror,1.0,Family,Weekly,Woman
4551,42.0,"214,248263164398",Night,Documentaries,Drama,0.0,Family,Occasional,Woman
4552,37.0,"165,07730286573994",Afternoon,Documentaries,Drama,0.0,Premium,Weekly,Man
4553,48.0,"205,3878307797841",Afternoon,Movies,Drama,1.0,Family,Weekly,Man
4554,33.0,"170,1956652167091",Afternoon,Anime,Science Fiction,0.0,Family,Weekly,Woman
4555,22.0,"242,7130067525519",Afternoon,Documentaries,Drama,0.0,Premium,Weekly,Woman
4556,51.0,"153,9409561072615",Night,Documentaries,Horror,1.0,Family,Daily,Woman
4557,60.0,"214,1444755421812",Night,Movies,Science Fiction,1.0,Family,Weekly,Man
4558,32.0,"157,69299822519622",Night,Documentaries,Horror,0.0,Family,Weekly,Man
4559,35.0,"44,924898112918655",Afternoon,Anime,Science Fiction,1.0,Family,Weekly,Man
4560,34.0,"163,45904558546877",Night,Documentaries,Drama,0.0,Premium,Weekly,Man
4561,23.0,"43,00502214435317",Afternoon,Anime,Science Fiction,1.0,Premium,Weekly,Woman
4562,50.0,"146,65519835737084",Afternoon,Documentaries,Science Fiction,1.0,Family,Weekly,Woman
4563,54.0,nan,Night,Anime,Science Fiction,1.0,Premium,Weekly,Man
4564,33.0,"214,3663455476145",Night,Anime,Science Fiction,0.0,Family,Weekly,Man
4565,31.0,"141,40852997649787",Night,Anime,Drama,0.0,Free,Weekly,Woman
4566,47.0,"216,36514161036743",Night,Movies,Drama,1.0,Family,Weekly,Woman
4567,54.0,"142,14612134778343",Night,Anime,Horror,1.0,Family,Weekly,Woman
4568,32.0,"195,82499591179493",Night,Documentaries,Drama,0.0,Premium,Weekly,Man
4569,30.0,"125,62509283260636",Night,Anime,Action,0.0,Premium,Weekly,Woman
4570,55.0,"244,27941580274984",Night,Documentaries,Horror,0.0,Student,Weekly,Woman
4571,38.0,"196,69205312659776",Afternoon,Documentaries,Science Fiction,0.0,Premium,Weekly,Woman
4572,47.0,"125,81283630143716",Afternoon,Anime,Science Fiction,0.0,Premium,Weekly,Woman
4573,48.0,"219,4133274295882",Night,Documentaries,Science Fiction,0.0,Family,Weekly,Man
4574,53.0,"220,53876702537767",Afternoon,Movies,Science Fiction,0.0,Family,Weekly,Man
4575,46.0,"117,87169262000896",Afternoon,Documentaries,Science Fiction,1.0,Family,Weekly,Woman
4576,37.0,nan,Night,Anime,Science Fiction,1.0,,Weekly,Woman
4577,34.0,"174,75272679714297",Afternoon,Documentaries,Science Fiction,0.0,Premium,Weekly,Woman
4578,33.0,"178,93458614800215",Afternoon,Documentaries,Drama,0.0,Premium,Weekly,Man
4579,52.0,"154,06373858529247",Night,Documentaries,Science Fiction,1.0,Family,Weekly,Woman
4580,57.0,"204,5661013514276",Night,Movies,Horror,1.0,,Weekly,Woman
4581,36.0,"99,23877013022104",Afternoon,Documentaries,Science Fiction,1.0,Premium,Weekly,Woman
4582,34.0,nan,Night,Documentaries,Drama,0.0,Premium,Weekly,Man
4583,52.0,"199,5012735647124",Night,Movies,Science Fiction,1.0,Student,Weekly,Man
4584,44.0,"97,62286682269423",Afternoon,Documentaries,Science Fiction,1.0,Family,Weekly,Man
4585,57.0,"119,1869933136103",Night,Documentaries,Horror,1.0,Family,Weekly,Man
4586,32.0,"161,11713383276236",Night,Documentaries,Science Fiction,0.0,Premium,Weekly,Woman
4587,53.0,"80,27193740811569",Afternoon,Anime,Science Fiction,1.0,Premium,Weekly,Man
4588,54.0,"147,06853198709308",Afternoon,Documentaries,Horror,1.0,Family,Weekly,Woman
4589,48.0,"94,40624830187892",Afternoon,Documentaries,Science Fiction,1.0,Premium,Daily,Man
4590,40.0,"166,36274269830145",Afternoon,Documentaries,Science Fiction,1.0,Family,Weekly,Man
4591,28.0,"97,31903857481916",Night,Anime,Science Fiction,0.0,Premium,Weekly,Woman
4592,35.0,"207,2093068302325",Night,Movies,Science Fiction,1.0,Family,Weekly,Woman
4593,33.0,"177,7191959442565",Night,Documentaries,Science Fiction,0.0,Family,Weekly,Man
4594,64.0,"201,67704790176973",Night,Movies,Science Fiction,1.0,Family,Weekly,Woman
4595,47.0,"124,28033334116805",Afternoon,Anime,Science Fiction,1.0,Family,Weekly,Man
4596,48.0,"148,66479877739206",Afternoon,Documentaries,Science Fiction,1.0,Family,Weekly,Woman
4597,37.0,"170,39361069584888",Afternoon,Documentaries,Drama,0.0,Premium,Occasional,Woman
4598,36.0,"133,39117294172803",Night,Documentaries,Drama,0.0,Premium,Weekly,Woman
4599,56.0,"176,47542284913106",Night,Movies,Science Fiction,1.0,Family,Weekly,Woman
4600,45.0,"178,9167985656179",Afternoon,Documentaries,Science Fiction,0.0,Family,Weekly,Man
4601,48.0,"195,89214949370484",Night,Movies,Science Fiction,1.0,Family,Weekly,Man
4602,51.0,"197,79471343651903",Afternoon,Movies,Science Fiction,1.0,Family,Weekly,Woman
4603,67.0,"158,41587383625213",Night,Movies,Science Fiction,1.0,Family,Daily,Man
4604,35.0,"188,39859791953344",Afternoon,Documentaries,Drama,0.0,Premium,Weekly,Woman
4605,40.0,"153,09662624248008",Afternoon,Documentaries,Drama,0.0,Premium,Weekly,Man
4606,45.0,"147,80093035791592",Night,Documentaries,Science Fiction,1.0,Family,Weekly,Man
4607,40.0,"177,380453386214",Night,Documentaries,Science Fiction,1.0,Family,Weekly,Woman
4608,42.0,"133,27342671822032",Night,Movies,Drama,1.0,Premium,Weekly,Woman
4609,23.0,"211,71668045390604",Afternoon,Documentaries,Science Fiction,0.0,Family,Weekly,Woman
4610,54.0,"152,45628538345596",Night,Documentaries,Horror,1.0,Family,Weekly,Woman
4611,42.0,"67,09057693114418",Night,Documentaries,Science Fiction,1.0,Premium,Weekly,Man
4612,38.0,"120,26634962456532",Afternoon,Anime,Science Fiction,0.0,Premium,Weekly,Man
4613,53.0,"144,17716292774196",Afternoon,Documentaries,Horror,1.0,Student,Weekly,Man
4614,46.0,"112,24775001750024",Night,Anime,Science Fiction,0.0,Premium,Weekly,Woman
4615,37.0,"158,3635074166245",Afternoon,Documentaries,Drama,0.0,Premium,Weekly,Woman
4616,42.0,"168,10244563008814",Night,Documentaries,Science Fiction,1.0,,Weekly,Woman
4617,54.0,"205,74124628251917",Night,Movies,Drama,1.0,Family,Weekly,Man
4618,35.0,"198,5349786577584",Afternoon,Documentaries,Drama,0.0,Family,Weekly,Man
4619,43.0,"112,66745301700604",Night,Anime,Science Fiction,0.0,Premium,Weekly,Man
4620,51.0,"155,33312874042767",Afternoon,Documentaries,Horror,1.0,Family,Weekly,Man
4621,48.0,"185,13087554150405",Night,Documentaries,Horror,1.0,Family,Weekly,Man
4622,39.0,"70,33289953520506",Afternoon,Anime,Science Fiction,1.0,Family,Weekly,Woman
4623,27.0,"171,70148933599793",Afternoon,Documentaries,Science Fiction,0.0,Family,Weekly,Woman
4624,36.0,"192,04588090270795",Afternoon,Documentaries,Drama,0.0,Premium,Weekly,Man
4625,57.0,"114,70433118806048",Afternoon,Documentaries,Horror,1.0,Family,Weekly,Woman
4626,41.0,"181,4470105093529",Afternoon,Documentaries,Science Fiction,0.0,Premium,Weekly,Man
4627,39.0,"206,310123090602",Afternoon,Documentaries,Science Fiction,0.0,Family,Weekly,Woman
4628,39.0,"171,7690510095038",Afternoon,Documentaries,Drama,0.0,Premium,Weekly,Man
4629,50.0,"225,509371334494",Night,Movies,Horror,0.0,Family,Daily,Man
4630,43.0,"130,54415054816565",Afternoon,Documentaries,Drama,0.0,Premium,Weekly,Woman
4631,37.0,"87,31890044627835",Afternoon,Anime,Science Fiction,0.0,Premium,Weekly,Man
4632,41.0,"73,09620356508805",Night,Anime,Science Fiction,1.0,,Weekly,Man
4633,37.0,"137,2606757649527",Night,Documentaries,Drama,0.0,Premium,Weekly,Woman
4634,45.0,"167,81825068358876",Night,Documentaries,Science Fiction,1.0,Family,Weekly,Woman
4635,47.0,"223,1582810280804",Afternoon,Documentaries,Science Fiction,0.0,Family,Weekly,Woman
4636,39.0,"41,300062008199255",Afternoon,Documentaries,Science Fiction,1.0,Family,Weekly,Woman
4637,52.0,"141,87050322300234",Afternoon,Documentaries,Science Fiction,1.0,Family,Weekly,Woman
4638,40.0,"165,61001739494512",Afternoon,Documentaries,Science Fiction,0.0,Premium,Weekly,Woman
4639,61.0,"266,0217900591011",Night,Movies,Science Fiction,0.0,Family,Weekly,Man
4640,58.0,"166,20523683345488",Night,Movies,Science Fiction,1.0,Family,Daily,Woman
4641,45.0,"186,865229384172",Night,Documentaries,Science Fiction,0.0,Family,Weekly,Man
4642,58.0,nan,Night,Documentaries,Science Fiction,1.0,Family,Daily,Man
4643,39.0,"57,519589642721655",Afternoon,Anime,Science Fiction,1.0,Premium,Weekly,Woman
4644,61.0,"128,96313349182813",Afternoon,Movies,Science Fiction,1.0,Family,Weekly,Man
4645,52.0,"149,81727700064178",Night,Movies,Horror,1.0,Family,Daily,Woman
4646,40.0,"144,84227511871566",Afternoon,Documentaries,Science Fiction,0.0,Family,Weekly,Woman
4647,37.0,"89,16666348045663",Afternoon,Documentaries,Science Fiction,1.0,Family,Weekly,Woman
4648,30.0,"33,08862720604757",Afternoon,Anime,Science Fiction,1.0,Premium,Weekly,Woman
4649,41.0,"208,89131410222248",Afternoon,Documentaries,Science Fiction,0.0,Family,Occasional,Man
4650,54.0,"270,074769498953",Afternoon,Movies,Science Fiction,0.0,Family,Weekly,Man
4651,41.0,"197,277085236431",Night,Documentaries,Science Fiction,0.0,Family,Weekly,Man
4652,37.0,"131,8908740188725",Night,Documentaries,Drama,0.0,Premium,Weekly,Man
4653,42.0,"171,43656292789896",Night,Documentaries,Drama,0.0,Family,Weekly,Woman
4654,52.0,"198,9544173797895",Night,Documentaries,Science Fiction,0.0,Family,Weekly,Man
4655,51.0,"199,1694101723321",Night,Documentaries,Science Fiction,0.0,Family,Weekly,Woman
4656,67.0,"185,27192431040564",Night,Movies,Science Fiction,1.0,Family,Weekly,Man
4657,39.0,"103,6963103252464",Afternoon,Documentaries,Science Fiction,1.0,Family,Weekly,Woman
4658,57.0,"200,7605574058616",Night,Movies,Science Fiction,1.0,Family,Weekly,Woman
4659,42.0,"114,95036881861964",Afternoon,Documentaries,Horror,1.0,Family,Weekly,Man
4660,27.0,"34,6520495930235",Late Night,Anime,Science Fiction,1.0,Premium,Weekly,Woman
4661,53.0,"164,15642408994816",Afternoon,Documentaries,Horror,1.0,Family,Weekly,Man
4662,54.0,"111,10099472085746",Night,Documentaries,Science Fiction,1.0,Family,Weekly,Man
4663,44.0,"103,46086756563103",Night,Anime,Science Fiction,1.0,Premium,Weekly,Woman
4664,45.0,"176,2898220706191",Night,Movies,Drama,1.0,Family,Weekly,Man
4665,43.0,"100,07483351629767",Afternoon,Anime,Science Fiction,0.0,Premium,Weekly,Man
4666,35.0,"205,1452565230541",Night,Documentaries,Drama,0.0,Premium,Weekly,Woman
4667,36.0,"210,05217169234388",Night,Documentaries,Drama,0.0,Premium,Weekly,Woman
4668,47.0,"150,4418065309798",Afternoon,Documentaries,Science Fiction,1.0,Premium,Weekly,Man
4669,57.0,"211,1893732426356",Afternoon,Movies,Science Fiction,1.0,Family,Weekly,Man
4670,31.0,"132,46782621521487",Night,Anime,Horror,1.0,Family,Weekly,Woman
4671,50.0,"144,3906152417301",Night,Documentaries,Drama,1.0,Family,Weekly,Man
4672,40.0,nan,Night,Documentaries,Horror,1.0,Family,Weekly,Man
4673,31.0,"235,34988888022724",Night,Movies,Drama,0.0,Family,Weekly,Man
4674,32.0,"74,99224951080826",Night,Anime,Science Fiction,1.0,Family,Weekly,Woman
4675,44.0,"188,18763130051985",Night,Documentaries,Science Fiction,0.0,Family,Weekly,Man
4676,42.0,"152,63693928793538",Afternoon,Documentaries,Science Fiction,0.0,Premium,Weekly,Man
4677,49.0,"100,29985915721956",Night,Documentaries,Science Fiction,1.0,Premium,Daily,Woman
4678,60.0,"155,61843414753756",Night,Movies,Science Fiction,1.0,Family,Weekly,Woman
4679,57.0,"124,37750029656095",Night,Documentaries,Horror,1.0,Family,Weekly,Woman
4680,47.0,"146,33506400494534",Night,Documentaries,Science Fiction,1.0,Family,Weekly,Man
4681,42.0,"125,3989688623502",Night,Anime,Science Fiction,0.0,Premium,Weekly,Man
4682,34.0,"191,41734986148413",Night,Documentaries,Drama,0.0,Premium,Occasional,Man
4683,38.0,"182,9059234776041",Afternoon,Documentaries,Drama,0.0,Premium,Weekly,Man
4684,50.0,"174,82756856898868",Afternoon,Documentaries,Horror,1.0,Family,Weekly,Woman
4685,43.0,"222,2647215227876",Afternoon,Movies,Science Fiction,1.0,Family,Weekly,Woman
4686,49.0,"190,76480845156647",Afternoon,Documentaries,Science Fiction,0.0,Family,Weekly,Man
4687,60.0,"139,43815490598507",Night,Movies,Science Fiction,1.0,Family,Weekly,Woman
4688,60.0,"179,12998038013362",Afternoon,Movies,Horror,1.0,Family,Weekly,Man
4689,50.0,"99,64243947245266",Night,Documentaries,Science Fiction,1.0,Premium,Daily,Man
4690,37.0,"115,19397585108312",Night,Documentaries,Science Fiction,1.0,,Weekly,Man
4691,54.0,nan,Afternoon,Movies,Science Fiction,1.0,Family,Daily,Woman
4692,29.0,nan,Afternoon,Anime,Science Fiction,1.0,Premium,Weekly,Man
4693,44.0,"69,62386477516895",Night,Anime,Science Fiction,1.0,Premium,Weekly,Man
4694,45.0,"121,24603324321426",Afternoon,Documentaries,Horror,1.0,Family,Weekly,Man
4695,43.0,"107,30873358467623",Night,Anime,Science Fiction,0.0,Premium,Weekly,Woman
4696,57.0,"241,9621567661409",Night,Movies,Science Fiction,0.0,Family,Daily,Woman
4697,56.0,"175,82955541065346",Afternoon,Movies,Horror,1.0,Family,Daily,Woman
4698,48.0,"166,26788890267767",Night,Movies,Science Fiction,1.0,Student,Daily,Woman
4699,61.0,nan,Night,Movies,Science Fiction,1.0,Family,Weekly,Man
4700,59.0,nan,Night,Movies,Science Fiction,1.0,Family,Daily,Man
4701,49.0,nan,Afternoon,Anime,Science Fiction,1.0,Premium,Weekly,Woman
4702,43.0,"87,81299671383034",Afternoon,Anime,Science Fiction,1.0,Premium,Weekly,Man
4703,62.0,"148,182813055659",Afternoon,Movies,Science Fiction,1.0,Family,Weekly,Woman
4704,31.0,"182,64774867641603",Afternoon,Anime,Drama,0.0,Premium,Weekly,Man
4705,41.0,"162,00377551409355",Night,Anime,Science Fiction,0.0,Family,Occasional,Woman
4706,62.0,"175,92224470041086",Afternoon,Movies,Science Fiction,1.0,Family,Weekly,Woman
4707,40.0,"155,5073890368327",Night,Documentaries,Drama,0.0,Premium,Weekly,Man
4708,47.0,"161,45208983473194",Afternoon,Anime,Horror,0.0,Family,Weekly,Man
4709,57.0,"180,4842607939933",Night,Movies,Science Fiction,1.0,Family,Daily,Woman
4710,47.0,"159,6612197598327",Night,Documentaries,Science Fiction,0.0,Family,Weekly,Man
4711,43.0,"95,29156710166252",Night,Documentaries,Science Fiction,1.0,Premium,Weekly,Man
4712,39.0,"210,1696707066463",Night,Documentaries,Drama,0.0,Family,Weekly,Woman
4713,51.0,"155,06174981156025",Night,Documentaries,Science Fiction,1.0,Family,Weekly,Man
4714,53.0,"115,51369389163963",Night,Documentaries,Science Fiction,1.0,Premium,Weekly,Woman
4715,60.0,"173,59694647870515",Night,Movies,Drama,1.0,Family,Weekly,Man
4716,39.0,"102,10515393746157",Night,Anime,Horror,1.0,Family,Weekly,Woman
4717,59.0,"189,7180882153028",Afternoon,Movies,Science Fiction,1.0,Family,Weekly,Woman
4718,60.0,"184,68671585520312",Night,Movies,Science Fiction,1.0,Family,Daily,Woman
4719,53.0,"127,490686627285",Afternoon,Movies,Science Fiction,1.0,Premium,Daily,Man
4720,35.0,"100,58226607047231",Night,Anime,Science Fiction,0.0,Premium,Weekly,Man
4721,40.0,"111,71221130357804",Night,Documentaries,Science Fiction,1.0,Premium,Weekly,Man
4722,56.0,"204,15946913462244",Night,Movies,Science Fiction,1.0,Family,Weekly,Man
4723,42.0,"178,6067959560428",Afternoon,Documentaries,Drama,0.0,Premium,Weekly,Woman
4724,50.0,"96,95074342225357",Afternoon,Documentaries,Horror,1.0,Family,Weekly,Woman
4725,49.0,"161,92417676880035",Night,Documentaries,Horror,1.0,,Weekly,Man
4726,53.0,"130,2229189821029",Night,Movies,Drama,1.0,Family,Weekly,Man
4727,35.0,"179,0819823149301",Afternoon,Documentaries,Drama,0.0,Premium,Weekly,Woman
4728,46.0,"113,0301650972309",Night,Anime,Science Fiction,0.0,Premium,Weekly,Man
4729,40.0,"185,71415811847987",Afternoon,Documentaries,Science Fiction,0.0,Premium,Weekly,Man
4730,33.0,"121,80989661963838",Afternoon,Documentaries,Drama,0.0,,Weekly,Woman
4731,58.0,nan,Night,Movies,Horror,1.0,Family,Daily,Woman
4732,45.0,"150,56558904478143",Night,Documentaries,Drama,0.0,Premium,Weekly,Woman
4733,56.0,"185,3586414224384",Night,Movies,Science Fiction,1.0,Family,Weekly,Woman
4734,59.0,"117,06496421834964",Night,Movies,Science Fiction,1.0,Family,Daily,Woman
4735,39.0,"112,6275997415504",Afternoon,Anime,Science Fiction,0.0,Premium,Weekly,Woman
4736,40.0,"139,0590997415443",Night,Anime,Horror,0.0,Premium,Occasional,Woman
4737,36.0,"108,53393892502086",Afternoon,Anime,Science Fiction,0.0,Premium,Weekly,Man
4738,40.0,"174,56152608187818",Afternoon,Documentaries,Science Fiction,0.0,Premium,Weekly,Woman
4739,34.0,"199,3656535457367",Night,Documentaries,Drama,0.0,Premium,Weekly,Man
4740,64.0,"231,2016404337961",Afternoon,Movies,Science Fiction,1.0,Family,Weekly,Man
4741,33.0,"62,11395573323657",Afternoon,Anime,Science Fiction,1.0,Premium,Weekly,Woman
4742,55.0,"205,63565533040503",Night,Movies,Science Fiction,1.0,Family,Weekly,Woman
4743,49.0,"192,41846151678075",Night,Movies,Horror,1.0,Family,Daily,Woman
4744,38.0,"167,75625336563124",Afternoon,Documentaries,Science Fiction,0.0,Family,Weekly,Woman
4745,58.0,"173,661550506469",Morning,Movies,Science Fiction,1.0,,Weekly,Man
4746,42.0,"151,88606870146043",Afternoon,Documentaries,Science Fiction,0.0,Premium,Weekly,Woman
4747,33.0,"59,38876643999881",Night,Anime,Science Fiction,1.0,Premium,Weekly,Woman
4748,57.0,"116,63594443794491",Morning,Movies,Science Fiction,1.0,Family,Daily,Woman
4749,39.0,"81,32343455159977",Afternoon,Anime,Science Fiction,1.0,Premium,Weekly,Man
4750,55.0,"95,91515189930112",Afternoon,Movies,Science Fiction,1.0,Family,Daily,Woman
4751,47.0,"166,4624508501321",Afternoon,Anime,Horror,0.0,Premium,Weekly,Woman
4752,37.0,"216,77958876773357",Night,Documentaries,Science Fiction,0.0,Family,Weekly,Woman
4753,57.0,"144,46519353386572",Night,Documentaries,Science Fiction,1.0,Family,Weekly,Man
4754,25.0,"24,324402016577423",Afternoon,Anime,Drama,1.0,Premium,Weekly,Man
4755,39.0,"173,46314218384398",Night,Documentaries,Science Fiction,0.0,Family,Weekly,Man
4756,54.0,"106,32833421399948",Night,Documentaries,Science Fiction,1.0,,Weekly,Woman
4757,42.0,"138,1802730756473",Night,Documentaries,Drama,1.0,Premium,Weekly,Woman
4758,34.0,"149,1844054646424",Afternoon,Anime,Horror,0.0,Family,Weekly,Man
4759,62.0,"114,5078686568127",Afternoon,Movies,Science Fiction,1.0,Family,Weekly,Man
4760,40.0,"156,9639285683626",Afternoon,Documentaries,Drama,0.0,,Weekly,Man
4761,36.0,"158,88108528664307",Night,Anime,Science Fiction,0.0,Family,Weekly,Man
4762,40.0,"138,802710929806",Night,Documentaries,Drama,1.0,Premium,Weekly,Man
4763,50.0,"135,856366208957",Night,Documentaries,Horror,1.0,Family,Weekly,Man
4764,41.0,"87,16656113409684",Night,Anime,Science Fiction,1.0,Family,Weekly,Man
4765,45.0,"127,40326090145412",Afternoon,Documentaries,Drama,1.0,Premium,Weekly,Man
4766,41.0,"157,52057343672988",Afternoon,Documentaries,Drama,0.0,Premium,Weekly,Man
4767,61.0,"98,0884449981767",Afternoon,Movies,Science Fiction,1.0,Family,Weekly,Woman
4768,57.0,"180,86321358615797",Night,Movies,Science Fiction,1.0,Family,Weekly,Woman
4769,56.0,"117,81148751895029",Afternoon,Movies,Science Fiction,1.0,Family,Daily,Man
4770,53.0,"186,278056671441",Night,Documentaries,Horror,1.0,Family,Weekly,Man
4771,47.0,"141,61759817858646",Night,Anime,Science Fiction,0.0,Premium,Weekly,Woman
4772,50.0,"164,62207335523144",Afternoon,Documentaries,Science Fiction,1.0,Family,Weekly,Man
4773,35.0,"103,5035421920288",Afternoon,Anime,Science Fiction,0.0,Premium,Weekly,Woman
4774,42.0,"141,55151668194054",Night,Documentaries,Science Fiction,0.0,Family,Weekly,Woman
4775,38.0,"90,3389801539576",Night,Anime,Science Fiction,1.0,Premium,Weekly,Man
4776,42.0,"199,43699898005704",Night,Movies,Science Fiction,1.0,Family,Weekly,Woman
4777,45.0,"156,9016386698042",Afternoon,Documentaries,Drama,1.0,Family,Weekly,Man
4778,38.0,"193,58049952066025",Afternoon,Movies,Science Fiction,1.0,Family,Weekly,Woman
4779,54.0,"124,21048226316324",Night,Documentaries,Science Fiction,1.0,Family,Weekly,Man
4780,54.0,"219,54234660572703",Afternoon,Documentaries,Science Fiction,0.0,Family,Weekly,Man
4781,34.0,"168,3701563459788",Night,Documentaries,Science Fiction,0.0,Family,Weekly,Woman
4782,43.0,"204,8202693051814",Afternoon,Documentaries,Science Fiction,0.0,Family,Weekly,Woman
4783,45.0,"171,2313154820566",Afternoon,Documentaries,Drama,0.0,Family,Weekly,Man
4784,24.0,"93,65846106424137",Afternoon,Anime,Science Fiction,1.0,Premium,Weekly,Woman
4785,55.0,"105,52764951440562",Afternoon,Documentaries,Science Fiction,1.0,Family,Weekly,Man
4786,52.0,"191,4903128400512",Night,Documentaries,Science Fiction,1.0,Family,Weekly,Man
4787,59.0,"170,32233581068297",Night,Movies,Science Fiction,1.0,Family,Weekly,Woman
4788,37.0,"121,10890481880976",Night,Anime,Science Fiction,1.0,Family,Weekly,Woman
4789,41.0,"182,52737622667627",Night,Documentaries,Drama,0.0,Premium,Weekly,Man
4790,47.0,"145,02237801952245",Night,Documentaries,Drama,1.0,Premium,Weekly,Man
4791,49.0,"186,51987229941",Afternoon,Documentaries,Science Fiction,0.0,Family,Weekly,Man
4792,57.0,"159,06860993785747",Afternoon,Movies,Science Fiction,1.0,Family,Weekly,Man
4793,32.0,"118,76724639393323",Afternoon,Documentaries,Drama,0.0,Premium,Weekly,Woman
4794,46.0,"84,87670668167765",Afternoon,Anime,Science Fiction,1.0,Premium,Weekly,Woman
4795,50.0,"134,73031307512557",Afternoon,Documentaries,Horror,1.0,Family,Weekly,Woman
4796,54.0,"150,29537564947617",Night,Documentaries,Science Fiction,1.0,Family,Weekly,Man
4797,42.0,"146,20760766978958",Afternoon,Documentaries,Science Fiction,0.0,Family,Weekly,Woman
4798,40.0,"170,35280805363482",Afternoon,Documentaries,Drama,0.0,Premium,Weekly,Woman
4799,41.0,"82,62811350311581",Afternoon,Anime,Science Fiction,1.0,,Weekly,Man
4800,49.0,"91,65659828309248",Night,Documentaries,Science Fiction,1.0,Family,Weekly,Man
4801,41.0,"65,6161353845137",Afternoon,Anime,Science Fiction,1.0,Premium,Weekly,Woman
4802,55.0,"175,73167154947654",Night,Documentaries,Horror,1.0,Family,Weekly,Man
4803,40.0,"120,08160184718464",Night,Anime,Science Fiction,0.0,Premium,Weekly,Man
4804,29.0,"98,95478748516486",Afternoon,Anime,Science Fiction,0.0,Premium,Weekly,Man
4805,38.0,"107,72802529711365",Night,Anime,Science Fiction,0.0,Premium,Weekly,Man
4806,37.0,"117,07130124283206",Late Night,Anime,Science Fiction,0.0,Free,Weekly,Man
4807,60.0,"135,92443491658406",Morning,Movies,Science Fiction,1.0,Family,Daily,Man
4808,37.0,"166,0475087961937",Afternoon,Documentaries,Drama,0.0,,Weekly,Man
4809,43.0,"168,53969261851884",Night,Documentaries,Drama,0.0,Family,Weekly,Woman
4810,51.0,"158,84247580658433",Afternoon,Documentaries,Science Fiction,1.0,Family,Weekly,Man
4811,34.0,"203,87360323491995",Night,Documentaries,Science Fiction,0.0,Family,Weekly,Woman
4812,41.0,"116,66108862873077",Night,Anime,Science Fiction,0.0,Premium,Weekly,Woman
4813,49.0,"167,57899889405505",Afternoon,Documentaries,Science Fiction,1.0,Family,Weekly,Woman
4814,50.0,"102,57988333816635",Afternoon,Documentaries,Science Fiction,1.0,Family,Daily,Woman
4815,41.0,"148,5065943201925",Afternoon,Anime,Drama,0.0,Premium,Weekly,Man
4816,62.0,"123,72930435991388",Afternoon,Movies,Science Fiction,1.0,Family,Daily,Man
4817,34.0,"84,5922925904641",Night,Anime,Science Fiction,0.0,Premium,Weekly,Woman
4818,26.0,"192,62976041414805",Afternoon,Documentaries,Science Fiction,0.0,Family,Weekly,Woman
4819,57.0,"169,37049325316744",Night,Movies,Science Fiction,1.0,,Weekly,Man
4820,41.0,"74,00680462563781",Afternoon,Anime,Science Fiction,1.0,Premium,Weekly,Woman
4821,43.0,"208,11372991921533",Afternoon,Documentaries,Science Fiction,0.0,Family,Occasional,Woman
4822,57.0,"179,51820724618636",Afternoon,Movies,Science Fiction,1.0,Family,Weekly,Man
4823,41.0,"209,7714852776425",Afternoon,Documentaries,Drama,0.0,Family,Weekly,Woman
4824,55.0,"98,56387728972553",Night,Documentaries,Science Fiction,1.0,Family,Weekly,Woman
4825,63.0,"226,70226207205667",Afternoon,Movies,Science Fiction,1.0,Family,Weekly,Woman
4826,34.0,"77,43495758187872",Night,Anime,Science Fiction,1.0,Family,Weekly,Woman
4827,26.0,"32,62982353439815",Afternoon,Anime,Science Fiction,1.0,Premium,Weekly,Woman
4828,47.0,"113,54085396740328",Afternoon,Anime,Science Fiction,0.0,Premium,Weekly,Man
4829,38.0,nan,Afternoon,Anime,Science Fiction,0.0,Premium,Weekly,Man
4830,46.0,"128,15905358331412",Afternoon,Anime,Science Fiction,0.0,Premium,Weekly,Woman
4831,33.0,"175,58733229574813",Afternoon,Documentaries,Drama,0.0,Premium,Weekly,Man
4832,29.0,"209,5106276626537",Night,Documentaries,Drama,0.0,Family,Weekly,Man
4833,52.0,"134,4831356744669",Night,Documentaries,Horror,1.0,Family,Weekly,Woman
4834,70.0,"134,97388302260634",Night,Movies,Science Fiction,1.0,Family,Daily,Man
4835,36.0,"197,87831150374203",Afternoon,Anime,Drama,0.0,Premium,Occasional,Woman
4836,60.0,"204,672001791824",Afternoon,Movies,Science Fiction,1.0,Family,Weekly,Woman
4837,43.0,"77,20792308363981",Night,Documentaries,Science Fiction,1.0,Premium,Weekly,Woman
4838,36.0,"145,13575983328568",Afternoon,Anime,Drama,0.0,Premium,Weekly,Man
4839,55.0,"144,75519014553112",Night,Documentaries,Horror,0.0,Family,Weekly,Man
4840,42.0,"124,54945916378668",Night,Anime,Science Fiction,0.0,Premium,Weekly,Man
4841,49.0,"153,40547791777485",Night,Documentaries,Science Fiction,1.0,Family,Weekly,Man
4842,40.0,"183,95753475141308",Afternoon,Documentaries,Drama,0.0,Premium,Weekly,Man
4843,38.0,nan,Night,Documentaries,Science Fiction,1.0,Family,Weekly,Woman
4844,34.0,"46,50436531753009",Afternoon,Anime,Science Fiction,1.0,Premium,Weekly,Woman
4845,51.0,"78,70482955902474",Afternoon,Documentaries,Science Fiction,1.0,Premium,Daily,Woman
4846,39.0,"98,39175797171058",Afternoon,Anime,Science Fiction,1.0,Premium,Weekly,Man
4847,33.0,"201,41747275365628",Night,Documentaries,Science Fiction,0.0,Family,Weekly,Man
4848,39.0,"160,7925892345937",Night,Documentaries,Science Fiction,1.0,Family,Weekly,Man
4849,48.0,"172,11202696353854",Night,Movies,Science Fiction,1.0,Family,Weekly,Man
4850,43.0,"144,86372046997707",Night,Anime,Science Fiction,0.0,Premium,Weekly,Man
4851,51.0,"98,21696929432396",Night,Documentaries,Science Fiction,1.0,Family,Weekly,Man
4852,46.0,"180,26121864601376",Night,Documentaries,Science Fiction,0.0,Family,Weekly,Woman
4853,36.0,"198,35251126876176",Afternoon,Documentaries,Science Fiction,0.0,Family,Weekly,Woman
4854,34.0,"111,05246038189958",Night,Documentaries,Action,0.0,Premium,Weekly,Woman
4855,63.0,"156,64896767888226",Night,Movies,Science Fiction,1.0,Family,Weekly,Woman
4856,33.0,"53,86050316046431",Afternoon,Anime,Science Fiction,1.0,Family,Weekly,Woman
4857,34.0,"189,24854582359023",Afternoon,Anime,Science Fiction,0.0,Family,Weekly,Woman
4858,41.0,"101,30288982402332",Afternoon,Anime,Science Fiction,1.0,Family,Occasional,Man
4859,37.0,"77,60714222611747",Night,Anime,Science Fiction,0.0,Premium,Weekly,Man
4860,61.0,"163,11290182156085",Night,Movies,Science Fiction,1.0,Family,Weekly,Woman
4861,39.0,"195,82490162471095",Night,Documentaries,Drama,0.0,Family,Weekly,Woman
4862,42.0,"168,62420883484532",Late Night,Documentaries,Science Fiction,1.0,Family,Weekly,Man
4863,52.0,"158,71791769445332",Night,Movies,Drama,1.0,,Weekly,Man
4864,57.0,"129,11128890427324",Afternoon,Documentaries,Science Fiction,1.0,Family,Weekly,Woman
4865,53.0,"134,41711290749845",Night,Documentaries,Science Fiction,1.0,Family,Weekly,Woman
4866,37.0,"99,8865026295877",Afternoon,Anime,Science Fiction,1.0,Premium,Weekly,Man
4867,58.0,"171,93299845041233",Afternoon,Movies,Science Fiction,1.0,,Weekly,Man
4868,48.0,"135,11580395504072",Afternoon,Anime,Science Fiction,0.0,Premium,Occasional,Woman
4869,53.0,"133,5285378411983",Night,Anime,Horror,1.0,Family,Weekly,Man
4870,56.0,"164,79741629709017",Afternoon,Movies,Science Fiction,1.0,Family,Weekly,Man
4871,54.0,"174,96872885505198",Afternoon,Documentaries,Science Fiction,1.0,Family,Weekly,Woman
4872,48.0,"126,30364353529252",Night,Anime,Horror,1.0,Family,Weekly,Woman
4873,41.0,"184,0796967491037",Afternoon,Documentaries,Science Fiction,1.0,Family,Weekly,Woman
4874,42.0,"128,04723974688005",Afternoon,Documentaries,Drama,0.0,Premium,Weekly,Woman
4875,43.0,"118,30529723870578",Afternoon,Anime,Horror,1.0,Family,Weekly,Woman
4876,52.0,"123,268111624064",Afternoon,Documentaries,Science Fiction,1.0,Family,Weekly,Woman
4877,44.0,"135,284858452985",Night,Documentaries,Science Fiction,1.0,Family,Weekly,Woman
4878,48.0,"135,5170831511919",Night,Documentaries,Science Fiction,1.0,Family,Weekly,Man
4879,52.0,"133,200598147307",Afternoon,Anime,Science Fiction,0.0,Premium,Weekly,Woman
4880,41.0,"119,01864323611206",Night,Documentaries,Science Fiction,1.0,Family,Weekly,Woman
4881,46.0,"123,17453699788072",Afternoon,Documentaries,Horror,1.0,Premium,Weekly,Woman
4882,49.0,"161,03403416158574",Afternoon,Movies,Science Fiction,1.0,Family,Weekly,Man
4883,30.0,"65,87196375776165",Afternoon,Anime,Science Fiction,1.0,Family,Weekly,Man
4884,42.0,"124,05751669533244",Night,Documentaries,Science Fiction,1.0,,Weekly,Woman
4885,39.0,"89,92436300009656",Afternoon,Anime,Science Fiction,0.0,Premium,Weekly,Man
4886,40.0,"183,53938452355607",Night,Documentaries,Science Fiction,0.0,Premium,Weekly,Woman
4887,41.0,"196,08289548609855",Night,Documentaries,Drama,0.0,,Weekly,Woman
4888,39.0,"51,17478463645022",Afternoon,Anime,Science Fiction,1.0,Premium,Weekly,Woman
4889,37.0,"162,9916715709758",Night,Documentaries,Drama,0.0,Premium,Weekly,Man
4890,66.0,"169,35689319533515",Night,Movies,Drama,1.0,Family,Weekly,Man
4891,49.0,"163,1567471352859",Night,Documentaries,Science Fiction,1.0,Family,Weekly,Man
4892,41.0,"160,81929111027085",Afternoon,Documentaries,Drama,1.0,Family,Weekly,Man
4893,38.0,"165,26471082794407",Afternoon,Documentaries,Horror,0.0,Family,Weekly,Woman
4894,44.0,"91,45457427659504",Night,Anime,Science Fiction,0.0,Premium,Weekly,Woman
4895,48.0,"160,3791933146389",Night,Documentaries,Science Fiction,1.0,Family,Weekly,Man
4896,39.0,nan,Night,Documentaries,Science Fiction,0.0,Family,Weekly,Woman
4897,33.0,"140,05948976010944",Afternoon,Documentaries,Horror,1.0,Family,Weekly,Woman
4898,47.0,"153,6429924516871",Night,Anime,Horror,0.0,Premium,Weekly,Woman
4899,41.0,"145,88869654432992",Afternoon,Documentaries,Horror,1.0,Family,Weekly,Man
4900,48.0,"152,22221668397276",Night,Documentaries,Science Fiction,1.0,Family,Daily,Woman
4901,37.0,"202,7692874508474",Afternoon,Documentaries,Science Fiction,0.0,Family,Occasional,Woman
4902,40.0,"105,2304875104585",Afternoon,Anime,Science Fiction,0.0,Premium,Weekly,Woman
4903,34.0,"177,77367486548704",Night,Documentaries,Drama,0.0,Premium,Weekly,Man
4904,46.0,"138,14685951676148",Night,Documentaries,Science Fiction,1.0,Premium,Weekly,Woman
4905,44.0,"87,30216128029929",Night,Anime,Science Fiction,1.0,Premium,Weekly,Man
4906,48.0,"184,71117492381495",Afternoon,Movies,Science Fiction,1.0,Student,Weekly,Man
4907,49.0,"84,89158052629945",Night,Documentaries,Science Fiction,1.0,Premium,Weekly,Man
4908,30.0,"166,2211490764452",Night,Documentaries,Science Fiction,0.0,Family,Weekly,Man
4909,36.0,"134,74424934467004",Night,Documentaries,Drama,0.0,Premium,Weekly,Man
4910,42.0,"125,22203039755787",Night,Anime,Horror,1.0,Family,Weekly,Woman
4911,53.0,"179,78418564993638",Afternoon,Movies,Science Fiction,1.0,Family,Weekly,Woman
4912,54.0,"192,40109897946084",Afternoon,Movies,Science Fiction,1.0,,Daily,Woman
4913,29.0,"149,21184713574254",Night,Documentaries,Drama,0.0,Premium,Weekly,Woman
4914,34.0,"46,35855878550269",Night,Anime,Science Fiction,1.0,Premium,Weekly,Man
4915,31.0,"78,11372878363736",Night,Documentaries,Science Fiction,1.0,,Weekly,Man
4916,22.0,"139,68776412598416",Afternoon,Anime,Science Fiction,0.0,Premium,Weekly,Man
4917,33.0,"109,69182765863972",Night,Anime,Science Fiction,0.0,Premium,Weekly,Woman
4918,36.0,"156,53007680340434",Night,Documentaries,Science Fiction,1.0,Family,Weekly,Man
4919,66.0,"229,0835220675929",Afternoon,Movies,Horror,1.0,Family,Daily,Man
4920,53.0,"191,43019606185416",Night,Movies,Science Fiction,1.0,Family,Weekly,Man
4921,46.0,"218,01383552552875",Afternoon,Movies,Science Fiction,0.0,Family,Weekly,Man
4922,42.0,"121,99358826472856",Night,Documentaries,Science Fiction,1.0,Family,Weekly,Woman
4923,34.0,"168,98196557349428",Night,Documentaries,Drama,0.0,Premium,Weekly,Woman
4924,46.0,"104,43542610352908",Afternoon,Documentaries,Science Fiction,1.0,Premium,Weekly,Man
4925,49.0,"164,15839558221634",Afternoon,Documentaries,Drama,1.0,Family,Weekly,Woman
4926,42.0,"140,98982877545302",Night,Documentaries,Drama,0.0,Premium,Weekly,Man
4927,38.0,"89,20188699413845",Afternoon,Documentaries,Science Fiction,1.0,Family,Weekly,Man
4928,33.0,nan,Afternoon,Anime,Science Fiction,1.0,Premium,Weekly,Man
4929,54.0,"201,87155528495072",Night,Movies,Horror,1.0,Family,Daily,Woman
4930,42.0,"142,27981787022023",Night,Documentaries,Science Fiction,0.0,Premium,Weekly,Woman
4931,57.0,nan,Afternoon,Movies,Horror,1.0,Family,Daily,Woman
4932,56.0,"204,7915197807127",Afternoon,Movies,Science Fiction,1.0,Family,Weekly,Man
4933,50.0,"130,5669698524745",Night,Documentaries,Science Fiction,1.0,,Weekly,Woman
4934,39.0,"162,41328103386272",Afternoon,Documentaries,Science Fiction,0.0,Family,Weekly,Man
4935,55.0,"202,2425583437311",Afternoon,Movies,Science Fiction,1.0,Family,Weekly,Man
4936,48.0,"134,78409643948825",Night,Documentaries,Science Fiction,1.0,Family,Weekly,Woman
4937,57.0,"97,47133893183636",Afternoon,Documentaries,Science Fiction,1.0,Family,Weekly,Man
4938,30.0,"162,83368416924847",Night,Documentaries,Science Fiction,1.0,Family,Weekly,Woman
4939,56.0,"132,17396672231953",Afternoon,Movies,Science Fiction,1.0,Family,Daily,Woman
4940,51.0,"142,6018423937162",Night,Documentaries,Horror,1.0,Family,Weekly,Woman
4941,36.0,"181,9140997962097",Afternoon,Documentaries,Drama,0.0,Premium,Weekly,Woman
4942,39.0,"68,8436488636192",Afternoon,Anime,Science Fiction,1.0,Family,Weekly,Woman
4943,47.0,"169,83257310438913",Night,Documentaries,Science Fiction,1.0,Family,Weekly,Woman
4944,58.0,"205,62792999916851",Night,Movies,Science Fiction,1.0,Family,Weekly,Man
4945,49.0,"120,4119354740797",Afternoon,Documentaries,Drama,1.0,Premium,Weekly,Man
4946,38.0,nan,Night,Documentaries,Drama,0.0,Premium,Weekly,Man
4947,28.0,"42,6348336503351",Night,Anime,Science Fiction,1.0,Premium,Weekly,Woman
4948,38.0,"136,1939022133682",Night,Documentaries,Drama,0.0,Premium,Weekly,Man
4949,33.0,"82,6261682240211",Afternoon,Anime,Science Fiction,1.0,,Weekly,Woman
4950,62.0,"132,25648488385448",Night,Movies,Science Fiction,1.0,Family,Daily,Man
4951,47.0,"185,228569747557",Night,Movies,Science Fiction,1.0,Family,Weekly,Woman
4952,38.0,nan,Afternoon,Documentaries,Science Fiction,1.0,,Weekly,Woman
4953,72.0,"190,81101292320696",Night,Movies,Science Fiction,1.0,,Weekly,Man
4954,27.0,"108,83065530044983",Night,Anime,Horror,1.0,Family,Weekly,Man
4955,57.0,"209,0656027383976",Afternoon,Movies,Horror,1.0,Family,Daily,Woman
4956,54.0,"155,88585304903748",Night,Documentaries,Horror,1.0,Family,Weekly,Man
4957,32.0,"171,67457680333192",Afternoon,Documentaries,Science Fiction,0.0,Family,Weekly,Woman
4958,42.0,"206,38849946504416",Night,Documentaries,Science Fiction,0.0,Family,Weekly,Woman
4959,28.0,"181,06015980648775",Night,Documentaries,Drama,0.0,Premium,Weekly,Woman
4960,39.0,"218,2669120437254",Afternoon,Documentaries,Science Fiction,0.0,Family,Weekly,Man
4961,51.0,"147,72372649940922",Night,Documentaries,Science Fiction,1.0,Family,Daily,Man
4962,38.0,"180,82451339882573",Night,Documentaries,Drama,0.0,Premium,Weekly,Woman
4963,41.0,"177,69509561290673",Afternoon,Documentaries,Drama,0.0,Premium,Weekly,Man
4964,39.0,"170,55245712965035",Afternoon,Documentaries,Drama,0.0,Premium,Weekly,Man
4965,32.0,"200,4694356366424",Morning,Anime,Science Fiction,0.0,Premium,Weekly,Man
4966,62.0,"142,78330634435267",Afternoon,Movies,Science Fiction,1.0,Family,Weekly,Woman
4967,61.0,"191,7452006854888",Afternoon,Movies,Science Fiction,1.0,Family,Weekly,Man
4968,41.0,"168,28777890949812",Afternoon,Documentaries,Drama,0.0,Premium,Weekly,Woman
4969,35.0,"203,53942582123304",Night,Documentaries,Drama,0.0,Premium,Weekly,Man
4970,40.0,"208,40205316278025",Night,Documentaries,Science Fiction,0.0,Family,Weekly,Woman
4971,51.0,"128,0174548825728",Night,Documentaries,Horror,1.0,Family,Weekly,Woman
4972,66.0,"190,4874612823056",Afternoon,Movies,Science Fiction,1.0,Family,Weekly,Man
4973,44.0,"182,49639261051348",Night,Movies,Drama,1.0,Family,Weekly,Man
4974,39.0,"186,3270635732277",Afternoon,Documentaries,Drama,0.0,Premium,Weekly,Man
4975,41.0,"213,6965284288646",Afternoon,Movies,Drama,0.0,Family,Weekly,Woman
4976,44.0,"149,36475681359912",Afternoon,Anime,Science Fiction,0.0,Family,Weekly,Man
4977,35.0,"154,78007271479015",Night,Documentaries,Drama,0.0,Premium,Weekly,Man
4978,46.0,"161,35656852486335",Afternoon,Documentaries,Horror,1.0,Family,Weekly,Woman
4979,34.0,"141,7696211411079",Afternoon,Documentaries,Science Fiction,1.0,Family,Weekly,Man
4980,33.0,"117,71510143618438",Afternoon,Anime,Science Fiction,1.0,Family,Weekly,Woman
4981,35.0,"142,59805774483326",Night,Documentaries,Drama,0.0,Premium,Weekly,Man
4982,67.0,"181,51165983945756",Night,Movies,Science Fiction,1.0,Family,Weekly,Woman
4983,53.0,"165,80925870926993",Night,Documentaries,Science Fiction,1.0,Family,Weekly,Man
4984,38.0,"185,4574958667818",Night,Documentaries,Drama,0.0,Premium,Weekly,Man
4985,36.0,"60,240971679225126",Night,Anime,Science Fiction,1.0,Family,Weekly,Man
4986,57.0,"158,17523152168695",Afternoon,Documentaries,Science Fiction,1.0,Family,Weekly,Woman
4987,40.0,"88,7154937732931",Night,Anime,Science Fiction,1.0,Family,Weekly,Man
4988,40.0,"188,11447162292296",Night,Documentaries,Science Fiction,1.0,Family,Weekly,Woman
4989,44.0,"165,45808933632637",Night,Documentaries,Horror,1.0,Family,Weekly,Man
4990,38.0,"164,9161006282594",Night,Documentaries,Science Fiction,0.0,,Weekly,Man
4991,42.0,"147,76684698199412",Afternoon,Documentaries,Drama,0.0,Premium,Weekly,Man
4992,59.0,"168,83924676257269",Afternoon,Movies,Science Fiction,1.0,Family,Weekly,Man
4993,34.0,"87,49495860050935",Night,Documentaries,Science Fiction,1.0,,Weekly,Man
4994,40.0,"206,89045174740585",Night,Documentaries,Science Fiction,0.0,,Weekly,Man
4995,38.0,"100,8317259990746",Afternoon,Anime,Science Fiction,0.0,Premium,Weekly,Woman
4996,36.0,"201,97746635773615",Afternoon,Documentaries,Drama,0.0,,Weekly,Man
4997,34.0,"157,83805178834072",Afternoon,Anime,Drama,0.0,Premium,Weekly,Man
4998,55.0,"245,12131905909777",Afternoon,Movies,Horror,0.0,Family,Weekly,Woman
4999,55.0,"126,48493105025538",Night,Documentaries,Science Fiction,1.0,Family,Weekly,Man
5000,35.0,"103,1730679988042",Night,Documentaries,Drama,0.0,Premium,Weekly,Woman
5001,44.0,"101,12460879949046",Night,Anime,Science Fiction,0.0,Premium,Weekly,Man
5002,55.0,"112,0219280797543",Afternoon,Documentaries,Science Fiction,1.0,Family,Weekly,Man
5003,40.0,"163,60529130214778",Night,Documentaries,Science Fiction,1.0,Family,Weekly,Woman
5004,58.0,"131,97969525986082",Afternoon,Movies,Science Fiction,1.0,Family,Weekly,Woman
5005,42.0,"197,24783866895228",Afternoon,Documentaries,Science Fiction,0.0,Premium,Weekly,Woman
5006,54.0,"219,8935206258774",Afternoon,Movies,Horror,1.0,Family,Daily,Woman
5007,43.0,"168,0749633409924",Night,Documentaries,Science Fiction,0.0,Family,Weekly,Woman
5008,32.0,"61,00767634170355",Afternoon,Anime,Science Fiction,1.0,Family,Weekly,Man
5009,43.0,"134,01622803593352",Night,Documentaries,Drama,1.0,Premium,Weekly,Woman
5010,41.0,nan,Afternoon,Documentaries,Drama,0.0,Premium,Weekly,Man
5011,42.0,"185,2430430284273",Night,Documentaries,Drama,0.0,Premium,Weekly,Man
5012,45.0,"83,64524887856768",Afternoon,Documentaries,Science Fiction,1.0,Family,Weekly,Woman
5013,46.0,"164,4196362959923",Night,Movies,Science Fiction,1.0,Family,Weekly,Man
5014,27.0,"14,106324772924708",Night,Anime,Drama,1.0,Premium,Weekly,Woman
5015,63.0,"185,519756624657",Afternoon,Movies,Science Fiction,1.0,Family,Weekly,Man
5016,42.0,"193,4856048818686",Afternoon,Documentaries,Science Fiction,1.0,Family,Weekly,Man
5017,41.0,"142,99864834984132",Night,Documentaries,Drama,0.0,Premium,Weekly,Woman
5018,55.0,"81,22340152065571",Night,Documentaries,Science Fiction,1.0,Family,Daily,Woman
5019,31.0,"175,5200345914216",Afternoon,Anime,Horror,0.0,Family,Weekly,Woman
5020,59.0,"197,63843437134727",Late Night,Movies,Science Fiction,1.0,Family,Weekly,Man
5021,50.0,"164,6560783300391",Night,Documentaries,Science Fiction,1.0,,Weekly,Woman
5022,39.0,"166,32631425891643",Night,Documentaries,Drama,0.0,Premium,Weekly,Woman
5023,40.0,"195,8001251367535",Night,Documentaries,Science Fiction,0.0,Family,Weekly,Woman
5024,48.0,"145,31422633163848",Night,Documentaries,Science Fiction,1.0,Family,Weekly,Woman
5025,57.0,"178,58224053140754",Night,Movies,Science Fiction,1.0,,Daily,Woman
5026,25.0,"89,41469293549869",Afternoon,Anime,Science Fiction,0.0,Premium,Weekly,Woman
5027,29.0,"141,23676519204977",Night,Anime,Science Fiction,0.0,Premium,Weekly,Man
5028,50.0,"183,4687837982637",Night,Movies,Science Fiction,1.0,Family,Weekly,Man
5029,60.0,"195,90509826550024",Night,Movies,Horror,1.0,Family,Daily,Woman
5030,34.0,"213,5368009519448",Night,Documentaries,Science Fiction,0.0,Family,Weekly,Woman
5031,51.0,"147,07477556665856",Night,Documentaries,Horror,1.0,Family,Weekly,Woman
5032,40.0,"96,53689328224026",Night,Anime,Science Fiction,1.0,Premium,Weekly,Woman
5033,53.0,"189,1701044000748",Night,Movies,Science Fiction,1.0,Family,Daily,Man
5034,34.0,"28,95345255272359",Night,Anime,Science Fiction,1.0,Premium,Weekly,Woman
5035,49.0,"177,44864801444993",Night,Documentaries,Horror,1.0,Family,Weekly,Woman
5036,31.0,"192,51235031920217",Night,Documentaries,Science Fiction,0.0,Family,Weekly,Man
5037,49.0,"145,91068937751643",Night,Documentaries,Science Fiction,1.0,Family,Weekly,Woman
5038,37.0,"102,03434968256563",Afternoon,Anime,Science Fiction,1.0,Premium,Weekly,Man
5039,35.0,"49,6280498115719",Afternoon,Anime,Science Fiction,1.0,Premium,Weekly,Woman
5040,54.0,"157,528390295371",Night,Documentaries,Science Fiction,1.0,Family,Weekly,Woman
5041,59.0,"204,3486696155456",Afternoon,Movies,Horror,1.0,Family,Weekly,Woman
5042,36.0,"95,94151506441644",Night,Anime,Science Fiction,0.0,Premium,Weekly,Woman
5043,56.0,"158,24490734882173",Night,Documentaries,Horror,1.0,Family,Weekly,Woman
5044,37.0,"185,16185887271723",Night,Documentaries,Drama,0.0,Premium,Weekly,Woman
5045,42.0,"83,2044518111523",Afternoon,Anime,Science Fiction,1.0,Premium,Weekly,Woman
5046,60.0,"185,30358141963077",Night,Movies,Science Fiction,1.0,Family,Daily,Man
5047,47.0,"175,52281467685134",Night,Documentaries,Drama,0.0,Family,Occasional,Woman
5048,46.0,"138,27001276039277",Night,Documentaries,Drama,1.0,Premium,Weekly,Woman
5049,30.0,"6,867327527113864",Night,Anime,Science Fiction,1.0,Premium,Weekly,Woman
5050,38.0,"169,29245446048108",Afternoon,Documentaries,Drama,0.0,Premium,Weekly,Man
5051,53.0,"142,62717414726131",Afternoon,Movies,Horror,1.0,Family,Weekly,Man
5052,33.0,"196,28903674759516",Night,Documentaries,Science Fiction,0.0,Family,Weekly,Woman
5053,42.0,"190,14800744303915",Afternoon,Documentaries,Science Fiction,0.0,Family,Weekly,Woman
5054,35.0,"157,6080530408993",Night,Anime,Drama,0.0,,Weekly,Woman
5055,39.0,"139,67834849694668",Afternoon,Anime,Horror,0.0,Family,Weekly,Woman
5056,44.0,"96,4215000396482",Night,Anime,Science Fiction,1.0,Premium,Weekly,Woman
5057,60.0,"151,3300825363646",Night,Movies,Science Fiction,1.0,Family,Weekly,Man
5058,62.0,"160,24422476646075",Night,Movies,Science Fiction,1.0,Family,Weekly,Woman
5059,40.0,"77,26101394279763",Night,Anime,Science Fiction,1.0,Premium,Weekly,Man
5060,55.0,"129,81685020773412",Afternoon,Anime,Science Fiction,1.0,Family,Occasional,Woman
5061,53.0,"143,41560332731632",Night,Documentaries,Science Fiction,1.0,Family,Weekly,Woman
5062,38.0,nan,Afternoon,Anime,Science Fiction,1.0,Premium,Weekly,Woman
5063,60.0,"163,25402163778904",Afternoon,Movies,Science Fiction,1.0,Family,Weekly,Man
5064,31.0,"162,63880098441203",Night,Anime,Science Fiction,0.0,Family,Weekly,Woman
5065,48.0,"143,78353856808388",Night,Anime,Science Fiction,0.0,Family,Weekly,Woman
5066,54.0,"155,9057973848588",Night,Movies,Science Fiction,1.0,Student,Weekly,Woman
5067,58.0,"211,75641368833467",Night,Movies,Science Fiction,1.0,Student,Weekly,Man
5068,23.0,"23,11681260783258",Afternoon,Anime,Science Fiction,1.0,Premium,Weekly,Woman
5069,39.0,"113,17547786750866",Night,Documentaries,Science Fiction,1.0,Family,Weekly,Woman
5070,43.0,"151,47973377718694",Night,Documentaries,Horror,1.0,Family,Weekly,Woman
5071,63.0,"209,17841105033148",Night,Movies,Science Fiction,1.0,Family,Weekly,Man
5072,35.0,"132,23690944879087",Afternoon,Anime,Science Fiction,0.0,Premium,Weekly,Man
5073,42.0,"91,34126085042512",Night,Anime,Science Fiction,0.0,Premium,Weekly,Man
5074,37.0,"202,13208116072656",Night,Documentaries,Science Fiction,0.0,Family,Weekly,Woman
5075,38.0,"185,6492151370333",Night,Documentaries,Drama,0.0,Premium,Weekly,Man
5076,41.0,"192,6271653555239",Late Night,Documentaries,Science Fiction,0.0,Premium,Weekly,Man
5077,45.0,"117,35964124444904",Night,Documentaries,Science Fiction,1.0,Family,Weekly,Man
5078,35.0,"191,2605135611163",Afternoon,Documentaries,Drama,0.0,Premium,Weekly,Man
5079,60.0,"166,07516901965792",Night,Movies,Science Fiction,1.0,Family,Weekly,Man
5080,46.0,"214,89628140755408",Night,Movies,Science Fiction,1.0,Family,Weekly,Man
5081,32.0,"45,309536936414425",Afternoon,Anime,Science Fiction,1.0,Premium,Weekly,Man
5082,36.0,"56,35138528114084",Night,Documentaries,Science Fiction,1.0,Premium,Weekly,Woman
5083,36.0,"161,90177774033447",Afternoon,Documentaries,Drama,0.0,,Weekly,Man
5084,49.0,"109,96228430198592",Night,Anime,Horror,0.0,Premium,Weekly,Woman
5085,54.0,"105,35368827155642",Night,Documentaries,Science Fiction,1.0,Family,Daily,Man
5086,65.0,"205,08154875446635",Afternoon,Movies,Science Fiction,1.0,Family,Weekly,Man
5087,50.0,"149,52451046989853",Night,Documentaries,Horror,1.0,Family,Weekly,Man
5088,37.0,"167,82101740834247",Night,Documentaries,Drama,0.0,Premium,Weekly,Man
5089,47.0,"189,9849168455764",Night,Documentaries,Science Fiction,0.0,Family,Weekly,Man
5090,52.0,"144,81404029916723",Night,Movies,Horror,1.0,Student,Weekly,Man
5091,40.0,"172,5639920405165",Night,Documentaries,Drama,0.0,,Weekly,Woman
5092,34.0,"54,478686222253714",Night,Anime,Science Fiction,1.0,Premium,Weekly,Man
5093,40.0,"160,50236686504934",Night,Documentaries,Drama,0.0,Premium,Weekly,Man
5094,23.0,"51,64234323580269",Afternoon,Anime,Science Fiction,1.0,,Weekly,Woman
5095,52.0,"119,54979078790112",Afternoon,Documentaries,Science Fiction,1.0,Family,Weekly,Man
5096,41.0,"183,0656804518064",Night,Documentaries,Drama,0.0,,Weekly,Man
5097,46.0,"136,4794923403159",Night,Documentaries,Science Fiction,1.0,Family,Weekly,Woman
5098,57.0,"162,6331127111525",Morning,Movies,Science Fiction,1.0,Family,Daily,Man
5099,34.0,"208,6752032040896",Afternoon,Documentaries,Science Fiction,0.0,Family,Weekly,Man
5100,44.0,"112,09732820602127",Night,Documentaries,Science Fiction,1.0,Family,Weekly,Woman
5101,65.0,"192,16541801131987",Morning,Movies,Science Fiction,1.0,Family,Weekly,Man
5102,52.0,"207,0956530690069",Afternoon,Movies,Science Fiction,1.0,Student,Weekly,Woman
5103,56.0,"177,92643434091897",Afternoon,Anime,Horror,0.0,Family,Occasional,Man
5104,31.0,"191,1975416623573",Afternoon,Documentaries,Science Fiction,0.0,Family,Weekly,Man
5105,65.0,"184,301749698108",Night,Movies,Science Fiction,1.0,Family,Weekly,Man
5106,31.0,"164,6407055664307",Night,Anime,Horror,0.0,Family,Weekly,Woman
5107,51.0,"150,40551192791048",Afternoon,Anime,Horror,0.0,Premium,Weekly,Woman
5108,56.0,"163,8354647076468",Night,Movies,Science Fiction,1.0,Family,Weekly,Woman
5109,34.0,"118,09939946935654",Night,Documentaries,Science Fiction,1.0,Family,Weekly,Woman
5110,57.0,"242,97551440852703",Afternoon,Movies,Horror,1.0,Family,Weekly,Man
5111,35.0,"166,58651114426036",Night,Documentaries,Drama,0.0,Premium,Weekly,Woman
5112,48.0,"137,0548515366592",Night,Documentaries,Horror,0.0,Premium,Weekly,Woman
5113,42.0,"110,51402660917977",Night,Anime,Science Fiction,0.0,Premium,Weekly,Man
5114,53.0,"146,27631641791044",Night,Documentaries,Horror,1.0,Family,Weekly,Woman
5115,48.0,"171,12310802254663",Night,Movies,Science Fiction,1.0,Family,Weekly,Woman
5116,40.0,"171,00326966426798",Night,Documentaries,Science Fiction,1.0,Family,Weekly,Woman
5117,36.0,"211,274602340804",Afternoon,Documentaries,Science Fiction,0.0,Premium,Weekly,Woman
5118,42.0,"172,83131483067234",Night,Documentaries,Science Fiction,0.0,Premium,Weekly,Man
5119,45.0,"185,44809506623",Morning,Documentaries,Science Fiction,0.0,Family,Weekly,Man
5120,33.0,nan,Afternoon,Documentaries,Drama,0.0,Premium,Weekly,Man
5121,33.0,"209,9872697851983",Night,Documentaries,Science Fiction,0.0,Premium,Weekly,Woman
5122,39.0,"175,32997841427658",Night,Documentaries,Science Fiction,1.0,Family,Weekly,Man
5123,43.0,"174,99306587600014",Night,Documentaries,Drama,0.0,Family,Occasional,Woman
5124,36.0,"161,51313424798147",Afternoon,Anime,Science Fiction,0.0,Premium,Weekly,Woman
5125,56.0,"157,99149112628132",Night,Documentaries,Science Fiction,1.0,Family,Weekly,Woman
5126,40.0,"200,17041862602017",Night,Documentaries,Drama,0.0,Family,Weekly,Woman
5127,39.0,nan,Night,Documentaries,Science Fiction,0.0,Family,Weekly,Woman
5128,39.0,"159,5567360567992",Afternoon,Anime,Drama,0.0,Premium,Occasional,Man
5129,31.0,"155,48761009337866",Night,Anime,Drama,0.0,Premium,Weekly,Woman
5130,55.0,"190,7888581253823",Afternoon,Documentaries,Horror,1.0,Family,Weekly,Woman
5131,34.0,"163,14462950559",Afternoon,Documentaries,Drama,0.0,Premium,Weekly,Man
5132,37.0,"191,00067762438317",Night,Documentaries,Science Fiction,1.0,Family,Weekly,Woman
5133,45.0,"105,83010740159716",Night,Documentaries,Horror,1.0,Family,Weekly,Woman
5134,37.0,"177,40808251558818",Afternoon,Documentaries,Science Fiction,0.0,Premium,Weekly,Man
5135,40.0,"158,209772666296",Afternoon,Anime,Science Fiction,0.0,Family,Occasional,Man
5136,41.0,"162,7734706222237",Night,Documentaries,Drama,0.0,Premium,Weekly,Man
5137,45.0,"172,51729339321497",Night,Documentaries,Science Fiction,1.0,,Weekly,Man
5138,41.0,"180,6796081119563",Afternoon,Movies,Science Fiction,1.0,Family,Daily,Woman
5139,41.0,"202,79216246846408",Afternoon,Documentaries,Science Fiction,0.0,Family,Weekly,Man
5140,44.0,"129,40842051000195",Afternoon,Anime,Science Fiction,0.0,Premium,Weekly,Woman
5141,45.0,"161,1913267313153",Night,Documentaries,Drama,0.0,Family,Weekly,Woman
5142,62.0,"106,12643089693242",Afternoon,Movies,Science Fiction,1.0,Family,Weekly,Woman
5143,55.0,"184,9486491864656",Night,Movies,Science Fiction,1.0,Family,Weekly,Man
5144,34.0,"159,5797613187277",Night,Documentaries,Drama,0.0,Premium,Weekly,Woman
5145,42.0,"173,40155799953254",Afternoon,Documentaries,Science Fiction,0.0,Family,Weekly,Woman
5146,48.0,"199,59688082700555",Afternoon,Documentaries,Science Fiction,1.0,Student,Weekly,Man
5147,33.0,"144,9513402899846",Late Night,Anime,Horror,0.0,Family,Weekly,Man
5148,27.0,"75,87089776732076",Afternoon,Anime,Science Fiction,1.0,Premium,Weekly,Woman
5149,46.0,"187,88578966812923",Night,Documentaries,Science Fiction,0.0,Family,Weekly,Man
5150,39.0,"148,40386861744508",Afternoon,Documentaries,Drama,0.0,Premium,Weekly,Man
5151,44.0,"105,69796454031837",Afternoon,Documentaries,Science Fiction,1.0,Family,Weekly,Man
5152,59.0,"127,66700260847996",Night,Movies,Science Fiction,1.0,Family,Daily,Woman
5153,50.0,"107,75665325243556",Night,Anime,Science Fiction,1.0,Premium,Weekly,Woman
5154,60.0,"206,52424126096264",Night,Movies,Science Fiction,1.0,Family,Weekly,Woman
5155,42.0,"119,565929364511",Night,Documentaries,Science Fiction,1.0,Family,Weekly,Man
5156,40.0,"212,81181555540016",Afternoon,Movies,Science Fiction,1.0,Family,Weekly,Woman
5157,48.0,"160,7751894779731",Afternoon,Documentaries,Science Fiction,1.0,Family,Weekly,Woman
5158,38.0,"107,27414038752592",Night,Anime,Science Fiction,1.0,Family,Weekly,Man
5159,46.0,"144,61559844630378",Night,Documentaries,Science Fiction,1.0,Family,Weekly,Man
5160,39.0,"193,56038776558964",Night,Documentaries,Science Fiction,0.0,Premium,Weekly,Woman
5161,55.0,"216,51410441945424",Night,Movies,Science Fiction,1.0,Family,Daily,Woman
5162,44.0,"164,15833141564084",Night,Documentaries,Science Fiction,1.0,Family,Weekly,Woman
5163,45.0,"104,10802081734649",Afternoon,Anime,Science Fiction,0.0,Premium,Weekly,Woman
5164,30.0,"138,70575766516149",Night,Anime,Drama,0.0,Premium,Weekly,Man
5165,39.0,"154,48223550263694",Night,Documentaries,Drama,0.0,Premium,Weekly,Woman
5166,49.0,"169,5463867055411",Night,Documentaries,Science Fiction,1.0,Family,Weekly,Man
5167,46.0,"169,01840224981424",Afternoon,Documentaries,Horror,1.0,Family,Weekly,Man
5168,44.0,"180,88647893802036",Night,Documentaries,Science Fiction,0.0,Family,Weekly,Man
5169,40.0,"180,03345585461875",Night,Documentaries,Drama,0.0,Premium,Weekly,Woman
5170,41.0,"173,237245618976",Night,Documentaries,Science Fiction,0.0,,Weekly,Man
5171,44.0,"87,6946277929235",Night,Documentaries,Science Fiction,1.0,Premium,Weekly,Woman
5172,60.0,"191,4450200041734",Night,Movies,Science Fiction,1.0,Family,Weekly,Woman
5173,33.0,"46,59427598646487",Afternoon,Documentaries,Science Fiction,1.0,Family,Weekly,Woman
5174,40.0,"98,51119486795132",Night,Documentaries,Action,0.0,Premium,Weekly,Man
5175,40.0,"181,5794266685117",Night,Documentaries,Drama,0.0,Premium,Weekly,Man
5176,47.0,"138,4989100275088",Night,Anime,Science Fiction,0.0,,Weekly,Woman
5177,36.0,"110,95712330920284",Night,Documentaries,Science Fiction,1.0,Family,Weekly,Woman
5178,50.0,"97,33459792668096",Night,Anime,Science Fiction,0.0,Premium,Weekly,Man
5179,61.0,"160,311430483242",Night,Movies,Science Fiction,1.0,Family,Weekly,Man
5180,39.0,"181,5561252432588",Night,Documentaries,Science Fiction,0.0,Premium,Weekly,Man
5181,36.0,"118,14667021577074",Afternoon,Documentaries,Drama,0.0,Premium,Weekly,Woman
5182,58.0,"168,41253485285574",Afternoon,Movies,Science Fiction,1.0,Family,Weekly,Man
5183,43.0,"120,66773430635298",Night,Documentaries,Science Fiction,1.0,Family,Weekly,Woman
5184,42.0,"151,93566891782848",Afternoon,Documentaries,Drama,1.0,Premium,Weekly,Man
5185,40.0,"159,85255631131403",Night,Documentaries,Drama,0.0,Premium,Weekly,Woman
5186,42.0,"133,3083760555458",Morning,Documentaries,Horror,1.0,Family,Weekly,Woman
5187,39.0,"133,5603229521811",Afternoon,Anime,Horror,0.0,Family,Weekly,Woman
5188,36.0,"131,22315536489745",Afternoon,Documentaries,Drama,0.0,Premium,Weekly,Man
5189,57.0,"182,58994494131264",Night,Movies,Science Fiction,1.0,Family,Weekly,Woman
5190,41.0,"119,66986397026945",Night,Documentaries,Science Fiction,1.0,Family,Weekly,Man
5191,40.0,"227,21483675612444",Afternoon,Movies,Drama,1.0,Family,Weekly,Man
5192,43.0,"213,46408786769504",Night,Documentaries,Science Fiction,0.0,Family,Weekly,Man
5193,51.0,"162,69721138847768",Night,Documentaries,Horror,0.0,Premium,Weekly,Woman
5194,61.0,"176,86425304574362",Afternoon,Movies,Science Fiction,1.0,,Weekly,Woman
5195,37.0,"118,87139312124212",Night,Anime,Science Fiction,0.0,Premium,Weekly,Man
5196,36.0,"184,7872524872083",Afternoon,Documentaries,Science Fiction,0.0,Premium,Weekly,Man
5197,45.0,"175,5121659705148",Afternoon,Documentaries,Science Fiction,0.0,Family,Weekly,Woman
5198,40.0,"94,4407315940222",Afternoon,Anime,Science Fiction,0.0,Premium,Weekly,Woman
5199,42.0,"120,3869587266347",Night,Documentaries,Drama,1.0,Premium,Weekly,Woman
5200,43.0,"188,30597949222",Afternoon,Movies,Science Fiction,1.0,Family,Weekly,Man
5201,24.0,"81,8735194924989",Night,Anime,Science Fiction,1.0,Premium,Weekly,Man
5202,51.0,nan,Afternoon,Documentaries,Science Fiction,1.0,Family,Weekly,Woman
5203,37.0,"111,09424147169923",Afternoon,Anime,Horror,1.0,Family,Weekly,Woman
5204,53.0,"124,4068662169246",Morning,Documentaries,Science Fiction,1.0,Family,Daily,Man
5205,47.0,"107,3986022659416",Afternoon,Documentaries,Science Fiction,1.0,,Weekly,Woman
5206,49.0,"119,96048154023728",Afternoon,Anime,Horror,1.0,Premium,Weekly,Woman
5207,50.0,"184,84624077919784",Afternoon,Documentaries,Horror,0.0,Family,Weekly,Woman
5208,32.0,"129,4653497651527",Afternoon,Anime,Science Fiction,0.0,Premium,Weekly,Man
5209,44.0,"189,1691657125584",Night,Documentaries,Drama,0.0,Family,Weekly,Woman
5210,39.0,"149,59205363086696",Night,Documentaries,Drama,0.0,Premium,Weekly,Man
5211,57.0,"123,36453820871108",Afternoon,Movies,Horror,1.0,Family,Daily,Woman
5212,56.0,"166,72305561683507",Night,Documentaries,Science Fiction,1.0,Family,Weekly,Man
5213,26.0,"175,11116922949932",Afternoon,Documentaries,Action,0.0,Premium,Weekly,Man
5214,31.0,"263,66883721646144",Night,Series,Drama,0.0,Family,Daily,Woman
5215,63.0,"98,387798385531",Night,Movies,Science Fiction,1.0,Family,Daily,Man
5216,42.0,"133,7728300444844",Night,Anime,Horror,1.0,Family,Weekly,Woman
5217,26.0,"166,07814174179228",Night,Documentaries,Drama,0.0,Premium,Weekly,Man
5218,52.0,"82,91139118094897",Night,Documentaries,Science Fiction,1.0,Premium,Weekly,Man
5219,31.0,"130,3109874062714",Night,Anime,Horror,0.0,Premium,Occasional,Man
5220,63.0,nan,Night,Movies,Science Fiction,1.0,Family,Weekly,Man
5221,60.0,"138,01234827825422",Night,Movies,Horror,1.0,Family,Weekly,Man
5222,50.0,"158,26101786258005",Afternoon,Anime,Horror,0.0,,Weekly,Woman
5223,53.0,"123,04010110852096",Afternoon,Documentaries,Science Fiction,1.0,,Weekly,Woman
5224,52.0,"140,50274702167806",Afternoon,Documentaries,Horror,1.0,Family,Weekly,Woman
5225,31.0,"84,73535548394237",Night,Anime,Science Fiction,1.0,Premium,Weekly,Man
5226,45.0,nan,Afternoon,Movies,Drama,1.0,Premium,Weekly,Man
5227,48.0,"139,52605031847096",Afternoon,Anime,Horror,0.0,Free,Weekly,Man
5228,34.0,"157,1679208246894",Afternoon,Documentaries,Action,0.0,Premium,Weekly,Man
5229,45.0,"174,56285151820163",Afternoon,Documentaries,Drama,0.0,Family,Weekly,Woman
5230,42.0,"220,86612409922355",Night,Documentaries,Drama,0.0,Family,Weekly,Man
5231,56.0,"125,38221600104973",Night,Documentaries,Horror,1.0,Family,Weekly,Man
5232,53.0,"170,11494246150974",Afternoon,Documentaries,Science Fiction,1.0,Family,Weekly,Woman
5233,57.0,"148,3749651375441",Night,Anime,Horror,0.0,Premium,Weekly,Man
5234,61.0,"165,2901078198068",Night,Movies,Science Fiction,1.0,,Weekly,Woman
5235,59.0,"159,14985962825517",Afternoon,Movies,Horror,1.0,Family,Weekly,Woman
5236,33.0,"69,12247163876262",Afternoon,Documentaries,Science Fiction,1.0,Family,Weekly,Man
5237,48.0,"168,88850965188405",Night,Movies,Science Fiction,1.0,Family,Daily,Man
5238,47.0,"121,91141709610014",Afternoon,Anime,Horror,0.0,Premium,Weekly,Woman
5239,48.0,"106,9820982483858",Night,Documentaries,Horror,1.0,Family,Weekly,Woman
5240,43.0,"203,8944220973271",Afternoon,Documentaries,Science Fiction,0.0,Family,Weekly,Man
5241,40.0,"182,86009612241745",Night,Documentaries,Science Fiction,0.0,Family,Weekly,Woman
5242,60.0,"124,79929963694195",Night,Movies,Science Fiction,1.0,Family,Daily,Woman
5243,43.0,"200,43640219209576",Afternoon,Documentaries,Science Fiction,0.0,Family,Occasional,Man
5244,33.0,"214,8126771761206",Night,Documentaries,Science Fiction,0.0,Family,Weekly,Man
5245,30.0,"110,0358837586784",Night,Anime,Science Fiction,1.0,Family,Weekly,Man
5246,38.0,"170,18858879621553",Night,Documentaries,Drama,0.0,Premium,Weekly,Man
5247,38.0,"186,3179611881288",Night,Movies,Science Fiction,1.0,Family,Weekly,Woman
5248,59.0,"118,88718127779146",Night,Movies,Science Fiction,1.0,Family,Weekly,Woman
5249,46.0,"232,81025895376456",Afternoon,Documentaries,Horror,0.0,,Weekly,Woman
5250,40.0,"195,59547357318948",Afternoon,Documentaries,Drama,0.0,,Weekly,Man
5251,48.0,"125,50053246031324",Night,Documentaries,Science Fiction,1.0,Family,Weekly,Man
5252,32.0,"43,84090758216004",Night,Anime,Science Fiction,1.0,Premium,Weekly,Woman
5253,32.0,"131,082619700792",Afternoon,Anime,Drama,0.0,Premium,Weekly,Man
5254,37.0,"189,4232759412043",Morning,Documentaries,Drama,0.0,Premium,Weekly,Woman
5255,60.0,"231,07250185395188",Afternoon,Movies,Science Fiction,0.0,Family,Weekly,Woman
5256,51.0,"109,87874683888772",Night,Documentaries,Science Fiction,1.0,Family,Weekly,Man
5257,28.0,"188,2397874159231",Afternoon,Documentaries,Science Fiction,0.0,,Weekly,Man
5258,44.0,"123,06145651527773",Night,Documentaries,Horror,1.0,Family,Weekly,Man
5259,33.0,"224,1803842485391",Afternoon,Movies,Science Fiction,0.0,Family,Weekly,Man
5260,57.0,"131,24768813980546",Night,Documentaries,Science Fiction,1.0,Family,Weekly,Man
5261,43.0,"150,00395203158547",Night,Documentaries,Science Fiction,1.0,Family,Weekly,Woman
5262,68.0,"147,8162740547268",Night,Movies,Science Fiction,1.0,Family,Weekly,Man
5263,58.0,"134,35030436434224",Afternoon,Movies,Science Fiction,1.0,Family,Weekly,Woman
5264,54.0,"161,2192889744417",Afternoon,Movies,Science Fiction,1.0,Family,Daily,Woman
5265,31.0,"218,38899256191397",Night,Documentaries,Science Fiction,0.0,Family,Weekly,Woman
5266,38.0,"222,4940333076868",Morning,Documentaries,Science Fiction,0.0,Family,Occasional,Woman
5267,33.0,"199,84914432278444",Afternoon,Movies,Science Fiction,1.0,Family,Daily,Man
5268,60.0,"160,00787247599018",Afternoon,Movies,Horror,1.0,,Daily,Woman
5269,41.0,"201,7845815364992",Afternoon,Movies,Science Fiction,0.0,Family,Weekly,Man
5270,60.0,"126,90364575371451",Night,Movies,Science Fiction,1.0,Family,Daily,Man
5271,46.0,"217,6959952366755",Night,Movies,Drama,1.0,Family,Weekly,Man
5272,23.0,nan,Afternoon,Documentaries,Science Fiction,0.0,Family,Weekly,Woman
5273,30.0,"96,12425114126084",Afternoon,Anime,Science Fiction,1.0,Premium,Weekly,Man
5274,36.0,"51,22953221638396",Afternoon,Anime,Science Fiction,1.0,Premium,Weekly,Man
5275,49.0,"108,0702027164914",Afternoon,Anime,Science Fiction,0.0,Premium,Weekly,Woman
5276,39.0,"98,7249321125381",Night,Anime,Science Fiction,1.0,Premium,Weekly,Man
5277,58.0,nan,Night,Movies,Science Fiction,1.0,Family,Weekly,Man
5278,59.0,"182,36916353765983",Afternoon,Movies,Science Fiction,1.0,Family,Weekly,Woman
5279,57.0,nan,Afternoon,Movies,Science Fiction,1.0,Family,Daily,Man
5280,30.0,nan,Night,Anime,Science Fiction,0.0,,Weekly,Man
5281,38.0,"167,92991388166882",Night,Documentaries,Science Fiction,0.0,Family,Weekly,Woman
5282,26.0,"72,333732145056",Afternoon,Documentaries,Science Fiction,1.0,Premium,Weekly,Man
5283,53.0,"163,10930895735066",Night,Documentaries,Science Fiction,1.0,Family,Weekly,Man
5284,52.0,"182,64060410813548",Night,Documentaries,Science Fiction,1.0,Family,Weekly,Man
5285,44.0,"156,87462878664147",Night,Anime,Science Fiction,0.0,Premium,Weekly,Woman
5286,41.0,nan,Night,Documentaries,Horror,0.0,Premium,Weekly,Man
5287,44.0,"111,66307040507068",Night,Anime,Science Fiction,0.0,Premium,Weekly,Woman
5288,38.0,"133,0493019775786",Afternoon,Anime,Science Fiction,0.0,Premium,Weekly,Woman
5289,38.0,"202,7357859966608",Afternoon,Documentaries,Science Fiction,0.0,Family,Weekly,Man
5290,31.0,"21,90522889002232",Night,Anime,Science Fiction,1.0,Family,Weekly,Woman
5291,35.0,"161,94853808415647",Afternoon,Documentaries,Drama,0.0,Premium,Weekly,Man
5292,55.0,"184,60197894191631",Night,Documentaries,Science Fiction,1.0,Family,Weekly,Woman
5293,44.0,"79,66410126826196",Night,Anime,Science Fiction,1.0,Premium,Weekly,Man
5294,29.0,"190,94825852784325",Afternoon,Documentaries,Drama,0.0,Premium,Weekly,Man
5295,57.0,"193,72064211065543",Afternoon,Movies,Horror,1.0,Family,Daily,Woman
5296,27.0,"99,02661996925126",Night,Anime,Science Fiction,0.0,Premium,Weekly,Woman
5297,50.0,"124,24105979299462",Night,Movies,Drama,1.0,Family,Weekly,Man
5298,48.0,"117,59182784037915",Night,Documentaries,Horror,1.0,Family,Weekly,Man
5299,34.0,"144,85712566660615",Late Night,Documentaries,Drama,0.0,Premium,Weekly,Woman
5300,47.0,"168,80868361107807",Night,Documentaries,Drama,0.0,Family,Weekly,Woman
5301,37.0,"204,17891380972532",Night,Documentaries,Science Fiction,0.0,Family,Weekly,Woman
5302,54.0,"142,37806221415727",Night,Documentaries,Science Fiction,1.0,Family,Weekly,Man
5303,60.0,"140,02711192074588",Afternoon,Movies,Science Fiction,1.0,Family,Daily,Woman
5304,46.0,"146,04968841946396",Night,Documentaries,Horror,1.0,Family,Daily,Man
5305,36.0,"184,12554186282463",Afternoon,Documentaries,Science Fiction,0.0,Family,Weekly,Woman
5306,56.0,"141,68714486421928",Night,Movies,Science Fiction,1.0,Family,Weekly,Man
5307,30.0,"183,6772429394846",Afternoon,Documentaries,Science Fiction,0.0,Family,Weekly,Woman
5308,54.0,nan,Night,Movies,Science Fiction,1.0,Family,Daily,Man
5309,59.0,"108,81889826715135",Afternoon,Documentaries,Horror,1.0,Student,Weekly,Woman
5310,41.0,"121,08500643056306",Afternoon,Documentaries,Horror,1.0,,Weekly,Man
5311,55.0,"122,95748478862812",Afternoon,Documentaries,Horror,0.0,Premium,Weekly,Man
5312,32.0,"187,52563443606303",Night,Anime,Drama,0.0,Premium,Occasional,Woman
5313,44.0,"193,6010924234032",Night,Documentaries,Horror,0.0,Family,Weekly,Woman
5314,44.0,"159,60150575950445",Afternoon,Movies,Science Fiction,1.0,Student,Daily,Woman
5315,49.0,"158,1379971001731",Afternoon,Documentaries,Drama,1.0,Family,Weekly,Man
5316,56.0,"185,11715866585536",Night,Movies,Science Fiction,1.0,Family,Weekly,Man
5317,35.0,"71,31774313729836",Afternoon,Documentaries,Science Fiction,1.0,Family,Weekly,Man
5318,35.0,"95,70632439981496",Afternoon,Documentaries,Science Fiction,1.0,Family,Weekly,Man
5319,59.0,"208,7129069173478",Night,Movies,Science Fiction,1.0,Family,Weekly,Man
5320,47.0,"174,95851603456035",Afternoon,Documentaries,Science Fiction,1.0,Family,Weekly,Man
5321,50.0,"114,60940813574314",Afternoon,Anime,Science Fiction,0.0,Premium,Weekly,Woman
5322,35.0,"173,3108123061013",Afternoon,Anime,Drama,0.0,Premium,Weekly,Man
5323,38.0,"138,09993974794253",Night,Documentaries,Drama,0.0,Premium,Weekly,Woman
5324,39.0,"208,96239706266115",Afternoon,Movies,Drama,0.0,Family,Weekly,Woman
5325,51.0,"127,93146628798289",Afternoon,Documentaries,Horror,1.0,Family,Weekly,Man
5326,32.0,"138,8700856124471",Night,Anime,Horror,0.0,Family,Weekly,Woman
5327,38.0,"215,9311064547132",Afternoon,Documentaries,Science Fiction,0.0,Premium,Occasional,Man
5328,63.0,"172,12341834211534",Night,Movies,Science Fiction,1.0,Family,Daily,Woman
5329,39.0,"183,4187064192908",Afternoon,Documentaries,Science Fiction,0.0,Premium,Weekly,Man
5330,41.0,"165,9621679276719",Night,Documentaries,Drama,0.0,Premium,Weekly,Woman
5331,40.0,"148,5127164299447",Night,Documentaries,Science Fiction,1.0,Family,Weekly,Woman
5332,36.0,"138,13879677996178",Afternoon,Documentaries,Drama,0.0,Premium,Weekly,Woman
5333,53.0,"118,15454302167892",Night,Anime,Horror,1.0,Premium,Weekly,Woman
5334,56.0,"238,87243722608832",Late Night,Movies,Horror,0.0,Family,Weekly,Woman
5335,41.0,"155,33493336308874",Afternoon,Movies,Horror,1.0,Student,Daily,Man
5336,35.0,"147,4590031995472",Afternoon,Documentaries,Science Fiction,1.0,Family,Weekly,Woman
5337,40.0,"110,7839348382056",Afternoon,Anime,Science Fiction,1.0,Premium,Weekly,Man
5338,37.0,"149,72460791302214",Afternoon,Documentaries,Horror,1.0,Family,Weekly,Man
5339,39.0,"212,28321243210303",Afternoon,Documentaries,Science Fiction,0.0,Premium,Weekly,Man
5340,49.0,"133,0468412587222",Night,Documentaries,Science Fiction,1.0,Family,Weekly,Man
5341,35.0,"132,10678165266688",Night,Anime,Science Fiction,0.0,Premium,Weekly,Man
5342,47.0,"149,84322490242468",Night,Documentaries,Drama,1.0,Family,Weekly,Woman
5343,58.0,nan,Afternoon,Movies,Science Fiction,1.0,,Weekly,Woman
5344,55.0,"126,17317403618424",Night,Movies,Science Fiction,1.0,Family,Daily,Man
5345,54.0,"187,35944962532875",Night,Movies,Science Fiction,1.0,Family,Daily,Man
5346,47.0,"169,76732093016963",Night,Movies,Drama,1.0,Family,Weekly,Woman
5347,41.0,"177,11271782195726",Late Night,Movies,Science Fiction,1.0,Family,Weekly,Man
5348,61.0,"211,44655623653136",Night,Movies,Science Fiction,1.0,Family,Weekly,Man
5349,48.0,"148,12562044483832",Afternoon,Documentaries,Science Fiction,1.0,Family,Weekly,Man
5350,46.0,"126,85640504108864",Night,Anime,Science Fiction,0.0,Premium,Weekly,Man
5351,65.0,"96,9493811094277",Night,Movies,Science Fiction,1.0,Family,Daily,Man
5352,29.0,"156,48042719762077",Afternoon,Documentaries,Horror,0.0,Family,Weekly,Man
5353,35.0,"69,81059593636913",Night,Anime,Science Fiction,1.0,Premium,Weekly,Woman
5354,50.0,"147,94612529218327",Afternoon,Documentaries,Drama,1.0,Family,Weekly,Woman
5355,40.0,"105,17578246974684",Night,Documentaries,Science Fiction,1.0,Premium,Weekly,Man
5356,47.0,"109,60462026345198",Night,Anime,Science Fiction,0.0,Premium,Weekly,Man
5357,54.0,"148,5241832413949",Night,Documentaries,Horror,1.0,Family,Occasional,Man
5358,55.0,"149,2395358995686",Afternoon,Movies,Science Fiction,1.0,Family,Weekly,Woman
5359,59.0,"200,89540555638",Night,Movies,Science Fiction,1.0,Family,Weekly,Man
5360,43.0,"149,11445198345808",Afternoon,Documentaries,Drama,0.0,Premium,Weekly,Woman
5361,35.0,"138,80862815045109",Night,Anime,Horror,0.0,Family,Weekly,Man
5362,44.0,"179,54069594754492",Afternoon,Documentaries,Science Fiction,0.0,Family,Weekly,Man
5363,63.0,"166,87161405539337",Afternoon,Movies,Science Fiction,1.0,Family,Weekly,Man
5364,39.0,"148,62581209615297",Night,Documentaries,Drama,0.0,Premium,Weekly,Woman
5365,43.0,"189,64272287863977",Night,Documentaries,Science Fiction,0.0,Family,Weekly,Man
5366,36.0,nan,Night,Movies,Drama,0.0,Family,Weekly,Man
5367,58.0,"191,1379437647101",Late Night,Movies,Science Fiction,1.0,Family,Weekly,Man
5368,58.0,"159,33152938088304",Night,Movies,Science Fiction,1.0,Family,Weekly,Man
5369,48.0,"186,5617560385672",Night,Documentaries,Drama,0.0,Family,Weekly,Man
5370,47.0,"186,6058233908458",Night,Documentaries,Science Fiction,0.0,Family,Weekly,Man
5371,46.0,"73,77126793475178",Night,Anime,Science Fiction,1.0,Premium,Weekly,Woman
5372,35.0,"175,69177421368934",Afternoon,Documentaries,Drama,0.0,Premium,Weekly,Man
5373,54.0,"205,0098241138698",Afternoon,Movies,Horror,1.0,Family,Weekly,Man
5374,43.0,"126,8163889029074",Night,Documentaries,Horror,0.0,Premium,Weekly,Man
5375,37.0,"147,36941838863876",Afternoon,Anime,Horror,0.0,Family,Occasional,Woman
5376,43.0,"119,0837528461705",Night,Anime,Science Fiction,0.0,Premium,Weekly,Man
5377,61.0,nan,Afternoon,Movies,Science Fiction,1.0,Family,Weekly,Man
5378,44.0,"182,0425296449893",Afternoon,Documentaries,Drama,0.0,Family,Weekly,Man
5379,50.0,"126,78165404164343",Afternoon,Documentaries,Science Fiction,1.0,Premium,Daily,Man
5380,50.0,"161,09477767127674",Afternoon,Movies,Drama,1.0,Family,Weekly,Woman
5381,36.0,nan,Afternoon,Anime,Science Fiction,0.0,Premium,Weekly,Man
5382,35.0,"160,23208524980475",Night,Anime,Drama,0.0,Premium,Weekly,Man
5383,34.0,"136,7380234315203",Night,Documentaries,Drama,0.0,Premium,Weekly,Woman
5384,53.0,"190,43720115265577",Night,Documentaries,Drama,1.0,Family,Weekly,Woman
5385,51.0,"133,9478937435795",Afternoon,Movies,Science Fiction,1.0,Family,Weekly,Woman
5386,41.0,"201,64336519753843",Night,Movies,Drama,0.0,Family,Weekly,Man
5387,30.0,"224,85813719389947",Afternoon,Documentaries,Drama,0.0,Family,Weekly,Woman
5388,60.0,"200,67808177855727",Night,Movies,Science Fiction,1.0,Family,Weekly,Man
5389,35.0,"87,26721076801827",Afternoon,Anime,Science Fiction,0.0,Premium,Weekly,Woman
5390,59.0,"150,75059670590497",Afternoon,Anime,Horror,0.0,Premium,Weekly,Woman
5391,57.0,"172,37564839273125",Night,Movies,Science Fiction,1.0,Family,Weekly,Woman
5392,33.0,"155,82087521057403",Night,Documentaries,Drama,0.0,Premium,Weekly,Woman
5393,49.0,"160,38374515980027",Night,Movies,Science Fiction,1.0,Family,Weekly,Man
5394,36.0,"23,78368241671826",Afternoon,Anime,Science Fiction,1.0,Premium,Weekly,Woman
5395,48.0,"115,09052673289052",Afternoon,Anime,Horror,0.0,Family,Occasional,Man
5396,51.0,"151,44244963474412",Night,Documentaries,Horror,1.0,Family,Weekly,Man
5397,52.0,"132,62773212792754",Night,Documentaries,Science Fiction,1.0,Family,Daily,Woman
5398,34.0,nan,Night,Documentaries,Drama,0.0,Premium,Weekly,Man
5399,42.0,"202,83265146511903",Afternoon,Documentaries,Drama,0.0,Family,Weekly,Man
5400,36.0,"79,00145842445967",Afternoon,Anime,Science Fiction,0.0,Premium,Weekly,Woman
5401,40.0,"156,65835252322913",Afternoon,Documentaries,Horror,0.0,Family,Weekly,Man
5402,46.0,"124,56318266407264",Night,Documentaries,Science Fiction,1.0,Family,Weekly,Woman
5403,48.0,"169,77659976395333",Night,Documentaries,Science Fiction,1.0,Family,Weekly,Woman
5404,44.0,"116,25541405940824",Afternoon,Documentaries,Horror,1.0,Family,Weekly,Woman
5405,53.0,"157,78977090797267",Night,Documentaries,Horror,1.0,Family,Weekly,Man
5406,52.0,"114,46181869165927",Night,Documentaries,Science Fiction,1.0,Family,Weekly,Man
5407,44.0,"104,25222864756964",Night,Anime,Science Fiction,0.0,Premium,Weekly,Man
5408,31.0,"182,84254407750063",Night,Movies,Drama,1.0,Family,Weekly,Woman
5409,43.0,"106,89919022585582",Night,Documentaries,Science Fiction,1.0,Family,Weekly,Man
5410,42.0,nan,Afternoon,Documentaries,Drama,0.0,Family,Weekly,Woman
5411,40.0,"215,36440309898435",Night,Documentaries,Drama,0.0,Family,Weekly,Woman
5412,29.0,"95,76741904059884",Afternoon,Documentaries,Science Fiction,1.0,Family,Weekly,Man
5413,52.0,"110,4465071438075",Night,Documentaries,Science Fiction,1.0,Family,Weekly,Man
5414,42.0,"149,04407978577098",Night,Anime,Horror,0.0,Premium,Weekly,Man
5415,28.0,"96,84415675920786",Afternoon,Anime,Science Fiction,0.0,Premium,Weekly,Woman
5416,55.0,"178,02969354163088",Night,Movies,Science Fiction,1.0,Family,Weekly,Man
5417,52.0,"70,38885911429314",Afternoon,Documentaries,Science Fiction,1.0,Family,Weekly,Woman
5418,43.0,"154,2469959299759",Afternoon,Documentaries,Drama,0.0,Premium,Weekly,Woman
5419,38.0,"174,45416869495963",Afternoon,Documentaries,Drama,0.0,Premium,Weekly,Woman
5420,53.0,"130,3971407960722",Night,Documentaries,Science Fiction,1.0,Family,Weekly,Man
5421,44.0,"94,32621210522956",Night,Anime,Science Fiction,1.0,Premium,Weekly,Woman
5422,37.0,"181,57720646743093",Night,Documentaries,Drama,0.0,Premium,Weekly,Man
5423,41.0,"131,27207854315003",Night,Documentaries,Horror,1.0,Family,Weekly,Woman
5424,38.0,"137,65453906628312",Night,Anime,Science Fiction,0.0,Family,Weekly,Woman
5425,63.0,"112,39572225011824",Night,Movies,Drama,1.0,Family,Weekly,Woman
5426,42.0,"145,49930423447668",Afternoon,Documentaries,Drama,1.0,Premium,Weekly,Woman
5427,61.0,"130,60421946223354",Night,Movies,Drama,1.0,Family,Weekly,Woman
5428,57.0,"162,8187169836106",Night,Movies,Science Fiction,1.0,Family,Weekly,Woman
5429,57.0,"263,17472257709005",Late Night,Movies,Horror,0.0,Family,Weekly,Man
5430,41.0,"194,5625086490076",Night,Documentaries,Science Fiction,0.0,Family,Weekly,Woman
5431,40.0,"71,29529045598494",Afternoon,Documentaries,Science Fiction,1.0,Premium,Weekly,Woman
5432,39.0,"208,0904774943122",Afternoon,Movies,Drama,0.0,Family,Weekly,Man
5433,50.0,"194,44933931785988",Afternoon,Documentaries,Science Fiction,0.0,Family,Weekly,Man
5434,61.0,nan,Night,Movies,Science Fiction,1.0,Family,Weekly,Woman
5435,51.0,"201,35136629294269",Night,Documentaries,Horror,1.0,Family,Weekly,Man
5436,40.0,"153,09205159735586",Afternoon,Anime,Horror,0.0,Family,Weekly,Man
5437,35.0,"79,81988546331344",Afternoon,Anime,Science Fiction,1.0,Premium,Weekly,Man
5438,45.0,"147,342334023725",Afternoon,Documentaries,Science Fiction,0.0,Family,Weekly,Woman
5439,40.0,"174,3918213850707",Afternoon,Documentaries,Drama,0.0,Premium,Weekly,Man
5440,57.0,"188,79734427112945",Night,Movies,Science Fiction,1.0,Family,Weekly,Woman
5441,53.0,"186,8255928956364",Night,Movies,Science Fiction,1.0,Student,Weekly,Man
5442,34.0,"214,74960200635192",Night,Documentaries,Drama,0.0,Family,Weekly,Man
5443,38.0,"92,17649689899892",Night,Documentaries,Science Fiction,1.0,Family,Weekly,Man
5444,49.0,"157,1684126426812",Night,Documentaries,Horror,1.0,Family,Weekly,Man
5445,46.0,"152,59060260289485",Night,Documentaries,Drama,1.0,Family,Weekly,Man
5446,46.0,"169,38710379450131",Morning,Documentaries,Drama,0.0,Family,Weekly,Man
5447,34.0,nan,Night,Anime,Science Fiction,1.0,Premium,Weekly,Woman
5448,40.0,"155,53894791509268",Afternoon,Movies,Science Fiction,1.0,Family,Daily,Woman
5449,50.0,"132,16746301133404",Night,Movies,Horror,1.0,Family,Daily,Man
5450,57.0,"170,52349285706154",Night,Documentaries,Horror,0.0,Family,Weekly,Man
5451,34.0,"168,91300241842708",Afternoon,Documentaries,Science Fiction,0.0,,Weekly,Man
5452,36.0,"55,63401039986975",Morning,Documentaries,Science Fiction,1.0,Premium,Weekly,Man
5453,41.0,"174,1063655381343",Afternoon,Movies,Action,0.0,Premium,Weekly,Woman
5454,26.0,"88,61664621723595",Night,Anime,Science Fiction,1.0,Family,Weekly,Woman
5455,32.0,"142,99689175082145",Night,Documentaries,Drama,0.0,Premium,Weekly,Man
5456,50.0,"135,73659857299126",Afternoon,Documentaries,Horror,1.0,,Weekly,Woman
5457,45.0,"95,66068564096716",Afternoon,Documentaries,Science Fiction,1.0,,Weekly,Woman
5458,59.0,"177,1418795772116",Afternoon,Movies,Science Fiction,1.0,Family,Weekly,Woman
5459,55.0,"163,88116031998302",Night,Documentaries,Science Fiction,1.0,Family,Weekly,Man
5460,42.0,"216,76502144241525",Afternoon,Movies,Drama,1.0,Family,Weekly,Woman
5461,54.0,"133,89615293719766",Afternoon,Documentaries,Science Fiction,1.0,Family,Weekly,Man
5462,36.0,"53,61610999463744",Night,Anime,Science Fiction,0.0,Free,Weekly,Man
5463,57.0,"141,88925628622914",Night,Movies,Science Fiction,1.0,Family,Weekly,Woman
5464,57.0,"260,6832906654461",Afternoon,Movies,Science Fiction,0.0,Family,Weekly,Man
5465,53.0,"186,64907055111115",Night,Documentaries,Science Fiction,1.0,Family,Weekly,Woman
5466,41.0,"185,5322382625882",Night,Documentaries,Drama,0.0,Premium,Weekly,Man
5467,42.0,"200,5468559143996",Night,Documentaries,Drama,0.0,Family,Weekly,Woman
5468,55.0,"145,10662572097263",Afternoon,Movies,Science Fiction,1.0,,Daily,Woman
5469,49.0,"116,7137967825652",Afternoon,Documentaries,Horror,1.0,Family,Weekly,Man
5470,63.0,"146,56583594525455",Afternoon,Movies,Science Fiction,1.0,,Weekly,Man
5471,49.0,"204,5583354504868",Night,Documentaries,Science Fiction,0.0,Family,Weekly,Man
5472,28.0,"71,57896921633841",Afternoon,Anime,Science Fiction,0.0,Premium,Occasional,Woman
5473,32.0,"149,72974131807993",Night,Documentaries,Drama,0.0,Premium,Weekly,Man
5474,71.0,"91,56258647882912",Afternoon,Movies,Drama,1.0,Family,Weekly,Woman
5475,40.0,"184,36481771009667",Afternoon,Documentaries,Drama,0.0,Premium,Weekly,Woman
5476,42.0,"69,9081990897706",Afternoon,Documentaries,Science Fiction,1.0,Premium,Weekly,Woman
5477,56.0,"135,870555246781",Afternoon,Movies,Science Fiction,1.0,Family,Daily,Woman
5478,23.0,"210,13353561566743",Afternoon,Documentaries,Drama,0.0,Premium,Weekly,Woman
5479,42.0,"154,81943234515077",Afternoon,Documentaries,Drama,0.0,Premium,Weekly,Man
5480,39.0,"80,55345919682465",Afternoon,Anime,Science Fiction,1.0,,Weekly,Man
5481,56.0,"220,32820899490997",Night,Movies,Science Fiction,1.0,Family,Weekly,Man
5482,33.0,"238,8361289355969",Late Night,Documentaries,Science Fiction,0.0,Family,Weekly,Woman
5483,45.0,"75,12866658636669",Night,Anime,Science Fiction,1.0,Premium,Weekly,Woman
5484,62.0,"125,87951348253462",Afternoon,Movies,Drama,1.0,Family,Weekly,Man
5485,43.0,"137,26505994749272",Afternoon,Anime,Science Fiction,0.0,Premium,Weekly,Woman
5486,60.0,"231,80603687023665",Afternoon,Movies,Science Fiction,1.0,Family,Weekly,Woman
5487,47.0,"150,25173969318502",Night,Anime,Horror,0.0,Premium,Weekly,Man
5488,65.0,"148,06385559679342",Night,Movies,Science Fiction,1.0,Family,Weekly,Woman
5489,36.0,"188,2404130455875",Night,Documentaries,Science Fiction,0.0,Premium,Weekly,Man
5490,40.0,"184,0609998720628",Night,Movies,Drama,1.0,Family,Weekly,Man
5491,21.0,"183,2050951109374",Night,Anime,Science Fiction,0.0,Premium,Weekly,Woman
5492,30.0,"188,6186524010768",Afternoon,Documentaries,Science Fiction,0.0,Family,Weekly,Man
5493,42.0,"102,41135118819844",Afternoon,Anime,Science Fiction,1.0,Family,Weekly,Man
5494,68.0,"119,36377108125832",Night,Movies,Science Fiction,1.0,Family,Weekly,Man
5495,27.0,"182,9025077771994",Afternoon,Anime,Science Fiction,0.0,Premium,Occasional,Man
5496,48.0,"151,4480437692375",Afternoon,Documentaries,Science Fiction,1.0,Family,Weekly,Man
5497,45.0,"109,89867826190547",Night,Documentaries,Drama,1.0,Premium,Weekly,Man
5498,60.0,"157,17411335735306",Night,Movies,Science Fiction,1.0,Family,Daily,Woman
5499,44.0,"175,38393309755097",Afternoon,Documentaries,Drama,0.0,Family,Weekly,Woman
5500,20.0,"76,5751395071545",Night,Anime,Science Fiction,0.0,Premium,Weekly,Woman
5501,39.0,"146,12411927522592",Afternoon,Anime,Horror,0.0,Family,Weekly,Woman
5502,28.0,"154,76098406459317",Afternoon,Anime,Science Fiction,0.0,Premium,Weekly,Man
5503,39.0,"162,48706768590233",Night,Documentaries,Horror,0.0,Family,Weekly,Woman
5504,27.0,"194,73786454813825",Night,Documentaries,Science Fiction,0.0,Family,Weekly,Woman
5505,42.0,"195,08532087217307",Afternoon,Movies,Science Fiction,1.0,Family,Weekly,Woman
5506,46.0,"159,38970852643422",Night,Anime,Horror,0.0,Family,Weekly,Woman
5507,55.0,"157,11832149509902",Afternoon,Movies,Science Fiction,1.0,Family,Weekly,Woman
5508,32.0,"192,03088140670292",Night,Documentaries,Science Fiction,0.0,Family,Weekly,Man
5509,39.0,"178,9692017369088",Afternoon,Documentaries,Science Fiction,0.0,Family,Weekly,Man
5510,43.0,"171,2774299861453",Night,Documentaries,Science Fiction,0.0,Family,Weekly,Man
5511,37.0,"199,50430685495303",Night,Documentaries,Drama,0.0,,Weekly,Man
5512,34.0,"169,66237621646468",Afternoon,Anime,Drama,0.0,,Occasional,Man
5513,59.0,nan,Night,Movies,Science Fiction,1.0,Family,Weekly,Woman
5514,34.0,"200,72320149479503",Afternoon,Documentaries,Science Fiction,0.0,Family,Weekly,Woman
5515,43.0,"157,0851474609599",Afternoon,Documentaries,Science Fiction,1.0,Family,Weekly,Man
5516,46.0,"164,51129997851453",Night,Documentaries,Drama,0.0,Family,Weekly,Woman
5517,39.0,"182,0768588064645",Night,Documentaries,Drama,0.0,Premium,Weekly,Woman
5518,42.0,"109,07555389288044",Afternoon,Documentaries,Science Fiction,1.0,Family,Weekly,Woman
5519,43.0,"191,73258881033576",Afternoon,Documentaries,Science Fiction,0.0,Family,Weekly,Woman
5520,43.0,"151,0088051159514",Night,Documentaries,Science Fiction,1.0,Family,Weekly,Woman
5521,37.0,"195,20711180642348",Afternoon,Documentaries,Drama,0.0,Premium,Weekly,Woman
5522,41.0,"159,84914138581004",Night,Documentaries,Horror,0.0,Family,Weekly,Man
5523,39.0,"89,03544912023047",Afternoon,Anime,Horror,1.0,Premium,Weekly,Man
5524,48.0,"112,75623849838992",Late Night,Documentaries,Science Fiction,1.0,Family,Weekly,Man
5525,40.0,"107,91670455017156",Night,Anime,Science Fiction,0.0,Premium,Weekly,Woman
5526,32.0,"191,2332357798801",Afternoon,Anime,Drama,0.0,Premium,Occasional,Man
5527,41.0,"90,84151090933142",Night,Documentaries,Science Fiction,1.0,Family,Weekly,Woman
5528,37.0,"80,6103563442973",Night,Anime,Science Fiction,1.0,Family,Weekly,Man
5529,59.0,"185,56467315179145",Afternoon,Movies,Science Fiction,1.0,Family,Weekly,Man
5530,35.0,"144,9486818781256",Night,Documentaries,Drama,0.0,Premium,Weekly,Man
5531,38.0,"238,04695521467676",Afternoon,Documentaries,Science Fiction,0.0,Family,Weekly,Man
5532,52.0,"169,5031129021867",Afternoon,Documentaries,Science Fiction,1.0,Family,Weekly,Man
5533,29.0,nan,Afternoon,Anime,Science Fiction,0.0,Family,Weekly,Woman
5534,54.0,"185,8391935315124",Afternoon,Movies,Science Fiction,1.0,Family,Weekly,Man
5535,32.0,"59,43983305054012",Afternoon,Anime,Science Fiction,1.0,Premium,Weekly,Man
5536,35.0,"100,81698918934282",Night,Anime,Science Fiction,0.0,Premium,Weekly,Woman
5537,38.0,"179,0392040673481",Afternoon,Documentaries,Drama,0.0,Premium,Weekly,Man
5538,56.0,"181,0260910564962",Afternoon,Documentaries,Science Fiction,1.0,Family,Weekly,Man
5539,39.0,"198,7389425769812",Afternoon,Documentaries,Science Fiction,0.0,Premium,Weekly,Woman
5540,50.0,"164,58464593588056",Afternoon,Documentaries,Horror,1.0,Family,Weekly,Man
5541,51.0,"167,235543458065",Afternoon,Documentaries,Science Fiction,0.0,Family,Occasional,Man
5542,63.0,"105,25183795472216",Late Night,Movies,Science Fiction,1.0,Family,Weekly,Man
5543,33.0,"124,01699432526802",Afternoon,Anime,Science Fiction,0.0,Family,Weekly,Man
5544,39.0,"142,4619449976751",Night,Documentaries,Action,0.0,,Weekly,Man
5545,31.0,"103,0366311264722",Night,Anime,Science Fiction,0.0,Premium,Weekly,Man
5546,51.0,"212,50781202430016",Night,Documentaries,Horror,0.0,Family,Weekly,Man
5547,39.0,"184,3848352424862",Afternoon,Documentaries,Drama,0.0,Premium,Weekly,Woman
5548,46.0,"134,33256315721135",Night,Documentaries,Science Fiction,1.0,Family,Weekly,Woman
5549,51.0,"157,28913158461395",Night,Movies,Horror,1.0,Family,Daily,Man
5550,62.0,"163,4518156164315",Night,Documentaries,Horror,0.0,Family,Weekly,Woman
5551,38.0,"132,37409460171762",Night,Documentaries,Drama,0.0,Premium,Weekly,Woman
5552,31.0,"175,51930699300405",Afternoon,Documentaries,Science Fiction,0.0,Family,Weekly,Man
5553,43.0,"172,4497616086882",Night,Documentaries,Drama,0.0,Family,Weekly,Man
5554,35.0,"186,0340963841596",Afternoon,Documentaries,Science Fiction,1.0,Family,Weekly,Woman
5555,42.0,"193,99405539501777",Afternoon,Documentaries,Drama,0.0,Premium,Weekly,Woman
5556,42.0,"174,73933954632776",Night,Documentaries,Drama,0.0,Premium,Weekly,Woman
5557,31.0,"95,00045882790096",Afternoon,Anime,Science Fiction,0.0,Premium,Weekly,Man
5558,56.0,"171,05548951885467",Afternoon,Documentaries,Science Fiction,1.0,Family,Weekly,Man
5559,59.0,nan,Night,Movies,Science Fiction,1.0,Family,Weekly,Man
5560,36.0,"171,86447316976304",Afternoon,Anime,Science Fiction,0.0,Family,Weekly,Woman
5561,35.0,"189,95444972808687",Late Night,Movies,Drama,1.0,Family,Weekly,Man
5562,33.0,"175,88434378881604",Night,Documentaries,Drama,0.0,Premium,Weekly,Man
5563,40.0,"155,00442695222148",Afternoon,Documentaries,Drama,0.0,Premium,Weekly,Man
5564,46.0,"140,52502953320808",Night,Documentaries,Science Fiction,1.0,Family,Weekly,Man
5565,61.0,"159,3125478098539",Night,Movies,Science Fiction,1.0,,Weekly,Woman
5566,27.0,"33,76363167400457",Afternoon,Anime,Science Fiction,1.0,Premium,Weekly,Woman
5567,42.0,"202,24078459198432",Night,Documentaries,Science Fiction,0.0,Family,Occasional,Man
5568,44.0,"173,23022661480783",Night,Documentaries,Drama,0.0,,Weekly,Woman
5569,51.0,"130,65012893728124",Afternoon,Documentaries,Science Fiction,1.0,Family,Weekly,Woman
5570,35.0,nan,Afternoon,Documentaries,Drama,0.0,Premium,Weekly,Man
5571,53.0,"177,65197852740965",Night,Movies,Science Fiction,1.0,Family,Weekly,Woman
5572,41.0,"196,94924078886436",Afternoon,Documentaries,Science Fiction,0.0,Family,Weekly,Woman
5573,36.0,"142,59817374859531",Night,Documentaries,Drama,0.0,Premium,Weekly,Man
5574,49.0,"176,951896729003",Night,Documentaries,Science Fiction,1.0,Family,Weekly,Man
5575,50.0,"116,47806034449302",Afternoon,Documentaries,Science Fiction,1.0,Family,Weekly,Woman
5576,47.0,"178,8110359364657",Night,Documentaries,Science Fiction,0.0,Family,Weekly,Man
5577,46.0,"209,97511429872924",Afternoon,Documentaries,Science Fiction,0.0,Family,Weekly,Man
5578,46.0,"129,17083544311558",Afternoon,Documentaries,Horror,1.0,Family,Weekly,Woman
5579,36.0,"102,274007091962",Night,Anime,Science Fiction,1.0,Family,Weekly,Woman
5580,60.0,"125,68589620387476",Afternoon,Movies,Science Fiction,1.0,,Weekly,Man
5581,52.0,"201,4986692136179",Afternoon,Movies,Science Fiction,1.0,,Weekly,Woman
5582,64.0,"142,94067410935688",Afternoon,Movies,Science Fiction,1.0,Family,Daily,Woman
5583,42.0,"142,27921281881925",Night,Documentaries,Drama,0.0,Premium,Weekly,Woman
5584,38.0,"176,21870897380296",Afternoon,Documentaries,Science Fiction,0.0,Family,Weekly,Man
5585,51.0,"107,40482262938409",Afternoon,Documentaries,Science Fiction,1.0,Family,Weekly,Man
5586,59.0,"75,12107717953924",Night,Movies,Science Fiction,1.0,Family,Daily,Man
5587,34.0,"185,16445744148496",Afternoon,Anime,Horror,0.0,Premium,Occasional,Man
5588,46.0,"151,51018749523078",Afternoon,Documentaries,Horror,1.0,Family,Weekly,Man
5589,59.0,"137,0508160181337",Afternoon,Movies,Science Fiction,1.0,Family,Weekly,Woman
5590,38.0,"114,53828757271128",Afternoon,Documentaries,Science Fiction,1.0,Family,Weekly,Woman
5591,39.0,"151,18935808049642",Afternoon,Anime,Horror,0.0,Family,Weekly,Man
5592,36.0,"122,00659856904704",Night,Documentaries,Action,0.0,Premium,Weekly,Man
5593,56.0,"130,45922875820597",Afternoon,Documentaries,Horror,1.0,Family,Weekly,Woman
5594,40.0,"88,86562765936165",Afternoon,Anime,Science Fiction,1.0,Premium,Weekly,Woman
5595,53.0,"112,76957791165266",Night,Documentaries,Science Fiction,1.0,Family,Weekly,Woman
5596,36.0,"103,49575559996109",Late Night,Anime,Science Fiction,0.0,Premium,Weekly,Man
5597,42.0,"156,4952048505096",Night,Documentaries,Drama,0.0,Premium,Weekly,Woman
5598,52.0,"217,4945755083395",Night,Movies,Science Fiction,1.0,Student,Weekly,Man
5599,38.0,"164,30815676174143",Afternoon,Documentaries,Drama,0.0,Premium,Weekly,Man
5600,49.0,"147,23153512915442",Afternoon,Documentaries,Horror,1.0,Family,Weekly,Woman
5601,28.0,"181,9845598174446",Afternoon,Anime,Horror,0.0,Family,Weekly,Woman
5602,39.0,"157,27640393202338",Night,Documentaries,Drama,0.0,Premium,Weekly,Man
5603,34.0,"169,33922233991416",Afternoon,Documentaries,Science Fiction,0.0,,Weekly,Man
5604,43.0,"201,2427188429998",Afternoon,Documentaries,Science Fiction,0.0,Family,Weekly,Man
5605,50.0,"188,97658772489925",Afternoon,Documentaries,Science Fiction,0.0,Family,Occasional,Man
5606,39.0,"71,80910671656864",Late Night,Anime,Science Fiction,1.0,Premium,Weekly,Man
5607,57.0,"197,6997332227152",Afternoon,Movies,Science Fiction,1.0,Family,Weekly,Man
5608,43.0,"199,2814489147804",Afternoon,Movies,Drama,0.0,Family,Weekly,Woman
5609,36.0,"150,47903515373383",Afternoon,Documentaries,Horror,1.0,Family,Weekly,Man
5610,59.0,"179,3657340634553",Night,Movies,Horror,1.0,Family,Daily,Woman
5611,44.0,"158,21281863433185",Afternoon,Documentaries,Science Fiction,1.0,Family,Weekly,Woman
5612,29.0,"40,159877861755646",Night,Anime,Science Fiction,1.0,Premium,Weekly,Man
5613,33.0,"180,458611513392",Night,Documentaries,Science Fiction,0.0,Family,Weekly,Man
5614,59.0,"176,61727604987152",Afternoon,Movies,Science Fiction,1.0,Family,Weekly,Man
5615,38.0,"156,52782269784433",Night,Documentaries,Drama,0.0,Premium,Weekly,Woman
5616,30.0,"74,95461645598556",Afternoon,Anime,Science Fiction,1.0,Premium,Weekly,Woman
5617,48.0,"172,26057804578014",Afternoon,Documentaries,Science Fiction,1.0,Family,Weekly,Man
5618,50.0,"180,51058536377792",Afternoon,Movies,Horror,1.0,Family,Daily,Woman
5619,46.0,"127,5199490308676",Afternoon,Documentaries,Science Fiction,1.0,Family,Weekly,Woman
5620,53.0,"143,18451829122216",Afternoon,Documentaries,Horror,1.0,,Weekly,Man
5621,41.0,"202,16124652048785",Night,Documentaries,Science Fiction,0.0,Family,Weekly,Man
5622,48.0,"186,43047286295476",Night,Documentaries,Science Fiction,0.0,Family,Weekly,Woman
5623,31.0,"216,1927858955378",Afternoon,Documentaries,Science Fiction,0.0,Family,Weekly,Man
5624,28.0,"89,36034679800004",Night,Anime,Science Fiction,1.0,Premium,Weekly,Woman
5625,38.0,"199,82920960760777",Afternoon,Documentaries,Science Fiction,0.0,Family,Weekly,Man
5626,47.0,"102,92435920625812",Night,Anime,Science Fiction,0.0,Premium,Weekly,Woman
5627,39.0,"160,64715784291784",Afternoon,Documentaries,Science Fiction,1.0,Family,Weekly,Woman
5628,41.0,"135,0004795399606",Night,Documentaries,Drama,0.0,Premium,Weekly,Man
5629,42.0,"177,627208791819",Night,Documentaries,Horror,1.0,,Weekly,Woman
5630,48.0,"109,61072815923",Afternoon,Anime,Science Fiction,1.0,Premium,Weekly,Man
5631,43.0,"173,2754375063957",Afternoon,Documentaries,Drama,0.0,Family,Weekly,Man
5632,34.0,"182,52462042180963",Afternoon,Documentaries,Drama,0.0,Premium,Occasional,Woman
5633,60.0,nan,Afternoon,Movies,Science Fiction,1.0,Family,Weekly,Woman
5634,37.0,"86,45268636876352",Afternoon,Anime,Science Fiction,1.0,Premium,Weekly,Woman
5635,45.0,"151,85247515184153",Afternoon,Movies,Drama,1.0,Premium,Weekly,Man
5636,40.0,"88,87551676058177",Afternoon,Documentaries,Action,1.0,Premium,Weekly,Woman
5637,39.0,"147,69543043333243",Night,Anime,Drama,0.0,Premium,Weekly,Man
5638,38.0,"34,426515652830794",Afternoon,Anime,Science Fiction,1.0,Premium,Weekly,Man
5639,40.0,"153,38375100055188",Night,Documentaries,Drama,0.0,Premium,Weekly,Woman
5640,41.0,"87,79631942284503",Morning,Anime,Science Fiction,0.0,Premium,Weekly,Woman
5641,42.0,"71,53757568726212",Night,Anime,Science Fiction,1.0,Premium,Weekly,Woman
5642,42.0,"145,51329724849484",Afternoon,Documentaries,Science Fiction,1.0,Family,Weekly,Man
5643,42.0,"165,68429764459032",Afternoon,Documentaries,Drama,0.0,Premium,Weekly,Woman
5644,34.0,"207,08534500256303",Afternoon,Documentaries,Science Fiction,0.0,Family,Weekly,Man
5645,38.0,nan,Afternoon,Documentaries,Drama,0.0,Premium,Weekly,Man
5646,49.0,"180,9155973364838",Night,Documentaries,Science Fiction,1.0,Family,Weekly,Woman
5647,38.0,"203,95070579991636",Night,Movies,Science Fiction,1.0,Student,Weekly,Man
5648,41.0,"203,9695680699793",Night,Documentaries,Science Fiction,0.0,Family,Weekly,Man
5649,40.0,"66,57880008398857",Afternoon,Anime,Science Fiction,1.0,Premium,Weekly,Man
5650,53.0,"165,6241745005723",Afternoon,Documentaries,Horror,1.0,Family,Weekly,Man
5651,57.0,"205,5826558320176",Afternoon,Movies,Science Fiction,1.0,Family,Weekly,Man
5652,55.0,"184,35834188281237",Night,Movies,Science Fiction,1.0,Family,Weekly,Man
5653,63.0,"188,2843435007356",Night,Movies,Science Fiction,1.0,Family,Weekly,Woman
5654,39.0,"101,33922577112864",Night,Anime,Science Fiction,0.0,,Weekly,Woman
5655,44.0,"147,00775119338513",Afternoon,Documentaries,Drama,1.0,Premium,Weekly,Woman
5656,59.0,"232,7640262661128",Afternoon,Movies,Science Fiction,1.0,Family,Weekly,Woman
5657,49.0,"86,04998455020166",Night,Documentaries,Science Fiction,1.0,Premium,Daily,Woman
5658,35.0,"75,28012378336865",Night,Anime,Science Fiction,1.0,Family,Weekly,Man
5659,51.0,"77,01153764853825",Night,Anime,Science Fiction,1.0,Premium,Weekly,Woman
5660,60.0,"177,61311680637607",Afternoon,Movies,Science Fiction,1.0,Family,Weekly,Woman
5661,48.0,"186,65086634969424",Night,Documentaries,Science Fiction,0.0,Family,Weekly,Woman
5662,52.0,"108,35448426029969",Afternoon,Anime,Science Fiction,1.0,Premium,Weekly,Woman
5663,34.0,nan,Night,Documentaries,Drama,0.0,Premium,Weekly,Man
5664,61.0,"124,45937751538668",Afternoon,Movies,Science Fiction,1.0,Family,Weekly,Woman
5665,52.0,"185,0606771132352",Afternoon,Movies,Science Fiction,1.0,Student,Weekly,Woman
5666,45.0,"167,80915217081798",Afternoon,Documentaries,Drama,0.0,Family,Weekly,Woman
5667,49.0,nan,Afternoon,Documentaries,Horror,1.0,Family,Weekly,Man
5668,54.0,"100,39482838661174",Afternoon,Anime,Horror,1.0,Family,Weekly,Man
5669,59.0,"101,96075585812208",Afternoon,Documentaries,Science Fiction,1.0,Family,Weekly,Woman
5670,43.0,"169,02414354470324",Afternoon,Documentaries,Science Fiction,1.0,Family,Weekly,Man
5671,47.0,nan,Night,Documentaries,Drama,0.0,Family,Weekly,Man
5672,56.0,"178,75230172101104",Night,Movies,Science Fiction,1.0,Family,Weekly,Man
5673,35.0,"197,6631876298237",Afternoon,Documentaries,Drama,0.0,Premium,Weekly,Man
5674,43.0,nan,Night,Documentaries,Science Fiction,1.0,Family,Weekly,Woman
5675,40.0,"86,36225344455224",Night,Documentaries,Science Fiction,1.0,Premium,Weekly,Man
5676,35.0,nan,Afternoon,Anime,Science Fiction,0.0,Premium,Weekly,Woman
5677,59.0,"116,8427811924846",Night,Movies,Horror,1.0,Family,Daily,Woman
5678,56.0,"125,69319251012384",Night,Documentaries,Horror,1.0,Premium,Weekly,Man
5679,44.0,"188,6810699043235",Night,Documentaries,Drama,0.0,Family,Weekly,Woman
5680,58.0,"120,18971040473114",Afternoon,Movies,Science Fiction,1.0,Family,Weekly,Woman
5681,46.0,"141,2410940899585",Afternoon,Documentaries,Science Fiction,0.0,Premium,Weekly,Man
5682,37.0,"148,8029298565156",Afternoon,Documentaries,Drama,0.0,Premium,Weekly,Woman
5683,37.0,"157,0031324126056",Night,Documentaries,Drama,0.0,Premium,Weekly,Woman
5684,35.0,"70,47168318698894",Night,Anime,Science Fiction,1.0,Premium,Weekly,Man
5685,60.0,"210,001527157212",Afternoon,Movies,Science Fiction,1.0,Family,Weekly,Man
5686,58.0,"179,17471838139204",Night,Movies,Science Fiction,1.0,Family,Weekly,Woman
5687,49.0,"199,46821919239608",Night,Documentaries,Drama,0.0,Family,Weekly,Man
5688,26.0,nan,Night,Documentaries,Horror,1.0,Family,Weekly,Woman
5689,40.0,"112,15412332874756",Night,Anime,Science Fiction,0.0,Premium,Weekly,Man
5690,34.0,"53,16592705425091",Night,Anime,Science Fiction,1.0,Premium,Weekly,Man
5691,32.0,"188,57562579142532",Night,Movies,Science Fiction,1.0,Family,Weekly,Man
5692,44.0,"141,85449777382885",Afternoon,Documentaries,Science Fiction,0.0,Premium,Weekly,Man
5693,41.0,"205,36574100546733",Afternoon,Documentaries,Science Fiction,0.0,Premium,Weekly,Woman
5694,44.0,"161,18322667327598",Afternoon,Documentaries,Science Fiction,1.0,Family,Weekly,Woman
5695,50.0,"205,16171646765565",Afternoon,Documentaries,Horror,0.0,Family,Weekly,Man
5696,57.0,"195,45791603775675",Afternoon,Movies,Science Fiction,1.0,Family,Weekly,Woman
5697,59.0,"120,2366798065797",Night,Movies,Science Fiction,1.0,Family,Weekly,Man
5698,44.0,"180,83722670556205",Afternoon,Documentaries,Drama,0.0,Family,Weekly,Woman
5699,50.0,"167,51797167622007",Afternoon,Documentaries,Horror,1.0,Family,Weekly,Woman
5700,30.0,"194,96844595874924",Night,Documentaries,Drama,0.0,Premium,Weekly,Man
5701,34.0,"176,41844515962555",Night,Documentaries,Science Fiction,1.0,Family,Weekly,Man
5702,43.0,"222,3202805357919",Afternoon,Documentaries,Science Fiction,0.0,Family,Weekly,Man
5703,38.0,"111,21314958981829",Night,Anime,Horror,0.0,Family,Occasional,Man
5704,30.0,"155,13482390207488",Afternoon,Anime,Science Fiction,0.0,Premium,Weekly,Woman
5705,38.0,"165,63349306695338",Night,Documentaries,Science Fiction,0.0,Family,Weekly,Woman
5706,54.0,"165,42501767737755",Afternoon,Movies,Science Fiction,1.0,,Weekly,Man
5707,35.0,"146,232342422408",Night,Anime,Science Fiction,0.0,Family,Weekly,Woman
5708,49.0,"170,56696779715529",Afternoon,Anime,Horror,0.0,Premium,Weekly,Woman
5709,53.0,"181,9382565601326",Afternoon,Movies,Science Fiction,1.0,Family,Weekly,Man
5710,62.0,"149,48621587347827",Afternoon,Movies,Science Fiction,1.0,Family,Weekly,Man
5711,61.0,"191,5900740508805",Afternoon,Movies,Science Fiction,1.0,Family,Weekly,Woman
5712,41.0,"160,12663799090262",Night,Documentaries,Drama,0.0,Premium,Weekly,Man
5713,55.0,"220,73181076883415",Night,Movies,Science Fiction,0.0,Family,Weekly,Woman
5714,50.0,"205,4981431433015",Afternoon,Movies,Horror,0.0,Family,Weekly,Woman
5715,32.0,"164,66888433203732",Night,Documentaries,Science Fiction,0.0,Family,Weekly,Woman
5716,30.0,"186,76764908918292",Afternoon,Documentaries,Science Fiction,0.0,Family,Weekly,Woman
5717,34.0,"203,08530275772225",Afternoon,Documentaries,Drama,0.0,Premium,Weekly,Woman
5718,39.0,"132,924493985004",Night,Anime,Science Fiction,0.0,Premium,Weekly,Man
5719,31.0,"230,43394106912507",Afternoon,Movies,Drama,0.0,,Weekly,Man
5720,52.0,"66,29071899663472",Afternoon,Anime,Comedy,1.0,Family,Weekly,Woman
5721,45.0,"206,50453979858463",Night,Documentaries,Science Fiction,0.0,,Occasional,Woman
5722,35.0,"141,7073109941809",Afternoon,Anime,Horror,0.0,Premium,Weekly,Woman
5723,37.0,nan,Night,Documentaries,Drama,1.0,Family,Weekly,Woman
5724,34.0,"144,5091477718556",Afternoon,Documentaries,Science Fiction,1.0,Family,Weekly,Woman
5725,55.0,"133,70117902485714",Night,Movies,Science Fiction,1.0,Family,Daily,Woman
5726,56.0,"93,07995068174944",Afternoon,Documentaries,Horror,1.0,Family,Weekly,Woman
5727,44.0,"160,22956618220388",Afternoon,Documentaries,Drama,1.0,Family,Weekly,Man
5728,38.0,"134,89597420120674",Afternoon,Documentaries,Science Fiction,1.0,Family,Weekly,Woman
5729,51.0,"181,01999607831803",Afternoon,Movies,Science Fiction,1.0,Family,Daily,Man
5730,29.0,"161,27645785452054",Afternoon,Documentaries,Drama,0.0,Premium,Weekly,Man
5731,59.0,"155,74867055268703",Night,Movies,Science Fiction,1.0,Family,Daily,Man
5732,51.0,"77,06431608334672",Night,Documentaries,Science Fiction,1.0,Premium,Weekly,Man
5733,48.0,"161,1412364356872",Night,Movies,Science Fiction,1.0,Family,Weekly,Woman
5734,60.0,"163,08765921951144",Night,Movies,Science Fiction,1.0,Family,Daily,Man
5735,31.0,"216,6716936827916",Night,Movies,Drama,0.0,Family,Weekly,Woman
5736,45.0,"170,584185091719",Night,Anime,Horror,0.0,Family,Occasional,Man
5737,59.0,"231,13165961749277",Late Night,Movies,Science Fiction,1.0,Family,Weekly,Woman
5738,37.0,"185,67374475870048",Afternoon,Documentaries,Drama,0.0,Premium,Weekly,Man
5739,35.0,"174,5449590452219",Afternoon,Documentaries,Drama,0.0,Premium,Weekly,Man
5740,42.0,"100,98103703264466",Night,Anime,Science Fiction,1.0,Premium,Weekly,Woman
5741,49.0,"179,99549153580978",Afternoon,Movies,Science Fiction,1.0,Family,Weekly,Woman
5742,57.0,"228,6239509735277",Afternoon,Movies,Science Fiction,0.0,Family,Weekly,Man
5743,35.0,"100,28477026038898",Night,Anime,Science Fiction,0.0,Premium,Weekly,Man
5744,34.0,"208,58865575041835",Night,Anime,Science Fiction,0.0,Family,Weekly,Man
5745,40.0,"145,62166081597485",Night,Anime,Science Fiction,0.0,Premium,Weekly,Woman
5746,54.0,"75,18120135280621",Night,Documentaries,Science Fiction,1.0,Family,Daily,Woman
5747,34.0,"85,68955464042777",Night,Anime,Science Fiction,0.0,Premium,Weekly,Woman
5748,53.0,"99,82149994291436",Night,Documentaries,Science Fiction,1.0,Family,Weekly,Man
5749,30.0,"77,86988052502201",Morning,Anime,Science Fiction,1.0,Premium,Weekly,Man
5750,35.0,"42,67716635131051",Night,Documentaries,Science Fiction,1.0,Family,Weekly,Woman
5751,58.0,"247,6478667957628",Night,Movies,Science Fiction,0.0,Family,Weekly,Man
5752,60.0,"245,2465787213472",Afternoon,Movies,Science Fiction,1.0,Family,Weekly,Man
5753,54.0,nan,Afternoon,Documentaries,Science Fiction,1.0,Family,Weekly,Man
5754,51.0,"139,14346414876874",Afternoon,Anime,Horror,0.0,,Weekly,Man
5755,55.0,"155,6311885708995",Afternoon,Movies,Horror,1.0,Family,Weekly,Woman
5756,35.0,"162,1575903299308",Night,Documentaries,Drama,0.0,,Weekly,Man
5757,46.0,"162,62526023458284",Afternoon,Documentaries,Science Fiction,0.0,Premium,Weekly,Man
5758,58.0,"199,05688769885356",Night,Movies,Science Fiction,1.0,Family,Weekly,Woman
5759,41.0,"149,5176138566024",Night,Documentaries,Science Fiction,0.0,Premium,Weekly,Man
5760,34.0,"126,06763282317122",Night,Documentaries,Drama,0.0,Premium,Weekly,Woman
5761,40.0,"122,91273431400934",Afternoon,Documentaries,Drama,1.0,Premium,Weekly,Woman
5762,47.0,"120,64847864748435",Afternoon,Anime,Science Fiction,1.0,Family,Weekly,Man
5763,42.0,"159,1595534311429",Afternoon,Documentaries,Science Fiction,0.0,Premium,Weekly,Woman
5764,57.0,nan,Night,Movies,Science Fiction,1.0,Family,Weekly,Woman
5765,38.0,"206,42598192907428",Night,Movies,Science Fiction,1.0,,Daily,Woman
5766,38.0,"198,425966388738",Afternoon,Documentaries,Science Fiction,0.0,Family,Weekly,Woman
5767,44.0,"195,37796695340708",Late Night,Documentaries,Drama,0.0,Family,Weekly,Man
5768,35.0,"142,81823441824363",Afternoon,Anime,Science Fiction,0.0,Premium,Weekly,Woman
5769,30.0,nan,Morning,Anime,Science Fiction,1.0,Family,Weekly,Woman
5770,48.0,"132,14927025847174",Afternoon,Anime,Science Fiction,0.0,Premium,Weekly,Man
5771,32.0,"103,6930935419845",Night,Anime,Science Fiction,0.0,Premium,Weekly,Man
5772,34.0,"177,40293457032152",Afternoon,Anime,Horror,0.0,Family,Weekly,Man
5773,54.0,nan,Afternoon,Documentaries,Science Fiction,1.0,Family,Weekly,Man
5774,36.0,"140,4359387530835",Afternoon,Documentaries,Science Fiction,1.0,Family,Weekly,Woman
5775,50.0,"173,43073143461285",Afternoon,Documentaries,Science Fiction,1.0,Family,Weekly,Man
5776,50.0,"154,71169100526924",Afternoon,Documentaries,Horror,1.0,Family,Weekly,Woman
5777,36.0,"70,85022292121016",Afternoon,Anime,Science Fiction,1.0,Premium,Weekly,Man
5778,37.0,"157,26534109993435",Afternoon,Documentaries,Drama,0.0,Premium,Weekly,Man
5779,34.0,"183,7048669994484",Afternoon,Documentaries,Science Fiction,0.0,Family,Weekly,Man
5780,50.0,"202,0954816122739",Night,Movies,Horror,1.0,,Weekly,Woman
5781,41.0,"208,33812097411757",Night,Documentaries,Science Fiction,0.0,Premium,Weekly,Woman
5782,55.0,"216,69817123494028",Night,Movies,Horror,1.0,,Weekly,Woman
5783,42.0,"130,9589916071846",Afternoon,Anime,Science Fiction,0.0,Family,Weekly,Woman
5784,41.0,"99,91950346241092",Afternoon,Anime,Science Fiction,0.0,Premium,Weekly,Woman
5785,33.0,"120,52500793992525",Afternoon,Anime,Science Fiction,0.0,Premium,Weekly,Woman
5786,52.0,"84,02232927173402",Night,Anime,Science Fiction,1.0,,Weekly,Woman
5787,48.0,"157,47696083971462",Afternoon,Documentaries,Horror,1.0,Family,Weekly,Man
5788,49.0,"173,34494060816013",Night,Documentaries,Science Fiction,1.0,Family,Weekly,Woman
5789,45.0,"153,72120867343304",Night,Documentaries,Science Fiction,0.0,Premium,Weekly,Woman
5790,33.0,"161,30030916346502",Afternoon,Anime,Drama,0.0,Premium,Weekly,Man
5791,44.0,"191,05011338522127",Night,Documentaries,Science Fiction,0.0,Family,Weekly,Man
5792,27.0,"137,31689072139815",Afternoon,Anime,Horror,0.0,Premium,Weekly,Man
5793,44.0,nan,Afternoon,Anime,Science Fiction,0.0,Premium,Weekly,Woman
5794,56.0,"148,78941621352595",Afternoon,Movies,Science Fiction,1.0,Family,Weekly,Woman
5795,42.0,"173,99114982364742",Afternoon,Documentaries,Drama,0.0,Family,Weekly,Man
5796,52.0,"153,9440960329854",Afternoon,Documentaries,Science Fiction,1.0,Family,Weekly,Man
5797,58.0,"173,53088828422398",Night,Movies,Science Fiction,1.0,Family,Daily,Man
5798,64.0,"203,24289858636925",Afternoon,Movies,Science Fiction,1.0,Family,Weekly,Man
5799,39.0,"187,66430103329577",Night,Anime,Drama,0.0,Premium,Occasional,Man
5800,45.0,"168,7953305213407",Afternoon,Anime,Horror,0.0,Family,Weekly,Man
5801,37.0,"161,4666618835071",Afternoon,Documentaries,Science Fiction,0.0,Family,Weekly,Man
5802,57.0,"150,58357963671622",Afternoon,Documentaries,Science Fiction,1.0,Family,Weekly,Woman
5803,60.0,"196,3879358926281",Night,Movies,Science Fiction,1.0,Family,Daily,Man
5804,39.0,"104,70629968518972",Afternoon,Anime,Science Fiction,0.0,Premium,Weekly,Woman
5805,37.0,"142,66364126275556",Afternoon,Documentaries,Drama,0.0,Premium,Weekly,Woman
5806,37.0,"160,80459983221513",Afternoon,Documentaries,Drama,0.0,Premium,Weekly,Woman
5807,36.0,"1,0",Afternoon,Anime,Drama,1.0,Premium,Weekly,Woman
5808,48.0,"165,64887495245725",Afternoon,Movies,Science Fiction,1.0,Family,Weekly,Man
5809,35.0,nan,Afternoon,Anime,Science Fiction,1.0,Premium,Weekly,Woman
5810,35.0,"180,1857712796439",Night,Anime,Drama,0.0,Premium,Weekly,Woman
5811,38.0,"200,8326977808441",Afternoon,Movies,Drama,0.0,Family,Weekly,Man
5812,58.0,"91,61476937675492",Night,Documentaries,Science Fiction,1.0,Family,Weekly,Man
5813,40.0,"217,2126946560743",Night,Documentaries,Drama,0.0,Family,Weekly,Woman
5814,56.0,"120,16684332954256",Night,Documentaries,Science Fiction,1.0,Family,Weekly,Woman
5815,36.0,nan,Night,Documentaries,Science Fiction,0.0,Family,Weekly,Woman
5816,42.0,"153,394841413154",Afternoon,Documentaries,Drama,0.0,Premium,Weekly,Man
5817,58.0,"177,0557880369059",Afternoon,Movies,Science Fiction,1.0,Family,Weekly,Woman
5818,38.0,nan,Night,Anime,Science Fiction,1.0,Family,Weekly,Woman
5819,30.0,"204,26649079267847",Night,Documentaries,Drama,0.0,Family,Weekly,Man
5820,44.0,"132,0225490749419",Afternoon,Anime,Science Fiction,0.0,Premium,Weekly,Woman
5821,61.0,"97,3586699811294",Night,Movies,Science Fiction,1.0,Family,Daily,Woman
5822,34.0,"205,1745279524772",Night,Documentaries,Drama,0.0,Premium,Weekly,Man
5823,39.0,"108,1171628290418",Night,Anime,Science Fiction,1.0,Family,Weekly,Man
5824,40.0,"159,0399812364062",Night,Documentaries,Drama,0.0,Premium,Weekly,Man
5825,62.0,"203,5169955352588",Afternoon,Movies,Horror,1.0,Family,Weekly,Woman
5826,44.0,"155,6151656998961",Afternoon,Documentaries,Drama,0.0,Premium,Weekly,Woman
5827,38.0,"61,31474905653348",Night,Anime,Science Fiction,1.0,Premium,Weekly,Woman
5828,47.0,"180,97868779401375",Afternoon,Documentaries,Horror,1.0,Family,Daily,Man
5829,50.0,"120,51737636355072",Afternoon,Anime,Science Fiction,1.0,Premium,Weekly,Woman
5830,53.0,"99,0697489337528",Night,Documentaries,Horror,1.0,Family,Weekly,Woman
5831,60.0,"164,45510422856404",Night,Movies,Science Fiction,1.0,Family,Weekly,Woman
5832,46.0,"136,72125882882813",Night,Documentaries,Horror,1.0,Family,Weekly,Woman
5833,52.0,"179,38959152085943",Night,Documentaries,Horror,1.0,Family,Weekly,Woman
5834,55.0,"147,7755529431408",Night,Documentaries,Science Fiction,1.0,Family,Weekly,Man
5835,38.0,"185,5003771676089",Afternoon,Documentaries,Drama,0.0,Premium,Weekly,Woman
5836,44.0,"194,38610081093248",Afternoon,Documentaries,Science Fiction,0.0,Family,Weekly,Man
5837,62.0,"196,37165311315172",Afternoon,Movies,Science Fiction,1.0,Family,Weekly,Man
5838,35.0,"233,03147238071",Afternoon,Movies,Drama,0.0,Family,Weekly,Man
5839,44.0,"90,02377271355788",Afternoon,Documentaries,Science Fiction,1.0,Family,Weekly,Man
5840,62.0,"183,8167850105738",Afternoon,Movies,Science Fiction,1.0,Family,Weekly,Man
5841,56.0,"233,17433700559275",Afternoon,Movies,Horror,1.0,Family,Weekly,Man
5842,56.0,"193,1267382909989",Afternoon,Documentaries,Science Fiction,1.0,Family,Weekly,Man
5843,44.0,nan,Night,Anime,Science Fiction,0.0,Premium,Weekly,Woman
5844,47.0,"173,09571198063222",Afternoon,Movies,Science Fiction,1.0,Family,Weekly,Man
5845,25.0,"270,903175791423",Afternoon,Movies,Action,0.0,Family,Weekly,Woman
5846,47.0,"172,5821603397772",Night,Movies,Science Fiction,1.0,Family,Weekly,Woman
5847,56.0,"121,55983160028109",Afternoon,Anime,Science Fiction,0.0,Premium,Weekly,Man
5848,29.0,"215,120730801604",Night,Documentaries,Science Fiction,0.0,Family,Weekly,Man
5849,40.0,"165,77380663741667",Late Night,Documentaries,Horror,0.0,Family,Weekly,Man
5850,45.0,"184,6648519364701",Afternoon,Documentaries,Science Fiction,0.0,Family,Weekly,Man
5851,51.0,"149,43632659972116",Night,Documentaries,Science Fiction,1.0,Family,Weekly,Man
5852,52.0,"157,45553449575814",Afternoon,Documentaries,Horror,1.0,Family,Weekly,Woman
5853,46.0,"191,106351158332",Night,Documentaries,Science Fiction,0.0,,Weekly,Woman
5854,39.0,"149,09544283979326",Night,Documentaries,Science Fiction,0.0,Family,Weekly,Man
5855,29.0,"169,57964495974164",Night,Documentaries,Science Fiction,0.0,Family,Weekly,Man
5856,42.0,"178,99838684742002",Night,Documentaries,Science Fiction,1.0,Family,Weekly,Man
5857,51.0,"97,79775504376072",Afternoon,Documentaries,Science Fiction,1.0,Family,Weekly,Man
5858,41.0,"105,1183119236936",Afternoon,Documentaries,Drama,0.0,Premium,Weekly,Woman
5859,67.0,"136,49801520860234",Afternoon,Movies,Science Fiction,1.0,Family,Weekly,Woman
5860,62.0,"210,69167462839224",Night,Movies,Science Fiction,1.0,Family,Weekly,Man
5861,32.0,"146,90876670427784",Night,Documentaries,Drama,0.0,Premium,Weekly,Woman
5862,47.0,"63,25090417579949",Morning,Documentaries,Science Fiction,1.0,Family,Weekly,Woman
5863,50.0,"126,30312794829032",Afternoon,Documentaries,Horror,1.0,Family,Weekly,Man
5864,37.0,"157,5738499230799",Night,Documentaries,Science Fiction,1.0,Family,Weekly,Man
5865,37.0,"170,3924526271477",Night,Documentaries,Drama,0.0,Premium,Weekly,Man
5866,47.0,"189,04935039610257",Afternoon,Movies,Science Fiction,1.0,Student,Weekly,Man
5867,42.0,"169,94510391066552",Night,Documentaries,Drama,0.0,Premium,Weekly,Woman
5868,40.0,"167,80419765165712",Afternoon,Documentaries,Drama,0.0,Premium,Weekly,Woman
5869,44.0,"204,5704300758836",Afternoon,Documentaries,Horror,0.0,Family,Weekly,Man
5870,42.0,"233,2775974210901",Afternoon,Documentaries,Science Fiction,0.0,Family,Weekly,Man
5871,57.0,"142,68123593296505",Night,Anime,Horror,0.0,Premium,Weekly,Woman
5872,56.0,"60,53534798027468",Night,Documentaries,Drama,1.0,Family,Weekly,Woman
5873,36.0,"64,45679938490093",Night,Documentaries,Science Fiction,1.0,Premium,Weekly,Woman
5874,54.0,nan,Night,Documentaries,Science Fiction,1.0,Family,Daily,Woman
5875,42.0,"185,9927186320975",Night,Documentaries,Drama,0.0,Family,Weekly,Man
5876,35.0,"202,39878060265028",Night,Documentaries,Drama,0.0,Premium,Weekly,Woman
5877,46.0,"175,80539327472945",Night,Documentaries,Science Fiction,1.0,Family,Weekly,Man
5878,34.0,"144,18562754384277",Night,Documentaries,Drama,0.0,Premium,Weekly,Man
5879,39.0,"201,6773006939212",Afternoon,Documentaries,Drama,0.0,Premium,Weekly,Man
5880,61.0,"180,01614819942165",Night,Movies,Science Fiction,1.0,Family,Weekly,Woman
5881,38.0,"126,4203291651798",Afternoon,Documentaries,Science Fiction,1.0,Family,Weekly,Woman
5882,43.0,"98,4769114764724",Afternoon,Anime,Science Fiction,1.0,Family,Weekly,Woman
5883,37.0,"105,69511567923246",Afternoon,Anime,Science Fiction,0.0,Premium,Weekly,Man
5884,40.0,"82,32659542790894",Night,Documentaries,Science Fiction,1.0,Premium,Weekly,Man
5885,41.0,"176,7363788797033",Night,Documentaries,Drama,0.0,Premium,Weekly,Woman
5886,44.0,"153,5635850891588",Night,Documentaries,Drama,0.0,Premium,Weekly,Man
5887,34.0,"90,82533821375358",Night,Anime,Science Fiction,1.0,Premium,Weekly,Woman
5888,46.0,"111,3095329592269",Night,Documentaries,Science Fiction,1.0,Family,Weekly,Man
5889,51.0,"122,9955856493308",Night,Documentaries,Horror,1.0,Family,Weekly,Woman
5890,57.0,"208,34058065413043",Afternoon,Movies,Science Fiction,1.0,,Weekly,Man
5891,38.0,"163,97782716010778",Night,Documentaries,Drama,0.0,Premium,Weekly,Man
5892,55.0,"173,91875605559355",Afternoon,Movies,Science Fiction,1.0,Family,Weekly,Woman
5893,47.0,"120,44847379676456",Afternoon,Documentaries,Science Fiction,1.0,Premium,Weekly,Woman
5894,48.0,"136,67400876386355",Night,Documentaries,Science Fiction,0.0,Premium,Weekly,Man
5895,30.0,"182,6763893726725",Night,Documentaries,Science Fiction,0.0,Family,Weekly,Woman
5896,59.0,"140,42559790304333",Afternoon,Movies,Science Fiction,1.0,Family,Weekly,Woman
5897,55.0,"136,7805378885889",Night,Movies,Science Fiction,1.0,Family,Weekly,Man
5898,47.0,nan,Afternoon,Documentaries,Science Fiction,1.0,Family,Weekly,Woman
5899,30.0,"195,5498567352671",Night,Documentaries,Science Fiction,0.0,Family,Weekly,Woman
5900,26.0,"162,96066444203905",Afternoon,Documentaries,Science Fiction,0.0,Family,Weekly,Woman
5901,41.0,"120,08779655866624",Afternoon,Anime,Horror,1.0,Family,Weekly,Woman
5902,40.0,"165,8618668946248",Night,Documentaries,Drama,0.0,Premium,Weekly,Woman
5903,60.0,"114,00377779398605",Night,Movies,Drama,1.0,Premium,Weekly,Woman
5904,53.0,"159,31927822057688",Afternoon,Movies,Science Fiction,1.0,Family,Weekly,Woman
5905,32.0,"168,284774757541",Afternoon,Anime,Drama,0.0,Premium,Weekly,Man
5906,43.0,"140,48075567927492",Night,Documentaries,Horror,0.0,Premium,Weekly,Woman
5907,59.0,"242,69719681499944",Night,Movies,Horror,1.0,Family,Weekly,Man
5908,41.0,"181,4317530790493",Afternoon,Documentaries,Drama,0.0,Family,Weekly,Man
5909,51.0,"176,28724506155433",Night,Documentaries,Science Fiction,1.0,Family,Weekly,Woman
5910,55.0,"109,526839263474",Night,Anime,Science Fiction,1.0,Premium,Weekly,Woman
5911,49.0,"159,93785078193486",Night,Movies,Science Fiction,1.0,Family,Weekly,Man
5912,52.0,"154,47055689704544",Afternoon,Documentaries,Horror,0.0,Family,Weekly,Man
5913,43.0,"183,06421154892507",Night,Documentaries,Science Fiction,0.0,Premium,Weekly,Woman
5914,51.0,"163,97271765486587",Afternoon,Movies,Drama,1.0,Family,Weekly,Woman
5915,38.0,"107,64344409609696",Afternoon,Anime,Science Fiction,1.0,Family,Occasional,Woman
5916,46.0,"136,14694645019523",Afternoon,Documentaries,Horror,1.0,Family,Weekly,Man
5917,64.0,"153,92789473334204",Night,Movies,Science Fiction,1.0,Family,Weekly,Woman
5918,59.0,nan,Night,Movies,Science Fiction,1.0,Family,Weekly,Woman
5919,57.0,"149,34434986794776",Afternoon,Movies,Science Fiction,1.0,Family,Weekly,Man
5920,42.0,nan,Afternoon,Anime,Science Fiction,1.0,Premium,Weekly,Man
5921,40.0,"139,40947929611005",Afternoon,Documentaries,Drama,0.0,Premium,Weekly,Man
5922,40.0,"123,1954202427254",Afternoon,Anime,Horror,1.0,Family,Weekly,Man
5923,40.0,"151,88275008900428",Night,Documentaries,Drama,0.0,Premium,Weekly,Man
5924,35.0,"69,84998171021287",Afternoon,Anime,Science Fiction,1.0,Premium,Weekly,Man
5925,34.0,"84,65112324285342",Night,Documentaries,Science Fiction,1.0,Premium,Weekly,Man
5926,49.0,"183,94338602618132",Afternoon,Movies,Science Fiction,1.0,Family,Weekly,Man
5927,57.0,"135,0072798004779",Night,Documentaries,Science Fiction,1.0,Family,Weekly,Man
5928,30.0,"229,65676049218152",Afternoon,Documentaries,Science Fiction,0.0,Family,Weekly,Man
5929,42.0,"188,6262609463903",Night,Documentaries,Drama,0.0,Premium,Weekly,Woman
5930,51.0,"203,2161507180577",Night,Movies,Science Fiction,0.0,Family,Weekly,Woman
5931,52.0,"172,86939356516604",Night,Movies,Science Fiction,1.0,Family,Weekly,Woman
5932,52.0,"72,1703874931002",Afternoon,Documentaries,Horror,1.0,Family,Weekly,Woman
5933,32.0,"111,65120435141527",Night,Documentaries,Action,0.0,Premium,Weekly,Woman
5934,53.0,"183,0579150263088",Afternoon,Movies,Horror,1.0,Family,Weekly,Man
5935,35.0,"180,2808314288718",Afternoon,Documentaries,Science Fiction,0.0,,Weekly,Woman
5936,39.0,"174,4376059072311",Afternoon,Documentaries,Drama,0.0,Family,Weekly,Man
5937,37.0,"173,32168974989673",Night,Documentaries,Science Fiction,0.0,Premium,Weekly,Man
5938,58.0,"141,8136557564744",Night,Movies,Science Fiction,1.0,Family,Daily,Man
5939,52.0,"64,31041490047792",Night,Documentaries,Science Fiction,1.0,Family,Weekly,Woman
5940,52.0,"151,3593027282289",Night,Movies,Drama,1.0,Family,Weekly,Woman
5941,41.0,"76,13037782894628",Night,Anime,Science Fiction,0.0,Premium,Weekly,Woman
5942,57.0,nan,Night,Documentaries,Science Fiction,1.0,Family,Weekly,Woman
5943,35.0,"83,37435887493022",Night,Documentaries,Science Fiction,1.0,Family,Weekly,Woman
5944,43.0,"235,12273920888708",Afternoon,Documentaries,Science Fiction,0.0,Family,Occasional,Woman
5945,41.0,"157,67387679308433",Night,Documentaries,Horror,1.0,Family,Weekly,Woman
5946,43.0,"170,77418236865734",Afternoon,Documentaries,Drama,0.0,Family,Weekly,Woman
5947,36.0,"55,95468362810387",Afternoon,Anime,Science Fiction,1.0,Premium,Weekly,Man
5948,37.0,"172,9530797368227",Afternoon,Documentaries,Horror,0.0,Family,Weekly,Man
5949,47.0,"111,18409746216378",Afternoon,Documentaries,Horror,1.0,Premium,Weekly,Man
5950,38.0,"217,319851029558",Afternoon,Movies,Drama,0.0,Family,Weekly,Woman
5951,36.0,"144,66627990475877",Night,Documentaries,Drama,0.0,Premium,Weekly,Man
5952,32.0,"175,00371641697438",Night,Anime,Drama,0.0,Premium,Weekly,Man
5953,41.0,"142,78105040886598",Night,Movies,Drama,1.0,Family,Weekly,Man
5954,46.0,"152,21642212272388",Afternoon,Documentaries,Science Fiction,1.0,Family,Weekly,Man
5955,44.0,"83,97923516707219",Afternoon,Documentaries,Science Fiction,1.0,Premium,Weekly,Woman
5956,39.0,"223,1811125566472",Afternoon,Documentaries,Science Fiction,0.0,Family,Occasional,Woman
5957,48.0,"153,30779206443572",Night,Documentaries,Horror,0.0,Family,Weekly,Man
5958,38.0,"167,13282239526734",Afternoon,Documentaries,Science Fiction,0.0,Family,Weekly,Man
5959,39.0,"114,09459535327564",Night,Documentaries,Science Fiction,1.0,Premium,Weekly,Man
5960,52.0,"139,32613934115977",Afternoon,Documentaries,Science Fiction,1.0,Family,Weekly,Man
5961,42.0,"189,36856656535343",Afternoon,Documentaries,Drama,0.0,Family,Weekly,Man
5962,36.0,"129,0540681999337",Afternoon,Documentaries,Drama,0.0,Premium,Weekly,Woman
5963,49.0,"150,99136861542635",Night,Documentaries,Science Fiction,1.0,Family,Weekly,Woman
5964,59.0,"144,41087457291704",Afternoon,Movies,Science Fiction,1.0,Family,Weekly,Woman
5965,29.0,"176,84913418665963",Afternoon,Documentaries,Drama,0.0,Premium,Weekly,Woman
5966,33.0,"176,01101858864894",Afternoon,Documentaries,Horror,0.0,Family,Weekly,Woman
5967,35.0,"148,9902200424699",Night,Documentaries,Drama,0.0,Premium,Weekly,Woman
5968,36.0,"92,47484242806284",Afternoon,Anime,Science Fiction,1.0,Premium,Weekly,Man
5969,53.0,"171,79671535318377",Night,Documentaries,Science Fiction,1.0,,Weekly,Man
5970,47.0,"199,80328844023947",Night,Documentaries,Science Fiction,0.0,Family,Weekly,Woman
5971,52.0,"140,45647024395228",Afternoon,Documentaries,Horror,1.0,Family,Weekly,Man
5972,55.0,"195,75810785715552",Night,Movies,Horror,1.0,,Weekly,Woman
5973,42.0,"163,837206112234",Night,Documentaries,Drama,0.0,Premium,Weekly,Woman
5974,24.0,"59,74213611861451",Night,Anime,Science Fiction,1.0,Premium,Weekly,Woman
5975,46.0,"154,79328401078365",Night,Documentaries,Horror,1.0,Family,Weekly,Woman
5976,51.0,"156,2457934467576",Afternoon,Movies,Drama,1.0,,Weekly,Woman
5977,37.0,"172,53890035941455",Afternoon,Documentaries,Drama,0.0,Premium,Weekly,Woman
5978,33.0,"184,7270471359653",Afternoon,Anime,Drama,0.0,Premium,Weekly,Man
5979,42.0,"172,20059660859883",Night,Documentaries,Science Fiction,0.0,Family,Weekly,Man
5980,47.0,"177,09619376887784",Night,Documentaries,Science Fiction,1.0,Family,Weekly,Woman
5981,34.0,"193,85219533027887",Afternoon,Anime,Drama,0.0,Premium,Occasional,Woman
5982,38.0,"158,04408264165056",Afternoon,Documentaries,Drama,0.0,,Weekly,Woman
5983,42.0,"174,94563447809114",Afternoon,Documentaries,Science Fiction,0.0,Premium,Weekly,Woman
5984,38.0,"106,47582422434216",Afternoon,Anime,Science Fiction,0.0,Premium,Weekly,Woman
5985,26.0,"53,05452787628765",Night,Anime,Science Fiction,1.0,Premium,Weekly,Woman
5986,33.0,"120,76190931612696",Night,Anime,Science Fiction,0.0,Premium,Weekly,Woman
5987,41.0,"126,95859082660076",Night,Documentaries,Drama,1.0,Premium,Weekly,Woman
5988,30.0,"185,08469468617545",Late Night,Documentaries,Drama,0.0,Premium,Weekly,Man
5989,50.0,"115,89615108400272",Afternoon,Anime,Science Fiction,0.0,Premium,Weekly,Man
5990,29.0,"146,28412990630935",Night,Documentaries,Science Fiction,0.0,Premium,Weekly,Man
5991,48.0,"160,82852593640433",Night,Movies,Science Fiction,1.0,Premium,Daily,Man
5992,33.0,"99,34563101102908",Afternoon,Anime,Science Fiction,0.0,,Weekly,Man
5993,39.0,"157,5505759474365",Afternoon,Documentaries,Action,0.0,Premium,Occasional,Man
5994,42.0,"136,46256941814107",Night,Documentaries,Horror,0.0,Premium,Weekly,Man
5995,62.0,"122,441717821662",Night,Movies,Science Fiction,1.0,Family,Daily,Woman
5996,34.0,"122,51557130921364",Afternoon,Anime,Horror,0.0,Premium,Occasional,Woman
5997,36.0,"203,25600142746845",Afternoon,Movies,Drama,1.0,Family,Weekly,Man
5998,31.0,"175,86639444974674",Afternoon,Documentaries,Science Fiction,0.0,Premium,Weekly,Woman
5999,45.0,"188,02676189797285",Afternoon,Documentaries,Horror,0.0,Family,Weekly,Woman
6000,33.0,"98,69164034173494",Afternoon,Anime,Science Fiction,1.0,Premium,Weekly,Man
6001,51.0,nan,Night,Movies,Drama,1.0,Family,Weekly,Woman
6002,47.0,"167,7794498844228",Afternoon,Documentaries,Drama,0.0,Family,Weekly,Man
6003,31.0,"148,0989921772088",Afternoon,Documentaries,Drama,0.0,Premium,Weekly,Man
6004,51.0,nan,Afternoon,Documentaries,Drama,1.0,Family,Weekly,Man
6005,55.0,"149,3621355128927",Night,Documentaries,Science Fiction,1.0,,Weekly,Woman
6006,38.0,"213,41993070241023",Afternoon,Documentaries,Drama,0.0,Family,Weekly,Man
6007,39.0,"47,759688589416",Night,Documentaries,Science Fiction,1.0,Family,Weekly,Man
6008,40.0,"183,04708502667543",Night,Documentaries,Science Fiction,0.0,Family,Weekly,Man
6009,54.0,"152,4173130762793",Night,Documentaries,Science Fiction,1.0,Family,Weekly,Man
6010,60.0,"137,60725266955947",Night,Movies,Science Fiction,1.0,Family,Weekly,Woman
6011,40.0,"174,14252234235678",Afternoon,Documentaries,Drama,0.0,Premium,Weekly,Woman
6012,61.0,"124,8062020744242",Afternoon,Movies,Science Fiction,1.0,,Weekly,Man
6013,40.0,"175,77374284231863",Night,Documentaries,Science Fiction,0.0,Premium,Weekly,Woman
6014,36.0,"187,5031666872136",Night,Documentaries,Drama,0.0,Premium,Weekly,Woman
6015,36.0,"130,01531963376925",Night,Anime,Science Fiction,0.0,Premium,Weekly,Man
6016,59.0,"217,74101801585567",Afternoon,Movies,Science Fiction,1.0,Family,Weekly,Man
6017,37.0,"190,175987342333",Afternoon,Anime,Drama,0.0,Premium,Weekly,Woman
6018,52.0,"170,80535244346228",Afternoon,Movies,Drama,1.0,Family,Weekly,Man
6019,37.0,"163,24729175377692",Late Night,Documentaries,Science Fiction,0.0,Premium,Weekly,Woman
6020,39.0,"147,37819399127994",Night,Documentaries,Drama,0.0,Premium,Weekly,Man
6021,44.0,"157,47755393419112",Night,Documentaries,Horror,0.0,Family,Weekly,Woman
6022,61.0,"199,13509161104392",Night,Movies,Science Fiction,1.0,Family,Weekly,Woman
6023,43.0,"139,04039551328387",Afternoon,Movies,Science Fiction,1.0,Student,Daily,Woman
6024,23.0,"217,05224566209475",Afternoon,Documentaries,Science Fiction,0.0,Premium,Weekly,Man
6025,48.0,"119,29497232416374",Night,Documentaries,Science Fiction,1.0,Family,Weekly,Man
6026,62.0,"213,248958010725",Night,Movies,Science Fiction,1.0,Family,Weekly,Woman
6027,47.0,"151,33363334856466",Afternoon,Documentaries,Science Fiction,1.0,Family,Weekly,Woman
6028,41.0,"139,49469112168885",Afternoon,Anime,Horror,0.0,Premium,Occasional,Man
6029,47.0,"173,46532105384964",Night,Documentaries,Science Fiction,1.0,Family,Weekly,Woman
6030,22.0,"202,63834281555037",Night,Anime,Science Fiction,0.0,Premium,Weekly,Man
6031,39.0,"142,74791998099963",Night,Documentaries,Drama,0.0,Premium,Weekly,Man
6032,39.0,"224,10847629755327",Afternoon,Movies,Drama,0.0,Family,Weekly,Woman
6033,39.0,"217,7514070331149",Night,Documentaries,Drama,0.0,Family,Weekly,Man
6034,31.0,"167,95611589570734",Night,Documentaries,Drama,0.0,Premium,Weekly,Woman
6035,36.0,"186,05352766239324",Night,Documentaries,Science Fiction,0.0,Premium,Weekly,Woman
6036,36.0,"131,8906353622149",Night,Documentaries,Science Fiction,1.0,Family,Weekly,Man
6037,58.0,"211,84515389319503",Afternoon,Movies,Science Fiction,1.0,Family,Weekly,Man
6038,25.0,"30,040237860342632",Afternoon,Anime,Drama,1.0,Family,Weekly,Man
6039,40.0,"176,13707340792635",Afternoon,Documentaries,Science Fiction,1.0,Family,Weekly,Man
6040,58.0,"159,19416106837005",Afternoon,Movies,Science Fiction,1.0,Family,Weekly,Man
6041,54.0,"190,4837267618287",Afternoon,Movies,Science Fiction,1.0,Family,Weekly,Woman
6042,65.0,"170,3252929283448",Night,Movies,Science Fiction,1.0,Family,Daily,Woman
6043,35.0,"122,58954275291131",Afternoon,Anime,Science Fiction,0.0,Premium,Weekly,Woman
6044,41.0,"86,572628969057",Night,Anime,Science Fiction,1.0,Premium,Weekly,Woman
6045,43.0,"144,91005405649085",Night,Documentaries,Science Fiction,1.0,Family,Weekly,Woman
6046,43.0,"69,47333564180416",Morning,Anime,Science Fiction,1.0,Premium,Weekly,Man
6047,53.0,"131,79346109533824",Afternoon,Documentaries,Horror,1.0,Premium,Weekly,Man
6048,41.0,"93,36261026006758",Night,Documentaries,Science Fiction,1.0,Family,Weekly,Man
6049,47.0,"162,54974742045016",Afternoon,Documentaries,Horror,1.0,Family,Weekly,Man
6050,60.0,"200,7265963201665",Afternoon,Movies,Science Fiction,1.0,Family,Weekly,Man
6051,59.0,"238,6625407516329",Night,Movies,Science Fiction,0.0,Family,Weekly,Woman
6052,40.0,"160,95742164835752",Night,Documentaries,Science Fiction,0.0,Family,Weekly,Man
6053,33.0,"198,48811130952583",Late Night,Documentaries,Drama,0.0,Premium,Weekly,Woman
6054,47.0,"140,25309699695882",Afternoon,Documentaries,Drama,1.0,Premium,Weekly,Man
6055,46.0,"167,2609450289895",Night,Documentaries,Drama,0.0,Family,Occasional,Woman
6056,56.0,"119,92061896987578",Night,Movies,Science Fiction,1.0,Family,Weekly,Man
6057,42.0,"163,8673376084313",Afternoon,Documentaries,Science Fiction,1.0,Family,Weekly,Man
6058,60.0,"113,6551337276672",Night,Movies,Science Fiction,1.0,Family,Weekly,Man
6059,40.0,"116,03129878000938",Night,Anime,Horror,1.0,Family,Weekly,Woman
6060,56.0,"249,7045886074401",Night,Movies,Science Fiction,0.0,Family,Weekly,Man
6061,35.0,"176,40805765082223",Night,Documentaries,Science Fiction,0.0,Family,Weekly,Woman
6062,34.0,"175,70399689488818",Night,Documentaries,Drama,0.0,Premium,Weekly,Woman
6063,58.0,"118,10034906873202",Night,Documentaries,Science Fiction,1.0,Family,Weekly,Man
6064,60.0,"198,44822138526865",Night,Movies,Science Fiction,1.0,Family,Weekly,Woman
6065,41.0,"107,93903415941702",Afternoon,Anime,Science Fiction,1.0,Family,Weekly,Woman
6066,56.0,"130,236350628655",Night,Movies,Science Fiction,1.0,Family,Weekly,Man
6067,56.0,"218,55078773236767",Afternoon,Movies,Science Fiction,1.0,Family,Weekly,Man
6068,52.0,"122,87765780404597",Afternoon,Documentaries,Horror,1.0,Premium,Weekly,Man
6069,39.0,"138,18261396576688",Afternoon,Anime,Horror,0.0,Family,Weekly,Woman
6070,41.0,"211,6965253456132",Night,Documentaries,Science Fiction,0.0,,Occasional,Woman
6071,34.0,"162,395469172172",Night,Documentaries,Horror,1.0,Family,Weekly,Woman
6072,43.0,"167,7579677295762",Afternoon,Documentaries,Science Fiction,0.0,Premium,Weekly,Woman
6073,56.0,"129,43224192025951",Afternoon,Movies,Science Fiction,1.0,,Weekly,Woman
6074,36.0,nan,Afternoon,Documentaries,Drama,0.0,,Weekly,Woman
6075,46.0,"126,33513261695634",Night,Documentaries,Science Fiction,1.0,Premium,Weekly,Woman
6076,61.0,"209,9391351379782",Afternoon,Movies,Science Fiction,1.0,Family,Weekly,Woman
6077,55.0,"197,21776792570145",Afternoon,Movies,Horror,1.0,Family,Weekly,Man
6078,53.0,"38,31441952300043",Night,Documentaries,Science Fiction,1.0,Premium,Daily,Woman
6079,42.0,nan,Afternoon,Documentaries,Drama,1.0,Premium,Weekly,Woman
6080,38.0,"164,1127562444066",Afternoon,Documentaries,Science Fiction,1.0,Family,Weekly,Man
6081,62.0,"197,3021039713373",Afternoon,Movies,Science Fiction,1.0,Family,Weekly,Woman
6082,45.0,"85,30291681368102",Night,Documentaries,Science Fiction,1.0,Family,Weekly,Woman
6083,56.0,"33,28138687116498",Night,Documentaries,Science Fiction,1.0,Family,Daily,Woman
6084,35.0,"69,08370414956721",Night,Anime,Science Fiction,1.0,Premium,Weekly,Woman
6085,45.0,"203,80854729106505",Afternoon,Anime,Science Fiction,0.0,Family,Occasional,Woman
6086,28.0,"185,38284485235064",Afternoon,Documentaries,Science Fiction,0.0,Family,Weekly,Woman
6087,53.0,"246,12445103050837",Afternoon,Movies,Science Fiction,0.0,Family,Weekly,Woman
6088,35.0,"182,77660799759917",Afternoon,Documentaries,Drama,0.0,Premium,Weekly,Woman
6089,52.0,"155,64632992149006",Afternoon,Documentaries,Horror,1.0,Family,Weekly,Man
6090,65.0,"137,4341111973673",Night,Movies,Science Fiction,1.0,Family,Weekly,Man
6091,42.0,"109,07850346224885",Night,Anime,Science Fiction,0.0,Premium,Weekly,Woman
6092,23.0,"58,79091538727326",Afternoon,Anime,Science Fiction,1.0,Premium,Weekly,Man
6093,64.0,"266,0169229237126",Afternoon,Movies,Science Fiction,0.0,,Weekly,Man
6094,47.0,"106,25001619937709",Afternoon,Reality Shows,Horror,0.0,Premium,Occasional,Woman
6095,41.0,"192,1612482244924",Night,Movies,Science Fiction,1.0,Family,Weekly,Man
6096,33.0,"77,76512157070545",Afternoon,Anime,Science Fiction,1.0,Premium,Weekly,Woman
6097,50.0,"166,06749668640148",Afternoon,Documentaries,Science Fiction,1.0,Family,Weekly,Woman
6098,46.0,"139,0869245646322",Night,Anime,Horror,1.0,Family,Weekly,Woman
6099,27.0,"16,756840669279654",Afternoon,Documentaries,Science Fiction,1.0,,Weekly,Man
6100,46.0,"120,50467039229729",Afternoon,Anime,Horror,0.0,Family,Occasional,Woman
6101,50.0,"178,4294823334742",Afternoon,Documentaries,Science Fiction,1.0,Family,Weekly,Woman
6102,56.0,"223,782577717272",Night,Documentaries,Science Fiction,0.0,,Weekly,Man
6103,39.0,"214,35632456029413",Night,Anime,Science Fiction,0.0,Premium,Occasional,Man
6104,28.0,"212,34307104341323",Afternoon,Documentaries,Science Fiction,0.0,Family,Weekly,Woman
6105,35.0,"97,2231430427916",Night,Anime,Science Fiction,0.0,Premium,Weekly,Man
6106,32.0,"171,04103049991332",Night,Documentaries,Drama,0.0,Premium,Weekly,Woman
6107,47.0,"160,71030166389025",Late Night,Documentaries,Science Fiction,1.0,Family,Weekly,Woman
6108,51.0,"137,2520191915666",Night,Documentaries,Horror,1.0,Family,Weekly,Woman
6109,34.0,"186,1252751946573",Afternoon,Documentaries,Drama,0.0,Premium,Weekly,Woman
6110,41.0,nan,Night,Anime,Science Fiction,0.0,Family,Weekly,Woman
6111,32.0,"80,2077407804088",Afternoon,Anime,Science Fiction,1.0,Premium,Weekly,Woman
6112,33.0,"168,9889716550684",Afternoon,Documentaries,Science Fiction,1.0,Family,Weekly,Woman
6113,54.0,"107,69014118072884",Afternoon,Documentaries,Science Fiction,1.0,Family,Weekly,Man
6114,50.0,"174,69968640796907",Night,Movies,Science Fiction,1.0,Student,Weekly,Woman
6115,25.0,"97,096293298855",Afternoon,Anime,Science Fiction,1.0,Family,Weekly,Woman
6116,38.0,"207,05267350850548",Night,Documentaries,Science Fiction,0.0,Family,Weekly,Woman
6117,49.0,"223,84882537836788",Afternoon,Movies,Science Fiction,1.0,Family,Weekly,Woman
6118,40.0,"183,0233667268276",Afternoon,Documentaries,Drama,0.0,Family,Weekly,Man
6119,35.0,"163,88735317050595",Night,Documentaries,Drama,0.0,Premium,Weekly,Woman
6120,36.0,"129,64080091769466",Afternoon,Documentaries,Drama,0.0,Premium,Weekly,Man
6121,57.0,"234,95421403839163",Night,Movies,Science Fiction,0.0,Family,Weekly,Woman
6122,50.0,"123,5846690361292",Night,Documentaries,Science Fiction,1.0,Family,Weekly,Man
6123,33.0,"141,4601876396338",Afternoon,Anime,Horror,0.0,Premium,Occasional,Man
6124,61.0,nan,Night,Movies,Science Fiction,1.0,Family,Weekly,Woman
6125,45.0,"130,2660474747506",Afternoon,Documentaries,Science Fiction,1.0,Family,Weekly,Man
6126,33.0,"152,09288889192734",Night,Documentaries,Science Fiction,0.0,Family,Weekly,Man
6127,63.0,"108,9559294398764",Afternoon,Movies,Science Fiction,1.0,Family,Weekly,Man
6128,52.0,"198,37645664491964",Night,Documentaries,Horror,1.0,Family,Weekly,Woman
6129,51.0,"91,66384287569078",Afternoon,Documentaries,Science Fiction,1.0,Premium,Weekly,Woman
6130,58.0,"129,99627238288272",Afternoon,Movies,Horror,1.0,Family,Daily,Man
6131,52.0,nan,Afternoon,Movies,Science Fiction,0.0,Family,Weekly,Man
6132,33.0,"89,66952596116755",Night,Anime,Science Fiction,1.0,Premium,Weekly,Woman
6133,40.0,"168,99675115022265",Night,Documentaries,Science Fiction,0.0,Premium,Weekly,Woman
6134,35.0,"191,2949668113801",Night,Documentaries,Science Fiction,0.0,Family,Weekly,Man
6135,37.0,"147,61841847554118",Afternoon,Anime,Drama,0.0,Premium,Occasional,Man
6136,26.0,"35,897487680224465",Night,Anime,Science Fiction,1.0,Premium,Weekly,Man
6137,46.0,"75,15437721744144",Night,Anime,Science Fiction,1.0,Premium,Weekly,Man
6138,41.0,"96,80149167164711",Afternoon,Anime,Science Fiction,1.0,Family,Weekly,Man
6139,38.0,nan,Night,Anime,Horror,0.0,Family,Weekly,Woman
6140,34.0,"141,72086174653583",Afternoon,Documentaries,Drama,0.0,Premium,Weekly,Woman
6141,64.0,"187,50081675691536",Afternoon,Movies,Horror,1.0,Family,Weekly,Man
6142,39.0,"102,47700096304956",Afternoon,Documentaries,Science Fiction,1.0,,Weekly,Woman
6143,49.0,"183,3505406132719",Night,Documentaries,Science Fiction,1.0,Family,Weekly,Woman
6144,59.0,"82,30293481809028",Night,Movies,Science Fiction,1.0,Family,Daily,Woman
6145,34.0,"161,8517640628472",Night,Documentaries,Science Fiction,0.0,Family,Weekly,Woman
6146,28.0,"198,09153389278805",Night,Documentaries,Science Fiction,0.0,Family,Weekly,Woman
6147,43.0,"160,46983546310233",Afternoon,Documentaries,Drama,1.0,Family,Weekly,Man
6148,61.0,"139,9266218313538",Afternoon,Movies,Science Fiction,1.0,Family,Weekly,Man
6149,35.0,"173,4594777970524",Night,Anime,Drama,0.0,Premium,Weekly,Woman
6150,61.0,"133,5150813502027",Afternoon,Movies,Science Fiction,1.0,Family,Weekly,Woman
6151,41.0,"173,59778020355313",Night,Documentaries,Science Fiction,0.0,Premium,Weekly,Man
6152,36.0,"99,99828741154305",Night,Documentaries,Science Fiction,1.0,Family,Weekly,Man
6153,58.0,"139,5687326485619",Night,Movies,Science Fiction,1.0,Family,Daily,Man
6154,35.0,"78,48187048199361",Afternoon,Anime,Science Fiction,1.0,Premium,Weekly,Woman
6155,39.0,"175,23575067518144",Night,Documentaries,Science Fiction,0.0,Premium,Weekly,Man
6156,44.0,"141,41298617353178",Night,Documentaries,Horror,1.0,,Weekly,Woman
6157,44.0,nan,Night,Anime,Science Fiction,1.0,Premium,Weekly,Woman
6158,37.0,"107,12073104892096",Afternoon,Documentaries,Science Fiction,1.0,Premium,Weekly,Man
6159,39.0,"109,30931838584972",Afternoon,Anime,Science Fiction,0.0,Premium,Weekly,Woman
6160,47.0,"146,89756262493682",Night,Documentaries,Horror,1.0,Family,Weekly,Man
6161,39.0,"139,71291680584605",Night,Documentaries,Drama,1.0,Premium,Weekly,Woman
6162,45.0,"132,1413626210432",Afternoon,Anime,Science Fiction,0.0,Premium,Weekly,Woman
6163,52.0,"157,23901585259122",Afternoon,Documentaries,Science Fiction,1.0,Premium,Weekly,Woman
6164,43.0,"117,32408244966808",Afternoon,Documentaries,Science Fiction,1.0,Premium,Weekly,Woman
6165,45.0,"163,4267042987416",Night,Documentaries,Drama,0.0,Family,Weekly,Woman
6166,43.0,"184,640152264757",Afternoon,Documentaries,Drama,0.0,Premium,Weekly,Man
6167,55.0,"117,48546463191433",Night,Documentaries,Science Fiction,1.0,Family,Weekly,Man
6168,32.0,nan,Night,Documentaries,Science Fiction,0.0,,Weekly,Man
6169,66.0,"170,52796133658822",Night,Movies,Science Fiction,1.0,Family,Weekly,Woman
6170,55.0,"175,2684737196121",Afternoon,Movies,Science Fiction,1.0,Family,Weekly,Man
6171,39.0,"160,812582720092",Night,Documentaries,Science Fiction,0.0,Family,Weekly,Woman
6172,59.0,nan,Night,Movies,Science Fiction,1.0,Family,Daily,Woman
6173,51.0,"107,95758569188256",Night,Anime,Horror,1.0,Family,Weekly,Woman
6174,35.0,nan,Afternoon,Documentaries,Science Fiction,0.0,Premium,Weekly,Man
6175,49.0,"179,45350411583948",Night,Documentaries,Science Fiction,0.0,Family,Weekly,Woman
6176,56.0,"158,20197565637423",Afternoon,Movies,Science Fiction,1.0,Family,Weekly,Man
6177,39.0,"119,3289931052643",Night,Documentaries,Science Fiction,1.0,Family,Weekly,Man
6178,60.0,"194,675881907716",Afternoon,Movies,Science Fiction,1.0,Family,Weekly,Man
6179,41.0,"159,46245324709037",Afternoon,Documentaries,Science Fiction,0.0,Premium,Weekly,Woman
6180,54.0,"105,8833841239586",Afternoon,Documentaries,Science Fiction,1.0,Family,Daily,Man
6181,32.0,"198,0962420243773",Afternoon,Documentaries,Drama,0.0,,Weekly,Man
6182,39.0,"179,58768397844827",Night,Documentaries,Science Fiction,0.0,Premium,Weekly,Woman
6183,59.0,"206,09666872480523",Night,Movies,Science Fiction,1.0,Family,Weekly,Woman
6184,43.0,"148,559643801466",Afternoon,Documentaries,Drama,0.0,Premium,Weekly,Woman
6185,52.0,"217,9761392134552",Afternoon,Movies,Horror,0.0,Family,Weekly,Man
6186,45.0,"149,73836448628134",Night,Documentaries,Drama,0.0,,Weekly,Woman
6187,41.0,"178,1418400740546",Night,Documentaries,Drama,0.0,Premium,Weekly,Man
6188,38.0,"129,33994219502682",Afternoon,Documentaries,Drama,1.0,Premium,Weekly,Woman
6189,43.0,nan,Night,Documentaries,Drama,0.0,Premium,Weekly,Woman
6190,53.0,"175,35328707988046",Night,Documentaries,Science Fiction,1.0,Family,Weekly,Woman
6191,48.0,"79,66330131208913",Afternoon,Documentaries,Science Fiction,1.0,Family,Weekly,Woman
6192,44.0,"207,7548314319787",Afternoon,Documentaries,Drama,0.0,Family,Weekly,Woman
6193,38.0,"50,71503644336975",Night,Anime,Science Fiction,1.0,Premium,Weekly,Woman
6194,54.0,"86,87357714146813",Night,Anime,Science Fiction,1.0,Premium,Weekly,Man
6195,43.0,"115,89797908746532",Night,Documentaries,Science Fiction,1.0,Family,Weekly,Woman
6196,25.0,"47,3035759148984",Night,Anime,Science Fiction,1.0,Premium,Weekly,Man
6197,59.0,"163,18338876407128",Night,Movies,Horror,1.0,Family,Daily,Man
6198,52.0,"108,732263744442",Afternoon,Documentaries,Science Fiction,1.0,Premium,Daily,Woman
6199,55.0,"209,43720042560147",Afternoon,Movies,Science Fiction,1.0,Family,Weekly,Man
6200,41.0,"177,16808286161884",Night,Documentaries,Drama,0.0,Premium,Weekly,Man
6201,57.0,nan,Night,Movies,Horror,1.0,,Weekly,Woman
6202,32.0,"168,34076137898498",Afternoon,Documentaries,Drama,0.0,Premium,Weekly,Woman
6203,32.0,"249,27266368638388",Afternoon,Series,Drama,1.0,Family,Daily,Man
6204,58.0,"244,30798919150104",Night,Movies,Science Fiction,0.0,Family,Weekly,Man
6205,50.0,"145,16597671281116",Afternoon,Documentaries,Science Fiction,1.0,Family,Weekly,Woman
6206,38.0,"151,39565198986986",Afternoon,Documentaries,Drama,0.0,Premium,Weekly,Man
6207,48.0,"135,329109763595",Night,Documentaries,Horror,1.0,Family,Weekly,Woman
6208,46.0,"109,1300195124506",Night,Anime,Horror,1.0,Family,Weekly,Woman
6209,52.0,"211,8845744730051",Night,Movies,Horror,1.0,Family,Daily,Man
6210,55.0,"228,4432330543546",Afternoon,Movies,Science Fiction,0.0,Family,Weekly,Man
6211,36.0,"160,8505779189767",Afternoon,Anime,Drama,0.0,Premium,Weekly,Man
6212,32.0,"141,26228905643404",Night,Anime,Science Fiction,0.0,Family,Weekly,Woman
6213,54.0,"103,323512891571",Afternoon,Documentaries,Science Fiction,1.0,Family,Weekly,Man
6214,35.0,"141,85494343531522",Night,Anime,Drama,0.0,Premium,Occasional,Man
6215,41.0,"185,9774918144974",Afternoon,Documentaries,Drama,0.0,Family,Weekly,Woman
6216,54.0,"150,69024430254126",Morning,Movies,Science Fiction,1.0,Family,Daily,Man
6217,61.0,"180,89679577932375",Afternoon,Movies,Science Fiction,1.0,Family,Daily,Man
6218,47.0,"113,32359313408514",Night,Anime,Science Fiction,1.0,Family,Weekly,Man
6219,60.0,"176,24052090480478",Afternoon,Movies,Science Fiction,1.0,Family,Weekly,Man
6220,37.0,"96,83983005872112",Night,Anime,Science Fiction,0.0,Premium,Weekly,Woman
6221,42.0,"81,81731677510281",Afternoon,Anime,Science Fiction,1.0,Premium,Weekly,Woman
6222,51.0,"74,59464931622573",Night,Documentaries,Science Fiction,1.0,Family,Daily,Man
6223,41.0,"111,33902213453278",Afternoon,Anime,Science Fiction,0.0,Premium,Weekly,Man
6224,45.0,nan,Night,Movies,Drama,1.0,Family,Weekly,Woman
6225,39.0,"165,94736422723346",Afternoon,Documentaries,Drama,0.0,Premium,Weekly,Man
6226,29.0,"209,55879307033865",Night,Documentaries,Science Fiction,0.0,Family,Weekly,Man
6227,41.0,"179,72761818863114",Night,Documentaries,Drama,0.0,Family,Occasional,Man
6228,60.0,"174,53697471385553",Night,Movies,Science Fiction,1.0,Family,Weekly,Woman
6229,56.0,nan,Afternoon,Movies,Science Fiction,1.0,Premium,Daily,Woman
6230,37.0,nan,Night,Documentaries,Science Fiction,1.0,Premium,Weekly,Man
6231,43.0,"214,88517479457155",Afternoon,Documentaries,Science Fiction,0.0,Family,Weekly,Man
6232,41.0,"158,61655977727972",Afternoon,Documentaries,Science Fiction,1.0,Family,Weekly,Man
6233,43.0,"192,1206474804528",Night,Documentaries,Drama,0.0,Family,Weekly,Man
6234,56.0,"178,83438061607922",Night,Movies,Science Fiction,1.0,Family,Weekly,Man
6235,48.0,"160,0529024061772",Night,Documentaries,Drama,1.0,Family,Weekly,Woman
6236,59.0,"200,76982014958415",Afternoon,Movies,Science Fiction,1.0,Family,Weekly,Woman
6237,46.0,"105,41959566823289",Night,Anime,Science Fiction,1.0,Premium,Weekly,Woman
6238,49.0,"115,66517668235537",Afternoon,Anime,Science Fiction,1.0,Premium,Weekly,Man
6239,60.0,"150,07169371314862",Night,Movies,Science Fiction,1.0,Family,Daily,Man
6240,40.0,"71,78777114297085",Afternoon,Anime,Science Fiction,1.0,Premium,Weekly,Man
6241,46.0,"136,65442560374498",Night,Documentaries,Horror,1.0,Family,Weekly,Woman
6242,41.0,"222,67240833630905",Night,Documentaries,Science Fiction,0.0,Family,Weekly,Woman
6243,44.0,"173,20780214717996",Afternoon,Documentaries,Drama,0.0,Family,Weekly,Woman
6244,34.0,"66,27145487820697",Night,Anime,Science Fiction,1.0,Premium,Weekly,Man
6245,34.0,"99,7194588288646",Afternoon,Anime,Science Fiction,0.0,Premium,Weekly,Man
6246,32.0,"183,60362272004588",Afternoon,Documentaries,Drama,0.0,Premium,Weekly,Man
6247,37.0,"175,61025842244447",Night,Documentaries,Science Fiction,0.0,Family,Weekly,Woman
6248,33.0,"141,53555903291763",Night,Documentaries,Drama,0.0,Premium,Weekly,Man
6249,60.0,"152,74360997890403",Afternoon,Movies,Science Fiction,1.0,Family,Weekly,Man
6250,48.0,"163,6169404261153",Night,Documentaries,Horror,1.0,Family,Weekly,Man
6251,48.0,"149,83743489514674",Night,Movies,Science Fiction,1.0,Family,Weekly,Woman
6252,68.0,"128,97714353177875",Night,Movies,Drama,1.0,Family,Weekly,Man
6253,47.0,"118,39247570305558",Afternoon,Documentaries,Science Fiction,1.0,,Weekly,Woman
6254,35.0,"152,2288535496118",Night,Documentaries,Drama,0.0,Premium,Weekly,Man
6255,46.0,"77,45073927071363",Afternoon,Anime,Science Fiction,1.0,Family,Weekly,Man
6256,58.0,"178,0268660620626",Afternoon,Movies,Science Fiction,1.0,Family,Weekly,Woman
6257,56.0,"154,38868379873773",Night,Movies,Horror,1.0,,Weekly,Woman
6258,46.0,"170,9163121864982",Night,Documentaries,Science Fiction,0.0,Family,Weekly,Woman
6259,42.0,"133,8371708218669",Night,Documentaries,Horror,1.0,Family,Weekly,Woman
6260,40.0,"192,0753620720324",Afternoon,Documentaries,Science Fiction,0.0,Family,Weekly,Woman
6261,44.0,"164,65093411162246",Afternoon,Documentaries,Drama,0.0,Premium,Weekly,Man
6262,59.0,nan,Night,Movies,Horror,1.0,Family,Weekly,Man
6263,57.0,"95,82949427949788",Afternoon,Anime,Comedy,1.0,Family,Occasional,Man
6264,55.0,"110,36036643881404",Night,Documentaries,Horror,1.0,Premium,Weekly,Woman
6265,36.0,"151,19114045191358",Night,Documentaries,Drama,0.0,Premium,Weekly,Woman
6266,39.0,"180,71363906226335",Afternoon,Anime,Drama,0.0,Premium,Occasional,Man
6267,59.0,"146,55113166002002",Afternoon,Movies,Horror,1.0,Family,Daily,Woman
6268,50.0,"117,02653545065856",Night,Documentaries,Horror,1.0,Family,Weekly,Man
6269,41.0,"153,10952010353827",Afternoon,Documentaries,Drama,0.0,Premium,Weekly,Woman
6270,49.0,"86,418901514337",Afternoon,Documentaries,Science Fiction,1.0,Premium,Weekly,Woman
6271,49.0,"183,88692596001377",Afternoon,Documentaries,Science Fiction,1.0,Family,Weekly,Man
6272,54.0,"101,0119179413019",Night,Documentaries,Science Fiction,1.0,Family,Daily,Man
6273,43.0,"135,06847325904192",Night,Documentaries,Science Fiction,1.0,Family,Weekly,Man
6274,50.0,"108,3522240057079",Night,Documentaries,Science Fiction,1.0,Family,Weekly,Man
6275,48.0,"196,7966399571885",Afternoon,Movies,Drama,1.0,Family,Weekly,Woman
6276,31.0,"177,0269910529003",Afternoon,Anime,Horror,0.0,Family,Weekly,Man
6277,43.0,"96,86706896293391",Afternoon,Anime,Science Fiction,0.0,Premium,Weekly,Man
6278,34.0,"160,05224266940726",Afternoon,Documentaries,Drama,0.0,Premium,Weekly,Woman
6279,32.0,"143,20634686185957",Afternoon,Documentaries,Science Fiction,1.0,Family,Weekly,Man
6280,40.0,"169,8542211648013",Afternoon,Documentaries,Drama,0.0,Premium,Weekly,Man
6281,43.0,"170,77161271484522",Night,Documentaries,Drama,0.0,Family,Weekly,Woman
6282,35.0,"53,63320422129041",Night,Anime,Science Fiction,1.0,,Weekly,Man
6283,50.0,"110,40477193760364",Afternoon,Documentaries,Science Fiction,1.0,Family,Weekly,Man
6284,56.0,"188,83698801210647",Afternoon,Movies,Science Fiction,1.0,Family,Weekly,Woman
6285,45.0,"136,20873807461425",Night,Anime,Horror,0.0,Family,Weekly,Man
6286,51.0,"183,88644368829688",Afternoon,Movies,Science Fiction,1.0,Student,Weekly,Man
6287,23.0,"190,61045345080672",Night,Anime,Science Fiction,0.0,,Occasional,Man
6288,42.0,"91,496386274976",Afternoon,Anime,Science Fiction,1.0,Premium,Weekly,Man
6289,44.0,nan,Night,Anime,Science Fiction,1.0,Premium,Weekly,Woman
6290,43.0,"170,90171184418787",Afternoon,Documentaries,Science Fiction,0.0,Premium,Weekly,Woman
6291,62.0,"186,92277781145128",Afternoon,Movies,Science Fiction,1.0,Family,Weekly,Woman
6292,43.0,"174,0376111888015",Afternoon,Movies,Science Fiction,1.0,Family,Weekly,Man
6293,61.0,"209,984587513064",Night,Movies,Science Fiction,1.0,Family,Weekly,Woman
6294,38.0,"116,44845832867314",Afternoon,Documentaries,Science Fiction,1.0,Family,Weekly,Woman
6295,47.0,nan,Afternoon,Documentaries,Science Fiction,1.0,Family,Weekly,Woman
6296,45.0,"200,47241303813317",Afternoon,Documentaries,Science Fiction,0.0,Family,Weekly,Woman
6297,55.0,"178,1680610360542",Afternoon,Movies,Science Fiction,1.0,Family,Daily,Man
6298,32.0,nan,Night,Anime,Science Fiction,1.0,,Weekly,Man
6299,48.0,"136,68838586191788",Night,Documentaries,Horror,1.0,Family,Weekly,Man
6300,34.0,"50,09754498816493",Night,Documentaries,Science Fiction,1.0,Family,Weekly,Man
6301,46.0,"135,96054171227135",Afternoon,Documentaries,Science Fiction,1.0,Family,Weekly,Woman
6302,54.0,"124,2395216554592",Night,Documentaries,Horror,1.0,,Weekly,Man
6303,49.0,"142,11093728301748",Afternoon,Documentaries,Science Fiction,1.0,Family,Weekly,Woman
6304,55.0,"207,9390922759548",Afternoon,Movies,Horror,1.0,Family,Weekly,Man
6305,32.0,"38,92870168245037",Afternoon,Documentaries,Science Fiction,1.0,,Weekly,Man
6306,38.0,"181,5059807183963",Afternoon,Documentaries,Drama,0.0,Premium,Weekly,Man
6307,45.0,"120,99892631619636",Night,Documentaries,Science Fiction,1.0,Family,Weekly,Man
6308,61.0,"198,7106128999033",Afternoon,Movies,Horror,1.0,Family,Weekly,Man
6309,50.0,"176,98382163503587",Afternoon,Documentaries,Science Fiction,0.0,Family,Weekly,Man
6310,43.0,"86,67049051223393",Afternoon,Anime,Science Fiction,0.0,Premium,Weekly,Woman
6311,47.0,"225,6422082125765",Afternoon,Documentaries,Science Fiction,0.0,Family,Occasional,Man
6312,48.0,"190,24215363637063",Night,Documentaries,Science Fiction,0.0,Family,Weekly,Man
6313,45.0,nan,Night,Documentaries,Drama,1.0,Family,Weekly,Man
6314,41.0,"75,11203703218621",Afternoon,Documentaries,Science Fiction,1.0,Premium,Weekly,Man
6315,38.0,"105,8772317725176",Night,Anime,Science Fiction,0.0,Premium,Weekly,Man
6316,37.0,"175,88291977867766",Night,Documentaries,Science Fiction,0.0,Family,Weekly,Man
6317,49.0,"173,8852842784107",Night,Movies,Drama,1.0,Family,Weekly,Man
6318,55.0,"156,0709971145622",Afternoon,Movies,Science Fiction,1.0,Family,Weekly,Man
6319,41.0,"95,96203819572308",Night,Reality Shows,Comedy,0.0,Premium,Occasional,Man
6320,36.0,"66,84800816087827",Afternoon,Anime,Science Fiction,1.0,Premium,Weekly,Woman
6321,43.0,"141,87165330815392",Afternoon,Documentaries,Science Fiction,1.0,Family,Weekly,Man
6322,42.0,"135,91928248937",Night,Movies,Drama,1.0,Premium,Weekly,Man
6323,40.0,"157,59165697034285",Night,Documentaries,Drama,0.0,Premium,Weekly,Man
6324,38.0,"125,23684928975098",Night,Anime,Science Fiction,0.0,Premium,Occasional,Woman
6325,49.0,"177,072355150793",Night,Movies,Science Fiction,1.0,Student,Daily,Man
6326,55.0,"110,90001385630674",Night,Documentaries,Science Fiction,1.0,Premium,Weekly,Man
6327,63.0,"128,56044221794372",Night,Movies,Science Fiction,1.0,Family,Weekly,Woman
6328,39.0,"134,7115998218121",Night,Documentaries,Drama,0.0,Premium,Weekly,Man
6329,35.0,"86,49143133048054",Night,Anime,Science Fiction,1.0,Premium,Weekly,Man
6330,42.0,"195,4015621780371",Afternoon,Documentaries,Science Fiction,0.0,Family,Weekly,Man
6331,61.0,"209,30534649439076",Night,Movies,Science Fiction,1.0,Family,Weekly,Man
6332,61.0,"183,94713096873724",Afternoon,Movies,Science Fiction,1.0,Student,Weekly,Woman
6333,46.0,"173,4789849911139",Afternoon,Documentaries,Drama,1.0,Family,Weekly,Woman
6334,59.0,"182,84609867193356",Night,Movies,Science Fiction,1.0,Family,Daily,Man
6335,40.0,"180,79020297517772",Night,Documentaries,Drama,0.0,Premium,Weekly,Woman
6336,41.0,"176,04954250945292",Night,Documentaries,Drama,0.0,Premium,Occasional,Man
6337,40.0,"134,45637779047567",Afternoon,Documentaries,Science Fiction,1.0,Family,Weekly,Woman
6338,45.0,"183,6567970180588",Afternoon,Movies,Science Fiction,1.0,Student,Weekly,Man
6339,59.0,"241,34684697209036",Afternoon,Movies,Horror,1.0,Student,Weekly,Woman
6340,56.0,"179,7725481015396",Afternoon,Documentaries,Horror,1.0,Family,Weekly,Man
6341,25.0,"173,81155709462422",Night,Anime,Science Fiction,0.0,Premium,Weekly,Woman
6342,46.0,"139,64869721453508",Night,Documentaries,Drama,1.0,Premium,Weekly,Woman
6343,56.0,"204,8957507182189",Night,Movies,Horror,1.0,Family,Weekly,Man
6344,47.0,nan,Night,Documentaries,Drama,1.0,Premium,Weekly,Woman
6345,43.0,"180,2579547888321",Night,Movies,Science Fiction,1.0,Family,Weekly,Woman
6346,49.0,"145,63563369631223",Night,Documentaries,Horror,1.0,Family,Weekly,Man
6347,49.0,"143,46443741511226",Night,Documentaries,Horror,1.0,Family,Weekly,Man
6348,62.0,nan,Night,Movies,Science Fiction,1.0,Family,Weekly,Man
6349,54.0,"186,064290881963",Night,Documentaries,Science Fiction,1.0,Family,Weekly,Man
6350,42.0,"168,69593723166034",Night,Documentaries,Drama,0.0,Family,Weekly,Man
6351,35.0,"66,48761482839018",Night,Anime,Science Fiction,1.0,Premium,Weekly,Man
6352,53.0,"200,0594452806493",Afternoon,Documentaries,Science Fiction,1.0,Family,Weekly,Man
6353,47.0,"87,19278725330453",Night,Documentaries,Science Fiction,1.0,Premium,Weekly,Man
6354,27.0,"52,14119951490667",Afternoon,Anime,Science Fiction,1.0,Premium,Weekly,Man
6355,42.0,"151,256580923069",Afternoon,Documentaries,Drama,0.0,Premium,Weekly,Woman
6356,63.0,"177,2857017991776",Night,Movies,Science Fiction,1.0,Family,Daily,Man
6357,63.0,"211,758010601138",Night,Movies,Science Fiction,1.0,Family,Weekly,Man
6358,55.0,"155,1002225170247",Night,Movies,Science Fiction,1.0,Family,Weekly,Man
6359,32.0,"172,52028087181907",Afternoon,Anime,Horror,0.0,Family,Weekly,Man
6360,42.0,"107,1118933236097",Afternoon,Anime,Science Fiction,0.0,Premium,Weekly,Man
6361,47.0,"140,59547646421896",Afternoon,Documentaries,Drama,1.0,Premium,Weekly,Woman
6362,63.0,"145,7759519787699",Afternoon,Movies,Science Fiction,1.0,Family,Weekly,Man
6363,49.0,"213,0530139087805",Night,Movies,Science Fiction,1.0,Family,Weekly,Man
6364,40.0,"216,75050492987032",Night,Documentaries,Science Fiction,0.0,Family,Weekly,Woman
6365,44.0,"160,26889117278662",Afternoon,Documentaries,Horror,0.0,Family,Weekly,Man
6366,35.0,"120,81781914819597",Night,Anime,Horror,0.0,Family,Weekly,Man
6367,40.0,"174,08733444842105",Night,Documentaries,Drama,0.0,Family,Weekly,Woman
6368,56.0,"165,3898929282199",Night,Movies,Horror,1.0,Family,Weekly,Woman
6369,53.0,"179,94273715765098",Afternoon,Documentaries,Science Fiction,1.0,Family,Weekly,Woman
6370,36.0,"203,111235478755",Afternoon,Documentaries,Drama,0.0,Premium,Weekly,Woman
6371,46.0,"162,96931986224484",Afternoon,Documentaries,Drama,0.0,Family,Weekly,Man
6372,31.0,"75,6394443236051",Night,Anime,Science Fiction,1.0,Premium,Weekly,Woman
6373,44.0,"157,9449700398732",Night,Documentaries,Science Fiction,1.0,Family,Weekly,Man
6374,54.0,"182,67542678255944",Afternoon,Documentaries,Science Fiction,1.0,Family,Weekly,Man
6375,49.0,"129,14668834954054",Afternoon,Documentaries,Horror,1.0,Premium,Weekly,Woman
6376,55.0,"179,90117299318536",Night,Documentaries,Horror,1.0,Family,Weekly,Man
6377,39.0,"130,82893536489004",Afternoon,Documentaries,Drama,0.0,Premium,Weekly,Man
6378,41.0,"219,3367186190919",Afternoon,Documentaries,Science Fiction,0.0,Family,Weekly,Woman
6379,46.0,"185,94749109782376",Afternoon,Documentaries,Drama,0.0,Family,Weekly,Man
6380,52.0,"174,56512024231662",Night,Movies,Science Fiction,1.0,Family,Weekly,Man
6381,60.0,"159,4912569580053",Afternoon,Movies,Science Fiction,1.0,Family,Weekly,Man
6382,62.0,"118,38232079021122",Afternoon,Movies,Science Fiction,1.0,Family,Daily,Woman
6383,46.0,"178,0809133444634",Night,Documentaries,Science Fiction,1.0,Family,Weekly,Woman
6384,39.0,"202,86284758054111",Afternoon,Documentaries,Science Fiction,0.0,Family,Weekly,Man
6385,41.0,"166,71752769917805",Night,Documentaries,Drama,0.0,Premium,Weekly,Man
6386,58.0,"193,4964175371818",Afternoon,Movies,Science Fiction,1.0,Family,Weekly,Woman
6387,55.0,"85,39422452698138",Afternoon,Documentaries,Science Fiction,1.0,Premium,Weekly,Woman
6388,53.0,"124,69430791771164",Afternoon,Documentaries,Science Fiction,1.0,Family,Weekly,Man
6389,49.0,"97,8824790501766",Night,Anime,Science Fiction,1.0,,Weekly,Man
6390,37.0,"181,0405168777452",Night,Documentaries,Drama,0.0,Premium,Weekly,Woman
6391,33.0,"205,91196119450376",Night,Documentaries,Drama,0.0,Premium,Weekly,Man
6392,46.0,"109,74199308001936",Afternoon,Documentaries,Science Fiction,1.0,Family,Weekly,Man
6393,46.0,"107,84893213111653",Afternoon,Anime,Science Fiction,0.0,Premium,Weekly,Woman
6394,43.0,"201,91774832252983",Afternoon,Movies,Science Fiction,1.0,Family,Weekly,Man
6395,43.0,"135,43516207698815",Night,Anime,Horror,0.0,Family,Weekly,Man
6396,20.0,"190,2815640607321",Night,Documentaries,Science Fiction,0.0,Premium,Weekly,Woman
6397,53.0,"240,96736105502967",Night,Movies,Science Fiction,0.0,Family,Weekly,Man
6398,55.0,"122,00679239050856",Night,Documentaries,Science Fiction,1.0,Family,Weekly,Man
6399,32.0,"145,19566670792815",Afternoon,Anime,Horror,0.0,Family,Weekly,Man
6400,39.0,"189,95731046941677",Afternoon,Documentaries,Science Fiction,0.0,Family,Weekly,Woman
6401,41.0,nan,Afternoon,Documentaries,Science Fiction,0.0,,Weekly,Man
6402,36.0,"95,55253355415898",Afternoon,Anime,Science Fiction,1.0,,Weekly,Woman
6403,42.0,"53,580121899667176",Afternoon,Documentaries,Science Fiction,1.0,Family,Weekly,Woman
6404,53.0,"189,26240357472227",Afternoon,Movies,Horror,1.0,Family,Daily,Man
6405,46.0,"173,1359726889864",Night,Documentaries,Horror,1.0,Family,Weekly,Woman
6406,40.0,"178,77133677274588",Afternoon,Documentaries,Drama,0.0,Premium,Weekly,Man
6407,51.0,"203,1748404048221",Afternoon,Documentaries,Science Fiction,0.0,Family,Weekly,Man
6408,59.0,"237,91336003213272",Night,Movies,Science Fiction,0.0,Family,Weekly,Man
6409,50.0,"132,2012774365574",Night,Documentaries,Science Fiction,1.0,Family,Weekly,Woman
6410,38.0,"100,2384984904231",Night,Anime,Science Fiction,0.0,Premium,Occasional,Woman
6411,47.0,"142,48090931800903",Afternoon,Documentaries,Drama,1.0,Family,Weekly,Woman
6412,44.0,"172,05958690066197",Night,Anime,Horror,0.0,Family,Weekly,Man
6413,36.0,"187,7448769069481",Afternoon,Documentaries,Science Fiction,1.0,Family,Weekly,Man
6414,67.0,"232,5580882103853",Night,Movies,Science Fiction,1.0,Family,Weekly,Woman
6415,41.0,"130,09171592376268",Afternoon,Anime,Science Fiction,1.0,Family,Weekly,Woman
6416,27.0,"157,61123654058918",Night,Documentaries,Science Fiction,0.0,Family,Weekly,Woman
6417,41.0,"177,51593717647933",Afternoon,Anime,Science Fiction,0.0,Family,Occasional,Man
6418,38.0,"73,55796140743698",Night,Anime,Science Fiction,0.0,Premium,Weekly,Woman
6419,36.0,"163,0452539968999",Night,Documentaries,Science Fiction,0.0,Family,Weekly,Woman
6420,41.0,"130,04958649331311",Afternoon,Anime,Horror,0.0,Family,Weekly,Man
6421,40.0,"107,32826141473464",Afternoon,Anime,Horror,1.0,Family,Weekly,Woman
6422,36.0,"162,89498038254007",Afternoon,Documentaries,Drama,0.0,Premium,Weekly,Man
6423,35.0,"167,58924538937424",Night,Documentaries,Science Fiction,0.0,Family,Weekly,Woman
6424,36.0,"111,14775004895108",Night,Documentaries,Horror,1.0,Family,Weekly,Woman
6425,57.0,"244,81994159370083",Afternoon,Movies,Horror,1.0,Family,Weekly,Woman
6426,38.0,"194,92878342822064",Afternoon,Documentaries,Science Fiction,0.0,Family,Weekly,Woman
6427,40.0,"197,85208449855944",Night,Documentaries,Horror,0.0,Family,Weekly,Man
6428,44.0,"140,7641363652241",Night,Documentaries,Science Fiction,1.0,Family,Weekly,Woman
6429,46.0,"164,7994206813636",Night,Documentaries,Science Fiction,1.0,Family,Weekly,Woman
6430,43.0,"171,61422635564244",Night,Documentaries,Drama,0.0,Premium,Weekly,Man
6431,50.0,"114,83999611713824",Afternoon,Documentaries,Drama,1.0,Premium,Weekly,Woman
6432,48.0,"184,4023151987737",Night,Movies,Science Fiction,1.0,Family,Weekly,Woman
6433,32.0,"180,50585776121628",Night,Anime,Drama,0.0,Premium,Occasional,Man
6434,36.0,"30,04140455152364",Afternoon,Anime,Science Fiction,1.0,Premium,Weekly,Man
6435,30.0,"119,00042992731304",Afternoon,Anime,Horror,0.0,Family,Weekly,Man
6436,28.0,"250,9952292667322",Afternoon,Documentaries,Drama,0.0,Family,Weekly,Man
6437,27.0,"179,3015478087982",Afternoon,Documentaries,Drama,0.0,Family,Weekly,Man
6438,40.0,"94,73700195851094",Night,Anime,Science Fiction,1.0,Premium,Weekly,Man
6439,39.0,"194,0569194902863",Afternoon,Documentaries,Science Fiction,0.0,Premium,Weekly,Woman
6440,34.0,nan,Night,Anime,Science Fiction,0.0,Premium,Weekly,Woman
6441,37.0,"149,84571447714805",Afternoon,Documentaries,Drama,0.0,Premium,Weekly,Woman
6442,58.0,"150,2033006404335",Night,Documentaries,Science Fiction,1.0,Family,Weekly,Woman
6443,45.0,"129,50978288686198",Afternoon,Documentaries,Science Fiction,1.0,Family,Weekly,Man
6444,40.0,"153,96640699942478",Night,Documentaries,Drama,0.0,Premium,Weekly,Man
6445,51.0,"127,54581767470567",Night,Documentaries,Horror,1.0,Family,Weekly,Woman
6446,35.0,"90,43053473113612",Afternoon,Anime,Science Fiction,0.0,Premium,Weekly,Man
6447,43.0,"197,0395317364861",Night,Documentaries,Science Fiction,0.0,Family,Weekly,Man
6448,45.0,"155,8514527920028",Afternoon,Anime,Horror,0.0,Premium,Weekly,Man
6449,41.0,"173,22675475111555",Night,Documentaries,Drama,0.0,Premium,Weekly,Man
6450,50.0,"156,65936128037956",Night,Documentaries,Horror,0.0,Family,Weekly,Woman
6451,42.0,"132,80321602829477",Night,Anime,Horror,0.0,Family,Occasional,Man
6452,49.0,"212,98510214991683",Afternoon,Documentaries,Science Fiction,0.0,Family,Weekly,Man
6453,51.0,"139,88022620654078",Afternoon,Anime,Horror,0.0,Family,Weekly,Man
6454,35.0,"180,7390689542938",Afternoon,Anime,Drama,0.0,Premium,Weekly,Woman
6455,33.0,"93,45956731044978",Afternoon,Documentaries,Science Fiction,1.0,Family,Weekly,Woman
6456,42.0,"113,5888909734657",Night,Documentaries,Drama,1.0,Premium,Weekly,Man
6457,35.0,"196,67858741754168",Afternoon,Documentaries,Drama,0.0,Premium,Weekly,Woman
6458,38.0,"175,2163066849222",Morning,Documentaries,Drama,0.0,Premium,Weekly,Woman
6459,44.0,"141,15686778985855",Night,Anime,Horror,0.0,Premium,Weekly,Man
6460,59.0,nan,Afternoon,Movies,Science Fiction,1.0,Family,Daily,Man
6461,45.0,"114,44148859510244",Afternoon,Anime,Science Fiction,0.0,Premium,Weekly,Woman
6462,42.0,"227,50939602395312",Night,Movies,Science Fiction,1.0,Family,Weekly,Woman
6463,53.0,"199,04474587543655",Afternoon,Documentaries,Science Fiction,1.0,,Weekly,Man
6464,43.0,"165,05374507921405",Night,Documentaries,Drama,0.0,Family,Weekly,Man
6465,45.0,"148,88392164153203",Night,Documentaries,Science Fiction,1.0,Family,Weekly,Woman
6466,48.0,"112,26558148736672",Night,Documentaries,Horror,1.0,Family,Daily,Man
6467,32.0,"193,5641756417512",Night,Anime,Science Fiction,0.0,Family,Occasional,Man
6468,49.0,"239,0331175636993",Afternoon,Documentaries,Science Fiction,0.0,,Weekly,Woman
6469,37.0,"129,152859024371",Night,Documentaries,Drama,0.0,Premium,Weekly,Woman
6470,43.0,"169,70554726960896",Afternoon,Documentaries,Science Fiction,0.0,Premium,Weekly,Man
6471,42.0,"168,75387969134974",Night,Documentaries,Drama,0.0,Premium,Weekly,Woman
6472,40.0,"220,5008407975193",Afternoon,Documentaries,Drama,0.0,Family,Occasional,Woman
6473,27.0,"208,79929597751672",Afternoon,Anime,Drama,0.0,Premium,Occasional,Woman
6474,23.0,"145,84574187737837",Night,Anime,Horror,0.0,Family,Weekly,Woman
6475,54.0,"227,6952579266165",Night,Movies,Horror,0.0,Family,Weekly,Woman
6476,53.0,"169,60949107619862",Night,Movies,Horror,1.0,Family,Daily,Man
6477,56.0,"112,82575873891317",Afternoon,Documentaries,Horror,1.0,,Weekly,Woman
6478,49.0,"88,7561573426133",Night,Documentaries,Science Fiction,1.0,Family,Weekly,Man
6479,57.0,"262,6360283835362",Night,Movies,Science Fiction,0.0,,Weekly,Woman
6480,32.0,"153,5816537021103",Afternoon,Anime,Drama,0.0,Premium,Weekly,Man
6481,51.0,"121,09840009644452",Night,Documentaries,Science Fiction,1.0,Family,Weekly,Man
6482,60.0,"211,33848978867053",Night,Movies,Science Fiction,1.0,Family,Weekly,Man
6483,38.0,"157,68256755796506",Night,Documentaries,Drama,0.0,Premium,Weekly,Man
6484,60.0,"154,44247777770346",Night,Movies,Science Fiction,1.0,Family,Weekly,Woman
6485,61.0,"158,45286293356077",Night,Movies,Science Fiction,1.0,Family,Weekly,Man
6486,55.0,"132,1928688913322",Night,Documentaries,Horror,1.0,Family,Weekly,Woman
6487,43.0,"147,6262237383169",Afternoon,Documentaries,Science Fiction,0.0,Family,Weekly,Woman
6488,41.0,"143,46992709171425",Night,Documentaries,Drama,0.0,Premium,Weekly,Man
6489,55.0,"224,6558387774121",Night,Movies,Science Fiction,0.0,Family,Weekly,Woman
6490,33.0,"170,5354144559697",Night,Anime,Drama,0.0,Premium,Weekly,Man
6491,35.0,"184,4130714947658",Night,Documentaries,Drama,0.0,Premium,Weekly,Man
6492,54.0,"99,2644681299294",Afternoon,Anime,Horror,1.0,Family,Weekly,Man
6493,40.0,"78,64783502017151",Afternoon,Anime,Science Fiction,1.0,Premium,Weekly,Man
6494,52.0,"169,60100993486833",Afternoon,Documentaries,Horror,1.0,Family,Weekly,Woman
6495,44.0,"218,862767179611",Night,Documentaries,Science Fiction,0.0,Family,Weekly,Woman
6496,55.0,"165,89600257111815",Afternoon,Movies,Science Fiction,1.0,,Weekly,Man
6497,40.0,"88,95582649821392",Night,Anime,Science Fiction,1.0,Premium,Weekly,Woman
6498,50.0,"201,74117437783656",Afternoon,Documentaries,Science Fiction,0.0,Family,Weekly,Man
6499,29.0,"61,58932231226704",Afternoon,Anime,Science Fiction,1.0,Premium,Weekly,Man
6500,39.0,"126,38013928370124",Night,Documentaries,Science Fiction,1.0,Family,Weekly,Man
6501,51.0,"115,19605842498608",Afternoon,Anime,Horror,1.0,Premium,Weekly,Woman
6502,39.0,"143,13690641485044",Afternoon,Documentaries,Horror,1.0,Family,Weekly,Woman
6503,56.0,"134,1823108375873",Night,Anime,Horror,1.0,Family,Occasional,Man
6504,56.0,"140,1607766602875",Afternoon,Movies,Science Fiction,1.0,Family,Weekly,Woman
6505,45.0,"145,82221538344092",Night,Documentaries,Science Fiction,0.0,Family,Weekly,Woman
6506,59.0,"137,78546558845235",Afternoon,Documentaries,Horror,1.0,Family,Weekly,Man
6507,31.0,"162,68844204960763",Night,Documentaries,Science Fiction,0.0,Family,Weekly,Woman
6508,56.0,"217,3733783536272",Afternoon,Movies,Science Fiction,1.0,Family,Weekly,Man
6509,39.0,"76,98976049049942",Afternoon,Anime,Science Fiction,1.0,Premium,Weekly,Man
6510,31.0,nan,Night,Movies,Science Fiction,0.0,Family,Weekly,Woman
6511,57.0,"149,21397364242296",Afternoon,Movies,Science Fiction,1.0,Family,Weekly,Woman
6512,39.0,nan,Afternoon,Documentaries,Drama,0.0,Premium,Weekly,Man
6513,62.0,"216,07264078426667",Afternoon,Movies,Drama,1.0,Family,Weekly,Man
6514,54.0,"135,59446125243912",Afternoon,Documentaries,Horror,1.0,Student,Weekly,Woman
6515,33.0,"137,12078710159835",Afternoon,Anime,Science Fiction,0.0,Family,Weekly,Man
6516,33.0,"164,85919863256265",Night,Anime,Science Fiction,0.0,Family,Weekly,Man
6517,55.0,nan,Night,Movies,Science Fiction,0.0,Family,Weekly,Woman
6518,32.0,"224,17621360992973",Afternoon,Documentaries,Drama,0.0,Family,Weekly,Man
6519,47.0,"181,09623190108948",Afternoon,Documentaries,Science Fiction,1.0,Family,Weekly,Woman
6520,53.0,"103,38434210540674",Afternoon,Documentaries,Science Fiction,1.0,Family,Weekly,Man
6521,47.0,"166,06804441606764",Night,Documentaries,Drama,1.0,Family,Weekly,Man
6522,39.0,nan,Night,Documentaries,Science Fiction,0.0,Family,Weekly,Woman
6523,42.0,"96,74457696312469",Night,Anime,Science Fiction,1.0,Premium,Weekly,Man
6524,53.0,"136,17273187994934",Afternoon,Movies,Science Fiction,1.0,Family,Daily,Woman
6525,47.0,"130,05927834217783",Afternoon,Anime,Horror,1.0,Family,Weekly,Man
6526,43.0,"185,45573500927756",Night,Documentaries,Science Fiction,0.0,Family,Weekly,Woman
6527,36.0,"172,0551772941614",Night,Documentaries,Science Fiction,0.0,Family,Weekly,Man
6528,52.0,"133,16247956079602",Night,Documentaries,Horror,1.0,Family,Weekly,Man
6529,51.0,"98,44873522063156",Afternoon,Documentaries,Science Fiction,1.0,Family,Weekly,Man
6530,42.0,"187,0561362424737",Afternoon,Documentaries,Drama,0.0,Family,Weekly,Man
6531,59.0,"128,82950685650084",Night,Documentaries,Horror,1.0,Family,Weekly,Woman
6532,41.0,"169,74716622836368",Afternoon,Documentaries,Science Fiction,0.0,Premium,Weekly,Woman
6533,27.0,"182,92047212320497",Afternoon,Documentaries,Drama,0.0,Premium,Weekly,Man
6534,39.0,"92,59717452959906",Night,Anime,Science Fiction,1.0,Premium,Weekly,Woman
6535,41.0,"73,78365187888087",Night,Anime,Science Fiction,1.0,Premium,Weekly,Woman
6536,38.0,"172,01064892986176",Night,Documentaries,Drama,0.0,Premium,Weekly,Woman
6537,44.0,"179,49212113636406",Afternoon,Documentaries,Science Fiction,0.0,Family,Weekly,Woman
6538,36.0,"162,47877358976652",Afternoon,Anime,Science Fiction,0.0,Premium,Weekly,Man
6539,48.0,"117,87929224429796",Afternoon,Anime,Horror,1.0,,Weekly,Woman
6540,46.0,"178,038987319906",Afternoon,Documentaries,Horror,1.0,Family,Weekly,Woman
6541,49.0,"105,80312156127476",Night,Documentaries,Horror,1.0,Family,Weekly,Woman
6542,45.0,"192,6248644457284",Night,Documentaries,Science Fiction,0.0,Family,Weekly,Man
6543,53.0,"109,58855170899793",Afternoon,Documentaries,Horror,1.0,Family,Weekly,Man
6544,61.0,"236,8553471885699",Afternoon,Movies,Science Fiction,1.0,Family,Weekly,Man
6545,45.0,"83,95338987961507",Night,Documentaries,Science Fiction,1.0,Family,Weekly,Man
6546,39.0,"62,62730336626823",Afternoon,Anime,Science Fiction,1.0,Family,Weekly,Man
6547,38.0,"189,1463576715797",Afternoon,Documentaries,Drama,0.0,Premium,Weekly,Man
6548,35.0,"187,18609768460064",Night,Documentaries,Drama,0.0,Premium,Weekly,Man
6549,43.0,"210,8783311116484",Afternoon,Movies,Drama,1.0,Family,Weekly,Woman
6550,50.0,"192,99469532471883",Afternoon,Documentaries,Science Fiction,0.0,Family,Weekly,Woman
6551,54.0,"165,77062473601092",Night,Documentaries,Horror,0.0,Family,Weekly,Woman
6552,35.0,"192,53416886985124",Night,Documentaries,Drama,0.0,Premium,Weekly,Woman
6553,37.0,"160,1445181061332",Night,Documentaries,Drama,0.0,Premium,Weekly,Woman
6554,46.0,"152,99429406048694",Afternoon,Anime,Horror,0.0,Premium,Weekly,Woman
6555,38.0,"161,19206278577397",Night,Documentaries,Drama,0.0,Premium,Weekly,Woman
6556,50.0,"88,88190828080177",Night,Anime,Science Fiction,1.0,Premium,Weekly,Man
6557,54.0,"108,22748594681542",Night,Anime,Science Fiction,1.0,,Weekly,Woman
6558,37.0,"216,9858933024061",Afternoon,Documentaries,Drama,0.0,Family,Weekly,Man
6559,58.0,"205,55812887006343",Afternoon,Movies,Science Fiction,1.0,Family,Weekly,Woman
6560,53.0,"128,7342839710971",Night,Documentaries,Horror,1.0,Family,Weekly,Woman
6561,38.0,"144,23618706316287",Night,Documentaries,Drama,0.0,Premium,Weekly,Woman
6562,27.0,"201,5351920409932",Afternoon,Documentaries,Science Fiction,0.0,Family,Weekly,Woman
6563,59.0,"192,99975159549084",Night,Movies,Science Fiction,1.0,Family,Weekly,Man
6564,42.0,"173,20404656830638",Afternoon,Documentaries,Horror,1.0,Family,Weekly,Man
6565,58.0,"171,50539072573582",Night,Movies,Science Fiction,1.0,Family,Weekly,Man
6566,56.0,"181,14637016996008",Night,Documentaries,Science Fiction,1.0,Family,Weekly,Man
6567,54.0,"125,93870133227892",Afternoon,Documentaries,Science Fiction,1.0,Family,Weekly,Man
6568,33.0,"150,3030791096985",Night,Anime,Horror,0.0,Family,Weekly,Woman
6569,56.0,"149,85542994255707",Afternoon,Movies,Science Fiction,1.0,Family,Daily,Man
6570,55.0,"131,83722472547436",Afternoon,Movies,Science Fiction,1.0,Family,Daily,Man
6571,29.0,"247,8393970113743",Afternoon,Documentaries,Drama,0.0,Family,Weekly,Woman
6572,28.0,"65,35853561902239",Afternoon,Anime,Science Fiction,1.0,Family,Weekly,Man
6573,38.0,"60,44544270627359",Afternoon,Anime,Science Fiction,1.0,Premium,Weekly,Man
6574,29.0,"204,44718632406727",Afternoon,Documentaries,Science Fiction,0.0,Family,Weekly,Man
6575,35.0,"175,49215459012362",Night,Anime,Drama,0.0,Premium,Occasional,Woman
6576,45.0,"95,6920539854319",Night,Anime,Science Fiction,0.0,Premium,Weekly,Man
6577,40.0,"118,77072767557844",Afternoon,Documentaries,Science Fiction,1.0,Family,Weekly,Woman
6578,28.0,"193,66042345585197",Afternoon,Documentaries,Science Fiction,0.0,Family,Weekly,Woman
6579,39.0,"170,57545350160177",Afternoon,Documentaries,Drama,0.0,Premium,Weekly,Man
6580,43.0,"182,50685469266384",Afternoon,Documentaries,Science Fiction,0.0,,Weekly,Man
6581,37.0,"175,32624331804573",Afternoon,Anime,Drama,0.0,Premium,Occasional,Woman
6582,24.0,"77,549250821805",Night,Anime,Science Fiction,0.0,Premium,Weekly,Woman
6583,49.0,"203,19766392657533",Afternoon,Movies,Science Fiction,1.0,Student,Weekly,Man
6584,32.0,"151,3523189109231",Morning,Documentaries,Science Fiction,0.0,Family,Weekly,Man
6585,50.0,"115,38503685473366",Afternoon,Documentaries,Science Fiction,1.0,Family,Weekly,Man
6586,38.0,"100,77416164472235",Afternoon,Anime,Science Fiction,0.0,Premium,Weekly,Man
6587,38.0,"162,96675379487797",Afternoon,Documentaries,Drama,0.0,Premium,Weekly,Man
6588,39.0,"158,2642692781492",Night,Documentaries,Science Fiction,1.0,Family,Weekly,Man
6589,54.0,"139,207603315096",Night,Documentaries,Horror,1.0,Family,Weekly,Woman
6590,34.0,"166,7252877603619",Night,Documentaries,Science Fiction,0.0,Family,Weekly,Woman
6591,27.0,"188,1365131643419",Night,Documentaries,Science Fiction,0.0,Family,Weekly,Woman
6592,39.0,"96,0634042655369",Night,Anime,Science Fiction,0.0,Premium,Weekly,Man
6593,45.0,"171,92167776099944",Afternoon,Documentaries,Science Fiction,0.0,Family,Weekly,Man
6594,40.0,"121,5311152984397",Night,Documentaries,Science Fiction,1.0,Premium,Weekly,Man
6595,64.0,"214,0649532922783",Afternoon,Anime,Horror,0.0,Premium,Weekly,Woman
6596,38.0,"179,14394228013143",Night,Documentaries,Drama,0.0,Premium,Weekly,Woman
6597,31.0,"189,11180691889456",Afternoon,Documentaries,Drama,0.0,Premium,Weekly,Man
6598,64.0,"193,55915006732303",Night,Movies,Science Fiction,1.0,Family,Daily,Man
6599,37.0,"182,48263425388944",Afternoon,Documentaries,Drama,0.0,Premium,Weekly,Man
6600,38.0,"189,4776983383224",Night,Movies,Science Fiction,1.0,Family,Weekly,Woman
6601,28.0,"48,09056083419787",Afternoon,Anime,Science Fiction,1.0,Premium,Weekly,Man
6602,61.0,"177,61625639611074",Night,Movies,Science Fiction,1.0,Family,Weekly,Man
6603,41.0,"132,40068424227962",Afternoon,Anime,Science Fiction,0.0,Premium,Weekly,Man
6604,61.0,"205,05844527715044",Night,Movies,Science Fiction,1.0,Family,Weekly,Man
6605,62.0,"206,3167315648325",Afternoon,Movies,Science Fiction,1.0,Family,Weekly,Woman
6606,26.0,"143,69283067878416",Night,Anime,Drama,0.0,,Weekly,Man
6607,52.0,"176,4844855147682",Night,Documentaries,Horror,1.0,Family,Weekly,Man
6608,51.0,"97,94372824884748",Afternoon,Documentaries,Science Fiction,1.0,Family,Daily,Man
6609,37.0,"207,05528020934543",Afternoon,Anime,Drama,0.0,Premium,Occasional,Woman
6610,55.0,"180,90275158971",Afternoon,Movies,Science Fiction,1.0,Family,Daily,Woman
6611,40.0,"153,92647867106814",Afternoon,Documentaries,Drama,0.0,Premium,Weekly,Woman
6612,42.0,"77,30435338461434",Night,Anime,Science Fiction,1.0,Premium,Weekly,Woman
6613,45.0,"204,5526720285188",Night,Documentaries,Science Fiction,0.0,Family,Weekly,Woman
6614,57.0,"253,683710213788",Night,Movies,Science Fiction,0.0,Family,Weekly,Man
6615,56.0,"129,96132914794262",Afternoon,Anime,Horror,1.0,Family,Weekly,Man
6616,41.0,"179,68230197257296",Night,Documentaries,Science Fiction,0.0,Premium,Weekly,Woman
6617,49.0,"197,0833057297719",Night,Documentaries,Horror,1.0,Family,Weekly,Woman
6618,37.0,"180,05994463345735",Afternoon,Anime,Horror,0.0,Family,Weekly,Man
6619,38.0,"124,87692884850304",Afternoon,Documentaries,Drama,0.0,Premium,Weekly,Man
6620,34.0,"175,51201861242515",Afternoon,Documentaries,Science Fiction,0.0,Premium,Weekly,Man
6621,30.0,"142,77663702294785",Night,Anime,Horror,0.0,Family,Weekly,Man
6622,50.0,"130,15287950708688",Afternoon,Documentaries,Horror,1.0,Family,Weekly,Woman
6623,51.0,"194,35235204753675",Night,Documentaries,Science Fiction,0.0,Family,Weekly,Woman
6624,55.0,"114,82620297936676",Night,Documentaries,Science Fiction,1.0,Family,Weekly,Man
6625,34.0,"120,87345168043254",Night,Reality Shows,Horror,0.0,Premium,Occasional,Man
6626,45.0,"89,80726639190534",Night,Anime,Horror,1.0,Family,Weekly,Man
6627,45.0,"180,26738732469371",Afternoon,Documentaries,Drama,0.0,Family,Occasional,Woman
6628,50.0,"158,93930948308213",Afternoon,Documentaries,Horror,1.0,Family,Weekly,Man
6629,29.0,"70,74340948870676",Night,Anime,Science Fiction,1.0,Premium,Weekly,Woman
6630,58.0,nan,Night,Movies,Science Fiction,0.0,Family,Weekly,Man
6631,54.0,"152,13538128180377",Afternoon,Anime,Horror,0.0,Premium,Weekly,Woman
6632,41.0,"159,85298327532857",Afternoon,Anime,Horror,0.0,Family,Weekly,Man
6633,46.0,"216,1968325644959",Afternoon,Movies,Science Fiction,1.0,Family,Weekly,Woman
6634,51.0,"138,72301263402306",Afternoon,Documentaries,Science Fiction,1.0,Family,Weekly,Woman
6635,44.0,"190,08730804373425",Night,Documentaries,Science Fiction,0.0,Family,Weekly,Woman
6636,52.0,"168,93204840357217",Night,Movies,Horror,1.0,Family,Daily,Woman
6637,57.0,"174,7915398601409",Afternoon,Movies,Science Fiction,1.0,Family,Weekly,Man
6638,57.0,"114,7402865049387",Afternoon,Documentaries,Science Fiction,1.0,Family,Weekly,Man
6639,37.0,"116,62893707375396",Afternoon,Documentaries,Science Fiction,1.0,Family,Weekly,Woman
6640,31.0,"143,21832260473838",Night,Anime,Science Fiction,0.0,Premium,Weekly,Woman
6641,26.0,"74,16891052955614",Afternoon,Anime,Science Fiction,1.0,Premium,Weekly,Man
6642,35.0,"136,3611000027405",Late Night,Anime,Science Fiction,0.0,Premium,Weekly,Man
6643,56.0,"125,76428110976148",Afternoon,Documentaries,Science Fiction,1.0,Family,Weekly,Man
6644,37.0,"188,13754074770088",Night,Documentaries,Science Fiction,0.0,Family,Weekly,Man
6645,44.0,"198,024103526489",Night,Documentaries,Science Fiction,0.0,Family,Weekly,Woman
6646,35.0,"224,92134787553084",Night,Documentaries,Drama,0.0,Family,Weekly,Woman
6647,44.0,"189,93271774274757",Night,Documentaries,Science Fiction,0.0,Family,Weekly,Woman
6648,44.0,"157,50147550562892",Night,Documentaries,Drama,0.0,Premium,Weekly,Man
6649,38.0,"132,24467470924992",Night,Documentaries,Drama,0.0,Premium,Weekly,Woman
6650,49.0,"185,76646698287908",Night,Documentaries,Science Fiction,0.0,Family,Occasional,Man
6651,60.0,"120,72369093248314",Night,Documentaries,Science Fiction,1.0,Family,Weekly,Man
6652,43.0,"183,91890514703465",Afternoon,Documentaries,Science Fiction,0.0,Premium,Weekly,Woman
6653,44.0,"163,2159750996817",Night,Movies,Drama,1.0,Family,Weekly,Man
6654,41.0,"160,88129788627575",Afternoon,Documentaries,Science Fiction,0.0,Family,Weekly,Man
6655,46.0,"160,31630468185986",Night,Documentaries,Science Fiction,1.0,Family,Weekly,Woman
6656,45.0,"151,5355848877132",Night,Documentaries,Drama,1.0,Premium,Weekly,Woman
6657,55.0,"168,32487506737493",Afternoon,Movies,Horror,1.0,Family,Daily,Man
6658,53.0,"141,1278027621796",Afternoon,Documentaries,Science Fiction,1.0,Family,Weekly,Man
6659,46.0,"132,70192165479023",Night,Documentaries,Drama,1.0,Premium,Weekly,Man
6660,39.0,"89,15733830705415",Afternoon,Anime,Science Fiction,1.0,,Weekly,Woman
6661,41.0,"133,12069602112743",Afternoon,Documentaries,Drama,0.0,Premium,Weekly,Man
6662,36.0,"147,66457292062233",Night,Documentaries,Drama,0.0,Premium,Weekly,Man
6663,57.0,"163,1818616981669",Afternoon,Anime,Horror,0.0,Premium,Weekly,Man
6664,59.0,"166,47813642952227",Night,Movies,Science Fiction,1.0,Family,Weekly,Man
6665,35.0,"147,50015548088913",Night,Anime,Science Fiction,0.0,Family,Weekly,Man
6666,66.0,"174,84424778824138",Afternoon,Movies,Science Fiction,1.0,Family,Weekly,Woman
6667,36.0,"146,74379087166488",Afternoon,Documentaries,Drama,0.0,Premium,Weekly,Woman
6668,35.0,"39,91178201899467",Night,Anime,Science Fiction,1.0,Premium,Weekly,Woman
6669,46.0,"180,8398034777776",Afternoon,Documentaries,Science Fiction,0.0,Family,Weekly,Man
6670,32.0,"159,0917854876747",Late Night,Anime,Drama,0.0,Premium,Weekly,Man
6671,55.0,"148,68083212474787",Night,Documentaries,Science Fiction,1.0,Family,Weekly,Woman
6672,59.0,"138,21602973207143",Night,Movies,Science Fiction,1.0,Family,Daily,Woman
6673,33.0,"185,29529049245977",Night,Documentaries,Drama,0.0,Premium,Weekly,Man
6674,30.0,"212,0467970737399",Afternoon,Documentaries,Drama,0.0,Family,Weekly,Man
6675,59.0,"184,2330253592366",Night,Movies,Science Fiction,1.0,Family,Daily,Woman
6676,44.0,"138,59519803242705",Night,Documentaries,Drama,1.0,Premium,Weekly,Man
6677,55.0,"190,8570662887318",Night,Movies,Science Fiction,1.0,Family,Weekly,Woman
6678,49.0,"154,55226607644803",Afternoon,Anime,Horror,0.0,Premium,Weekly,Woman
6679,35.0,nan,Night,Documentaries,Science Fiction,0.0,Family,Weekly,Man
6680,28.0,"56,905489699379736",Night,Anime,Science Fiction,1.0,Family,Weekly,Man
6681,37.0,"180,4033093021241",Afternoon,Documentaries,Science Fiction,0.0,Family,Weekly,Man
6682,38.0,nan,Afternoon,Documentaries,Drama,0.0,Premium,Weekly,Man
6683,46.0,"124,638669395967",Afternoon,Anime,Science Fiction,0.0,Premium,Weekly,Woman
6684,43.0,"139,53814497116375",Afternoon,Documentaries,Science Fiction,1.0,Family,Weekly,Man
6685,60.0,"160,1010430980003",Afternoon,Movies,Science Fiction,1.0,Family,Weekly,Man
6686,47.0,"115,26514148131116",Night,Anime,Science Fiction,0.0,Premium,Weekly,Woman
6687,50.0,"202,5469235426829",Afternoon,Documentaries,Science Fiction,0.0,Family,Weekly,Man
6688,50.0,"126,252709594512",Afternoon,Documentaries,Horror,1.0,Family,Weekly,Man
6689,40.0,"136,93133630641842",Night,Documentaries,Drama,0.0,Premium,Weekly,Woman
6690,32.0,nan,Night,Documentaries,Science Fiction,0.0,Family,Weekly,Woman
6691,41.0,"111,21365009368412",Afternoon,Anime,Science Fiction,1.0,Premium,Weekly,Woman
6692,50.0,"214,8912554904616",Night,Documentaries,Science Fiction,0.0,Family,Weekly,Woman
6693,43.0,"76,30984107658465",Night,Documentaries,Science Fiction,1.0,Premium,Weekly,Woman
6694,35.0,"167,05026660505337",Afternoon,Documentaries,Science Fiction,0.0,Family,Weekly,Woman
6695,34.0,"191,1470850019435",Night,Documentaries,Drama,0.0,Premium,Occasional,Woman
6696,56.0,"207,60646949182828",Night,Movies,Science Fiction,1.0,Family,Weekly,Man
6697,23.0,"9,966967317862268",Late Night,Anime,Drama,1.0,Premium,Weekly,Man
6698,38.0,"97,10826829301551",Afternoon,Anime,Science Fiction,0.0,Premium,Weekly,Man
6699,55.0,"180,1063755203089",Afternoon,Movies,Science Fiction,1.0,Family,Weekly,Man
6700,43.0,"112,04515741529494",Afternoon,Anime,Science Fiction,0.0,Premium,Weekly,Woman
6701,33.0,"149,6091734559822",Afternoon,Anime,Horror,0.0,Family,Weekly,Woman
6702,51.0,"224,12830166128268",Night,Movies,Horror,0.0,Family,Daily,Man
6703,44.0,"173,76086764927808",Night,Documentaries,Science Fiction,0.0,Premium,Weekly,Woman
6704,43.0,"63,82613400565929",Afternoon,Anime,Science Fiction,1.0,Premium,Weekly,Man
6705,44.0,nan,Night,Documentaries,Drama,0.0,Premium,Weekly,Man
6706,47.0,"130,660594435726",Night,Anime,Science Fiction,0.0,Family,Weekly,Woman
6707,38.0,"178,54611282036413",Afternoon,Documentaries,Drama,0.0,Premium,Weekly,Woman
6708,53.0,"168,89554131134528",Night,Movies,Science Fiction,1.0,Family,Daily,Woman
6709,61.0,"110,18212109399823",Night,Movies,Drama,1.0,Family,Weekly,Woman
6710,37.0,"68,69508145332858",Afternoon,Anime,Science Fiction,1.0,Premium,Weekly,Man
6711,55.0,"205,30174958141828",Night,Movies,Drama,1.0,Family,Weekly,Man
6712,55.0,"239,25680464047264",Night,Movies,Horror,0.0,Family,Weekly,Woman
6713,52.0,"237,3853287242136",Night,Movies,Horror,0.0,Family,Weekly,Woman
6714,48.0,"188,10373246884143",Night,Documentaries,Science Fiction,0.0,Family,Weekly,Man
6715,40.0,nan,Afternoon,Documentaries,Drama,0.0,Premium,Weekly,Woman
6716,41.0,"193,7341912728701",Afternoon,Documentaries,Science Fiction,0.0,Family,Weekly,Woman
6717,45.0,"159,8336435805657",Night,Documentaries,Drama,0.0,Family,Weekly,Woman
6718,47.0,"114,04854035557358",Night,Anime,Science Fiction,0.0,Premium,Weekly,Man
6719,36.0,"123,75563226748756",Night,Anime,Science Fiction,0.0,Family,Weekly,Woman
6720,48.0,"139,03666802013984",Afternoon,Documentaries,Horror,1.0,Family,Weekly,Man
6721,35.0,"87,77025733479469",Night,Anime,Science Fiction,0.0,Premium,Weekly,Woman
6722,55.0,"135,12172570468542",Night,Documentaries,Horror,1.0,Family,Weekly,Man
6723,30.0,"177,42184352194067",Night,Documentaries,Science Fiction,0.0,Family,Weekly,Man
6724,42.0,"155,03292277948856",Night,Documentaries,Drama,0.0,,Weekly,Woman
6725,56.0,"94,30614368566027",Night,Anime,Horror,1.0,Family,Weekly,Man
6726,37.0,"193,40003480598293",Night,Documentaries,Science Fiction,0.0,Family,Weekly,Woman
6727,48.0,"220,0030782944032",Night,Movies,Science Fiction,1.0,Family,Weekly,Man
6728,42.0,"168,958144529325",Night,Documentaries,Drama,0.0,Premium,Weekly,Man
6729,51.0,"116,54175925816271",Late Night,Documentaries,Science Fiction,1.0,,Weekly,Woman
6730,47.0,"178,33737294474716",Night,Documentaries,Science Fiction,0.0,Family,Weekly,Woman
6731,58.0,"163,46072426924113",Afternoon,Movies,Science Fiction,1.0,Family,Weekly,Woman
6732,34.0,"157,48421025735584",Afternoon,Documentaries,Drama,0.0,Premium,Weekly,Man
6733,51.0,"88,3705526917968",Afternoon,Anime,Science Fiction,0.0,Premium,Weekly,Woman
6734,61.0,"175,77108651455794",Afternoon,Movies,Science Fiction,1.0,Family,Daily,Man
6735,48.0,"161,04929069225318",Afternoon,Documentaries,Science Fiction,1.0,Family,Weekly,Man
6736,47.0,nan,Afternoon,Movies,Drama,1.0,Family,Weekly,Man
6737,39.0,"99,6443115071827",Night,Anime,Science Fiction,0.0,Premium,Weekly,Man
6738,38.0,"154,34827050686428",Afternoon,Documentaries,Drama,0.0,,Weekly,Man
6739,45.0,"181,8156612149673",Night,Movies,Science Fiction,1.0,Family,Weekly,Woman
6740,49.0,"150,22556769563474",Night,Documentaries,Horror,1.0,Family,Weekly,Woman
6741,37.0,"44,24640161043444",Night,Anime,Science Fiction,1.0,Premium,Weekly,Woman
6742,60.0,"165,35307426917868",Afternoon,Movies,Science Fiction,1.0,Family,Weekly,Man
6743,33.0,"160,83343635151695",Afternoon,Documentaries,Drama,0.0,Premium,Weekly,Man
6744,60.0,"153,9723159018436",Night,Movies,Science Fiction,1.0,Family,Weekly,Man
6745,43.0,"149,0342260862218",Afternoon,Documentaries,Science Fiction,0.0,Premium,Weekly,Woman
6746,45.0,"82,50792373096122",Night,Anime,Science Fiction,1.0,Family,Weekly,Woman
6747,56.0,"108,86282744468362",Afternoon,Movies,Science Fiction,1.0,Family,Daily,Woman
6748,43.0,"135,54427438670405",Night,Documentaries,Drama,0.0,Premium,Weekly,Man
6749,49.0,nan,Night,Documentaries,Science Fiction,1.0,Family,Weekly,Man
6750,48.0,"154,94339500365797",Afternoon,Anime,Horror,0.0,Premium,Weekly,Man
6751,36.0,"106,54749351635417",Afternoon,Anime,Science Fiction,0.0,Premium,Weekly,Woman
6752,45.0,"78,75576825288553",Night,Anime,Science Fiction,1.0,Premium,Weekly,Woman
6753,35.0,"236,5355347640529",Night,Movies,Drama,0.0,Family,Weekly,Woman
6754,35.0,"122,9197937912544",Afternoon,Anime,Science Fiction,0.0,Premium,Weekly,Man
6755,32.0,"39,70663615849972",Morning,Anime,Science Fiction,1.0,Premium,Weekly,Man
6756,41.0,"179,40766759182998",Night,Documentaries,Drama,0.0,Premium,Weekly,Woman
6757,44.0,"157,9701168035621",Night,Documentaries,Science Fiction,0.0,Family,Weekly,Man
6758,35.0,"160,2754851630937",Night,Documentaries,Science Fiction,0.0,Family,Weekly,Woman
6759,42.0,"138,37769344460878",Afternoon,Anime,Horror,0.0,Premium,Occasional,Woman
6760,47.0,"193,74733475499988",Night,Documentaries,Science Fiction,0.0,Family,Weekly,Man
6761,43.0,"148,8141181515928",Night,Documentaries,Drama,0.0,Premium,Weekly,Man
6762,54.0,"139,96823493816626",Afternoon,Documentaries,Science Fiction,1.0,Family,Weekly,Man
6763,37.0,"142,17675580211525",Afternoon,Documentaries,Science Fiction,0.0,,Weekly,Man
6764,50.0,"223,5304092667154",Night,Series,Drama,1.0,Student,Daily,Man
6765,35.0,"102,23389023789028",Afternoon,Anime,Science Fiction,0.0,Premium,Weekly,Woman
6766,59.0,"172,19075666901944",Night,Movies,Science Fiction,1.0,Family,Weekly,Woman
6767,41.0,"147,86052910967814",Night,Documentaries,Science Fiction,1.0,Family,Weekly,Man
6768,40.0,"214,8740270757944",Night,Documentaries,Science Fiction,0.0,Family,Weekly,Woman
6769,40.0,"80,95527373538988",Afternoon,Anime,Horror,1.0,Family,Weekly,Woman
6770,38.0,"93,0738326290652",Afternoon,Anime,Science Fiction,1.0,Premium,Weekly,Man
6771,26.0,"37,58910055452024",Afternoon,Anime,Science Fiction,1.0,Premium,Weekly,Woman
6772,43.0,"224,3055473575821",Night,Documentaries,Drama,0.0,Family,Weekly,Woman
6773,55.0,"210,50098616648336",Night,Movies,Science Fiction,1.0,Family,Weekly,Man
6774,40.0,nan,Late Night,Documentaries,Horror,1.0,Family,Weekly,Woman
6775,39.0,"177,49271891549597",Afternoon,Documentaries,Science Fiction,0.0,Family,Weekly,Woman
6776,42.0,"122,67976677303474",Night,Documentaries,Drama,1.0,Premium,Weekly,Woman
6777,63.0,"185,62806157785803",Afternoon,Movies,Science Fiction,1.0,Family,Daily,Woman
6778,60.0,nan,Afternoon,Movies,Science Fiction,1.0,Family,Weekly,Man
6779,69.0,"112,20027418943206",Afternoon,Movies,Science Fiction,1.0,Student,Weekly,Man
6780,60.0,"215,41542115456787",Afternoon,Movies,Science Fiction,1.0,Family,Daily,Woman
6781,25.0,"144,20500470279043",Night,Anime,Horror,0.0,Premium,Weekly,Woman
6782,49.0,"113,98035067571897",Afternoon,Documentaries,Science Fiction,1.0,Family,Weekly,Man
6783,53.0,"145,55086290044966",Afternoon,Documentaries,Horror,1.0,Family,Weekly,Woman
6784,34.0,"178,7108896412397",Night,Anime,Drama,0.0,Premium,Weekly,Man
6785,43.0,"102,3906045081892",Night,Anime,Science Fiction,1.0,Premium,Weekly,Woman
6786,35.0,"156,9477402675684",Night,Documentaries,Drama,0.0,Premium,Weekly,Man
6787,27.0,nan,Afternoon,Anime,Science Fiction,0.0,Premium,Weekly,Man
6788,58.0,"182,3556575447194",Afternoon,Movies,Science Fiction,1.0,Family,Weekly,Woman
6789,41.0,"177,13478496100504",Afternoon,Documentaries,Science Fiction,0.0,,Weekly,Woman
6790,58.0,"194,83161655220428",Night,Movies,Horror,1.0,Family,Weekly,Woman
6791,52.0,"130,0964677587898",Afternoon,Documentaries,Science Fiction,1.0,Family,Weekly,Man
6792,42.0,"197,99993884082696",Afternoon,Documentaries,Drama,0.0,Family,Weekly,Man
6793,40.0,"115,89552495373724",Afternoon,Documentaries,Science Fiction,1.0,Family,Weekly,Man
6794,35.0,"179,2256174661362",Night,Documentaries,Science Fiction,0.0,Family,Weekly,Man
6795,37.0,"67,75870245867611",Night,Anime,Science Fiction,1.0,Premium,Weekly,Woman
6796,40.0,"189,55908699529016",Night,Anime,Horror,0.0,Family,Weekly,Woman
6797,57.0,"178,3071658445015",Afternoon,Movies,Horror,1.0,Family,Weekly,Woman
6798,49.0,"161,87564074581198",Night,Documentaries,Science Fiction,1.0,Family,Weekly,Woman
6799,48.0,"194,2946835647643",Afternoon,Documentaries,Science Fiction,0.0,Family,Weekly,Man
6800,56.0,nan,Night,Movies,Horror,1.0,Family,Daily,Man
6801,52.0,"87,13171810991774",Night,Documentaries,Science Fiction,1.0,,Weekly,Woman
6802,41.0,"208,1562628679288",Afternoon,Movies,Science Fiction,1.0,Family,Daily,Woman
6803,42.0,"141,6749348464542",Night,Documentaries,Drama,0.0,Premium,Weekly,Man
6804,55.0,"135,5709604056208",Afternoon,Documentaries,Science Fiction,1.0,Family,Weekly,Man
6805,36.0,"70,23671908003833",Night,Anime,Science Fiction,1.0,Premium,Weekly,Woman
6806,37.0,"163,23760996838712",Afternoon,Documentaries,Drama,0.0,Premium,Weekly,Man
6807,44.0,"227,29022274970217",Night,Documentaries,Science Fiction,0.0,Family,Weekly,Man
6808,53.0,"121,6966565828645",Afternoon,Anime,Science Fiction,1.0,Premium,Weekly,Woman
6809,29.0,"179,28511015621083",Afternoon,Anime,Science Fiction,0.0,Premium,Weekly,Man
6810,61.0,"178,0528626685743",Night,Movies,Science Fiction,1.0,Family,Weekly,Man
6811,45.0,"103,07393205802846",Night,Anime,Science Fiction,1.0,Family,Occasional,Man
6812,55.0,"156,4062668192915",Afternoon,Movies,Science Fiction,1.0,Family,Weekly,Man
6813,64.0,"224,3210228145277",Night,Movies,Science Fiction,1.0,Family,Weekly,Woman
6814,47.0,"189,93513072660764",Afternoon,Documentaries,Science Fiction,0.0,Family,Weekly,Woman
6815,56.0,"177,52294342442562",Afternoon,Movies,Science Fiction,1.0,Family,Weekly,Woman
6816,42.0,"172,37347761522358",Night,Documentaries,Science Fiction,1.0,Family,Weekly,Woman
6817,36.0,"166,41516261683068",Afternoon,Anime,Drama,0.0,Premium,Occasional,Man
6818,35.0,"164,66284245263589",Night,Documentaries,Drama,0.0,Premium,Weekly,Woman
6819,52.0,"135,53114179763",Night,Documentaries,Science Fiction,1.0,Family,Weekly,Woman
6820,49.0,"182,83638398647415",Night,Documentaries,Horror,1.0,Family,Weekly,Man
6821,47.0,"124,8082208288086",Night,Documentaries,Horror,1.0,,Weekly,Woman
6822,32.0,"152,82917333122165",Afternoon,Anime,Drama,0.0,Premium,Weekly,Man
6823,45.0,"199,115770828718",Night,Movies,Drama,0.0,Family,Weekly,Woman
6824,40.0,"74,26550999491427",Afternoon,Anime,Science Fiction,1.0,Premium,Weekly,Woman
6825,39.0,nan,Night,Anime,Science Fiction,0.0,Family,Weekly,Man
6826,54.0,"164,14139277218734",Night,Documentaries,Science Fiction,1.0,Family,Weekly,Man
6827,43.0,"80,65760539425678",Afternoon,Documentaries,Science Fiction,1.0,Family,Weekly,Woman
6828,47.0,"118,78499260158551",Afternoon,Anime,Horror,1.0,Family,Weekly,Woman
6829,67.0,"169,6216974676463",Night,Movies,Science Fiction,1.0,Family,Weekly,Man
6830,49.0,"88,91486276482179",Night,Anime,Science Fiction,1.0,Family,Weekly,Woman
6831,45.0,"150,94910365907128",Night,Documentaries,Drama,1.0,Premium,Weekly,Man
6832,43.0,"158,14634879092284",Night,Documentaries,Drama,0.0,,Weekly,Man
6833,28.0,"62,75669676625319",Afternoon,Anime,Science Fiction,1.0,Family,Weekly,Man
6834,31.0,"196,51468653394107",Afternoon,Documentaries,Science Fiction,0.0,Family,Weekly,Woman
6835,39.0,"150,86865926716942",Night,Documentaries,Science Fiction,1.0,Family,Weekly,Woman
6836,42.0,"184,8559982736503",Night,Movies,Science Fiction,1.0,Family,Weekly,Woman
6837,33.0,"152,42068370242177",Afternoon,Documentaries,Drama,0.0,Premium,Weekly,Man
6838,39.0,"158,27346726799743",Night,Documentaries,Drama,0.0,Premium,Weekly,Man
6839,54.0,"152,00542252882772",Night,Documentaries,Horror,1.0,Family,Weekly,Woman
6840,37.0,"189,30294445684476",Night,Anime,Horror,0.0,Family,Occasional,Man
6841,42.0,"140,07486305516468",Night,Documentaries,Science Fiction,1.0,Family,Weekly,Woman
6842,47.0,"189,6123403277202",Night,Documentaries,Science Fiction,0.0,Family,Weekly,Man
6843,60.0,"207,72530256922596",Night,Movies,Science Fiction,1.0,Family,Weekly,Woman
6844,49.0,"112,77036311608552",Afternoon,Documentaries,Science Fiction,1.0,Family,Weekly,Man
6845,58.0,"225,23391232035652",Afternoon,Movies,Science Fiction,1.0,,Weekly,Man
6846,44.0,"132,83582747787315",Afternoon,Documentaries,Drama,0.0,Premium,Weekly,Man
6847,43.0,"140,55353760954912",Night,Movies,Science Fiction,1.0,Family,Weekly,Man
6848,46.0,"80,68083686610878",Afternoon,Documentaries,Science Fiction,1.0,Family,Weekly,Woman
6849,37.0,"94,61187402718993",Night,Anime,Science Fiction,0.0,Premium,Weekly,Man
6850,38.0,"200,73281534743757",Afternoon,Movies,Drama,1.0,Family,Weekly,Woman
6851,40.0,"161,89180938677393",Afternoon,Anime,Horror,0.0,,Weekly,Woman
6852,54.0,"212,5136463171372",Afternoon,Movies,Science Fiction,1.0,Family,Weekly,Man
6853,37.0,"88,49347697715982",Afternoon,Anime,Science Fiction,1.0,Premium,Weekly,Man
6854,39.0,"173,90493263517365",Afternoon,Documentaries,Science Fiction,1.0,Family,Weekly,Woman
6855,45.0,"160,7834859602033",Night,Documentaries,Drama,0.0,Premium,Weekly,Woman
6856,61.0,"159,6941433988633",Night,Movies,Science Fiction,1.0,Family,Weekly,Man
6857,37.0,"147,2062046726697",Night,Documentaries,Drama,0.0,Premium,Weekly,Man
6858,46.0,"88,97944503335222",Night,Anime,Science Fiction,0.0,,Weekly,Man
6859,56.0,"150,7071813114051",Night,Documentaries,Horror,1.0,Family,Weekly,Man
6860,27.0,"100,68972735875566",Afternoon,Anime,Science Fiction,0.0,Premium,Weekly,Woman
6861,27.0,"54,92000476340786",Night,Anime,Science Fiction,1.0,Premium,Weekly,Woman
6862,39.0,"106,21195067130036",Afternoon,Reality Shows,Horror,0.0,Premium,Occasional,Woman
6863,56.0,"138,2244857347007",Afternoon,Movies,Science Fiction,1.0,Family,Daily,Woman
6864,47.0,"79,53385046083889",Afternoon,Documentaries,Science Fiction,1.0,Family,Weekly,Man
6865,49.0,"78,79319732862123",Afternoon,Documentaries,Science Fiction,1.0,Premium,Daily,Woman
6866,52.0,"115,4384731182751",Night,Anime,Science Fiction,0.0,,Weekly,Woman
6867,41.0,"164,48925128353514",Night,Documentaries,Science Fiction,0.0,Premium,Weekly,Man
6868,41.0,"54,14949917885538",Night,Documentaries,Science Fiction,1.0,Premium,Weekly,Woman
6869,39.0,"155,59189076659786",Afternoon,Documentaries,Science Fiction,1.0,Family,Weekly,Man
6870,38.0,"152,18509493927746",Afternoon,Documentaries,Science Fiction,1.0,Family,Weekly,Woman
6871,52.0,"79,77025994368928",Night,Documentaries,Science Fiction,1.0,Premium,Daily,Woman
6872,37.0,"180,39675073070492",Night,Anime,Science Fiction,0.0,Family,Weekly,Woman
6873,45.0,"178,97768707963274",Night,Documentaries,Drama,0.0,Family,Weekly,Woman
6874,51.0,"99,9482137562236",Afternoon,Documentaries,Science Fiction,1.0,Family,Daily,Woman
6875,52.0,"121,4059041815388",Night,Documentaries,Science Fiction,1.0,Family,Weekly,Man
6876,33.0,"62,44158559091383",Morning,Anime,Science Fiction,1.0,Family,Weekly,Woman
6877,32.0,"182,67933819100804",Night,Documentaries,Drama,0.0,Premium,Weekly,Woman
6878,39.0,"228,17377923740685",Night,Movies,Drama,0.0,Family,Weekly,Man
6879,30.0,"78,30964612197903",Afternoon,Documentaries,Science Fiction,1.0,Family,Weekly,Woman
6880,57.0,"110,54298615811248",Night,Movies,Science Fiction,1.0,Family,Daily,Woman
6881,70.0,nan,Night,Movies,Science Fiction,1.0,Family,Weekly,Man
6882,43.0,"77,29538916622177",Night,Documentaries,Science Fiction,1.0,Premium,Weekly,Woman
6883,43.0,"184,81408901687047",Afternoon,Documentaries,Science Fiction,0.0,Family,Weekly,Woman
6884,54.0,"123,9424077060574",Night,Anime,Science Fiction,0.0,Premium,Weekly,Man
6885,56.0,"109,1611427414475",Night,Movies,Science Fiction,1.0,Premium,Daily,Woman
6886,42.0,"73,57414706018977",Afternoon,Anime,Science Fiction,1.0,Premium,Weekly,Woman
6887,43.0,"160,4681501938582",Afternoon,Documentaries,Drama,1.0,Family,Weekly,Woman
6888,40.0,nan,Afternoon,Documentaries,Drama,0.0,Premium,Weekly,Man
6889,38.0,"148,9400748559663",Night,Anime,Horror,0.0,Family,Weekly,Man
6890,57.0,"166,40704026461466",Night,Movies,Horror,1.0,Family,Daily,Man
6891,43.0,"101,8039147489959",Afternoon,Anime,Science Fiction,1.0,Premium,Weekly,Man
6892,26.0,"51,1457076457209",Afternoon,Anime,Science Fiction,1.0,Premium,Weekly,Woman
6893,34.0,"201,4861912499016",Night,Documentaries,Science Fiction,0.0,Family,Weekly,Man
6894,55.0,"147,80151803573338",Night,Movies,Science Fiction,1.0,Family,Daily,Woman
6895,70.0,"107,10415595660152",Afternoon,Documentaries,Horror,1.0,Premium,Weekly,Man
6896,48.0,"93,84891050808606",Night,Documentaries,Horror,1.0,Family,Weekly,Man
6897,36.0,"153,82785585969515",Night,Anime,Horror,0.0,Premium,Weekly,Woman
6898,33.0,nan,Night,Documentaries,Drama,0.0,Premium,Weekly,Man
6899,59.0,"219,25774096350605",Late Night,Movies,Science Fiction,1.0,Family,Weekly,Woman
6900,40.0,"160,22274876250225",Afternoon,Documentaries,Drama,0.0,Premium,Occasional,Man
6901,37.0,"168,88396998990913",Afternoon,Documentaries,Science Fiction,0.0,,Weekly,Woman
6902,57.0,"179,52139799392543",Afternoon,Documentaries,Horror,1.0,Family,Weekly,Woman
6903,54.0,"109,20262579314426",Afternoon,Documentaries,Science Fiction,1.0,Family,Weekly,Woman
6904,44.0,nan,Afternoon,Anime,Science Fiction,0.0,Premium,Weekly,Woman
6905,36.0,"189,87330766657968",Afternoon,Documentaries,Drama,0.0,Premium,Weekly,Man
6906,40.0,"152,7750195004919",Night,Documentaries,Drama,0.0,Premium,Weekly,Woman
6907,50.0,nan,Night,Documentaries,Science Fiction,1.0,Family,Weekly,Man
6908,58.0,"194,076187420176",Night,Movies,Horror,1.0,Family,Weekly,Woman
6909,57.0,"189,0486169919648",Afternoon,Movies,Science Fiction,1.0,,Weekly,Man
6910,37.0,"110,90242550740724",Afternoon,Anime,Science Fiction,0.0,Premium,Weekly,Man
6911,28.0,"193,2282634942403",Night,Movies,Drama,0.0,Family,Weekly,Woman
6912,31.0,"133,35182007260389",Afternoon,Anime,Science Fiction,0.0,Premium,Weekly,Woman
6913,47.0,"72,47627354297835",Afternoon,Anime,Science Fiction,1.0,Family,Weekly,Woman
6914,41.0,"130,08971544280607",Night,Documentaries,Drama,0.0,Premium,Weekly,Man
6915,42.0,"162,66661004720964",Afternoon,Documentaries,Drama,0.0,Premium,Weekly,Man
6916,55.0,"160,81859418575772",Afternoon,Documentaries,Science Fiction,1.0,Family,Weekly,Man
6917,51.0,"129,34932769351988",Afternoon,Anime,Science Fiction,0.0,Premium,Weekly,Woman
6918,43.0,"186,98162139387884",Night,Documentaries,Drama,0.0,Family,Weekly,Man
6919,41.0,"162,90158909686355",Afternoon,Documentaries,Science Fiction,0.0,Premium,Weekly,Woman
6920,46.0,"146,55049147104566",Night,Documentaries,Horror,1.0,Family,Weekly,Woman
6921,40.0,"104,64946582393844",Night,Anime,Science Fiction,1.0,Premium,Weekly,Man
6922,45.0,nan,Night,Documentaries,Horror,0.0,Premium,Weekly,Man
6923,61.0,"157,95708203124016",Night,Movies,Drama,1.0,Family,Weekly,Woman
6924,55.0,"157,592367115322",Night,Movies,Science Fiction,1.0,Family,Daily,Man
6925,40.0,"65,98744767464297",Night,Anime,Science Fiction,1.0,Premium,Weekly,Woman
6926,36.0,"109,05751958716564",Afternoon,Anime,Science Fiction,0.0,Premium,Weekly,Woman
6927,52.0,"186,43977027822376",Afternoon,Movies,Drama,1.0,Family,Weekly,Woman
6928,41.0,"90,4412355516639",Afternoon,Documentaries,Science Fiction,1.0,Family,Weekly,Woman
6929,33.0,nan,Night,Anime,Science Fiction,1.0,Family,Weekly,Woman
6930,36.0,"120,32303747542208",Afternoon,Anime,Science Fiction,0.0,Premium,Weekly,Woman
6931,44.0,"194,86229991565895",Night,Documentaries,Science Fiction,0.0,Family,Weekly,Man
6932,49.0,"142,697694816612",Night,Documentaries,Science Fiction,1.0,Family,Weekly,Woman
6933,46.0,"169,54105588111622",Afternoon,Documentaries,Science Fiction,0.0,Family,Weekly,Man
6934,64.0,"149,43084126034344",Night,Movies,Science Fiction,1.0,Family,Weekly,Woman
6935,51.0,"168,19579113109262",Night,Documentaries,Science Fiction,1.0,Family,Weekly,Man
6936,63.0,"185,53654337276035",Night,Movies,Horror,1.0,Family,Weekly,Man
6937,36.0,"63,47463450592908",Afternoon,Anime,Science Fiction,1.0,Family,Weekly,Man
6938,37.0,"102,01021971495128",Afternoon,Anime,Science Fiction,1.0,Family,Weekly,Man
6939,48.0,"113,8551509838718",Night,Anime,Horror,1.0,Family,Weekly,Man
6940,35.0,"218,2191010213839",Night,Documentaries,Drama,0.0,Family,Weekly,Man
6941,40.0,"146,17006942325312",Afternoon,Anime,Horror,0.0,Family,Weekly,Man
6942,36.0,"132,36401853982264",Night,Documentaries,Science Fiction,1.0,Family,Weekly,Woman
6943,40.0,"183,84179121119456",Afternoon,Documentaries,Science Fiction,0.0,Family,Weekly,Woman
6944,43.0,nan,Night,Documentaries,Drama,1.0,Premium,Weekly,Woman
6945,33.0,"253,52257545819185",Night,Documentaries,Drama,0.0,Family,Weekly,Woman
6946,31.0,"177,06104280434766",Afternoon,Documentaries,Science Fiction,0.0,Family,Weekly,Woman
6947,37.0,"100,95752132850212",Afternoon,Documentaries,Science Fiction,1.0,Family,Weekly,Woman
6948,33.0,"158,40359251151875",Afternoon,Documentaries,Drama,0.0,Premium,Weekly,Man
6949,39.0,"191,34177103673184",Night,Documentaries,Science Fiction,0.0,,Weekly,Man
6950,53.0,nan,Afternoon,Documentaries,Science Fiction,1.0,Family,Daily,Man
6951,43.0,"137,07432360510325",Night,Documentaries,Drama,0.0,Premium,Weekly,Woman
6952,35.0,"192,8992927834946",Afternoon,Documentaries,Science Fiction,0.0,Family,Weekly,Woman
6953,40.0,"128,4106553134397",Night,Documentaries,Science Fiction,1.0,Family,Weekly,Woman
6954,43.0,"191,36120045538857",Morning,Documentaries,Drama,0.0,Premium,Weekly,Woman
6955,39.0,"161,3249357023444",Night,Documentaries,Science Fiction,0.0,Family,Weekly,Man
6956,70.0,nan,Afternoon,Movies,Science Fiction,1.0,Family,Weekly,Woman
6957,22.0,"217,71416527504348",Afternoon,Movies,Science Fiction,0.0,,Weekly,Woman
6958,50.0,"160,05501871176182",Night,Anime,Horror,0.0,Premium,Weekly,Man
6959,38.0,"149,97813310640842",Afternoon,Documentaries,Drama,0.0,Premium,Weekly,Woman
6960,53.0,"146,7460068319671",Night,Documentaries,Science Fiction,1.0,Family,Weekly,Man
6961,36.0,"116,94591939330545",Night,Anime,Science Fiction,1.0,Family,Weekly,Woman
6962,55.0,"180,51508549304108",Afternoon,Movies,Science Fiction,1.0,Family,Weekly,Woman
6963,44.0,nan,Afternoon,Documentaries,Drama,0.0,Premium,Weekly,Woman
6964,43.0,"210,83355860974973",Night,Documentaries,Science Fiction,0.0,Family,Weekly,Woman
6965,36.0,"192,72129438940885",Night,Documentaries,Science Fiction,1.0,Family,Weekly,Man
6966,55.0,"231,6717932114644",Night,Movies,Science Fiction,0.0,Family,Weekly,Woman
6967,42.0,"155,01235784410656",Afternoon,Documentaries,Science Fiction,0.0,Premium,Weekly,Man
6968,52.0,"146,6210686734331",Afternoon,Movies,Horror,1.0,Family,Daily,Man
6969,53.0,"208,26145336382248",Afternoon,Documentaries,Science Fiction,0.0,Family,Weekly,Woman
6970,43.0,"174,50821962828343",Afternoon,Documentaries,Science Fiction,0.0,Premium,Weekly,Woman
6971,39.0,nan,Night,Anime,Drama,0.0,Premium,Weekly,Woman
6972,40.0,"140,23617813203418",Night,Documentaries,Horror,1.0,Family,Weekly,Woman
6973,53.0,"193,44541333973456",Afternoon,Documentaries,Horror,1.0,Family,Weekly,Man
6974,40.0,"147,7197906991827",Night,Documentaries,Science Fiction,0.0,,Weekly,Woman
6975,31.0,"96,33369099038666",Night,Anime,Science Fiction,1.0,Premium,Weekly,Woman
6976,49.0,"154,3016050700961",Night,Documentaries,Science Fiction,1.0,Family,Weekly,Man
6977,36.0,"99,8525136617416",Afternoon,Anime,Science Fiction,1.0,Family,Weekly,Man
6978,36.0,"67,43338422635014",Night,Anime,Science Fiction,1.0,Premium,Weekly,Woman
6979,46.0,"123,05088283813784",Night,Anime,Science Fiction,0.0,Premium,Weekly,Woman
6980,56.0,"159,29111437244194",Afternoon,Documentaries,Science Fiction,1.0,Family,Weekly,Woman
6981,55.0,"93,81677361207764",Night,Documentaries,Science Fiction,1.0,Premium,Weekly,Woman
6982,45.0,"144,24952912707897",Night,Documentaries,Drama,1.0,Family,Weekly,Man
6983,33.0,"131,789251891421",Night,Documentaries,Horror,1.0,Family,Weekly,Man
6984,54.0,"150,77191475685373",Night,Documentaries,Science Fiction,1.0,Family,Weekly,Woman
6985,42.0,"158,43933962090657",Afternoon,Documentaries,Drama,0.0,Premium,Weekly,Woman
6986,45.0,"137,9936240396123",Afternoon,Documentaries,Drama,0.0,,Weekly,Woman
6987,36.0,nan,Night,Documentaries,Science Fiction,0.0,Family,Weekly,Woman
6988,49.0,"181,24290612413915",Afternoon,Documentaries,Science Fiction,1.0,Family,Weekly,Woman
6989,51.0,"157,8019653785811",Afternoon,Anime,Horror,0.0,Family,Weekly,Man
6990,58.0,"171,98246573813248",Afternoon,Anime,Horror,0.0,Premium,Weekly,Man
6991,37.0,"153,8055920174544",Night,Anime,Science Fiction,0.0,Premium,Weekly,Man
6992,38.0,"169,16850876361588",Afternoon,Documentaries,Drama,0.0,Premium,Weekly,Man
6993,62.0,"240,0026219095264",Night,Movies,Science Fiction,1.0,Family,Weekly,Woman
6994,38.0,"146,13699273215323",Afternoon,Documentaries,Drama,0.0,Premium,Weekly,Man
6995,60.0,"179,10264762340765",Night,Movies,Science Fiction,1.0,Family,Weekly,Man
6996,45.0,"162,3820614980127",Night,Documentaries,Science Fiction,0.0,Premium,Weekly,Man
6997,47.0,"106,4123347453806",Night,Documentaries,Science Fiction,1.0,Family,Weekly,Woman
6998,53.0,"181,17614065797477",Afternoon,Documentaries,Horror,1.0,Family,Weekly,Woman
6999,32.0,"196,54599040735604",Night,Documentaries,Science Fiction,0.0,Family,Weekly,Woman
7000,41.0,"152,0294044912888",Afternoon,Documentaries,Drama,0.0,Premium,Weekly,Man
7001,31.0,"198,8215220374953",Afternoon,Documentaries,Science Fiction,0.0,Family,Weekly,Man
7002,48.0,"108,85661095104436",Afternoon,Anime,Science Fiction,0.0,Premium,Weekly,Woman
7003,55.0,"184,12926598546932",Afternoon,Movies,Science Fiction,1.0,Family,Weekly,Man
7004,49.0,"127,27992232748704",Night,Anime,Science Fiction,0.0,Premium,Weekly,Man
7005,39.0,nan,Night,Documentaries,Science Fiction,0.0,Family,Weekly,Man
7006,59.0,nan,Night,Movies,Science Fiction,1.0,Family,Weekly,Woman
7007,46.0,"186,86013994636932",Night,Documentaries,Science Fiction,0.0,Family,Weekly,Man
7008,41.0,"192,58169792401003",Night,Documentaries,Science Fiction,0.0,Premium,Weekly,Man
7009,45.0,"143,80279416047472",Night,Documentaries,Drama,0.0,Premium,Weekly,Man
7010,39.0,"175,5658266934177",Afternoon,Documentaries,Drama,0.0,Premium,Weekly,Woman
7011,43.0,"148,98581500578058",Night,Documentaries,Science Fiction,1.0,Family,Weekly,Woman
7012,42.0,"145,7491017640397",Afternoon,Documentaries,Drama,0.0,Premium,Weekly,Woman
7013,41.0,"139,5505023458545",Afternoon,Anime,Horror,0.0,Family,Weekly,Man
7014,36.0,"235,9210507153903",Night,Movies,Drama,0.0,Family,Weekly,Woman
7015,57.0,"118,26105665218172",Night,Documentaries,Horror,1.0,Family,Weekly,Woman
7016,52.0,"197,65243265727537",Night,Documentaries,Science Fiction,1.0,Family,Weekly,Woman
7017,54.0,"147,82663040698048",Night,Movies,Horror,1.0,Student,Weekly,Woman
7018,57.0,"248,8172286432609",Night,Movies,Science Fiction,0.0,Family,Weekly,Man
7019,42.0,"189,80549031264573",Night,Documentaries,Science Fiction,0.0,Premium,Weekly,Woman
7020,37.0,"154,92515037751713",Night,Documentaries,Science Fiction,0.0,Family,Weekly,Man
7021,43.0,"106,20713512259692",Afternoon,Documentaries,Science Fiction,1.0,Premium,Weekly,Man
7022,42.0,"177,58046133091491",Afternoon,Movies,Science Fiction,1.0,Family,Weekly,Woman
7023,51.0,"125,8133744294816",Afternoon,Documentaries,Horror,1.0,Family,Weekly,Woman
7024,48.0,"144,20691953550357",Night,Anime,Horror,0.0,Premium,Weekly,Woman
7025,39.0,"165,05271469344046",Night,Anime,Science Fiction,0.0,Premium,Occasional,Woman
7026,33.0,"168,99662558348302",Night,Documentaries,Drama,0.0,Premium,Weekly,Woman
7027,37.0,"194,40769093824653",Afternoon,Documentaries,Drama,0.0,Premium,Weekly,Woman
7028,33.0,"182,6981906080472",Afternoon,Documentaries,Drama,0.0,Premium,Weekly,Woman
7029,61.0,"94,7982114138842",Afternoon,Movies,Science Fiction,1.0,Family,Daily,Woman
7030,46.0,nan,Afternoon,Documentaries,Science Fiction,0.0,Family,Weekly,Woman
7031,37.0,"94,6280087611084",Afternoon,Anime,Science Fiction,0.0,Premium,Weekly,Man
7032,53.0,"151,6951267068363",Afternoon,Movies,Science Fiction,1.0,Premium,Daily,Man
7033,53.0,"114,98748143988789",Night,Documentaries,Horror,1.0,Family,Weekly,Woman
7034,44.0,"182,9862083881442",Night,Documentaries,Science Fiction,0.0,Family,Weekly,Man
7035,36.0,"132,68841464354378",Afternoon,Documentaries,Drama,0.0,Premium,Weekly,Woman
7036,58.0,"179,26721972029694",Afternoon,Movies,Science Fiction,1.0,Family,Daily,Woman
7037,64.0,"187,00512070164837",Afternoon,Movies,Science Fiction,1.0,Family,Weekly,Man
7038,31.0,"30,534080587479032",Afternoon,Anime,Science Fiction,1.0,Premium,Weekly,Man
7039,45.0,"148,08781634523447",Afternoon,Documentaries,Science Fiction,1.0,Family,Weekly,Man
7040,59.0,"251,3197003236371",Afternoon,Movies,Science Fiction,0.0,Family,Weekly,Man
7041,57.0,"156,5088854145475",Afternoon,Movies,Science Fiction,1.0,Family,Weekly,Man
7042,41.0,"173,15598438523978",Afternoon,Documentaries,Science Fiction,0.0,Premium,Weekly,Man
7043,37.0,"114,87387950973346",Afternoon,Anime,Science Fiction,0.0,Premium,Weekly,Woman
7044,64.0,"131,95049570333347",Night,Movies,Science Fiction,1.0,Family,Daily,Man
7045,41.0,"97,6085480876634",Afternoon,Documentaries,Science Fiction,1.0,Family,Weekly,Woman
7046,43.0,"149,16663906833145",Night,Documentaries,Drama,0.0,Premium,Occasional,Woman
7047,62.0,"248,1820637637159",Night,Movies,Science Fiction,1.0,Family,Weekly,Man
7048,21.0,"88,15861904539986",Afternoon,Anime,Science Fiction,1.0,Family,Weekly,Woman
7049,43.0,"171,1616557842296",Night,Documentaries,Science Fiction,0.0,Family,Weekly,Man
7050,43.0,"218,66915376125377",Night,Documentaries,Science Fiction,0.0,Family,Weekly,Woman
7051,39.0,"148,57702582075663",Afternoon,Documentaries,Drama,0.0,Premium,Weekly,Man
7052,42.0,"177,8783567221943",Afternoon,Movies,Drama,1.0,Family,Weekly,Woman
7053,32.0,"121,32825047648863",Late Night,Anime,Science Fiction,0.0,Premium,Weekly,Woman
7054,34.0,"137,3664762225301",Afternoon,Anime,Drama,0.0,Premium,Weekly,Man
7055,42.0,"184,77619716407528",Night,Documentaries,Science Fiction,0.0,Family,Weekly,Woman
7056,48.0,"121,58610621476986",Night,Anime,Science Fiction,0.0,Premium,Weekly,Woman
7057,38.0,"122,23770206537074",Night,Anime,Science Fiction,0.0,Premium,Weekly,Man
7058,45.0,"78,96909748926304",Night,Documentaries,Science Fiction,1.0,Premium,Weekly,Man
7059,38.0,"75,64490434076427",Morning,Anime,Science Fiction,1.0,Premium,Weekly,Man
7060,58.0,"194,01850560072077",Night,Documentaries,Horror,1.0,Family,Weekly,Woman
7061,29.0,"60,37857754287615",Afternoon,Anime,Science Fiction,0.0,Premium,Weekly,Man
7062,49.0,"155,65937304948537",Night,Documentaries,Horror,1.0,Family,Weekly,Man
7063,38.0,nan,Afternoon,Documentaries,Drama,0.0,Premium,Weekly,Woman
7064,37.0,"97,20317703720568",Night,Anime,Science Fiction,1.0,Premium,Weekly,Man
7065,57.0,"110,75292001550471",Night,Documentaries,Horror,1.0,Family,Weekly,Woman
7066,36.0,"86,14460789328501",Night,Documentaries,Science Fiction,1.0,Family,Weekly,Woman
7067,32.0,"194,0942180760873",Night,Documentaries,Drama,0.0,Premium,Occasional,Woman
7068,39.0,"186,1152641635699",Night,Documentaries,Drama,0.0,Premium,Occasional,Man
7069,31.0,"188,4572555590913",Afternoon,Documentaries,Drama,0.0,Premium,Weekly,Woman
7070,53.0,"170,37251522742747",Afternoon,Documentaries,Horror,1.0,Family,Weekly,Man
7071,42.0,"121,83829044439294",Night,Documentaries,Drama,0.0,Premium,Weekly,Woman
7072,51.0,"248,0750434619657",Night,Movies,Science Fiction,0.0,Family,Weekly,Man
7073,49.0,"192,53226477202685",Night,Documentaries,Horror,1.0,Family,Weekly,Woman
7074,37.0,"182,6103171919573",Afternoon,Anime,Science Fiction,0.0,Family,Occasional,Woman
7075,42.0,"170,4118366799236",Afternoon,Documentaries,Science Fiction,0.0,Family,Weekly,Man
7076,51.0,"120,06420645383204",Afternoon,Documentaries,Science Fiction,1.0,Family,Daily,Man
7077,36.0,"148,20434115868773",Afternoon,Documentaries,Drama,0.0,Premium,Weekly,Woman
7078,36.0,"190,27766737837865",Night,Documentaries,Drama,0.0,Premium,Weekly,Man
7079,44.0,"164,20355668726293",Night,Documentaries,Science Fiction,0.0,Premium,Weekly,Man
7080,64.0,"198,495264635607",Night,Movies,Drama,1.0,Family,Weekly,Woman
7081,50.0,"186,6951822589635",Night,Documentaries,Science Fiction,0.0,Family,Weekly,Woman
7082,52.0,"113,20830471918856",Night,Documentaries,Horror,1.0,Family,Weekly,Man
7083,44.0,"236,5448026988288",Night,Documentaries,Science Fiction,0.0,Family,Weekly,Woman
7084,42.0,"56,75729103203885",Night,Anime,Science Fiction,1.0,Premium,Weekly,Man
7085,40.0,"97,83152403946058",Morning,Documentaries,Science Fiction,1.0,Premium,Weekly,Man
7086,45.0,nan,Night,Documentaries,Drama,0.0,Premium,Weekly,Man
7087,35.0,"204,97247260557748",Afternoon,Movies,Science Fiction,1.0,Family,Weekly,Man
7088,39.0,"191,5232084868131",Afternoon,Documentaries,Drama,0.0,,Weekly,Man
7089,31.0,"205,04796128314536",Afternoon,Documentaries,Drama,0.0,Premium,Weekly,Woman
7090,46.0,"145,6207415420969",Night,Documentaries,Science Fiction,1.0,Family,Weekly,Woman
7091,42.0,nan,Night,Documentaries,Drama,0.0,Premium,Weekly,Man
7092,35.0,"180,8720654114856",Afternoon,Documentaries,Science Fiction,0.0,Premium,Weekly,Woman
7093,40.0,"127,81519088150688",Night,Anime,Science Fiction,0.0,Premium,Weekly,Man
7094,46.0,"146,72673015030213",Night,Documentaries,Horror,0.0,Premium,Weekly,Man
7095,38.0,"157,42608109579814",Afternoon,Documentaries,Science Fiction,0.0,Family,Weekly,Woman
7096,40.0,"66,27703939273086",Night,Documentaries,Science Fiction,1.0,Family,Weekly,Man
7097,38.0,"167,29282283681533",Afternoon,Documentaries,Drama,0.0,Premium,Weekly,Man
7098,50.0,nan,Night,Anime,Science Fiction,1.0,Premium,Weekly,Man
7099,42.0,"127,35112116497392",Night,Anime,Science Fiction,0.0,,Weekly,Man
7100,45.0,"233,7841813443527",Afternoon,Documentaries,Science Fiction,0.0,Family,Occasional,Woman
7101,28.0,"107,77127980956767",Night,Anime,Science Fiction,0.0,Premium,Weekly,Woman
7102,40.0,"124,33094287673988",Night,Documentaries,Drama,0.0,Premium,Weekly,Man
7103,39.0,"213,68174823276135",Night,Movies,Drama,0.0,Family,Weekly,Man
7104,33.0,"217,21401205612477",Night,Anime,Science Fiction,0.0,Premium,Occasional,Man
7105,41.0,"148,43669713779133",Afternoon,Documentaries,Drama,0.0,Premium,Weekly,Woman
7106,45.0,"171,93786678155607",Night,Documentaries,Science Fiction,0.0,Family,Weekly,Woman
7107,26.0,"156,07784790472263",Afternoon,Anime,Horror,0.0,Family,Weekly,Woman
7108,58.0,"223,242802364386",Night,Movies,Science Fiction,1.0,Family,Weekly,Man
7109,33.0,"63,9686799297625",Night,Documentaries,Science Fiction,1.0,Family,Weekly,Woman
7110,29.0,"140,1207429763252",Night,Documentaries,Science Fiction,0.0,Family,Weekly,Man
7111,55.0,"119,69199037249562",Afternoon,Documentaries,Horror,1.0,Family,Weekly,Man
7112,55.0,"156,76678266291825",Afternoon,Movies,Science Fiction,1.0,Family,Weekly,Woman
7113,41.0,"188,08663285124308",Afternoon,Documentaries,Science Fiction,0.0,Family,Weekly,Woman
7114,40.0,"162,54044051415949",Night,Documentaries,Horror,0.0,Family,Weekly,Woman
7115,33.0,"173,52659789295168",Afternoon,Documentaries,Science Fiction,0.0,Family,Weekly,Man
7116,42.0,"137,44774586971874",Afternoon,Anime,Science Fiction,0.0,Premium,Weekly,Woman
7117,47.0,"186,87353019526137",Night,Documentaries,Science Fiction,0.0,Family,Weekly,Woman
7118,54.0,"166,51036286301976",Afternoon,Movies,Science Fiction,1.0,Student,Weekly,Woman
7119,51.0,"104,02522696122828",Afternoon,Documentaries,Science Fiction,1.0,Family,Weekly,Man
7120,47.0,"228,98890738326256",Afternoon,Documentaries,Science Fiction,0.0,Family,Weekly,Woman
7121,54.0,"154,05677097185406",Night,Documentaries,Horror,0.0,Premium,Weekly,Woman
7122,35.0,"120,92159195525517",Night,Documentaries,Drama,0.0,Premium,Weekly,Woman
7123,52.0,"237,2398808908945",Afternoon,Movies,Horror,0.0,Family,Weekly,Woman
7124,69.0,"135,9009061111061",Night,Movies,Science Fiction,1.0,Family,Daily,Man
7125,40.0,"164,47978528631882",Night,Documentaries,Drama,0.0,Premium,Occasional,Man
7126,34.0,"94,75979410431096",Afternoon,Anime,Science Fiction,1.0,Family,Weekly,Woman
7127,36.0,"162,42409694559817",Afternoon,Documentaries,Drama,0.0,Premium,Weekly,Man
7128,42.0,"140,5865331086891",Afternoon,Anime,Science Fiction,0.0,,Weekly,Man
7129,41.0,"85,56237473206086",Afternoon,Anime,Science Fiction,0.0,Premium,Weekly,Man
7130,64.0,"207,31197673605487",Night,Movies,Science Fiction,1.0,Family,Weekly,Man
7131,38.0,"203,36417460223728",Afternoon,Documentaries,Science Fiction,0.0,Premium,Weekly,Woman
7132,65.0,"179,7595408748616",Night,Movies,Drama,1.0,Family,Weekly,Woman
7133,58.0,"135,50633262729713",Afternoon,Documentaries,Science Fiction,1.0,Family,Weekly,Woman
7134,41.0,"225,9351795677028",Afternoon,Series,Drama,1.0,Student,Daily,Man
7135,36.0,"161,3680601752128",Night,Documentaries,Science Fiction,1.0,Family,Weekly,Man
7136,40.0,"184,72604159896687",Night,Documentaries,Science Fiction,0.0,Family,Weekly,Woman
7137,62.0,"131,37952444173786",Night,Movies,Science Fiction,1.0,Family,Daily,Man
7138,59.0,"146,30691384105938",Afternoon,Movies,Drama,1.0,Family,Weekly,Woman
7139,40.0,nan,Night,Anime,Horror,0.0,Family,Weekly,Man
7140,49.0,"132,89686066050504",Night,Documentaries,Horror,1.0,Family,Weekly,Man
7141,36.0,"219,0821150569212",Afternoon,Documentaries,Drama,0.0,Premium,Occasional,Man
7142,68.0,nan,Night,Movies,Science Fiction,1.0,Family,Weekly,Woman
7143,53.0,nan,Night,Documentaries,Horror,1.0,Family,Weekly,Woman
7144,45.0,"197,17059748993225",Afternoon,Series,Science Fiction,1.0,Student,Daily,Man
7145,57.0,"150,4887348808955",Night,Movies,Science Fiction,1.0,Family,Weekly,Woman
7146,25.0,"33,570067407790084",Night,Anime,Science Fiction,1.0,Premium,Weekly,Man
7147,45.0,"169,8120836871122",Night,Anime,Horror,0.0,Family,Weekly,Man
7148,45.0,"144,97620123882862",Night,Documentaries,Science Fiction,1.0,Family,Weekly,Woman
7149,37.0,"136,28536360481536",Night,Documentaries,Drama,0.0,Premium,Weekly,Woman
7150,34.0,"74,37191752637945",Afternoon,Documentaries,Science Fiction,1.0,Family,Weekly,Woman
7151,39.0,"179,56131944714758",Night,Anime,Science Fiction,0.0,Premium,Occasional,Man
7152,36.0,"69,40929565392236",Night,Anime,Science Fiction,1.0,Premium,Weekly,Woman
7153,60.0,"154,08883414361242",Afternoon,Anime,Horror,0.0,Premium,Weekly,Man
7154,45.0,"54,74784692661715",Afternoon,Anime,Science Fiction,1.0,Premium,Weekly,Woman
7155,36.0,"62,51339827021195",Night,Documentaries,Science Fiction,1.0,Family,Weekly,Woman
7156,38.0,"174,74393158427176",Night,Documentaries,Science Fiction,0.0,Family,Weekly,Man
7157,46.0,"179,3166695776363",Night,Documentaries,Horror,0.0,Family,Weekly,Woman
7158,54.0,"88,74560168064023",Afternoon,Documentaries,Science Fiction,1.0,,Weekly,Woman
7159,31.0,"179,17725828355566",Afternoon,Anime,Drama,0.0,Premium,Weekly,Man
7160,51.0,nan,Night,Documentaries,Science Fiction,1.0,Family,Weekly,Woman
7161,54.0,"130,00627948489924",Afternoon,Documentaries,Horror,1.0,Family,Weekly,Man
7162,47.0,"198,9738084982702",Afternoon,Documentaries,Science Fiction,1.0,Family,Weekly,Woman
7163,47.0,"123,86285352426846",Afternoon,Documentaries,Science Fiction,1.0,Family,Weekly,Man
7164,51.0,"154,4796058372698",Night,Documentaries,Science Fiction,1.0,Family,Weekly,Woman
7165,47.0,"113,79210771068504",Afternoon,Documentaries,Science Fiction,1.0,Premium,Weekly,Man
7166,33.0,"156,14453733290995",Afternoon,Documentaries,Drama,0.0,Premium,Weekly,Woman
7167,34.0,"83,26399325149134",Afternoon,Anime,Science Fiction,0.0,Premium,Weekly,Woman
7168,58.0,nan,Night,Documentaries,Science Fiction,1.0,,Weekly,Woman
7169,37.0,"80,9518316988352",Night,Anime,Science Fiction,1.0,Premium,Weekly,Man
7170,39.0,"183,21095777726515",Afternoon,Anime,Horror,0.0,Family,Occasional,Woman
7171,44.0,"172,44100431467515",Night,Documentaries,Science Fiction,0.0,Premium,Weekly,Woman
7172,48.0,"181,4969114824818",Afternoon,Anime,Horror,0.0,Premium,Weekly,Man
7173,57.0,"105,859717849251",Afternoon,Movies,Science Fiction,1.0,Family,Weekly,Man
7174,59.0,nan,Afternoon,Movies,Science Fiction,1.0,Family,Weekly,Woman
7175,39.0,"111,05915039193344",Afternoon,Anime,Science Fiction,0.0,Premium,Weekly,Woman
7176,28.0,"184,65235746147695",Night,Documentaries,Science Fiction,0.0,Family,Weekly,Woman
7177,52.0,"189,8978012226915",Afternoon,Movies,Science Fiction,1.0,Family,Weekly,Man
7178,35.0,"177,15400714818534",Night,Documentaries,Drama,0.0,Premium,Weekly,Man
7179,66.0,"157,6533938089006",Night,Movies,Science Fiction,1.0,Family,Weekly,Woman
7180,46.0,"129,7138008629492",Night,Documentaries,Science Fiction,1.0,Family,Weekly,Woman
7181,42.0,"132,69850429646837",Night,Anime,Science Fiction,0.0,Family,Weekly,Man
7182,46.0,"83,59864719079654",Night,Anime,Horror,1.0,Family,Weekly,Woman
7183,47.0,"148,39346656433392",Afternoon,Documentaries,Science Fiction,1.0,Family,Weekly,Woman
7184,62.0,"176,75854936434686",Night,Movies,Science Fiction,1.0,Family,Weekly,Man
7185,47.0,"154,85826822549345",Night,Anime,Horror,0.0,Family,Weekly,Man
7186,47.0,"115,70804226085096",Night,Documentaries,Science Fiction,1.0,Family,Weekly,Woman
7187,33.0,"204,14445473107747",Night,Anime,Drama,0.0,,Weekly,Man
7188,35.0,"176,59353656867827",Night,Documentaries,Drama,0.0,Premium,Weekly,Woman
7189,38.0,"70,44811208610933",Afternoon,Anime,Science Fiction,1.0,Premium,Weekly,Man
7190,40.0,"170,387310337511",Afternoon,Documentaries,Drama,0.0,Premium,Weekly,Woman
7191,40.0,"166,27018919977968",Night,Documentaries,Drama,0.0,Premium,Weekly,Man
7192,60.0,"150,06267327567025",Late Night,Movies,Science Fiction,1.0,Family,Weekly,Man
7193,46.0,"101,24025382735977",Afternoon,Anime,Science Fiction,0.0,Premium,Weekly,Man
7194,26.0,"176,12664917551928",Afternoon,Anime,Science Fiction,0.0,Premium,Weekly,Man
7195,38.0,"165,55073077586331",Afternoon,Documentaries,Science Fiction,0.0,Family,Weekly,Woman
7196,41.0,"82,46026092755811",Night,Anime,Science Fiction,1.0,Premium,Weekly,Man
7197,43.0,"151,65715419825509",Afternoon,Documentaries,Drama,0.0,Premium,Weekly,Man
7198,50.0,"126,14334085250675",Night,Documentaries,Horror,0.0,Premium,Weekly,Woman
7199,43.0,"84,33492784984516",Night,Documentaries,Science Fiction,1.0,Family,Weekly,Man
7200,49.0,"175,70719346986314",Night,Documentaries,Horror,1.0,,Daily,Man
7201,59.0,"131,23818763123302",Night,Movies,Science Fiction,1.0,Family,Weekly,Woman
7202,53.0,"91,08926071422816",Afternoon,Documentaries,Science Fiction,1.0,Premium,Weekly,Man
7203,37.0,"62,02399595767941",Night,Anime,Science Fiction,1.0,Premium,Weekly,Man
7204,34.0,"142,93378781095737",Night,Anime,Science Fiction,0.0,Premium,Weekly,Woman
7205,38.0,"164,49589809458777",Morning,Documentaries,Drama,0.0,Premium,Weekly,Man
7206,44.0,"178,72550943160354",Night,Documentaries,Drama,0.0,Family,Weekly,Woman
7207,60.0,"125,150734641978",Afternoon,Movies,Science Fiction,1.0,Family,Weekly,Woman
7208,38.0,"120,6468360376622",Night,Documentaries,Science Fiction,1.0,Family,Weekly,Man
7209,56.0,"183,09510952077125",Night,Movies,Science Fiction,1.0,Family,Weekly,Man
7210,72.0,"203,75500647660544",Afternoon,Movies,Science Fiction,1.0,Student,Weekly,Man
7211,31.0,"145,22253787966696",Night,Documentaries,Science Fiction,0.0,Family,Weekly,Man
7212,32.0,"103,66841735563416",Night,Anime,Science Fiction,0.0,,Weekly,Woman
7213,58.0,"141,56706488216278",Night,Documentaries,Science Fiction,1.0,Family,Weekly,Man
7214,55.0,"159,52655179133157",Afternoon,Movies,Horror,1.0,Family,Daily,Man
7215,52.0,"133,07943784564551",Afternoon,Anime,Science Fiction,1.0,Family,Weekly,Man
7216,31.0,"72,43912856468809",Night,Anime,Science Fiction,0.0,Premium,Weekly,Man
7217,54.0,"200,0929152939953",Night,Movies,Science Fiction,1.0,Family,Weekly,Woman
7218,39.0,"140,15682284747552",Night,Documentaries,Drama,0.0,Premium,Weekly,Man
7219,34.0,"204,4429448332844",Afternoon,Documentaries,Drama,0.0,Premium,Weekly,Woman
7220,44.0,"99,02946154317335",Night,Anime,Science Fiction,0.0,Premium,Weekly,Woman
7221,45.0,"146,15490304429173",Night,Documentaries,Science Fiction,0.0,Family,Weekly,Woman
7222,40.0,"137,57781164000113",Afternoon,Documentaries,Science Fiction,1.0,Family,Weekly,Woman
7223,45.0,"162,50341624260935",Night,Documentaries,Drama,1.0,Family,Weekly,Woman
7224,59.0,"215,90665445834225",Afternoon,Movies,Science Fiction,1.0,,Weekly,Man
7225,45.0,"114,52748147843064",Afternoon,Anime,Science Fiction,0.0,Premium,Weekly,Man
7226,47.0,"162,82633515268128",Afternoon,Anime,Horror,0.0,Family,Occasional,Woman
7227,67.0,"97,08062973111043",Afternoon,Movies,Drama,1.0,Family,Daily,Woman
7228,57.0,"191,23805914096508",Afternoon,Movies,Horror,1.0,Family,Daily,Woman
7229,31.0,"139,6938041477193",Afternoon,Documentaries,Action,0.0,Premium,Weekly,Woman
7230,57.0,"142,58706815558662",Afternoon,Movies,Science Fiction,1.0,Family,Daily,Man
7231,33.0,"73,28826622712884",Night,Anime,Science Fiction,0.0,Premium,Weekly,Man
7232,57.0,"178,74639439544356",Night,Movies,Science Fiction,1.0,Family,Weekly,Man
7233,60.0,"46,85488523544126",Night,Movies,Science Fiction,1.0,Premium,Daily,Man
7234,43.0,"127,24693811607004",Night,Anime,Science Fiction,0.0,Premium,Weekly,Woman
7235,45.0,"125,41716467419153",Afternoon,Documentaries,Horror,0.0,Premium,Weekly,Woman
7236,40.0,nan,Night,Anime,Science Fiction,0.0,Family,Occasional,Man
7237,39.0,"181,75639180516012",Night,Documentaries,Science Fiction,0.0,,Weekly,Woman
7238,53.0,"194,3222477898761",Night,Documentaries,Science Fiction,1.0,Family,Weekly,Woman
7239,54.0,"134,45113693383453",Night,Movies,Science Fiction,1.0,Family,Daily,Man
7240,34.0,"93,03642138753474",Late Night,Anime,Science Fiction,1.0,Premium,Weekly,Woman
7241,45.0,"182,46166755397823",Night,Documentaries,Science Fiction,0.0,Family,Weekly,Man
7242,56.0,"98,97518476940267",Night,Movies,Drama,1.0,Premium,Weekly,Woman
7243,50.0,"190,4088521753792",Afternoon,Movies,Science Fiction,1.0,Student,Weekly,Man
7244,55.0,"220,77907313291155",Afternoon,Movies,Science Fiction,0.0,Family,Weekly,Man
7245,40.0,"154,4491783233333",Night,Documentaries,Science Fiction,1.0,Family,Weekly,Man
7246,32.0,"200,71782930444476",Night,Documentaries,Drama,0.0,Family,Weekly,Woman
7247,56.0,"126,24806640410912",Night,Documentaries,Science Fiction,1.0,Family,Weekly,Man
7248,50.0,"117,57913896576076",Night,Documentaries,Horror,1.0,Family,Weekly,Woman
7249,42.0,"89,76519692326734",Night,Documentaries,Science Fiction,1.0,Family,Weekly,Woman
7250,39.0,"78,9580807762572",Night,Documentaries,Science Fiction,1.0,Family,Weekly,Man
7251,41.0,"86,59117118677734",Night,Anime,Science Fiction,1.0,Family,Weekly,Man
7252,36.0,"171,1820093024093",Afternoon,Movies,Science Fiction,1.0,Family,Weekly,Man
7253,59.0,"169,7591473433095",Night,Movies,Science Fiction,1.0,Family,Weekly,Man
7254,40.0,"168,13643476706807",Afternoon,Documentaries,Drama,0.0,Premium,Weekly,Man
7255,34.0,"196,2298925747029",Afternoon,Documentaries,Science Fiction,0.0,Premium,Weekly,Man
7256,39.0,nan,Afternoon,Anime,Horror,0.0,Family,Weekly,Woman
7257,47.0,"175,51488465053552",Afternoon,Documentaries,Drama,0.0,Family,Weekly,Woman
7258,57.0,"145,201634023337",Afternoon,Documentaries,Horror,1.0,Family,Weekly,Woman
7259,50.0,"190,58459678672963",Night,Movies,Science Fiction,1.0,Family,Weekly,Woman
7260,56.0,"82,97654136504815",Afternoon,Documentaries,Horror,1.0,Family,Weekly,Woman
7261,30.0,"194,0371725863819",Afternoon,Documentaries,Science Fiction,0.0,Family,Weekly,Man
7262,56.0,"162,3901450622499",Night,Movies,Science Fiction,1.0,Family,Weekly,Man
7263,37.0,"105,07481657344444",Afternoon,Anime,Science Fiction,0.0,Premium,Weekly,Man
7264,39.0,"109,7760320373681",Afternoon,Anime,Science Fiction,0.0,Premium,Weekly,Man
7265,30.0,"173,68290954944544",Afternoon,Documentaries,Drama,0.0,Premium,Weekly,Woman
7266,56.0,"164,35804621922094",Afternoon,Documentaries,Horror,0.0,Premium,Weekly,Woman
7267,43.0,"194,03189532769457",Night,Movies,Science Fiction,1.0,Family,Weekly,Man
7268,42.0,"164,2087011067983",Afternoon,Documentaries,Drama,0.0,Premium,Weekly,Woman
7269,30.0,nan,Afternoon,Documentaries,Drama,0.0,Premium,Weekly,Man
7270,46.0,"140,44145706601327",Night,Documentaries,Science Fiction,1.0,Family,Weekly,Woman
7271,24.0,nan,Night,Anime,Science Fiction,0.0,Family,Weekly,Woman
7272,55.0,"189,5402393124492",Afternoon,Movies,Science Fiction,1.0,Family,Weekly,Man
7273,45.0,"171,7672268120751",Night,Documentaries,Science Fiction,1.0,Family,Weekly,Man
7274,45.0,"195,0644111961675",Afternoon,Documentaries,Science Fiction,0.0,Family,Weekly,Man
7275,55.0,"125,047750705402",Afternoon,Documentaries,Science Fiction,1.0,Family,Weekly,Woman
7276,35.0,"151,9553161104717",Night,Anime,Science Fiction,0.0,Premium,Occasional,Woman
7277,36.0,"179,7209316627232",Afternoon,Documentaries,Drama,0.0,Premium,Weekly,Man
7278,62.0,"123,96496735199608",Afternoon,Movies,Horror,1.0,Family,Daily,Woman
7279,50.0,"201,94484282039423",Night,Documentaries,Science Fiction,0.0,,Weekly,Man
7280,46.0,"192,4786561053036",Afternoon,Documentaries,Science Fiction,0.0,Family,Weekly,Man
7281,65.0,"192,1992105565228",Night,Movies,Horror,1.0,Family,Weekly,Man
7282,50.0,"147,24923094649824",Afternoon,Documentaries,Drama,1.0,Family,Weekly,Woman
7283,35.0,nan,Night,Anime,Science Fiction,0.0,Premium,Weekly,Woman
7284,44.0,"169,3572217107735",Afternoon,Documentaries,Horror,1.0,Family,Weekly,Woman
7285,29.0,"69,7445647638941",Afternoon,Anime,Science Fiction,1.0,Family,Weekly,Man
7286,45.0,"215,254113651675",Night,Documentaries,Drama,0.0,Family,Weekly,Man
7287,39.0,"38,70184057202093",Night,Documentaries,Science Fiction,1.0,Premium,Weekly,Man
7288,55.0,"173,23200278646772",Late Night,Movies,Science Fiction,1.0,Family,Weekly,Woman
7289,58.0,"108,72980022871634",Afternoon,Documentaries,Science Fiction,1.0,Family,Weekly,Man
7290,42.0,"106,52758176705213",Night,Documentaries,Science Fiction,1.0,Family,Weekly,Woman
7291,45.0,"135,54640725486362",Afternoon,Documentaries,Science Fiction,1.0,Family,Weekly,Woman
7292,40.0,"124,1806092498416",Night,Anime,Horror,0.0,Family,Occasional,Woman
7293,41.0,"104,50169892066354",Afternoon,Documentaries,Science Fiction,1.0,Family,Weekly,Man
7294,64.0,"146,45377340471612",Night,Movies,Science Fiction,1.0,Family,Weekly,Woman
7295,62.0,"162,07463796238795",Afternoon,Movies,Science Fiction,1.0,Family,Weekly,Woman
7296,41.0,"151,04530614788166",Night,Documentaries,Drama,0.0,Premium,Weekly,Woman
7297,34.0,"124,9098963415122",Night,Anime,Horror,0.0,Family,Weekly,Man
7298,65.0,nan,Night,Movies,Science Fiction,1.0,Family,Daily,Woman
7299,36.0,"173,21035469386086",Night,Anime,Science Fiction,0.0,Premium,Weekly,Woman
7300,38.0,"119,11007801354152",Night,Anime,Science Fiction,1.0,Family,Weekly,Man
7301,47.0,"152,24878800077363",Night,Documentaries,Science Fiction,0.0,Family,Weekly,Woman
7302,58.0,"125,7748229988005",Afternoon,Documentaries,Horror,1.0,Premium,Weekly,Woman
7303,25.0,"48,30918754756137",Afternoon,Anime,Science Fiction,1.0,Premium,Weekly,Man
7304,32.0,"135,84286299520724",Night,Anime,Science Fiction,0.0,Premium,Weekly,Woman
7305,43.0,nan,Afternoon,Anime,Science Fiction,0.0,Premium,Weekly,Woman
7306,46.0,"82,14449708857015",Night,Documentaries,Science Fiction,1.0,Family,Weekly,Woman
7307,47.0,"217,25235532840665",Night,Series,Science Fiction,1.0,Student,Daily,Man
7308,37.0,"175,55751332782086",Afternoon,Documentaries,Drama,0.0,,Weekly,Man
7309,59.0,"160,78125868777266",Afternoon,Documentaries,Horror,0.0,Premium,Weekly,Man
7310,37.0,"154,30576931493908",Night,Anime,Drama,0.0,Premium,Weekly,Woman
7311,41.0,"164,11122843014084",Night,Documentaries,Drama,0.0,Premium,Weekly,Woman
7312,36.0,"220,3129168245409",Night,Documentaries,Science Fiction,0.0,,Weekly,Woman
7313,35.0,"186,32907945581343",Afternoon,Documentaries,Drama,0.0,Family,Weekly,Man
7314,50.0,"145,09484618720649",Night,Documentaries,Horror,1.0,,Weekly,Man
7315,45.0,"172,31307453465786",Afternoon,Documentaries,Drama,1.0,,Weekly,Man
7316,62.0,"155,01343586223243",Afternoon,Movies,Science Fiction,1.0,Family,Weekly,Woman
7317,30.0,"46,86919084332197",Afternoon,Anime,Science Fiction,1.0,Premium,Weekly,Man
7318,46.0,"157,59923155624",Afternoon,Documentaries,Drama,1.0,Family,Weekly,Woman
7319,41.0,"120,75558281033916",Afternoon,Anime,Horror,1.0,Family,Weekly,Man
7320,40.0,"202,15832795418467",Night,Documentaries,Drama,0.0,Premium,Weekly,Woman
7321,39.0,"219,0755434196348",Night,Movies,Drama,1.0,Family,Weekly,Man
7322,43.0,"58,50277362317779",Afternoon,Anime,Science Fiction,1.0,Premium,Weekly,Woman
7323,45.0,"160,01998946201476",Night,Documentaries,Horror,1.0,Family,Weekly,Woman
7324,53.0,"92,65412994300304",Night,Documentaries,Science Fiction,1.0,Family,Weekly,Man
7325,58.0,"139,1272360402992",Night,Anime,Science Fiction,0.0,Premium,Weekly,Woman
7326,46.0,nan,Afternoon,Movies,Drama,0.0,Family,Weekly,Woman
7327,48.0,"139,348175849045",Afternoon,Documentaries,Horror,0.0,,Weekly,Woman
7328,32.0,"149,78121205810288",Afternoon,Anime,Science Fiction,0.0,Premium,Weekly,Man
7329,36.0,"173,93674413370525",Night,Documentaries,Drama,0.0,Premium,Weekly,Man
7330,32.0,"160,1861499188056",Afternoon,Anime,Horror,0.0,Premium,Weekly,Man
7331,39.0,"153,57214383699758",Night,Documentaries,Science Fiction,1.0,Family,Weekly,Man
7332,38.0,"200,8285039369742",Afternoon,Documentaries,Drama,0.0,Family,Weekly,Man
7333,27.0,"182,0883458448614",Night,Documentaries,Science Fiction,0.0,Premium,Weekly,Woman
7334,62.0,"209,52567930045225",Night,Movies,Science Fiction,1.0,Family,Weekly,Man
7335,44.0,"204,47311625927333",Afternoon,Documentaries,Science Fiction,0.0,Family,Weekly,Man
7336,51.0,"158,3645448684192",Afternoon,Documentaries,Science Fiction,1.0,,Weekly,Woman
7337,40.0,"122,55805681336292",Night,Documentaries,Drama,1.0,Premium,Weekly,Man
7338,56.0,"151,8905446187543",Afternoon,Documentaries,Horror,1.0,Family,Weekly,Man
7339,48.0,"156,14310331731514",Night,Anime,Horror,0.0,Family,Occasional,Woman
7340,39.0,"183,5325735986053",Afternoon,Documentaries,Drama,0.0,Family,Weekly,Woman
7341,48.0,"140,84281569688702",Night,Documentaries,Horror,1.0,,Weekly,Man
7342,43.0,nan,Afternoon,Documentaries,Science Fiction,0.0,Family,Weekly,Man
7343,58.0,"138,82258822039432",Afternoon,Movies,Science Fiction,1.0,Family,Daily,Woman
7344,60.0,"155,77949948242136",Afternoon,Movies,Science Fiction,1.0,Family,Weekly,Woman
7345,51.0,"212,61473043906105",Afternoon,Documentaries,Science Fiction,0.0,,Weekly,Woman
7346,34.0,"141,38837199575232",Night,Documentaries,Horror,1.0,Family,Weekly,Man
7347,35.0,"76,34615933600797",Afternoon,Anime,Science Fiction,1.0,Premium,Weekly,Man
7348,50.0,"202,20205296491997",Night,Documentaries,Science Fiction,0.0,Family,Weekly,Woman
7349,53.0,"95,85572656266017",Afternoon,Documentaries,Science Fiction,1.0,Family,Weekly,Man
7350,22.0,"97,8820325949728",Night,Anime,Science Fiction,0.0,Premium,Weekly,Woman
7351,53.0,"189,58802538854744",Night,Movies,Horror,1.0,Family,Daily,Woman
7352,50.0,"143,9605127353158",Night,Documentaries,Science Fiction,1.0,Family,Weekly,Man
7353,45.0,"189,14518944661427",Night,Documentaries,Science Fiction,0.0,Family,Weekly,Woman
7354,51.0,"179,8350526873452",Afternoon,Documentaries,Horror,1.0,Family,Weekly,Man
7355,38.0,"105,0852378815894",Night,Anime,Science Fiction,0.0,Premium,Weekly,Woman
7356,53.0,"120,97764773774432",Night,Documentaries,Drama,1.0,Family,Weekly,Woman
7357,59.0,"227,91453005223485",Night,Movies,Horror,1.0,Family,Weekly,Woman
7358,35.0,"67,0300521019606",Afternoon,Anime,Science Fiction,0.0,Premium,Weekly,Man
7359,42.0,"168,11651442919867",Night,Documentaries,Science Fiction,0.0,Premium,Weekly,Man
7360,38.0,"169,0442756723103",Night,Documentaries,Drama,0.0,Premium,Weekly,Man
7361,45.0,"83,34334821338196",Afternoon,Anime,Horror,1.0,,Weekly,Woman
7362,38.0,"192,69050246569324",Afternoon,Documentaries,Drama,0.0,Premium,Weekly,Woman
7363,45.0,"165,04306497048518",Night,Documentaries,Science Fiction,1.0,Family,Weekly,Woman
7364,53.0,"168,81768201083256",Morning,Documentaries,Science Fiction,1.0,Family,Weekly,Woman
7365,38.0,"78,2117797777711",Night,Documentaries,Science Fiction,1.0,,Weekly,Woman
7366,37.0,"118,01323805109976",Morning,Documentaries,Action,0.0,Premium,Weekly,Man
7367,50.0,"240,1492163558629",Night,Documentaries,Horror,0.0,Family,Weekly,Man
7368,36.0,"149,41967336997592",Afternoon,Documentaries,Science Fiction,1.0,Family,Weekly,Woman
7369,38.0,"141,58426002454766",Night,Documentaries,Science Fiction,0.0,Premium,Weekly,Woman
7370,45.0,"129,9422742493518",Afternoon,Documentaries,Drama,0.0,Premium,Weekly,Woman
7371,37.0,"68,57498311696405",Afternoon,Anime,Science Fiction,1.0,Premium,Weekly,Man
7372,51.0,"121,2060108897368",Night,Documentaries,Science Fiction,1.0,Premium,Weekly,Woman
7373,61.0,"141,41889700579395",Afternoon,Movies,Science Fiction,1.0,Family,Weekly,Woman
7374,37.0,"184,94760385273867",Afternoon,Documentaries,Drama,0.0,Premium,Weekly,Woman
7375,31.0,"226,4159909154104",Night,Documentaries,Science Fiction,0.0,Family,Weekly,Woman
7376,30.0,"175,16146336808094",Night,Documentaries,Science Fiction,0.0,Premium,Weekly,Woman
7377,43.0,nan,Afternoon,Documentaries,Science Fiction,0.0,Family,Weekly,Man
7378,51.0,nan,Night,Anime,Horror,0.0,Premium,Weekly,Woman
7379,44.0,"120,01616282235756",Night,Anime,Science Fiction,0.0,Premium,Weekly,Man
7380,55.0,"162,76071195802427",Afternoon,Documentaries,Science Fiction,1.0,Family,Weekly,Woman
7381,59.0,"171,13418078224328",Afternoon,Movies,Science Fiction,1.0,Family,Weekly,Man
7382,45.0,"193,15180701908105",Afternoon,Documentaries,Science Fiction,0.0,Family,Weekly,Woman
7383,36.0,"113,40103950514629",Night,Documentaries,Horror,1.0,Family,Weekly,Woman
7384,46.0,"30,632548522559965",Afternoon,Anime,Science Fiction,1.0,Premium,Weekly,Man
7385,33.0,"137,011625119608",Night,Anime,Science Fiction,0.0,Premium,Weekly,Man
7386,37.0,"103,891981518555",Night,Anime,Science Fiction,0.0,Premium,Weekly,Man
7387,37.0,"206,00051147766416",Afternoon,Documentaries,Science Fiction,0.0,Premium,Weekly,Woman
7388,51.0,"129,37917018589758",Night,Documentaries,Science Fiction,1.0,Premium,Weekly,Woman
7389,57.0,"144,19160311728595",Afternoon,Documentaries,Horror,1.0,Family,Weekly,Woman
7390,52.0,"186,1909180597952",Night,Movies,Science Fiction,1.0,Family,Weekly,Man
7391,51.0,"224,43562797558045",Night,Documentaries,Horror,0.0,Family,Weekly,Man
7392,58.0,"211,43426436798103",Afternoon,Movies,Science Fiction,1.0,Student,Weekly,Man
7393,54.0,"184,8908726688177",Night,Movies,Horror,1.0,,Weekly,Man
7394,60.0,"199,6032980120592",Afternoon,Documentaries,Horror,0.0,Family,Weekly,Woman
7395,44.0,"203,2234023364057",Night,Movies,Science Fiction,1.0,Family,Weekly,Man
7396,53.0,"193,22380123024757",Night,Documentaries,Science Fiction,1.0,Family,Weekly,Woman
7397,47.0,"137,42505019159807",Night,Documentaries,Science Fiction,1.0,Family,Weekly,Man
7398,43.0,"186,72866116407923",Afternoon,Movies,Drama,1.0,Family,Weekly,Woman
7399,31.0,"187,10183005973389",Night,Anime,Drama,0.0,Premium,Occasional,Man
7400,41.0,"133,40923032525885",Afternoon,Anime,Science Fiction,0.0,Premium,Weekly,Man
7401,62.0,"149,3263392236981",Night,Movies,Science Fiction,1.0,Family,Weekly,Man
7402,36.0,"163,57713733950968",Afternoon,Documentaries,Drama,0.0,Premium,Weekly,Woman
7403,33.0,"94,7834405923968",Night,Anime,Science Fiction,1.0,Family,Weekly,Man
7404,51.0,"173,0565729278849",Night,Documentaries,Science Fiction,1.0,Family,Weekly,Woman
7405,50.0,"151,90946773809816",Night,Documentaries,Horror,1.0,Family,Weekly,Man
7406,35.0,"104,87063749439794",Night,Anime,Science Fiction,0.0,Premium,Weekly,Woman
7407,34.0,"163,42993677469286",Night,Anime,Science Fiction,0.0,Premium,Occasional,Man
7408,46.0,"168,6955497313201",Afternoon,Movies,Science Fiction,1.0,Family,Weekly,Woman
7409,39.0,"205,65719664925777",Afternoon,Movies,Drama,0.0,Family,Weekly,Man
7410,45.0,"167,5033833024465",Night,Documentaries,Science Fiction,0.0,Family,Weekly,Woman
7411,35.0,"198,74934634700224",Afternoon,Documentaries,Science Fiction,0.0,Premium,Weekly,Woman
7412,49.0,"174,9434148979203",Night,Movies,Science Fiction,1.0,,Weekly,Man
7413,59.0,"155,17012540505098",Night,Movies,Science Fiction,1.0,Family,Weekly,Woman
7414,34.0,nan,Night,Documentaries,Drama,0.0,Premium,Weekly,Man
7415,48.0,"119,09390263288104",Night,Documentaries,Science Fiction,1.0,Family,Weekly,Woman
7416,56.0,"194,2351899133997",Night,Movies,Horror,1.0,Family,Daily,Man
7417,32.0,"134,85847623937602",Night,Anime,Science Fiction,0.0,Premium,Weekly,Man
7418,54.0,"160,06392137638255",Afternoon,Documentaries,Science Fiction,1.0,Family,Weekly,Woman
7419,29.0,"198,00550789302247",Night,Anime,Science Fiction,0.0,Premium,Weekly,Man
7420,63.0,"87,15683651877696",Afternoon,Movies,Science Fiction,1.0,Family,Weekly,Man
7421,37.0,"31,61472385666333",Night,Anime,Science Fiction,1.0,Premium,Weekly,Woman
7422,55.0,"178,18253790665003",Afternoon,Movies,Science Fiction,1.0,Family,Daily,Woman
7423,37.0,"158,6493781941715",Night,Documentaries,Drama,0.0,Premium,Weekly,Woman
7424,47.0,"186,1480224453016",Afternoon,Movies,Drama,1.0,Family,Weekly,Man
7425,50.0,"201,12221560494297",Afternoon,Documentaries,Horror,1.0,Family,Weekly,Woman
7426,41.0,"163,96548039839232",Afternoon,Documentaries,Science Fiction,1.0,Family,Weekly,Woman
7427,34.0,"79,09108555782159",Afternoon,Anime,Science Fiction,0.0,Premium,Weekly,Man
7428,54.0,"200,63319104754743",Afternoon,Movies,Science Fiction,1.0,Family,Weekly,Man
7429,35.0,"107,6163135760194",Night,Anime,Science Fiction,0.0,Premium,Weekly,Man
7430,34.0,"142,2680359559916",Afternoon,Documentaries,Drama,0.0,Premium,Weekly,Woman
7431,54.0,"108,41850963908514",Night,Documentaries,Science Fiction,1.0,Premium,Weekly,Woman
7432,45.0,"159,05528557901414",Morning,Documentaries,Science Fiction,1.0,Family,Weekly,Man
7433,51.0,"119,90113498077574",Afternoon,Documentaries,Horror,1.0,Family,Weekly,Man
7434,35.0,nan,Afternoon,Anime,Science Fiction,0.0,Premium,Weekly,Man
7435,50.0,"158,5516216938774",Night,Anime,Horror,0.0,Family,Occasional,Woman
7436,38.0,"141,89639285029094",Night,Documentaries,Horror,1.0,Family,Weekly,Woman
7437,44.0,"177,1007217436638",Night,Movies,Drama,1.0,Family,Weekly,Man
7438,53.0,"255,51000925703931",Afternoon,Movies,Horror,0.0,Family,Weekly,Man
7439,36.0,"144,9379995317768",Night,Anime,Drama,0.0,Premium,Weekly,Man
7440,51.0,"219,0388584734436",Afternoon,Documentaries,Science Fiction,0.0,Family,Weekly,Woman
7441,45.0,"189,2330946229488",Afternoon,Movies,Drama,1.0,Family,Weekly,Woman
7442,46.0,"68,78883955879569",Afternoon,Documentaries,Science Fiction,1.0,Family,Weekly,Woman
7443,63.0,"150,6021454315652",Night,Movies,Science Fiction,1.0,Family,Daily,Man
7444,36.0,"171,74715144501246",Night,Documentaries,Science Fiction,0.0,Family,Weekly,Woman
7445,62.0,"140,66573186635588",Afternoon,Movies,Science Fiction,1.0,Family,Weekly,Woman
7446,43.0,"117,91348484825228",Night,Documentaries,Horror,1.0,Family,Weekly,Man
7447,42.0,"66,02180601862736",Night,Documentaries,Science Fiction,1.0,Premium,Weekly,Man
7448,30.0,"83,74700516901794",Night,Anime,Science Fiction,0.0,Premium,Weekly,Man
7449,52.0,"143,05663811376354",Night,Anime,Science Fiction,0.0,Premium,Weekly,Man
7450,48.0,"186,1653547243748",Night,Documentaries,Science Fiction,0.0,Family,Weekly,Man
7451,44.0,"175,06353060542665",Afternoon,Documentaries,Drama,1.0,Family,Weekly,Man
7452,54.0,"168,62811556740448",Night,Movies,Science Fiction,1.0,Family,Weekly,Man
7453,39.0,"170,57743053019962",Afternoon,Documentaries,Science Fiction,1.0,Family,Weekly,Woman
7454,31.0,"156,68862511920693",Night,Documentaries,Horror,1.0,Family,Weekly,Man
7455,59.0,"251,43799248569297",Night,Movies,Science Fiction,0.0,Family,Weekly,Woman
7456,30.0,"184,88667701002564",Afternoon,Anime,Drama,0.0,Premium,Weekly,Woman
7457,38.0,"107,29846470111472",Night,Documentaries,Science Fiction,1.0,Family,Weekly,Woman
7458,61.0,"143,5303685001344",Night,Movies,Horror,1.0,Family,Weekly,Woman
7459,58.0,"214,324820649876",Afternoon,Movies,Horror,1.0,Family,Weekly,Woman
7460,37.0,"157,295413954805",Night,Documentaries,Drama,0.0,Premium,Weekly,Man
7461,35.0,"126,742590057963",Afternoon,Anime,Science Fiction,1.0,Family,Weekly,Man
7462,35.0,"72,8293017386045",Night,Anime,Science Fiction,0.0,Free,Weekly,Man
7463,42.0,"159,11769479906843",Night,Documentaries,Drama,0.0,Premium,Weekly,Woman
7464,30.0,"84,3111957502376",Afternoon,Anime,Science Fiction,1.0,Premium,Weekly,Woman
7465,47.0,"151,62847733279017",Night,Movies,Drama,1.0,Family,Weekly,Man
7466,53.0,"194,935206389688",Afternoon,Movies,Science Fiction,1.0,Family,Weekly,Woman
7467,47.0,"123,4654391383944",Afternoon,Anime,Science Fiction,0.0,Premium,Weekly,Woman
7468,45.0,"224,1383545426229",Night,Documentaries,Horror,0.0,Family,Weekly,Woman
7469,51.0,"77,37775720050722",Night,Documentaries,Science Fiction,1.0,Family,Weekly,Woman
7470,29.0,"147,77880304963787",Night,Anime,Science Fiction,0.0,Premium,Weekly,Man
7471,39.0,"97,13940778587468",Afternoon,Documentaries,Science Fiction,1.0,Family,Weekly,Man
7472,50.0,"220,8704231092994",Night,Movies,Science Fiction,0.0,Family,Weekly,Man
7473,53.0,"254,96376102367375",Night,Movies,Horror,0.0,Family,Weekly,Man
7474,60.0,"133,96730531909262",Night,Movies,Science Fiction,1.0,Family,Weekly,Woman
7475,52.0,"152,92906711654135",Afternoon,Documentaries,Science Fiction,1.0,Family,Weekly,Man
7476,44.0,"146,51077205853105",Afternoon,Documentaries,Drama,0.0,Premium,Weekly,Man
7477,43.0,"174,196890840379",Night,Documentaries,Science Fiction,0.0,Family,Weekly,Man
7478,28.0,"196,54839894418237",Late Night,Documentaries,Science Fiction,0.0,Family,Weekly,Man
7479,52.0,"142,55101720791055",Afternoon,Documentaries,Science Fiction,1.0,Family,Weekly,Man
7480,58.0,"163,87769382209706",Night,Movies,Science Fiction,1.0,Family,Weekly,Woman
7481,41.0,"199,95589450383025",Night,Documentaries,Science Fiction,0.0,Family,Weekly,Man
7482,63.0,"125,06999433022467",Afternoon,Documentaries,Horror,1.0,Premium,Weekly,Woman
7483,59.0,"150,5714500397675",Night,Movies,Science Fiction,1.0,Family,Weekly,Man
7484,43.0,"204,8425461878734",Night,Documentaries,Science Fiction,0.0,Premium,Weekly,Woman
7485,55.0,"118,91977184822709",Afternoon,Documentaries,Science Fiction,1.0,Family,Daily,Woman
7486,44.0,"193,2992659084536",Night,Documentaries,Science Fiction,1.0,Family,Weekly,Man
7487,50.0,"137,4251018153964",Afternoon,Documentaries,Horror,1.0,Family,Weekly,Woman
7488,38.0,"144,97287057939397",Night,Documentaries,Drama,0.0,Premium,Weekly,Man
7489,48.0,"106,6987976566847",Afternoon,Anime,Science Fiction,1.0,Family,Weekly,Woman
7490,37.0,"94,23998687965036",Night,Anime,Science Fiction,0.0,Premium,Weekly,Man
7491,50.0,"151,2992066604565",Night,Documentaries,Science Fiction,1.0,Family,Weekly,Woman
7492,45.0,nan,Afternoon,Documentaries,Science Fiction,1.0,,Weekly,Woman
7493,30.0,"68,65542876623127",Night,Anime,Science Fiction,1.0,Premium,Weekly,Woman
7494,52.0,"156,90494528413004",Night,Documentaries,Science Fiction,1.0,Family,Weekly,Man
7495,48.0,"182,1315291247144",Night,Documentaries,Drama,0.0,Family,Weekly,Woman
7496,38.0,"92,61459847203614",Night,Anime,Science Fiction,1.0,Family,Weekly,Man
7497,29.0,nan,Afternoon,Anime,Science Fiction,1.0,Family,Weekly,Woman
7498,42.0,"97,79489778584316",Night,Documentaries,Science Fiction,1.0,Family,Weekly,Man
7499,24.0,"169,78929550571056",Afternoon,Anime,Science Fiction,0.0,Premium,Occasional,Man
7500,48.0,"124,5636843184436",Night,Documentaries,Horror,1.0,Family,Weekly,Man
7501,54.0,"184,04473450029317",Afternoon,Movies,Horror,1.0,Family,Weekly,Man
7502,47.0,"207,79962312360772",Night,Documentaries,Horror,0.0,Family,Weekly,Woman
7503,36.0,"162,38219218934054",Afternoon,Documentaries,Science Fiction,1.0,Family,Weekly,Woman
7504,38.0,"154,8726861460398",Night,Documentaries,Drama,0.0,Premium,Weekly,Woman
7505,64.0,"180,54045633807013",Afternoon,Movies,Science Fiction,1.0,Family,Weekly,Woman
7506,47.0,"88,24073286790374",Night,Anime,Science Fiction,0.0,Premium,Weekly,Man
7507,42.0,"124,04788533199846",Late Night,Anime,Science Fiction,0.0,,Weekly,Woman
7508,46.0,"95,79243431924056",Afternoon,Anime,Horror,0.0,Family,Occasional,Man
7509,39.0,"178,02414389889756",Afternoon,Documentaries,Drama,0.0,Premium,Weekly,Woman
7510,60.0,"211,05450769317272",Afternoon,Movies,Science Fiction,1.0,Family,Weekly,Man
7511,34.0,"201,0608217222496",Afternoon,Documentaries,Science Fiction,0.0,Family,Weekly,Woman
7512,40.0,"201,48966884896788",Night,Documentaries,Science Fiction,0.0,Family,Weekly,Woman
7513,34.0,"161,89793598935228",Night,Documentaries,Drama,0.0,Premium,Weekly,Man
7514,60.0,"116,64625015274656",Night,Movies,Science Fiction,1.0,Family,Daily,Man
7515,65.0,"148,41134252025074",Afternoon,Movies,Science Fiction,1.0,Family,Weekly,Woman
7516,38.0,nan,Night,Documentaries,Science Fiction,0.0,Family,Weekly,Man
7517,58.0,"179,1232050113924",Afternoon,Movies,Science Fiction,1.0,Family,Weekly,Woman
7518,41.0,"181,94473590765196",Night,Documentaries,Drama,0.0,Family,Weekly,Woman
7519,50.0,nan,Afternoon,Documentaries,Science Fiction,0.0,Family,Weekly,Man
7520,43.0,"130,78794565392656",Afternoon,Documentaries,Horror,1.0,Family,Weekly,Man
7521,37.0,"187,26058285490583",Afternoon,Documentaries,Science Fiction,0.0,Family,Weekly,Woman
7522,57.0,"180,44670738988637",Afternoon,Movies,Science Fiction,1.0,Family,Weekly,Man
7523,34.0,"111,79635591482268",Afternoon,Anime,Science Fiction,0.0,Premium,Weekly,Woman
7524,40.0,"158,708718586358",Night,Anime,Science Fiction,0.0,Family,Occasional,Woman
7525,22.0,"57,16761137834036",Night,Anime,Science Fiction,1.0,Premium,Weekly,Man
7526,35.0,"80,70443524477476",Afternoon,Anime,Science Fiction,1.0,Family,Weekly,Man
7527,45.0,"212,84093103203205",Afternoon,Movies,Drama,0.0,Family,Weekly,Man
7528,53.0,"198,58766693469676",Afternoon,Movies,Science Fiction,1.0,Family,Weekly,Woman
7529,44.0,"88,44526650194328",Afternoon,Anime,Science Fiction,1.0,,Weekly,Woman
7530,28.0,"192,32860803386265",Night,Documentaries,Drama,0.0,Family,Weekly,Man
7531,56.0,"103,86872745693437",Night,Documentaries,Science Fiction,1.0,Family,Weekly,Man
7532,40.0,"205,64743965641813",Afternoon,Documentaries,Science Fiction,0.0,Family,Weekly,Woman
7533,46.0,"142,2242627984513",Afternoon,Anime,Horror,1.0,Family,Weekly,Woman
7534,36.0,"137,80482206219975",Afternoon,Documentaries,Science Fiction,1.0,Family,Weekly,Woman
7535,39.0,"152,0844161312848",Night,Documentaries,Drama,0.0,Premium,Weekly,Woman
7536,55.0,"148,7732407172284",Night,Documentaries,Horror,1.0,Family,Weekly,Woman
7537,34.0,"86,25270110145436",Night,Documentaries,Science Fiction,1.0,Family,Weekly,Woman
7538,39.0,"177,0357733087908",Afternoon,Documentaries,Drama,0.0,Premium,Weekly,Man
7539,28.0,"101,72852488864432",Afternoon,Anime,Horror,0.0,Premium,Weekly,Woman
7540,35.0,"171,73977827301115",Night,Documentaries,Drama,0.0,Premium,Weekly,Man
7541,40.0,"136,8397324916863",Night,Documentaries,Science Fiction,1.0,Family,Weekly,Man
7542,39.0,"205,69085107592105",Night,Documentaries,Science Fiction,0.0,,Weekly,Woman
7543,38.0,"125,96959154961934",Afternoon,Documentaries,Drama,0.0,Premium,Weekly,Woman
7544,57.0,"138,05755855567145",Afternoon,Movies,Science Fiction,1.0,Family,Weekly,Man
7545,29.0,"37,31453717285031",Afternoon,Documentaries,Science Fiction,1.0,Family,Weekly,Man
7546,42.0,"165,9133492886276",Afternoon,Documentaries,Science Fiction,1.0,Family,Weekly,Man
7547,46.0,"166,4625184055853",Night,Documentaries,Drama,1.0,Premium,Weekly,Woman
7548,37.0,"152,68305343175467",Night,Documentaries,Drama,0.0,Premium,Weekly,Woman
7549,45.0,"165,15631052009385",Night,Documentaries,Drama,1.0,Family,Weekly,Man
7550,43.0,"108,30495802966794",Night,Anime,Science Fiction,1.0,Premium,Weekly,Man
7551,40.0,"199,4225621472628",Night,Documentaries,Science Fiction,0.0,Family,Weekly,Man
7552,42.0,"181,31255806405537",Afternoon,Documentaries,Science Fiction,0.0,Premium,Weekly,Man
7553,41.0,"132,61401507923748",Night,Documentaries,Drama,1.0,Premium,Weekly,Man
7554,41.0,"147,1839402146037",Night,Documentaries,Science Fiction,0.0,Family,Weekly,Woman
7555,35.0,"104,94399528844752",Night,Documentaries,Science Fiction,1.0,Family,Weekly,Man
7556,42.0,"197,01468999023305",Night,Documentaries,Science Fiction,0.0,Family,Weekly,Man
7557,39.0,"154,27581245816995",Night,Documentaries,Drama,0.0,Premium,Weekly,Woman
7558,46.0,"155,7464350194014",Night,Documentaries,Drama,1.0,Premium,Weekly,Woman
7559,51.0,"126,67458061771129",Afternoon,Anime,Horror,1.0,Family,Weekly,Woman
7560,55.0,"212,4552183254179",Night,Movies,Science Fiction,1.0,Family,Daily,Man
7561,52.0,"249,88123564115065",Afternoon,Movies,Science Fiction,0.0,Family,Weekly,Woman
7562,28.0,"31,11836790751596",Night,Anime,Drama,1.0,Family,Weekly,Woman
7563,36.0,"186,5960979808228",Night,Documentaries,Drama,0.0,Premium,Occasional,Man
7564,39.0,"169,70281958467163",Night,Documentaries,Drama,0.0,Premium,Weekly,Woman
7565,41.0,nan,Afternoon,Anime,Science Fiction,0.0,Premium,Weekly,Man
7566,40.0,"67,75793995993568",Night,Anime,Science Fiction,1.0,Family,Weekly,Man
7567,45.0,"128,3706260765423",Night,Documentaries,Drama,1.0,Premium,Weekly,Woman
7568,57.0,"181,5395648919405",Night,Movies,Science Fiction,1.0,Family,Weekly,Woman
7569,44.0,"130,03787114310836",Afternoon,Movies,Drama,1.0,,Weekly,Woman
7570,37.0,nan,Afternoon,Documentaries,Science Fiction,0.0,Family,Weekly,Man
7571,44.0,"186,48715330045763",Night,Documentaries,Horror,0.0,Family,Weekly,Woman
7572,46.0,"126,44941401452591",Night,Documentaries,Drama,1.0,Premium,Weekly,Woman
7573,63.0,"119,01713778629178",Afternoon,Movies,Science Fiction,1.0,,Weekly,Woman
7574,49.0,"137,254014580661",Night,Documentaries,Science Fiction,1.0,Family,Weekly,Man
7575,37.0,"173,26415635065504",Night,Documentaries,Science Fiction,0.0,Family,Weekly,Woman
7576,50.0,"191,5255365131568",Night,Movies,Science Fiction,1.0,Family,Weekly,Woman
7577,33.0,"130,46050520556585",Late Night,Documentaries,Drama,0.0,Premium,Weekly,Man
7578,62.0,"148,33672734755552",Afternoon,Movies,Science Fiction,1.0,Family,Weekly,Woman
7579,42.0,"176,00400598167295",Afternoon,Documentaries,Drama,0.0,Family,Weekly,Man
7580,41.0,"174,4576362644046",Night,Documentaries,Science Fiction,0.0,Premium,Weekly,Man
7581,42.0,"88,12226843826893",Afternoon,Anime,Science Fiction,0.0,Premium,Weekly,Man
7582,35.0,"237,21489057907337",Night,Movies,Drama,0.0,Family,Weekly,Woman
7583,48.0,"136,20191695206532",Afternoon,Documentaries,Drama,1.0,Family,Weekly,Man
7584,48.0,"192,60779399922183",Night,Documentaries,Science Fiction,0.0,Family,Weekly,Woman
7585,32.0,"161,69852280727872",Night,Anime,Horror,0.0,Family,Weekly,Man
7586,39.0,"175,2856288205195",Night,Documentaries,Drama,0.0,Premium,Weekly,Man
7587,40.0,"233,12038828533784",Night,Documentaries,Science Fiction,0.0,Family,Occasional,Man
7588,49.0,"160,61197456256704",Night,Anime,Science Fiction,0.0,Family,Occasional,Man
7589,38.0,"150,67660641713562",Night,Documentaries,Drama,0.0,Premium,Weekly,Woman
7590,49.0,"108,04328405682064",Afternoon,Documentaries,Science Fiction,1.0,Premium,Weekly,Man
7591,41.0,"52,61169605077815",Night,Anime,Science Fiction,1.0,Premium,Weekly,Woman
7592,22.0,"16,77552374885223",Night,Anime,Drama,1.0,Premium,Weekly,Woman
7593,42.0,"177,18335836204702",Afternoon,Documentaries,Drama,0.0,Premium,Weekly,Woman
7594,50.0,"113,57399446564854",Afternoon,Documentaries,Science Fiction,1.0,Premium,Daily,Man
7595,63.0,"222,40262656626675",Afternoon,Movies,Horror,1.0,Family,Weekly,Woman
7596,41.0,"67,34769591865712",Night,Anime,Science Fiction,1.0,,Weekly,Woman
7597,51.0,"165,06668285905414",Night,Documentaries,Horror,1.0,Family,Daily,Man
7598,45.0,"222,7728126391497",Night,Movies,Science Fiction,1.0,Family,Weekly,Man
7599,52.0,"87,85430672005464",Night,Documentaries,Science Fiction,1.0,Premium,Daily,Man
7600,29.0,"91,33572695039308",Night,Anime,Science Fiction,0.0,Premium,Weekly,Man
7601,48.0,"143,77498262938164",Afternoon,Documentaries,Drama,1.0,Family,Weekly,Man
7602,37.0,"132,03825245280592",Night,Documentaries,Horror,1.0,Family,Weekly,Man
7603,47.0,"113,87045986387936",Night,Anime,Science Fiction,0.0,Premium,Weekly,Man
7604,38.0,"96,12759593225684",Afternoon,Anime,Horror,1.0,Family,Weekly,Woman
7605,47.0,"177,17314561607682",Night,Documentaries,Science Fiction,1.0,Family,Weekly,Woman
7606,48.0,"160,33970018855084",Night,Documentaries,Horror,1.0,Family,Weekly,Man
7607,56.0,"130,90172492635728",Night,Documentaries,Horror,1.0,Student,Weekly,Man
7608,41.0,"198,51323331001163",Night,Documentaries,Science Fiction,0.0,Premium,Weekly,Man
7609,42.0,"116,6792968870698",Afternoon,Documentaries,Science Fiction,1.0,Family,Weekly,Man
7610,28.0,"179,32540266568532",Night,Anime,Science Fiction,0.0,Premium,Weekly,Man
7611,47.0,"197,13486279571336",Afternoon,Documentaries,Science Fiction,0.0,Family,Daily,Man
7612,57.0,"125,95027958665533",Night,Movies,Science Fiction,1.0,Family,Daily,Man
7613,51.0,"177,7300348805216",Night,Documentaries,Horror,1.0,Family,Weekly,Man
7614,54.0,"188,5782012850983",Night,Movies,Horror,1.0,Family,Daily,Woman
7615,43.0,"125,39216840233593",Afternoon,Anime,Science Fiction,0.0,Premium,Weekly,Woman
7616,54.0,"118,49101367170648",Night,Documentaries,Horror,1.0,Family,Weekly,Man
7617,41.0,"245,4547677220607",Afternoon,Documentaries,Science Fiction,0.0,Family,Weekly,Man
7618,34.0,"182,7397516091475",Night,Movies,Science Fiction,1.0,Family,Daily,Woman
7619,43.0,"224,15878973931336",Night,Movies,Drama,0.0,Family,Weekly,Man
7620,64.0,"256,1916312241585",Night,Movies,Science Fiction,1.0,Family,Weekly,Man
7621,34.0,"221,563792801758",Afternoon,Documentaries,Drama,0.0,Premium,Weekly,Man
7622,38.0,"81,31611464666956",Night,Documentaries,Science Fiction,1.0,Premium,Weekly,Man
7623,44.0,"161,0498182508719",Night,Documentaries,Drama,0.0,Family,Weekly,Man
7624,59.0,"199,3583527203757",Night,Movies,Science Fiction,1.0,Family,Weekly,Man
7625,43.0,"138,68160477738488",Afternoon,Documentaries,Drama,0.0,Premium,Weekly,Woman
7626,37.0,"66,8225465650146",Night,Documentaries,Science Fiction,1.0,Premium,Weekly,Woman
7627,24.0,"52,121416321178",Night,Anime,Science Fiction,1.0,,Weekly,Woman
7628,45.0,"132,4915010181951",Night,Anime,Horror,0.0,,Weekly,Woman
7629,50.0,"196,9938925367733",Afternoon,Documentaries,Science Fiction,0.0,Family,Weekly,Man
7630,47.0,"165,7443440703472",Afternoon,Documentaries,Science Fiction,0.0,Family,Weekly,Man
7631,39.0,"81,19464677331557",Night,Anime,Science Fiction,1.0,Premium,Weekly,Woman
7632,55.0,"179,9779860595389",Afternoon,Documentaries,Science Fiction,1.0,Family,Weekly,Woman
7633,34.0,"168,16746599359223",Night,Documentaries,Science Fiction,0.0,Premium,Weekly,Man
7634,53.0,"93,22404621075285",Afternoon,Documentaries,Science Fiction,1.0,Family,Weekly,Man
7635,25.0,"68,98879146314778",Afternoon,Anime,Science Fiction,1.0,Family,Weekly,Woman
7636,53.0,"143,46701134484465",Afternoon,Movies,Science Fiction,1.0,Family,Daily,Man
7637,33.0,"75,43829029400179",Afternoon,Anime,Science Fiction,1.0,Premium,Weekly,Man
7638,42.0,"167,16809904075205",Night,Documentaries,Drama,0.0,Premium,Weekly,Woman
7639,40.0,"136,9314944928191",Afternoon,Documentaries,Drama,0.0,Premium,Weekly,Woman
7640,42.0,"199,35953350695996",Afternoon,Documentaries,Science Fiction,0.0,Premium,Weekly,Woman
7641,32.0,"164,5435863453668",Afternoon,Documentaries,Science Fiction,0.0,,Weekly,Man
7642,44.0,"84,0244263672906",Afternoon,Anime,Science Fiction,1.0,,Weekly,Man
7643,43.0,"181,29978503481465",Night,Documentaries,Science Fiction,0.0,Premium,Weekly,Man
7644,35.0,"139,82643054953692",Afternoon,Documentaries,Drama,0.0,Premium,Weekly,Man
7645,46.0,"163,25612435941622",Night,Documentaries,Science Fiction,1.0,Family,Weekly,Woman
7646,57.0,"162,70955071002453",Night,Movies,Science Fiction,1.0,Family,Weekly,Woman
7647,37.0,"67,82796698938905",Afternoon,Documentaries,Science Fiction,1.0,Premium,Weekly,Woman
7648,39.0,"162,8950401277492",Afternoon,Documentaries,Drama,0.0,Premium,Weekly,Man
7649,32.0,"211,3433293531193",Night,Documentaries,Drama,0.0,Premium,Weekly,Man
7650,67.0,"180,03243895911947",Afternoon,Movies,Drama,1.0,Family,Weekly,Woman
7651,44.0,"131,31710196632108",Night,Documentaries,Horror,1.0,Family,Weekly,Woman
7652,59.0,"170,3354486722382",Night,Movies,Science Fiction,1.0,Family,Weekly,Man
7653,49.0,"125,18127988832563",Afternoon,Documentaries,Horror,1.0,,Weekly,Man
7654,34.0,"137,31769866168307",Night,Documentaries,Horror,1.0,Family,Weekly,Woman
7655,60.0,"131,40991133873527",Afternoon,Movies,Science Fiction,1.0,Family,Weekly,Man
7656,43.0,"172,65115418851087",Night,Documentaries,Drama,0.0,Premium,Occasional,Woman
7657,44.0,"163,41216568912975",Morning,Documentaries,Science Fiction,1.0,Family,Weekly,Man
7658,62.0,"126,7945866561352",Afternoon,Anime,Horror,0.0,Premium,Weekly,Man
7659,58.0,"123,52817023436296",Afternoon,Movies,Science Fiction,1.0,Family,Daily,Man
7660,28.0,"161,86474173980406",Night,Anime,Science Fiction,0.0,Premium,Occasional,Man
7661,60.0,"181,67344817063213",Night,Movies,Science Fiction,1.0,Family,Weekly,Woman
7662,64.0,"174,73235520591095",Night,Movies,Science Fiction,1.0,,Weekly,Woman
7663,35.0,"190,1704628151157",Night,Anime,Drama,0.0,Premium,Occasional,Woman
7664,53.0,"146,92415735784607",Afternoon,Documentaries,Science Fiction,1.0,Family,Weekly,Man
7665,42.0,"153,57502035937864",Night,Documentaries,Science Fiction,0.0,Premium,Weekly,Woman
7666,43.0,"152,7790786904071",Afternoon,Documentaries,Drama,1.0,Premium,Weekly,Man
7667,56.0,"165,88808186690017",Night,Documentaries,Horror,1.0,Family,Weekly,Man
7668,40.0,"70,37543059850093",Afternoon,Documentaries,Science Fiction,1.0,Premium,Weekly,Woman
7669,56.0,"186,17628050370985",Night,Movies,Science Fiction,1.0,Family,Weekly,Man
7670,38.0,"105,74889291803618",Night,Anime,Science Fiction,0.0,Premium,Weekly,Woman
7671,41.0,"126,43568590545654",Night,Documentaries,Drama,0.0,Premium,Weekly,Man
7672,39.0,"168,0639607425314",Night,Documentaries,Drama,0.0,Premium,Weekly,Woman
7673,36.0,"90,5523809820438",Night,Documentaries,Science Fiction,1.0,Premium,Weekly,Woman
7674,36.0,"159,81425647605857",Afternoon,Documentaries,Drama,0.0,Premium,Weekly,Woman
7675,32.0,"153,0715685500068",Night,Anime,Science Fiction,0.0,Premium,Weekly,Man
7676,47.0,"183,39058254038943",Night,Movies,Science Fiction,1.0,Family,Weekly,Man
7677,35.0,"153,1792331467656",Afternoon,Documentaries,Drama,0.0,Premium,Weekly,Man
7678,53.0,"168,6335636852572",Afternoon,Documentaries,Science Fiction,1.0,Family,Weekly,Woman
7679,22.0,"162,54474583966814",Afternoon,Documentaries,Science Fiction,0.0,,Weekly,Man
7680,44.0,"208,7276469271204",Afternoon,Documentaries,Science Fiction,0.0,Premium,Weekly,Man
7681,37.0,"252,50531026401376",Afternoon,Documentaries,Drama,0.0,Family,Weekly,Man
7682,55.0,"143,54216723423588",Night,Movies,Science Fiction,1.0,Family,Weekly,Man
7683,56.0,"202,0994958977784",Night,Movies,Science Fiction,1.0,Family,Weekly,Woman
7684,29.0,"138,6146610869181",Afternoon,Anime,Horror,0.0,Premium,Occasional,Woman
7685,52.0,"157,32938883440278",Night,Documentaries,Horror,1.0,Family,Weekly,Woman
7686,56.0,"176,13871868792518",Night,Movies,Science Fiction,1.0,Family,Weekly,Man
7687,36.0,"137,0496672956681",Night,Anime,Science Fiction,0.0,Premium,Weekly,Woman
7688,47.0,nan,Night,Anime,Science Fiction,0.0,Premium,Weekly,Woman
7689,34.0,"184,3110247324721",Afternoon,Documentaries,Drama,0.0,,Weekly,Man
7690,59.0,"184,66090424417024",Afternoon,Movies,Science Fiction,1.0,Family,Weekly,Man
7691,46.0,"172,87787094117155",Night,Documentaries,Science Fiction,0.0,Family,Weekly,Man
7692,44.0,"144,04311888766955",Night,Documentaries,Drama,0.0,Premium,Weekly,Man
7693,54.0,"165,6295634065541",Afternoon,Documentaries,Science Fiction,1.0,Family,Weekly,Man
7694,49.0,"104,17930436554316",Night,Documentaries,Science Fiction,1.0,,Weekly,Woman
7695,56.0,"200,89646950752763",Afternoon,Movies,Science Fiction,1.0,Family,Weekly,Woman
7696,41.0,"94,62349872445752",Night,Anime,Science Fiction,1.0,Premium,Weekly,Man
7697,38.0,"89,23429814026105",Afternoon,Documentaries,Science Fiction,1.0,Family,Weekly,Woman
7698,45.0,"175,41635785423293",Night,Documentaries,Science Fiction,0.0,Family,Weekly,Woman
7699,57.0,"96,01646617568832",Late Night,Anime,Science Fiction,1.0,Premium,Weekly,Woman
7700,36.0,"113,71907371743966",Night,Anime,Science Fiction,1.0,Premium,Weekly,Man
7701,47.0,nan,Afternoon,Documentaries,Drama,1.0,Premium,Weekly,Woman
7702,44.0,"167,3798969898795",Afternoon,Documentaries,Drama,0.0,Premium,Weekly,Man
7703,43.0,"176,32351724245143",Night,Documentaries,Drama,0.0,Premium,Weekly,Man
7704,26.0,nan,Afternoon,Reality Shows,Science Fiction,0.0,Premium,Occasional,Man
7705,40.0,"185,40931948647508",Afternoon,Documentaries,Horror,0.0,Family,Weekly,Woman
7706,40.0,"165,46474443388337",Night,Documentaries,Drama,0.0,Premium,Weekly,Woman
7707,39.0,"137,2807176688035",Night,Documentaries,Drama,0.0,Premium,Weekly,Man
7708,38.0,"154,93568723202026",Afternoon,Documentaries,Drama,0.0,Premium,Weekly,Woman
7709,40.0,"72,19506716258988",Afternoon,Anime,Science Fiction,1.0,Family,Weekly,Man
7710,43.0,"69,52152543108885",Night,Anime,Science Fiction,1.0,Premium,Weekly,Woman
7711,36.0,"191,38081397480428",Night,Documentaries,Drama,0.0,Premium,Weekly,Woman
7712,42.0,"161,1154551320795",Night,Documentaries,Drama,1.0,,Weekly,Woman
7713,37.0,"92,53453790753991",Afternoon,Anime,Comedy,1.0,Family,Weekly,Man
7714,39.0,"131,83394135866718",Afternoon,Documentaries,Drama,0.0,Premium,Weekly,Woman
7715,43.0,"77,8366548557642",Night,Anime,Science Fiction,1.0,Premium,Weekly,Woman
7716,47.0,"134,58873277340916",Afternoon,Anime,Horror,0.0,Premium,Weekly,Man
7717,33.0,"134,97568371601457",Night,Anime,Horror,0.0,Premium,Weekly,Man
7718,57.0,"132,36477665857603",Night,Movies,Science Fiction,1.0,Family,Weekly,Woman
7719,55.0,"168,2945152593736",Night,Movies,Science Fiction,1.0,Family,Weekly,Woman
7720,43.0,"191,94111993282755",Night,Documentaries,Science Fiction,0.0,Premium,Weekly,Woman
7721,36.0,"244,4956847896853",Afternoon,Movies,Drama,0.0,Family,Weekly,Man
7722,57.0,"146,923376636129",Afternoon,Movies,Science Fiction,1.0,Family,Weekly,Man
7723,52.0,"146,732285454119",Afternoon,Documentaries,Science Fiction,1.0,Family,Weekly,Woman
7724,46.0,"138,2120612096851",Night,Documentaries,Horror,1.0,Family,Weekly,Woman
7725,55.0,"151,66199355717143",Night,Documentaries,Science Fiction,1.0,Family,Weekly,Woman
7726,51.0,"183,93042069396944",Afternoon,Movies,Science Fiction,1.0,Family,Daily,Man
7727,43.0,"181,80200858009337",Afternoon,Documentaries,Science Fiction,1.0,Family,Weekly,Woman
7728,53.0,"159,2662909008227",Afternoon,Documentaries,Science Fiction,1.0,Family,Weekly,Woman
7729,52.0,"117,83538672851036",Afternoon,Documentaries,Science Fiction,1.0,Premium,Weekly,Man
7730,45.0,"137,29754689438454",Night,Documentaries,Drama,1.0,Premium,Weekly,Man
7731,69.0,"181,44660256129487",Afternoon,Movies,Science Fiction,1.0,Family,Weekly,Woman
7732,43.0,"180,930738123198",Night,Documentaries,Drama,0.0,Family,Weekly,Man
7733,45.0,"136,97728638676844",Night,Anime,Horror,0.0,,Occasional,Woman
7734,47.0,"184,40340250480045",Afternoon,Documentaries,Science Fiction,1.0,Family,Weekly,Woman
7735,46.0,"183,94493660848573",Afternoon,Documentaries,Horror,1.0,Family,Weekly,Woman
7736,56.0,"155,8381589056766",Afternoon,Movies,Horror,1.0,Family,Daily,Man
7737,69.0,"232,19486255949224",Night,Movies,Horror,1.0,Student,Daily,Woman
7738,58.0,"264,7507025260148",Night,Movies,Horror,0.0,,Weekly,Woman
7739,38.0,"181,49113674258348",Afternoon,Documentaries,Science Fiction,0.0,Family,Weekly,Woman
7740,52.0,"172,8772503750648",Afternoon,Movies,Science Fiction,1.0,Family,Weekly,Man
7741,55.0,"83,89774100443749",Night,Documentaries,Science Fiction,1.0,Family,Weekly,Man
7742,43.0,"117,63246710926153",Afternoon,Documentaries,Drama,1.0,Premium,Weekly,Man
7743,37.0,"40,08668958851866",Night,Anime,Science Fiction,1.0,Premium,Weekly,Woman
7744,42.0,"63,0709396107945",Night,Anime,Science Fiction,1.0,Premium,Weekly,Woman
7745,30.0,"74,066145459121",Night,Anime,Science Fiction,0.0,,Weekly,Man
7746,30.0,"251,5735954156796",Afternoon,Documentaries,Drama,0.0,Premium,Occasional,Woman
7747,44.0,"124,34165811775978",Night,Documentaries,Drama,1.0,Premium,Weekly,Woman
7748,52.0,"123,5108451790146",Afternoon,Documentaries,Horror,0.0,,Weekly,Man
7749,29.0,"33,85200381297602",Night,Anime,Science Fiction,1.0,Premium,Weekly,Woman
7750,58.0,"165,3348071938298",Afternoon,Movies,Science Fiction,1.0,Family,Weekly,Man
7751,50.0,"264,9714790241836",Night,Documentaries,Horror,0.0,Family,Weekly,Man
7752,45.0,"110,21575188878984",Night,Documentaries,Drama,1.0,Premium,Weekly,Man
7753,48.0,"150,8522238340921",Night,Anime,Horror,0.0,Family,Weekly,Man
7754,33.0,nan,Afternoon,Documentaries,Science Fiction,1.0,Premium,Weekly,Man
7755,59.0,"137,5197891994057",Afternoon,Movies,Science Fiction,1.0,Family,Weekly,Woman
7756,54.0,"147,92884354259292",Afternoon,Movies,Science Fiction,1.0,Student,Weekly,Woman
7757,59.0,"157,58911818773765",Night,Movies,Science Fiction,1.0,Family,Weekly,Man
7758,60.0,"184,02464916182208",Night,Movies,Science Fiction,1.0,Family,Weekly,Woman
7759,41.0,"91,55514470942845",Afternoon,Anime,Science Fiction,1.0,Premium,Weekly,Man
7760,57.0,"203,2039931086221",Night,Movies,Science Fiction,1.0,Family,Weekly,Woman
7761,29.0,"191,10759430119504",Afternoon,Movies,Drama,1.0,Family,Daily,Woman
7762,47.0,"181,71758342373067",Night,Documentaries,Science Fiction,0.0,Family,Weekly,Man
7763,47.0,"188,3889356054091",Afternoon,Documentaries,Science Fiction,0.0,Family,Weekly,Man
7764,48.0,"141,51195517801798",Afternoon,Documentaries,Drama,1.0,Premium,Weekly,Woman
7765,44.0,"114,48333978718183",Night,Documentaries,Science Fiction,1.0,Family,Weekly,Man
7766,57.0,"133,70950797660817",Afternoon,Documentaries,Science Fiction,1.0,Family,Weekly,Woman
7767,31.0,"179,13724088203486",Afternoon,Anime,Science Fiction,0.0,Premium,Weekly,Man
7768,39.0,"164,61953640962614",Afternoon,Documentaries,Drama,0.0,Premium,Weekly,Man
7769,28.0,"183,96077199424013",Afternoon,Documentaries,Drama,0.0,Premium,Weekly,Man
7770,36.0,"198,4152019884439",Night,Documentaries,Science Fiction,0.0,Family,Weekly,Woman
7771,39.0,"103,76280679940804",Night,Anime,Science Fiction,0.0,Premium,Weekly,Woman
7772,40.0,"173,15643296565804",Afternoon,Documentaries,Science Fiction,1.0,Family,Weekly,Woman
7773,38.0,"135,53283173267442",Afternoon,Anime,Drama,0.0,Premium,Weekly,Man
7774,31.0,"97,33439124015077",Night,Anime,Science Fiction,0.0,Premium,Weekly,Man
7775,41.0,"185,6549083146108",Afternoon,Movies,Science Fiction,1.0,Family,Weekly,Woman
7776,40.0,"74,05784676961062",Night,Documentaries,Science Fiction,1.0,Premium,Weekly,Man
7777,41.0,"150,62468064912545",Night,Documentaries,Drama,0.0,Premium,Weekly,Man
7778,32.0,"27,20189789012468",Night,Anime,Science Fiction,1.0,Premium,Weekly,Man
7779,39.0,"104,67181248981132",Night,Anime,Science Fiction,1.0,Premium,Weekly,Woman
7780,48.0,"103,92440363834582",Night,Anime,Science Fiction,0.0,Premium,Weekly,Woman
7781,53.0,"161,08926180920216",Night,Documentaries,Horror,1.0,,Weekly,Woman
7782,49.0,"129,2615720222765",Afternoon,Anime,Horror,1.0,Family,Occasional,Man
7783,52.0,"137,90220689249804",Afternoon,Documentaries,Science Fiction,1.0,Family,Weekly,Woman
7784,36.0,"207,43582436032617",Afternoon,Documentaries,Drama,0.0,Premium,Weekly,Man
7785,40.0,"190,742175148488",Night,Documentaries,Science Fiction,0.0,Family,Weekly,Woman
7786,41.0,"167,7796909649888",Night,Documentaries,Science Fiction,0.0,Premium,Weekly,Woman
7787,43.0,"101,20267699141166",Night,Documentaries,Science Fiction,1.0,Premium,Weekly,Man
7788,42.0,"192,1440336650272",Afternoon,Documentaries,Science Fiction,0.0,Family,Occasional,Woman
7789,59.0,"223,3389232057132",Night,Movies,Science Fiction,1.0,Family,Weekly,Man
7790,46.0,"166,13411505351823",Night,Documentaries,Drama,1.0,Family,Weekly,Man
7791,54.0,"176,4876124910718",Afternoon,Movies,Science Fiction,1.0,Family,Weekly,Woman
7792,33.0,"183,5216930674447",Night,Documentaries,Drama,0.0,Premium,Weekly,Man
7793,42.0,"150,00579438711233",Night,Documentaries,Horror,1.0,Family,Weekly,Woman
7794,44.0,"96,207186165819",Night,Anime,Science Fiction,1.0,Family,Weekly,Woman
7795,46.0,"183,71367179320865",Afternoon,Documentaries,Science Fiction,0.0,Family,Weekly,Man
7796,38.0,"92,79363877163524",Night,Anime,Science Fiction,1.0,Premium,Weekly,Woman
7797,48.0,"122,12673705120577",Night,Documentaries,Horror,1.0,Family,Weekly,Woman
7798,36.0,"138,7963734583613",Night,Anime,Horror,0.0,Premium,Weekly,Woman
7799,49.0,"188,15744673333955",Afternoon,Documentaries,Science Fiction,0.0,Family,Weekly,Man
7800,41.0,"198,25073615121715",Night,Documentaries,Drama,0.0,Family,Weekly,Man
7801,44.0,"149,06395077739464",Afternoon,Documentaries,Drama,1.0,Family,Weekly,Man
7802,52.0,"141,1831836122887",Afternoon,Documentaries,Science Fiction,1.0,Family,Weekly,Man
7803,59.0,"199,9459978488365",Afternoon,Movies,Science Fiction,1.0,Family,Weekly,Woman
7804,29.0,"155,8912124796415",Night,Documentaries,Science Fiction,0.0,Family,Weekly,Man
7805,43.0,"153,8941536130394",Afternoon,Documentaries,Drama,0.0,Premium,Weekly,Woman
7806,47.0,"157,92634641632893",Afternoon,Anime,Horror,0.0,Premium,Weekly,Man
7807,52.0,"160,07874798094466",Afternoon,Documentaries,Science Fiction,1.0,Family,Weekly,Woman
7808,53.0,"223,1294176513248",Night,Movies,Science Fiction,0.0,Family,Weekly,Man
7809,41.0,"151,97733014797993",Night,Documentaries,Science Fiction,1.0,Family,Weekly,Man
7810,37.0,"135,3639999881748",Night,Anime,Science Fiction,0.0,Premium,Weekly,Woman
7811,32.0,"99,96994734368889",Night,Anime,Science Fiction,1.0,Premium,Weekly,Man
7812,61.0,"173,22147973086143",Afternoon,Movies,Science Fiction,1.0,Family,Weekly,Woman
7813,42.0,"155,53559286853837",Night,Documentaries,Drama,0.0,Premium,Weekly,Woman
7814,43.0,"94,7141545289309",Night,Anime,Science Fiction,0.0,Premium,Weekly,Man
7815,39.0,"150,06841600148024",Night,Documentaries,Science Fiction,0.0,Family,Weekly,Woman
7816,51.0,"134,8503763107467",Afternoon,Documentaries,Science Fiction,1.0,Family,Weekly,Man
7817,37.0,"183,64563690192836",Afternoon,Documentaries,Horror,0.0,Family,Weekly,Man
7818,35.0,"139,25828108394688",Night,Anime,Science Fiction,0.0,Premium,Weekly,Woman
7819,36.0,"177,34731055341592",Afternoon,Documentaries,Drama,0.0,Premium,Weekly,Man
7820,58.0,"193,2586586114716",Night,Movies,Science Fiction,1.0,Family,Weekly,Man
7821,40.0,"150,11399875907776",Afternoon,Documentaries,Science Fiction,0.0,Premium,Weekly,Woman
7822,47.0,"101,26797683193192",Afternoon,Anime,Science Fiction,1.0,Family,Weekly,Woman
7823,58.0,"193,1047854642214",Afternoon,Movies,Science Fiction,1.0,Family,Weekly,Man
7824,43.0,"189,5938903538708",Night,Documentaries,Science Fiction,0.0,Family,Weekly,Woman
7825,48.0,"156,32586203280607",Afternoon,Movies,Science Fiction,1.0,Family,Weekly,Man
7826,48.0,"192,0405834376711",Night,Movies,Science Fiction,1.0,Family,Weekly,Man
7827,58.0,"146,6458602409208",Afternoon,Movies,Drama,1.0,Family,Weekly,Man
7828,63.0,"137,6155367829992",Night,Movies,Science Fiction,1.0,Student,Weekly,Man
7829,55.0,"147,47946161163412",Late Night,Movies,Science Fiction,1.0,Family,Weekly,Man
7830,40.0,"155,69881284731866",Afternoon,Documentaries,Drama,0.0,Premium,Weekly,Woman
7831,51.0,"177,422095014396",Afternoon,Movies,Science Fiction,1.0,Family,Weekly,Man
7832,53.0,"184,039975518752",Afternoon,Documentaries,Science Fiction,1.0,Family,Weekly,Man
7833,34.0,"198,1485542270541",Night,Documentaries,Science Fiction,0.0,Family,Weekly,Man
7834,43.0,"89,12948395966879",Afternoon,Documentaries,Science Fiction,1.0,Family,Weekly,Woman
7835,43.0,"142,3934178549636",Afternoon,Documentaries,Drama,0.0,Premium,Weekly,Man
7836,32.0,"80,4834295729995",Night,Anime,Science Fiction,0.0,Premium,Weekly,Man
7837,59.0,"156,32977218491774",Afternoon,Movies,Science Fiction,1.0,Family,Weekly,Woman
7838,58.0,"203,23397493110417",Afternoon,Movies,Science Fiction,1.0,Family,Weekly,Man
7839,44.0,nan,Night,Documentaries,Drama,1.0,Premium,Weekly,Man
7840,34.0,"142,55578197247465",Night,Documentaries,Drama,0.0,Premium,Weekly,Man
7841,25.0,"66,49581145849949",Night,Anime,Science Fiction,1.0,Premium,Weekly,Woman
7842,41.0,"99,6316785454309",Afternoon,Anime,Science Fiction,0.0,Premium,Weekly,Woman
7843,62.0,"135,8202919677335",Afternoon,Movies,Science Fiction,1.0,Family,Weekly,Woman
7844,36.0,"145,32445808574423",Night,Anime,Science Fiction,0.0,Premium,Weekly,Woman
7845,55.0,"145,06128616167538",Late Night,Movies,Science Fiction,1.0,Family,Daily,Woman
7846,35.0,"170,51959648050368",Afternoon,Documentaries,Drama,0.0,Premium,Weekly,Woman
7847,49.0,"155,94003911415726",Night,Anime,Horror,0.0,Premium,Weekly,Man
7848,36.0,"194,3486698662944",Afternoon,Documentaries,Drama,0.0,Premium,Weekly,Woman
7849,43.0,"182,7247957199417",Afternoon,Documentaries,Horror,0.0,Family,Weekly,Woman
7850,44.0,nan,Afternoon,Documentaries,Horror,1.0,,Weekly,Woman
7851,43.0,"150,55135798136328",Night,Anime,Horror,0.0,Family,Weekly,Woman
7852,36.0,"108,81167458487836",Afternoon,Anime,Science Fiction,0.0,Premium,Weekly,Man
7853,26.0,"173,63002361141125",Afternoon,Documentaries,Drama,0.0,Premium,Weekly,Woman
7854,53.0,"105,94853725499226",Night,Anime,Science Fiction,0.0,,Weekly,Woman
7855,42.0,"183,5430039690312",Night,Documentaries,Science Fiction,0.0,Family,Weekly,Woman
7856,59.0,"123,34394998967576",Night,Documentaries,Horror,1.0,,Weekly,Woman
7857,50.0,"161,08051623402795",Afternoon,Documentaries,Science Fiction,1.0,Family,Weekly,Woman
7858,32.0,"182,7960823386771",Afternoon,Documentaries,Science Fiction,0.0,Premium,Weekly,Man
7859,53.0,"124,33441962110504",Afternoon,Documentaries,Horror,1.0,Family,Weekly,Man
7860,53.0,"109,57425752690474",Night,Anime,Comedy,1.0,Family,Weekly,Woman
7861,37.0,"182,14390103053705",Afternoon,Documentaries,Science Fiction,0.0,Family,Weekly,Man
7862,63.0,"156,18933046076864",Afternoon,Movies,Science Fiction,1.0,Family,Daily,Man
7863,42.0,"58,97962116116438",Afternoon,Anime,Science Fiction,1.0,Premium,Weekly,Man
7864,33.0,"160,56500013261726",Afternoon,Documentaries,Drama,0.0,Premium,Weekly,Man
7865,61.0,"152,26726643028468",Night,Movies,Science Fiction,1.0,Family,Weekly,Man
7866,61.0,"147,14276930747064",Night,Movies,Science Fiction,1.0,Family,Weekly,Woman
7867,41.0,"166,98991765164826",Afternoon,Documentaries,Science Fiction,0.0,Premium,Weekly,Woman
7868,44.0,"169,16517778169214",Afternoon,Documentaries,Drama,0.0,Premium,Weekly,Woman
7869,54.0,"134,137193119083",Night,Movies,Science Fiction,1.0,Family,Daily,Woman
7870,43.0,"155,27152787984872",Night,Movies,Horror,1.0,Student,Daily,Woman
7871,36.0,"143,98257972985235",Afternoon,Documentaries,Drama,0.0,Premium,Weekly,Man
7872,35.0,"41,03075023763709",Night,Anime,Science Fiction,1.0,Family,Weekly,Woman
7873,48.0,nan,Afternoon,Documentaries,Science Fiction,1.0,Family,Weekly,Man
7874,55.0,"223,1733024564753",Night,Movies,Science Fiction,0.0,Family,Weekly,Woman
7875,24.0,"62,18423633972099",Afternoon,Anime,Science Fiction,1.0,Family,Weekly,Man
7876,44.0,"70,81503002241068",Afternoon,Anime,Science Fiction,1.0,Premium,Weekly,Woman
7877,41.0,"205,90111672324292",Night,Documentaries,Drama,0.0,Family,Weekly,Woman
7878,37.0,"141,10566650538848",Night,Documentaries,Science Fiction,1.0,Family,Weekly,Man
7879,35.0,"176,72812436001652",Night,Documentaries,Drama,0.0,Premium,Weekly,Man
7880,55.0,"147,13022277374492",Afternoon,Movies,Science Fiction,1.0,Family,Weekly,Man
7881,34.0,"167,5108220621221",Afternoon,Documentaries,Drama,0.0,,Weekly,Woman
7882,43.0,"156,01411717006982",Afternoon,Documentaries,Drama,1.0,Premium,Weekly,Woman
7883,49.0,"98,53787976083068",Night,Anime,Science Fiction,0.0,Premium,Weekly,Woman
7884,48.0,"130,15440131718125",Night,Documentaries,Horror,1.0,Family,Weekly,Woman
7885,36.0,"161,82810291442607",Night,Documentaries,Science Fiction,0.0,Family,Weekly,Woman
7886,55.0,"164,802250311451",Night,Movies,Science Fiction,1.0,Family,Weekly,Man
7887,48.0,"169,04592201305888",Night,Documentaries,Science Fiction,1.0,Family,Weekly,Woman
7888,39.0,"78,14537350197858",Afternoon,Anime,Science Fiction,1.0,Premium,Weekly,Woman
7889,43.0,"132,0724264180832",Night,Anime,Science Fiction,0.0,Premium,Weekly,Woman
7890,43.0,"131,5142429965883",Afternoon,Anime,Science Fiction,0.0,Premium,Weekly,Woman
7891,28.0,"192,59042153373335",Afternoon,Documentaries,Science Fiction,0.0,Family,Weekly,Woman
7892,50.0,"151,2534874289419",Late Night,Documentaries,Horror,0.0,Premium,Weekly,Woman
7893,48.0,"188,0519845499037",Afternoon,Documentaries,Science Fiction,0.0,Family,Weekly,Woman
7894,35.0,"176,15229892225148",Night,Documentaries,Drama,0.0,Premium,Weekly,Man
7895,37.0,"170,96179505295734",Afternoon,Documentaries,Science Fiction,0.0,Family,Weekly,Man
7896,41.0,"108,31260147493752",Afternoon,Anime,Science Fiction,1.0,,Weekly,Woman
7897,60.0,"186,83929459420077",Night,Movies,Science Fiction,1.0,Family,Weekly,Woman
7898,42.0,"113,91618045779734",Night,Documentaries,Drama,1.0,Premium,Weekly,Man
7899,58.0,"239,61591630811083",Afternoon,Movies,Science Fiction,0.0,Family,Weekly,Woman
7900,34.0,"156,83079908177473",Night,Documentaries,Drama,0.0,Premium,Weekly,Woman
7901,52.0,"157,20384147195148",Night,Movies,Drama,1.0,Family,Weekly,Woman
7902,48.0,"121,75982857294616",Afternoon,Documentaries,Science Fiction,1.0,Family,Weekly,Man
7903,33.0,"123,8179815994557",Late Night,Anime,Science Fiction,0.0,Premium,Weekly,Man
7904,56.0,"129,83232799347718",Night,Movies,Science Fiction,1.0,Family,Weekly,Woman
7905,37.0,"155,3185212657754",Afternoon,Anime,Science Fiction,0.0,Premium,Occasional,Man
7906,43.0,"185,92423702112896",Night,Documentaries,Science Fiction,0.0,Family,Weekly,Woman
7907,38.0,"196,61866773259337",Night,Documentaries,Science Fiction,0.0,Family,Weekly,Woman
7908,42.0,"149,90004467025523",Night,Anime,Horror,0.0,Premium,Weekly,Woman
7909,42.0,"139,3146905973291",Night,Documentaries,Drama,1.0,Premium,Weekly,Man
7910,55.0,"144,8528314999516",Afternoon,Documentaries,Science Fiction,1.0,Family,Weekly,Man
7911,56.0,"129,24781471617558",Afternoon,Documentaries,Science Fiction,1.0,Family,Weekly,Man
7912,47.0,"168,00984566761326",Night,Documentaries,Drama,0.0,Family,Weekly,Man
7913,51.0,nan,Afternoon,Documentaries,Science Fiction,1.0,Family,Weekly,Man
7914,38.0,"172,2980956295687",Afternoon,Documentaries,Science Fiction,1.0,Family,Weekly,Man
7915,56.0,"169,6326333328306",Night,Movies,Science Fiction,1.0,Family,Weekly,Woman
7916,56.0,"165,79283040094154",Night,Documentaries,Science Fiction,1.0,Family,Weekly,Woman
7917,40.0,"162,63514920001288",Night,Documentaries,Drama,0.0,Premium,Weekly,Man
7918,56.0,"107,60746562564732",Afternoon,Documentaries,Science Fiction,1.0,Family,Weekly,Man
7919,23.0,"144,67825162512696",Night,Anime,Horror,0.0,Family,Weekly,Man
7920,42.0,"144,64678737367723",Night,Documentaries,Drama,1.0,Premium,Weekly,Woman
7921,59.0,"135,32158951414482",Afternoon,Movies,Science Fiction,1.0,Family,Weekly,Woman
7922,59.0,"137,66052885925112",Night,Documentaries,Science Fiction,1.0,Family,Weekly,Man
7923,61.0,"150,26869781244446",Afternoon,Movies,Drama,1.0,Family,Weekly,Man
7924,41.0,"173,12605981015028",Night,Documentaries,Drama,0.0,Premium,Weekly,Man
7925,54.0,"151,2258772484822",Afternoon,Movies,Horror,1.0,Family,Daily,Woman
7926,32.0,"179,02957405136485",Night,Documentaries,Science Fiction,0.0,Family,Weekly,Man
7927,37.0,"205,4875841304692",Afternoon,Documentaries,Science Fiction,0.0,Premium,Weekly,Woman
7928,57.0,"191,30723264961685",Afternoon,Movies,Science Fiction,1.0,Family,Weekly,Man
7929,27.0,"75,38008884288486",Afternoon,Anime,Science Fiction,0.0,Premium,Weekly,Woman
7930,38.0,"118,21583895411318",Night,Anime,Horror,0.0,Premium,Weekly,Woman
7931,57.0,"188,03342424918208",Afternoon,Movies,Science Fiction,1.0,Family,Weekly,Woman
7932,47.0,"80,38449739296738",Night,Reality Shows,Comedy,1.0,Family,Occasional,Man
7933,55.0,"141,07215677093933",Afternoon,Documentaries,Science Fiction,1.0,Family,Weekly,Man
7934,36.0,"171,4946035414383",Afternoon,Documentaries,Drama,0.0,Premium,Weekly,Man
7935,39.0,"162,8005796524447",Night,Documentaries,Drama,0.0,Premium,Weekly,Man
7936,62.0,"201,86083209723537",Night,Movies,Horror,1.0,Family,Weekly,Man
7937,39.0,"102,507746421798",Night,Documentaries,Science Fiction,1.0,Family,Weekly,Man
7938,62.0,"140,07419956140663",Night,Movies,Drama,1.0,Family,Weekly,Woman
7939,43.0,nan,Night,Movies,Science Fiction,1.0,Family,Weekly,Woman
7940,35.0,"171,48636459993935",Afternoon,Documentaries,Drama,0.0,Premium,Weekly,Man
7941,48.0,"149,894143445221",Night,Movies,Science Fiction,1.0,Family,Weekly,Woman
7942,50.0,"120,68361422355991",Night,Documentaries,Science Fiction,1.0,Family,Weekly,Woman
7943,38.0,"141,80744709125898",Afternoon,Anime,Science Fiction,0.0,Premium,Weekly,Woman
7944,50.0,"184,5938692620793",Night,Documentaries,Science Fiction,1.0,Family,Weekly,Man
7945,48.0,"134,06139343020467",Afternoon,Documentaries,Horror,1.0,Family,Weekly,Woman
7946,39.0,"129,01303956368668",Afternoon,Anime,Horror,0.0,Family,Weekly,Man
7947,41.0,"169,89758676730884",Afternoon,Documentaries,Science Fiction,0.0,Family,Weekly,Man
7948,46.0,"94,95937202227609",Afternoon,Anime,Science Fiction,1.0,Premium,Weekly,Woman
7949,41.0,"209,4489699923157",Night,Documentaries,Science Fiction,0.0,Family,Weekly,Woman
7950,32.0,"39,570739116222285",Night,Anime,Science Fiction,1.0,Premium,Weekly,Man
7951,50.0,"141,19394182468614",Night,Documentaries,Horror,1.0,Family,Weekly,Man
7952,38.0,"110,9707157138428",Night,Anime,Science Fiction,0.0,Premium,Weekly,Woman
7953,50.0,"115,79647870874598",Afternoon,Documentaries,Science Fiction,1.0,Family,Weekly,Woman
7954,56.0,"150,68922053255778",Afternoon,Movies,Science Fiction,1.0,Family,Weekly,Man
7955,53.0,"211,83559527959915",Afternoon,Movies,Horror,1.0,Family,Weekly,Woman
7956,45.0,"138,06544807040794",Afternoon,Movies,Science Fiction,1.0,Premium,Daily,Woman
7957,61.0,"226,5889044742334",Afternoon,Movies,Science Fiction,1.0,Family,Weekly,Man
7958,48.0,"190,73249506531025",Night,Documentaries,Science Fiction,0.0,Family,Weekly,Woman
7959,61.0,"244,0682470575603",Afternoon,Movies,Science Fiction,1.0,Family,Weekly,Man
7960,46.0,"170,57571857157205",Afternoon,Documentaries,Drama,0.0,Family,Weekly,Man
7961,32.0,"193,3599685499484",Afternoon,Documentaries,Science Fiction,0.0,Premium,Weekly,Woman
7962,33.0,"115,07513603715329",Afternoon,Anime,Science Fiction,0.0,Premium,Weekly,Woman
7963,34.0,"118,65382621269384",Afternoon,Anime,Horror,0.0,Premium,Occasional,Man
7964,44.0,"146,5429101134333",Night,Anime,Science Fiction,0.0,Premium,Weekly,Man
7965,26.0,"172,17861793198628",Night,Anime,Science Fiction,0.0,Premium,Weekly,Woman
7966,40.0,"185,28142027773453",Afternoon,Documentaries,Science Fiction,1.0,Family,Weekly,Man
7967,51.0,"227,47564094093485",Night,Movies,Science Fiction,0.0,Family,Weekly,Man
7968,57.0,"200,75458406179013",Night,Movies,Science Fiction,1.0,Family,Weekly,Man
7969,39.0,"188,085404352066",Night,Movies,Drama,1.0,Family,Weekly,Woman
7970,35.0,"72,06782865887207",Night,Anime,Science Fiction,0.0,Premium,Weekly,Woman
7971,42.0,"177,22018943628453",Night,Documentaries,Science Fiction,0.0,Premium,Weekly,Woman
7972,36.0,"171,1205483731753",Afternoon,Movies,Science Fiction,1.0,Family,Weekly,Man
7973,52.0,"126,57003753750314",Night,Documentaries,Horror,1.0,Family,Weekly,Woman
7974,31.0,"158,1569558996884",Late Night,Anime,Drama,0.0,,Weekly,Woman
7975,39.0,"163,52584078132222",Night,Documentaries,Drama,0.0,Premium,Weekly,Man
7976,47.0,"168,17183489525732",Afternoon,Documentaries,Science Fiction,1.0,Family,Weekly,Woman
7977,37.0,"143,0806132211341",Night,Documentaries,Drama,0.0,Premium,Weekly,Woman
7978,33.0,"154,73896701964853",Night,Movies,Science Fiction,1.0,Family,Daily,Woman
7979,34.0,"216,47229117492068",Afternoon,Documentaries,Drama,0.0,Premium,Weekly,Man
7980,44.0,"118,7207169661786",Afternoon,Anime,Horror,1.0,Family,Weekly,Woman
7981,57.0,"130,67303291724335",Night,Movies,Science Fiction,1.0,Family,Weekly,Woman
7982,45.0,nan,Afternoon,Documentaries,Science Fiction,1.0,Premium,Weekly,Woman
7983,45.0,"102,75510097816888",Night,Anime,Science Fiction,0.0,Premium,Weekly,Woman
7984,21.0,"34,42774088273952",Afternoon,Anime,Science Fiction,1.0,Premium,Weekly,Man
7985,55.0,"195,98853469432368",Night,Movies,Science Fiction,1.0,Family,Weekly,Woman
7986,54.0,"209,99718715152477",Night,Documentaries,Science Fiction,1.0,Family,Weekly,Woman
7987,41.0,"105,781639655495",Afternoon,Anime,Science Fiction,0.0,Premium,Weekly,Man
7988,34.0,"197,3955625079248",Late Night,Documentaries,Drama,0.0,Family,Weekly,Woman
7989,42.0,"187,8118942663252",Night,Documentaries,Science Fiction,0.0,Family,Weekly,Man
7990,31.0,"103,34321921772327",Night,Anime,Science Fiction,1.0,Family,Weekly,Woman
7991,38.0,"144,89881953782995",Afternoon,Documentaries,Science Fiction,1.0,Family,Weekly,Man
7992,35.0,"186,44107680392145",Afternoon,Documentaries,Drama,0.0,Premium,Occasional,Woman
7993,37.0,"158,77808790629854",Afternoon,Documentaries,Science Fiction,0.0,Family,Weekly,Woman
7994,56.0,"190,552308152666",Night,Movies,Horror,1.0,Family,Weekly,Man
7995,56.0,"148,9550872799467",Afternoon,Documentaries,Horror,1.0,Family,Weekly,Woman
7996,45.0,"104,20813257001588",Afternoon,Documentaries,Science Fiction,1.0,Premium,Weekly,Woman
7997,26.0,"180,091181045683",Night,Documentaries,Science Fiction,0.0,Family,Weekly,Woman
7998,40.0,"131,17472662652065",Night,Anime,Horror,0.0,Family,Weekly,Man
7999,45.0,"93,12080014421664",Night,Anime,Science Fiction,1.0,Premium,Weekly,Man
8000,50.0,"165,36113631622905",Night,Documentaries,Horror,1.0,Family,Daily,Man
8001,44.0,"187,0084473491829",Night,Documentaries,Science Fiction,0.0,Family,Weekly,Woman
8002,31.0,"62,62944276528948",Afternoon,Anime,Science Fiction,1.0,Premium,Weekly,Woman
8003,30.0,"157,4467536622061",Afternoon,Anime,Drama,0.0,Premium,Weekly,Man
8004,47.0,"92,21913848438672",Afternoon,Anime,Science Fiction,0.0,,Weekly,Man
8005,33.0,"181,94647491802567",Afternoon,Documentaries,Drama,0.0,Premium,Weekly,Man
8006,46.0,"118,95576158910411",Night,Anime,Science Fiction,0.0,Premium,Weekly,Man
8007,35.0,"200,4918090489112",Afternoon,Documentaries,Drama,0.0,Premium,Weekly,Woman
8008,39.0,nan,Night,Anime,Science Fiction,0.0,Premium,Weekly,Man
8009,55.0,"173,2081678340839",Afternoon,Documentaries,Science Fiction,1.0,,Weekly,Woman
8010,60.0,"132,67631541601517",Afternoon,Movies,Science Fiction,1.0,Family,Weekly,Woman
8011,29.0,"85,1654970716953",Night,Anime,Science Fiction,1.0,Family,Weekly,Man
8012,49.0,"159,5125639972788",Afternoon,Documentaries,Science Fiction,1.0,Family,Weekly,Woman
8013,54.0,"148,64144056380226",Night,Documentaries,Science Fiction,1.0,Family,Weekly,Man
8014,38.0,"136,12968267444148",Afternoon,Documentaries,Horror,1.0,Family,Weekly,Man
8015,49.0,"189,94798931559103",Afternoon,Movies,Science Fiction,1.0,Family,Weekly,Man
8016,44.0,"108,83441937817446",Night,Documentaries,Horror,1.0,Premium,Weekly,Woman
8017,49.0,"126,56292787415786",Night,Documentaries,Science Fiction,1.0,Premium,Weekly,Man
8018,61.0,"244,2648311488548",Night,Movies,Science Fiction,0.0,Family,Weekly,Woman
8019,40.0,"74,89220003413507",Night,Anime,Science Fiction,1.0,Family,Weekly,Man
8020,41.0,"188,49856529636617",Night,Documentaries,Drama,0.0,Family,Weekly,Man
8021,56.0,"196,93300736969152",Night,Movies,Science Fiction,1.0,Family,Daily,Woman
8022,44.0,"122,22155634049165",Night,Anime,Science Fiction,0.0,,Weekly,Woman
8023,46.0,"171,52037946191578",Afternoon,Documentaries,Horror,1.0,Family,Weekly,Man
8024,37.0,"91,23076529183652",Night,Anime,Science Fiction,1.0,Premium,Weekly,Man
8025,59.0,"179,3023429987216",Afternoon,Movies,Science Fiction,1.0,Family,Weekly,Man
8026,29.0,nan,Afternoon,Documentaries,Drama,0.0,Family,Weekly,Man
8027,42.0,"90,28304378504772",Afternoon,Documentaries,Science Fiction,1.0,Family,Weekly,Man
8028,47.0,"183,12171701884688",Afternoon,Movies,Horror,1.0,Family,Daily,Man
8029,46.0,"185,30650201248324",Late Night,Documentaries,Science Fiction,0.0,Family,Weekly,Man
8030,42.0,"179,10817032705108",Night,Documentaries,Drama,0.0,Premium,Weekly,Man
8031,50.0,"143,19729443971735",Night,Anime,Science Fiction,0.0,Premium,Weekly,Man
8032,34.0,"104,59181843033402",Night,Documentaries,Science Fiction,1.0,Family,Weekly,Woman
8033,49.0,"167,46436287353407",Afternoon,Documentaries,Science Fiction,1.0,Family,Weekly,Woman
8034,32.0,"184,20301868054824",Afternoon,Documentaries,Drama,0.0,Premium,Weekly,Woman
8035,39.0,"36,46949314954468",Night,Anime,Science Fiction,1.0,Premium,Weekly,Woman
8036,47.0,"163,79984030859913",Night,Documentaries,Drama,1.0,Family,Weekly,Woman
8037,47.0,"197,3321477180739",Night,Documentaries,Science Fiction,0.0,Family,Weekly,Man
8038,32.0,"193,761656785049",Night,Documentaries,Drama,0.0,Premium,Weekly,Man
8039,33.0,"185,59184585099604",Afternoon,Movies,Science Fiction,1.0,Family,Weekly,Man
8040,59.0,"129,6234867627087",Night,Documentaries,Horror,1.0,Family,Weekly,Woman
8041,36.0,"169,01761219102346",Night,Documentaries,Drama,0.0,Premium,Weekly,Woman
8042,44.0,"92,64630936224935",Afternoon,Anime,Science Fiction,1.0,Premium,Weekly,Woman
8043,41.0,"205,9120143718274",Night,Documentaries,Science Fiction,0.0,Family,Weekly,Man
8044,50.0,"159,33066098299855",Night,Documentaries,Horror,1.0,Family,Weekly,Man
8045,48.0,"110,52065235108574",Night,Anime,Science Fiction,0.0,Premium,Weekly,Man
8046,39.0,"144,3149988666607",Night,Documentaries,Horror,1.0,Family,Weekly,Woman
8047,38.0,nan,Afternoon,Documentaries,Science Fiction,0.0,Family,Weekly,Woman
8048,33.0,"96,25155964889298",Night,Anime,Science Fiction,0.0,Premium,Weekly,Man
8049,57.0,"157,39964667178705",Night,Documentaries,Science Fiction,1.0,Family,Weekly,Man
8050,40.0,"173,564734058571",Afternoon,Documentaries,Science Fiction,0.0,Family,Weekly,Woman
8051,39.0,"168,2578328448106",Night,Documentaries,Drama,0.0,Premium,Weekly,Woman
8052,39.0,"181,50401167732403",Afternoon,Documentaries,Science Fiction,0.0,Premium,Weekly,Man
8053,31.0,"11,022693479306614",Late Night,Anime,Science Fiction,1.0,Premium,Weekly,Man
8054,37.0,"158,93115841768105",Night,Documentaries,Drama,0.0,Premium,Weekly,Man
8055,42.0,"99,74913387026552",Afternoon,Documentaries,Science Fiction,1.0,Family,Weekly,Woman
8056,59.0,"161,01876360454068",Afternoon,Movies,Science Fiction,1.0,Family,Weekly,Woman
8057,25.0,"174,66374268937835",Afternoon,Documentaries,Science Fiction,0.0,Family,Weekly,Woman
8058,51.0,"141,89843719247267",Night,Documentaries,Science Fiction,1.0,,Weekly,Woman
8059,38.0,"159,57710363575993",Afternoon,Documentaries,Drama,0.0,Premium,Weekly,Man
8060,26.0,"218,66427093684328",Afternoon,Anime,Science Fiction,0.0,Premium,Weekly,Woman
8061,64.0,"156,91228936152217",Night,Movies,Science Fiction,1.0,Family,Weekly,Man
8062,43.0,"144,26120310928653",Night,Documentaries,Drama,0.0,Premium,Weekly,Woman
8063,55.0,"173,36521077998617",Night,Documentaries,Drama,1.0,Family,Weekly,Woman
8064,39.0,"154,91202743368427",Night,Anime,Horror,0.0,Family,Weekly,Man
8065,36.0,"169,40099576354476",Afternoon,Anime,Drama,0.0,Premium,Weekly,Woman
8066,28.0,"148,45692065171613",Afternoon,Anime,Science Fiction,0.0,Premium,Occasional,Woman
8067,35.0,"177,01048599676696",Night,Movies,Drama,1.0,Family,Weekly,Woman
8068,38.0,"85,96033420567088",Afternoon,Anime,Science Fiction,0.0,Premium,Weekly,Man
8069,54.0,"170,27938322475242",Night,Movies,Horror,1.0,,Daily,Woman
8070,55.0,"158,48988459227158",Afternoon,Movies,Science Fiction,1.0,Family,Weekly,Man
8071,44.0,"153,93954035477736",Afternoon,Documentaries,Drama,1.0,Family,Weekly,Woman
8072,47.0,"92,57593310732744",Night,Documentaries,Science Fiction,1.0,Premium,Weekly,Man
8073,62.0,"109,17058946606548",Night,Movies,Drama,1.0,Family,Daily,Woman
8074,44.0,"72,14620418501012",Afternoon,Anime,Science Fiction,1.0,Premium,Weekly,Man
8075,46.0,"148,95725339442285",Night,Movies,Drama,1.0,Family,Weekly,Woman
8076,41.0,"156,62252391425335",Night,Documentaries,Drama,0.0,Premium,Weekly,Man
8077,43.0,nan,Night,Documentaries,Science Fiction,1.0,Family,Weekly,Man
8078,43.0,"125,49067435122606",Night,Anime,Science Fiction,0.0,Premium,Weekly,Man
8079,62.0,"149,53272898905416",Afternoon,Movies,Science Fiction,1.0,Family,Daily,Man
8080,34.0,"169,94522271642853",Night,Documentaries,Science Fiction,0.0,Family,Weekly,Man
8081,51.0,"193,0945984065838",Afternoon,Documentaries,Horror,1.0,Family,Weekly,Man
8082,46.0,"90,39438956464708",Afternoon,Documentaries,Science Fiction,1.0,Premium,Weekly,Man
8083,53.0,"109,24172749709226",Afternoon,Documentaries,Science Fiction,1.0,Family,Weekly,Woman
8084,64.0,"122,48744470832348",Night,Movies,Drama,1.0,Family,Weekly,Woman
8085,35.0,"162,2143552687234",Night,Documentaries,Drama,0.0,Premium,Weekly,Woman
8086,48.0,"139,16623166578435",Night,Anime,Science Fiction,0.0,Premium,Weekly,Woman
8087,33.0,"164,44056634052194",Afternoon,Documentaries,Drama,0.0,Premium,Weekly,Woman
8088,49.0,"145,55731443414678",Afternoon,Documentaries,Horror,1.0,Family,Weekly,Man
8089,55.0,"129,80416357629656",Afternoon,Movies,Science Fiction,1.0,Family,Daily,Woman
8090,56.0,"165,87324906595555",Afternoon,Documentaries,Horror,1.0,Student,Weekly,Man
8091,34.0,"149,416822731672",Night,Anime,Science Fiction,0.0,Family,Weekly,Man
8092,43.0,"187,4539067268766",Night,Documentaries,Science Fiction,0.0,Premium,Weekly,Woman
8093,36.0,"155,17420878276437",Night,Documentaries,Horror,1.0,Family,Weekly,Man
8094,50.0,"191,86362879186404",Afternoon,Movies,Science Fiction,1.0,Family,Daily,Man
8095,38.0,"141,88300964371334",Afternoon,Documentaries,Drama,0.0,Premium,Weekly,Man
8096,46.0,"158,7985535358136",Afternoon,Documentaries,Drama,1.0,Family,Weekly,Man
8097,57.0,"163,862422030947",Night,Movies,Science Fiction,1.0,Family,Weekly,Woman
8098,24.0,"126,57763165368677",Afternoon,Anime,Science Fiction,0.0,Premium,Weekly,Woman
8099,55.0,"110,22296983617773",Night,Anime,Science Fiction,1.0,Premium,Weekly,Man
8100,47.0,"62,24327801601518",Night,Anime,Science Fiction,1.0,Premium,Weekly,Man
8101,39.0,"256,92751356814216",Afternoon,Movies,Drama,0.0,Family,Weekly,Man
8102,55.0,"143,52258986870024",Night,Documentaries,Science Fiction,1.0,Family,Weekly,Woman
8103,48.0,"140,52685507426108",Night,Anime,Horror,0.0,Premium,Weekly,Man
8104,49.0,"119,828897774008",Night,Documentaries,Horror,1.0,Family,Weekly,Man
8105,42.0,nan,Night,Documentaries,Drama,0.0,Family,Weekly,Man
8106,44.0,"110,88585539701022",Afternoon,Anime,Science Fiction,0.0,Premium,Weekly,Man
8107,54.0,"184,50807978853405",Afternoon,Movies,Science Fiction,1.0,Family,Daily,Woman
8108,38.0,"160,76054230789703",Afternoon,Documentaries,Drama,0.0,Family,Weekly,Woman
8109,35.0,"39,60480286987075",Afternoon,Anime,Science Fiction,1.0,Premium,Weekly,Woman
8110,54.0,"177,32273113679142",Night,Documentaries,Horror,1.0,Student,Weekly,Man
8111,42.0,"178,6598575760834",Night,Documentaries,Science Fiction,0.0,Family,Weekly,Woman
8112,58.0,"173,1098129757666",Night,Movies,Science Fiction,1.0,Family,Weekly,Man
8113,47.0,"169,28108666361186",Afternoon,Movies,Drama,1.0,Family,Weekly,Woman
8114,59.0,"205,0739665374568",Afternoon,Movies,Science Fiction,1.0,Family,Daily,Woman
8115,46.0,"151,5553509446008",Afternoon,Documentaries,Drama,1.0,Premium,Weekly,Man
8116,56.0,"180,35648494563097",Night,Movies,Science Fiction,1.0,Family,Weekly,Woman
8117,37.0,"205,903570159294",Afternoon,Documentaries,Drama,0.0,Family,Weekly,Man
8118,53.0,"140,50663144744354",Night,Documentaries,Science Fiction,1.0,Family,Weekly,Man
8119,41.0,"136,76939883132115",Night,Documentaries,Drama,0.0,Premium,Weekly,Woman
8120,37.0,"198,57043265482716",Night,Anime,Science Fiction,0.0,Family,Weekly,Man
8121,51.0,"149,37873208503265",Afternoon,Anime,Horror,0.0,Premium,Occasional,Woman
8122,42.0,"144,31385320231408",Night,Documentaries,Science Fiction,0.0,Family,Weekly,Woman
8123,33.0,"45,228289682348766",Night,Anime,Science Fiction,1.0,,Weekly,Man
8124,47.0,"181,95657668298665",Night,Documentaries,Science Fiction,0.0,Family,Weekly,Woman
8125,41.0,"171,63220247585792",Night,Documentaries,Drama,0.0,Premium,Weekly,Man
8126,38.0,"112,2631725374066",Night,Anime,Horror,0.0,,Weekly,Woman
8127,32.0,"148,06340223334314",Afternoon,Anime,Horror,0.0,Premium,Occasional,Man
8128,34.0,"144,7181150930958",Night,Documentaries,Drama,0.0,Premium,Weekly,Woman
8129,59.0,"146,16697001347313",Night,Documentaries,Science Fiction,1.0,Family,Weekly,Man
8130,45.0,"198,9408209849273",Morning,Documentaries,Science Fiction,0.0,Family,Weekly,Woman
8131,40.0,"180,61284519729708",Night,Documentaries,Drama,0.0,Family,Weekly,Man
8132,26.0,nan,Night,Anime,Science Fiction,0.0,Family,Weekly,Man
8133,48.0,"198,3376512881495",Night,Documentaries,Science Fiction,0.0,Family,Weekly,Man
8134,29.0,nan,Night,Documentaries,Drama,0.0,Free,Weekly,Woman
8135,41.0,"192,009691617938",Afternoon,Documentaries,Drama,0.0,Family,Weekly,Woman
8136,36.0,"176,58799429126245",Afternoon,Documentaries,Drama,0.0,Premium,Weekly,Man
8137,46.0,"139,06730937087227",Afternoon,Movies,Drama,1.0,Family,Weekly,Woman
8138,49.0,"168,32337674702117",Afternoon,Documentaries,Horror,1.0,Family,Weekly,Man
8139,35.0,"176,28758246506538",Afternoon,Documentaries,Drama,0.0,Premium,Weekly,Man
8140,45.0,"111,75480424143508",Afternoon,Anime,Horror,0.0,Premium,Weekly,Woman
8141,55.0,"105,2886872231258",Night,Documentaries,Science Fiction,1.0,Family,Weekly,Woman
8142,43.0,"148,55013042831945",Night,Documentaries,Drama,0.0,Premium,Weekly,Woman
8143,43.0,"154,89289743894847",Afternoon,Documentaries,Science Fiction,0.0,Premium,Weekly,Man
8144,61.0,"234,081495109155",Night,Movies,Science Fiction,1.0,Family,Weekly,Woman
8145,40.0,"174,8687437374239",Afternoon,Documentaries,Drama,0.0,Premium,Weekly,Woman
8146,40.0,"170,86500862788387",Night,Documentaries,Drama,0.0,Premium,Weekly,Man
8147,39.0,"205,39412899262885",Afternoon,Documentaries,Drama,0.0,Family,Occasional,Man
8148,37.0,"67,9682861986019",Afternoon,Anime,Science Fiction,0.0,Premium,Weekly,Man
8149,53.0,nan,Afternoon,Documentaries,Horror,1.0,,Weekly,Woman
8150,47.0,"172,1771157444337",Night,Documentaries,Drama,1.0,Family,Weekly,Man
8151,34.0,"169,24191349028095",Night,Documentaries,Drama,0.0,Premium,Weekly,Man
8152,44.0,"183,52736945317565",Night,Documentaries,Drama,0.0,Family,Weekly,Woman
8153,45.0,"88,45994969328827",Night,Documentaries,Science Fiction,1.0,Premium,Weekly,Man
8154,40.0,"204,56851808767496",Afternoon,Documentaries,Science Fiction,0.0,Family,Weekly,Woman
8155,28.0,"191,2725756461343",Night,Anime,Science Fiction,0.0,Family,Weekly,Man
8156,58.0,"153,87576624317774",Afternoon,Documentaries,Horror,1.0,Family,Weekly,Woman
8157,54.0,"226,8680329561346",Night,Movies,Science Fiction,0.0,Family,Weekly,Woman
8158,41.0,"200,51381922307567",Night,Documentaries,Science Fiction,0.0,Family,Weekly,Man
8159,43.0,"113,7975106136403",Night,Documentaries,Science Fiction,1.0,Family,Weekly,Man
8160,54.0,"207,0410584784472",Afternoon,Movies,Science Fiction,1.0,Family,Daily,Woman
8161,40.0,"181,1339791014048",Night,Documentaries,Drama,0.0,Family,Weekly,Woman
8162,39.0,"178,09815618644456",Night,Documentaries,Drama,0.0,Premium,Weekly,Man
8163,61.0,"89,75170219958757",Afternoon,Movies,Science Fiction,1.0,Family,Weekly,Man
8164,62.0,"182,79911537291096",Afternoon,Movies,Science Fiction,1.0,Family,Weekly,Man
8165,64.0,"180,05071753657242",Night,Movies,Science Fiction,1.0,Family,Weekly,Woman
8166,40.0,"162,4743794792744",Late Night,Documentaries,Horror,0.0,Family,Weekly,Woman
8167,35.0,"157,99296558661285",Night,Documentaries,Drama,0.0,Premium,Weekly,Woman
8168,45.0,"42,99246921934431",Afternoon,Anime,Science Fiction,1.0,Premium,Weekly,Man
8169,44.0,"190,57326466247977",Night,Documentaries,Science Fiction,1.0,Family,Weekly,Man
8170,38.0,"172,1024483367291",Night,Documentaries,Science Fiction,0.0,Premium,Weekly,Woman
8171,45.0,"207,54803725728428",Afternoon,Movies,Drama,0.0,Family,Weekly,Woman
8172,46.0,"110,15549340366331",Afternoon,Documentaries,Science Fiction,1.0,,Weekly,Man
8173,67.0,"230,6480043238169",Afternoon,Movies,Science Fiction,1.0,Family,Daily,Man
8174,40.0,nan,Night,Documentaries,Science Fiction,1.0,Family,Weekly,Woman
8175,57.0,"151,53784091671426",Night,Documentaries,Science Fiction,1.0,Family,Weekly,Woman
8176,35.0,"135,83070457767028",Night,Documentaries,Science Fiction,1.0,Family,Weekly,Woman
8177,42.0,"82,88473295813334",Night,Anime,Science Fiction,1.0,Premium,Weekly,Man
8178,49.0,"160,29213446192787",Night,Documentaries,Drama,0.0,,Weekly,Woman
8179,52.0,"157,44138367816717",Afternoon,Documentaries,Horror,1.0,Family,Weekly,Woman
8180,37.0,"108,74794617548496",Late Night,Anime,Science Fiction,0.0,Premium,Weekly,Man
8181,53.0,"237,89534300129077",Night,Movies,Horror,0.0,Family,Weekly,Woman
8182,40.0,"155,4806489466833",Night,Documentaries,Science Fiction,1.0,Family,Weekly,Man
8183,45.0,"103,40130586781704",Night,Anime,Science Fiction,1.0,,Weekly,Man
8184,63.0,"155,84479093990478",Night,Movies,Drama,1.0,,Weekly,Woman
8185,30.0,"196,6559489918682",Afternoon,Anime,Science Fiction,0.0,Premium,Weekly,Woman
8186,33.0,"166,13051556236968",Afternoon,Documentaries,Science Fiction,0.0,Family,Weekly,Woman
8187,45.0,"177,45623074681896",Night,Documentaries,Drama,0.0,Family,Weekly,Man
8188,59.0,"192,1678284407758",Afternoon,Movies,Science Fiction,1.0,Family,Weekly,Woman
8189,38.0,"176,94908754198158",Night,Documentaries,Science Fiction,0.0,Premium,Weekly,Woman
8190,58.0,"127,90487308609453",Night,Documentaries,Science Fiction,1.0,Family,Weekly,Woman
8191,40.0,"197,09309464512228",Afternoon,Documentaries,Science Fiction,0.0,Family,Weekly,Woman
8192,59.0,"151,41956536040567",Afternoon,Movies,Science Fiction,1.0,Family,Weekly,Man
8193,40.0,"171,1587148086488",Afternoon,Documentaries,Science Fiction,0.0,Premium,Weekly,Man
8194,55.0,"270,50522619553175",Night,Movies,Horror,0.0,Family,Weekly,Man
8195,32.0,"103,1247551392444",Night,Anime,Science Fiction,0.0,Premium,Weekly,Woman
8196,57.0,"171,91151001518884",Night,Movies,Science Fiction,1.0,Family,Weekly,Man
8197,49.0,nan,Night,Documentaries,Drama,1.0,Family,Weekly,Man
8198,32.0,"199,0734207424761",Night,Documentaries,Drama,0.0,Family,Weekly,Man
8199,39.0,"150,20394358316506",Afternoon,Documentaries,Drama,0.0,Premium,Weekly,Woman
8200,40.0,"152,1852426320233",Afternoon,Documentaries,Drama,0.0,Premium,Weekly,Woman
8201,28.0,"64,94723654811322",Afternoon,Anime,Science Fiction,1.0,Premium,Weekly,Man
8202,38.0,"61,87511480663172",Afternoon,Anime,Science Fiction,1.0,Premium,Weekly,Man
8203,46.0,"168,48922423986255",Night,Documentaries,Drama,0.0,Family,Weekly,Man
8204,30.0,"96,32856222257632",Night,Anime,Science Fiction,0.0,Premium,Weekly,Woman
8205,42.0,"172,3786129136734",Night,Documentaries,Science Fiction,1.0,Family,Weekly,Man
8206,50.0,"128,9064270628695",Afternoon,Documentaries,Science Fiction,1.0,Family,Weekly,Man
8207,42.0,"102,96555476501426",Afternoon,Anime,Science Fiction,0.0,Premium,Weekly,Woman
8208,29.0,"72,00119869079047",Night,Anime,Science Fiction,1.0,Premium,Weekly,Man
8209,40.0,"139,26036389088367",Afternoon,Documentaries,Action,0.0,Premium,Occasional,Man
8210,47.0,"167,02396654588895",Night,Movies,Science Fiction,1.0,Family,Weekly,Man
8211,53.0,"216,681891465263",Afternoon,Movies,Horror,1.0,Family,Weekly,Man
8212,41.0,"98,1820855808612",Afternoon,Anime,Science Fiction,1.0,Family,Occasional,Woman
8213,61.0,"109,90372452035946",Afternoon,Movies,Science Fiction,1.0,Family,Daily,Man
8214,55.0,"140,28969886440575",Night,Documentaries,Horror,1.0,Family,Weekly,Man
8215,63.0,"211,5493475223875",Afternoon,Movies,Drama,1.0,Family,Weekly,Man
8216,39.0,"183,4176762381937",Night,Documentaries,Drama,0.0,Premium,Occasional,Man
8217,48.0,"154,1552025926303",Night,Documentaries,Horror,1.0,Family,Weekly,Man
8218,26.0,"116,13559689273048",Night,Anime,Science Fiction,0.0,Premium,Weekly,Woman
8219,54.0,"129,9929024970078",Night,Documentaries,Science Fiction,1.0,Family,Weekly,Woman
8220,47.0,"89,2348252145292",Afternoon,Anime,Science Fiction,1.0,Premium,Weekly,Man
8221,41.0,"128,55364679345433",Night,Anime,Science Fiction,0.0,Premium,Weekly,Woman
8222,55.0,"141,0353915988694",Night,Documentaries,Science Fiction,1.0,Family,Weekly,Man
8223,46.0,"83,70187839927841",Afternoon,Documentaries,Science Fiction,1.0,Family,Weekly,Man
8224,46.0,"164,56969679533967",Afternoon,Documentaries,Drama,0.0,Premium,Weekly,Man
8225,43.0,"196,5201179329518",Night,Documentaries,Drama,0.0,Family,Weekly,Woman
8226,30.0,"193,73245135924705",Afternoon,Documentaries,Drama,0.0,Family,Weekly,Woman
8227,31.0,"97,3213048931094",Afternoon,Anime,Science Fiction,0.0,Premium,Weekly,Woman
8228,50.0,"152,36216054937373",Afternoon,Documentaries,Science Fiction,1.0,Family,Weekly,Man
8229,40.0,"127,29804075017644",Night,Movies,Drama,1.0,Premium,Daily,Woman
8230,46.0,"154,96579369706282",Afternoon,Documentaries,Drama,1.0,Family,Weekly,Woman
8231,42.0,"160,61028048504224",Afternoon,Documentaries,Drama,0.0,,Weekly,Man
8232,27.0,"43,57641830791554",Night,Anime,Science Fiction,1.0,Premium,Weekly,Man
8233,36.0,"183,6518689156931",Night,Documentaries,Drama,0.0,Premium,Weekly,Woman
8234,47.0,"143,86559086375254",Afternoon,Anime,Science Fiction,0.0,Premium,Weekly,Woman
8235,44.0,"149,63106910006192",Night,Documentaries,Science Fiction,1.0,Family,Weekly,Man
8236,33.0,"92,91870635798573",Afternoon,Documentaries,Science Fiction,1.0,Family,Weekly,Man
8237,45.0,"52,51598602654886",Night,Anime,Science Fiction,1.0,Premium,Weekly,Man
8238,27.0,"91,87669449788926",Afternoon,Anime,Science Fiction,1.0,Premium,Weekly,Woman
8239,35.0,"154,76482462471904",Afternoon,Documentaries,Drama,0.0,Premium,Weekly,Woman
8240,37.0,nan,Afternoon,Documentaries,Science Fiction,0.0,Family,Weekly,Man
8241,30.0,"149,7935740587415",Afternoon,Anime,Science Fiction,0.0,Premium,Weekly,Woman
8242,35.0,"167,59877680805602",Afternoon,Documentaries,Drama,0.0,Premium,Weekly,Woman
8243,28.0,"155,40742876462213",Night,Anime,Drama,0.0,Premium,Weekly,Man
8244,59.0,"191,44150466999685",Night,Movies,Science Fiction,1.0,Family,Weekly,Woman
8245,29.0,"200,56880723765585",Night,Documentaries,Science Fiction,0.0,Family,Weekly,Woman
8246,41.0,"158,22199532679318",Afternoon,Documentaries,Science Fiction,0.0,Family,Weekly,Woman
8247,38.0,"150,86607581185444",Night,Documentaries,Horror,0.0,Family,Weekly,Woman
8248,42.0,"208,1187367243008",Night,Documentaries,Science Fiction,0.0,Family,Weekly,Man
8249,45.0,"195,3932377213746",Afternoon,Documentaries,Drama,0.0,Family,Weekly,Man
8250,39.0,"169,94620673678867",Night,Documentaries,Drama,0.0,Premium,Weekly,Woman
8251,25.0,"149,73913700419456",Afternoon,Anime,Science Fiction,0.0,Premium,Occasional,Man
8252,54.0,"206,75175621710423",Night,Movies,Horror,1.0,Family,Weekly,Man
8253,36.0,"64,79491046154612",Night,Anime,Science Fiction,1.0,Premium,Weekly,Woman
8254,54.0,"185,0313492099648",Afternoon,Movies,Science Fiction,1.0,Student,Daily,Man
8255,60.0,"133,01884715239848",Afternoon,Movies,Science Fiction,1.0,,Weekly,Man
8256,46.0,"75,5395795159662",Night,Anime,Science Fiction,1.0,Family,Weekly,Man
8257,46.0,"133,08907746877748",Night,Anime,Science Fiction,0.0,Premium,Weekly,Man
8258,61.0,"140,3539163213647",Afternoon,Movies,Science Fiction,1.0,Family,Daily,Woman
8259,45.0,"152,4805893301074",Afternoon,Documentaries,Drama,1.0,Family,Weekly,Woman
8260,44.0,"178,80819267445838",Night,Documentaries,Science Fiction,1.0,Family,Weekly,Man
8261,36.0,"184,1790067092232",Afternoon,Anime,Horror,0.0,Family,Occasional,Woman
8262,43.0,"180,4878497730336",Night,Documentaries,Drama,0.0,Premium,Weekly,Woman
8263,46.0,"118,72558116166546",Afternoon,Anime,Science Fiction,1.0,Premium,Weekly,Man
8264,29.0,nan,Night,Anime,Science Fiction,0.0,Premium,Weekly,Woman
8265,54.0,"160,8187535600687",Night,Movies,Science Fiction,1.0,Student,Weekly,Man
8266,37.0,nan,Afternoon,Documentaries,Science Fiction,0.0,Family,Weekly,Man
8267,45.0,"142,58417736928135",Night,Documentaries,Drama,0.0,Premium,Weekly,Woman
8268,49.0,"187,12836194103343",Night,Documentaries,Horror,1.0,Family,Daily,Woman
8269,47.0,"77,91568647335369",Afternoon,Anime,Science Fiction,1.0,Family,Weekly,Woman
8270,38.0,"197,9170829142185",Morning,Documentaries,Drama,0.0,Premium,Weekly,Woman
8271,52.0,"157,06676041429463",Night,Documentaries,Horror,1.0,Family,Weekly,Woman
8272,30.0,"68,26823246800666",Afternoon,Anime,Science Fiction,0.0,Premium,Weekly,Woman
8273,27.0,"93,95277957946556",Afternoon,Anime,Science Fiction,0.0,Premium,Weekly,Man
8274,57.0,"187,6501204836045",Night,Movies,Science Fiction,1.0,Student,Weekly,Woman
8275,39.0,"118,38161522580432",Night,Documentaries,Science Fiction,1.0,Premium,Weekly,Man
8276,58.0,"149,13295977268834",Afternoon,Anime,Horror,0.0,Premium,Weekly,Man
8277,35.0,"105,64072296502864",Night,Documentaries,Drama,0.0,Premium,Weekly,Woman
8278,48.0,"184,04932533137963",Night,Documentaries,Drama,0.0,,Occasional,Man
8279,35.0,"173,58320117293013",Night,Documentaries,Horror,0.0,Family,Weekly,Woman
8280,46.0,"118,67070309458651",Night,Anime,Science Fiction,1.0,Family,Weekly,Woman
8281,40.0,"176,5670425599943",Night,Documentaries,Science Fiction,0.0,,Weekly,Woman
8282,37.0,"172,6555583629905",Afternoon,Anime,Drama,0.0,Premium,Occasional,Woman
8283,42.0,"204,2990909054784",Night,Documentaries,Science Fiction,0.0,Family,Weekly,Man
8284,31.0,"161,97349675901398",Night,Documentaries,Drama,0.0,Premium,Weekly,Woman
8285,53.0,"210,6656351747756",Afternoon,Movies,Horror,1.0,Family,Weekly,Woman
8286,43.0,"107,99106102462925",Night,Anime,Science Fiction,0.0,,Weekly,Woman
8287,47.0,"139,35682494041774",Afternoon,Documentaries,Horror,1.0,Family,Weekly,Woman
8288,48.0,"101,0396997688776",Night,Documentaries,Drama,1.0,Premium,Weekly,Woman
8289,59.0,"187,11777807698655",Afternoon,Movies,Science Fiction,1.0,Family,Weekly,Woman
8290,65.0,"223,11534138153817",Night,Movies,Science Fiction,1.0,Family,Weekly,Woman
8291,29.0,"214,83884898356212",Afternoon,Documentaries,Science Fiction,0.0,Family,Weekly,Man
8292,56.0,"130,32932632129962",Night,Documentaries,Science Fiction,1.0,Family,Weekly,Woman
8293,49.0,"155,437883433127",Afternoon,Anime,Horror,0.0,Premium,Weekly,Woman
8294,45.0,"129,06383801620527",Night,Anime,Science Fiction,0.0,Premium,Weekly,Woman
8295,45.0,"186,3725736760085",Night,Documentaries,Science Fiction,1.0,Family,Weekly,Woman
8296,53.0,"204,8247008273536",Afternoon,Movies,Science Fiction,0.0,Family,Weekly,Man
8297,36.0,"189,4292636846899",Afternoon,Documentaries,Science Fiction,0.0,Family,Weekly,Woman
8298,62.0,"133,20193595715688",Night,Movies,Science Fiction,1.0,Family,Weekly,Woman
8299,44.0,"197,03198304186827",Afternoon,Documentaries,Science Fiction,0.0,Family,Weekly,Woman
8300,43.0,"231,87726246942196",Afternoon,Movies,Science Fiction,1.0,Family,Weekly,Woman
8301,46.0,"127,01561423861148",Afternoon,Documentaries,Science Fiction,1.0,Family,Weekly,Man
8302,20.0,"27,93044447767114",Night,Anime,Science Fiction,1.0,Premium,Weekly,Man
8303,52.0,"141,39864469335012",Afternoon,Documentaries,Science Fiction,1.0,Family,Weekly,Man
8304,56.0,"177,08020252970496",Afternoon,Movies,Science Fiction,1.0,Family,Daily,Woman
8305,32.0,"94,25439427555877",Afternoon,Anime,Science Fiction,0.0,,Weekly,Man
8306,49.0,"208,35938036311927",Night,Documentaries,Horror,0.0,Family,Weekly,Man
8307,31.0,"187,5427057999404",Night,Documentaries,Drama,0.0,Premium,Weekly,Man
8308,25.0,"69,71908335924137",Night,Anime,Science Fiction,1.0,Premium,Weekly,Woman
8309,42.0,"182,873992299574",Afternoon,Documentaries,Drama,0.0,,Weekly,Man
8310,31.0,"194,63919503694373",Afternoon,Anime,Science Fiction,0.0,Premium,Weekly,Man
8311,43.0,"56,68381829628257",Afternoon,Anime,Science Fiction,1.0,Premium,Weekly,Woman
8312,35.0,"66,78861365055928",Afternoon,Anime,Science Fiction,1.0,Premium,Weekly,Woman
8313,30.0,"177,65141346513684",Afternoon,Anime,Science Fiction,0.0,Premium,Occasional,Woman
8314,53.0,"183,8553128991844",Afternoon,Movies,Science Fiction,1.0,Family,Weekly,Woman
8315,39.0,"142,59860225018352",Afternoon,Documentaries,Drama,0.0,Premium,Weekly,Man
8316,42.0,"174,00204981019945",Night,Documentaries,Science Fiction,0.0,Premium,Weekly,Man
8317,48.0,"165,76594961608492",Afternoon,Documentaries,Science Fiction,1.0,Family,Weekly,Man
8318,32.0,"252,7964167866409",Afternoon,Documentaries,Drama,0.0,Family,Weekly,Man
8319,47.0,"163,06484352435768",Night,Documentaries,Science Fiction,1.0,Family,Weekly,Man
8320,42.0,"151,33643880010166",Afternoon,Documentaries,Drama,1.0,Premium,Weekly,Man
8321,55.0,"123,39692487110804",Night,Documentaries,Science Fiction,1.0,Family,Weekly,Woman
8322,56.0,"184,5624268019785",Afternoon,Movies,Science Fiction,1.0,Family,Weekly,Woman
8323,34.0,nan,Afternoon,Anime,Science Fiction,0.0,Premium,Weekly,Man
8324,42.0,"161,90367571410826",Night,Documentaries,Drama,1.0,Family,Weekly,Woman
8325,43.0,"143,19536372452646",Afternoon,Anime,Horror,0.0,Family,Occasional,Woman
8326,41.0,"167,4107017795556",Night,Documentaries,Science Fiction,0.0,Premium,Weekly,Man
8327,53.0,"131,4228850354434",Late Night,Documentaries,Horror,0.0,Premium,Weekly,Woman
8328,64.0,"205,1474304588195",Night,Movies,Science Fiction,1.0,Family,Weekly,Woman
8329,35.0,"195,6655423239704",Afternoon,Movies,Science Fiction,1.0,Family,Weekly,Man
8330,36.0,"177,90774172495293",Night,Movies,Science Fiction,1.0,Family,Weekly,Woman
8331,46.0,"155,7761759613325",Afternoon,Movies,Drama,1.0,Family,Weekly,Woman
8332,38.0,"163,54506293854567",Night,Documentaries,Drama,0.0,,Weekly,Man
8333,61.0,"177,74814908337143",Night,Movies,Science Fiction,1.0,Family,Weekly,Woman
8334,53.0,"164,12342883892038",Afternoon,Documentaries,Science Fiction,1.0,Family,Weekly,Man
8335,63.0,"151,12457696486135",Night,Movies,Drama,1.0,Family,Weekly,Woman
8336,56.0,"159,90191919325025",Afternoon,Movies,Science Fiction,1.0,Family,Daily,Woman
8337,66.0,"153,09105960212798",Night,Movies,Science Fiction,1.0,,Weekly,Man
8338,28.0,"207,5364581663431",Afternoon,Anime,Drama,0.0,Premium,Occasional,Woman
8339,37.0,"212,08381871234045",Afternoon,Documentaries,Science Fiction,0.0,Family,Weekly,Man
8340,42.0,"51,47173651205644",Afternoon,Anime,Science Fiction,1.0,Premium,Weekly,Man
8341,52.0,"107,83845080637532",Afternoon,Documentaries,Science Fiction,1.0,Family,Daily,Man
8342,54.0,"188,38999052257185",Night,Movies,Horror,1.0,Family,Weekly,Man
8343,57.0,"136,49397117724334",Night,Documentaries,Science Fiction,1.0,Family,Weekly,Woman
8344,42.0,"168,0302801160116",Afternoon,Documentaries,Science Fiction,0.0,Premium,Weekly,Man
8345,55.0,"148,29224447966234",Afternoon,Documentaries,Science Fiction,1.0,Family,Weekly,Man
8346,33.0,"169,28585403184022",Night,Documentaries,Science Fiction,1.0,Family,Weekly,Man
8347,61.0,nan,Night,Movies,Science Fiction,0.0,Family,Weekly,Woman
8348,40.0,"65,62827797407286",Afternoon,Anime,Science Fiction,1.0,,Weekly,Woman
8349,56.0,"235,8998259211513",Afternoon,Movies,Horror,1.0,Family,Weekly,Woman
8350,31.0,"61,51825240683633",Afternoon,Anime,Science Fiction,1.0,Premium,Weekly,Man
8351,52.0,"116,74008170898944",Afternoon,Documentaries,Science Fiction,1.0,Family,Daily,Man
8352,36.0,"172,6223527246391",Night,Documentaries,Drama,0.0,Premium,Weekly,Woman
8353,47.0,"148,73642267250068",Afternoon,Documentaries,Horror,1.0,Family,Weekly,Man
8354,47.0,"127,00768443343571",Night,Anime,Science Fiction,1.0,Family,Weekly,Man
8355,56.0,nan,Night,Movies,Science Fiction,1.0,Family,Weekly,Man
8356,41.0,"165,582195298456",Afternoon,Documentaries,Drama,0.0,Premium,Weekly,Woman
8357,62.0,"92,7175692730952",Afternoon,Movies,Science Fiction,1.0,Family,Daily,Woman
8358,39.0,"191,58804137188736",Night,Documentaries,Science Fiction,0.0,Premium,Weekly,Man
8359,45.0,"123,93463732853508",Afternoon,Anime,Horror,1.0,Family,Weekly,Woman
8360,47.0,"70,16453005265542",Afternoon,Anime,Science Fiction,0.0,Premium,Weekly,Man
8361,64.0,"87,80926942145477",Morning,Movies,Science Fiction,1.0,Family,Weekly,Woman
8362,54.0,"176,98381470606463",Night,Documentaries,Horror,0.0,Family,Weekly,Woman
8363,43.0,"155,3222561880136",Afternoon,Documentaries,Drama,0.0,Premium,Weekly,Woman
8364,41.0,"223,07136295781552",Afternoon,Movies,Drama,0.0,Family,Weekly,Man
8365,41.0,"166,89254692460352",Night,Documentaries,Horror,1.0,Family,Weekly,Man
8366,32.0,"146,76571166507165",Afternoon,Documentaries,Drama,0.0,Premium,Weekly,Woman
8367,49.0,"134,83263469937128",Afternoon,Documentaries,Science Fiction,1.0,Family,Weekly,Man
8368,38.0,"124,62819854857912",Night,Anime,Science Fiction,0.0,Family,Weekly,Woman
8369,58.0,nan,Afternoon,Movies,Science Fiction,1.0,Family,Weekly,Man
8370,38.0,"144,0457419204722",Night,Anime,Horror,0.0,Premium,Occasional,Woman
8371,31.0,"161,43181319440964",Night,Documentaries,Drama,0.0,Premium,Weekly,Man
8372,50.0,"129,74084194588858",Night,Anime,Horror,0.0,Premium,Weekly,Woman
8373,46.0,"130,720920125445",Night,Documentaries,Drama,1.0,Premium,Weekly,Woman
8374,42.0,"146,15283619918472",Night,Documentaries,Drama,0.0,Premium,Weekly,Woman
8375,42.0,"142,57389388261532",Night,Documentaries,Science Fiction,1.0,Family,Weekly,Man
8376,44.0,"156,75132187149174",Afternoon,Documentaries,Science Fiction,0.0,Family,Weekly,Man
8377,56.0,"148,4978619211634",Night,Movies,Horror,1.0,Family,Weekly,Man
8378,41.0,"182,4720744522071",Afternoon,Documentaries,Science Fiction,0.0,Family,Weekly,Woman
8379,43.0,"151,18981219134776",Night,Documentaries,Science Fiction,0.0,Premium,Weekly,Man
8380,44.0,"194,49648351339283",Afternoon,Anime,Science Fiction,0.0,Family,Occasional,Woman
8381,60.0,"169,63499504546877",Afternoon,Movies,Science Fiction,1.0,Family,Weekly,Man
8382,32.0,"120,09207818233308",Night,Anime,Science Fiction,0.0,Premium,Weekly,Woman
8383,35.0,"55,899586254412206",Night,Anime,Science Fiction,1.0,Premium,Weekly,Man
8384,47.0,"154,52004141706186",Night,Documentaries,Horror,1.0,Family,Weekly,Woman
8385,33.0,"162,57020003366546",Afternoon,Documentaries,Science Fiction,0.0,Family,Weekly,Man
8386,35.0,"242,9762550506173",Night,Documentaries,Science Fiction,0.0,Family,Weekly,Woman
8387,51.0,"169,89127275950102",Night,Documentaries,Horror,1.0,Student,Weekly,Woman
8388,58.0,"199,54249759119932",Night,Movies,Science Fiction,1.0,Family,Weekly,Woman
8389,41.0,"142,5434469421105",Afternoon,Documentaries,Science Fiction,1.0,Family,Weekly,Woman
8390,48.0,"140,053534413039",Night,Documentaries,Science Fiction,1.0,Premium,Weekly,Man
8391,39.0,"169,0489661390177",Afternoon,Documentaries,Drama,0.0,Premium,Weekly,Man
8392,40.0,"148,56342797267345",Night,Anime,Horror,0.0,Family,Occasional,Man
8393,46.0,"149,3525307143898",Afternoon,Anime,Horror,0.0,Premium,Weekly,Man
8394,44.0,"134,0135080932114",Night,Documentaries,Drama,1.0,Premium,Weekly,Man
8395,33.0,"241,79325121058972",Afternoon,Documentaries,Science Fiction,0.0,Family,Weekly,Man
8396,41.0,"139,04960150202433",Afternoon,Documentaries,Science Fiction,1.0,Family,Weekly,Woman
8397,45.0,"174,95222834336172",Afternoon,Documentaries,Science Fiction,1.0,Family,Weekly,Woman
8398,43.0,"218,2482869290128",Night,Documentaries,Science Fiction,0.0,Family,Weekly,Man
8399,41.0,"143,80125035669505",Night,Documentaries,Drama,0.0,Premium,Weekly,Man
8400,38.0,"219,35816092268885",Afternoon,Documentaries,Science Fiction,0.0,,Weekly,Woman
8401,58.0,"114,20105305855375",Afternoon,Movies,Science Fiction,1.0,Family,Daily,Woman
8402,36.0,"65,14377977589366",Night,Documentaries,Science Fiction,1.0,Premium,Weekly,Woman
8403,48.0,"153,82996125946144",Night,Documentaries,Science Fiction,1.0,Family,Weekly,Woman
8404,57.0,"222,71469485736137",Afternoon,Movies,Horror,1.0,,Weekly,Man
8405,40.0,"133,53188007531955",Night,Documentaries,Drama,0.0,Premium,Weekly,Man
8406,59.0,"183,43985843876604",Night,Movies,Drama,1.0,,Weekly,Man
8407,47.0,"162,04660997605535",Afternoon,Documentaries,Science Fiction,0.0,Family,Weekly,Man
8408,47.0,"135,56386491243703",Afternoon,Documentaries,Horror,1.0,Family,Weekly,Woman
8409,66.0,"171,41829344124108",Afternoon,Movies,Science Fiction,1.0,Family,Weekly,Man
8410,33.0,"82,61925872902168",Night,Anime,Science Fiction,1.0,Family,Weekly,Man
8411,43.0,"145,21491312151048",Night,Documentaries,Science Fiction,1.0,Family,Weekly,Man
8412,56.0,"272,2649199507086",Afternoon,Movies,Horror,0.0,Family,Weekly,Woman
8413,44.0,"133,03941804384354",Afternoon,Documentaries,Drama,0.0,Premium,Weekly,Woman
8414,52.0,"181,58138630018968",Afternoon,Movies,Science Fiction,1.0,Student,Weekly,Man
8415,42.0,"153,49852934472932",Night,Documentaries,Drama,0.0,Family,Weekly,Woman
8416,47.0,"164,59028360062598",Night,Documentaries,Science Fiction,1.0,Family,Weekly,Woman
8417,40.0,"171,7809608880659",Afternoon,Documentaries,Science Fiction,1.0,Family,Weekly,Woman
8418,35.0,"179,1854393456711",Afternoon,Documentaries,Drama,0.0,Premium,Weekly,Woman
8419,59.0,"175,72712202743202",Night,Movies,Science Fiction,1.0,Family,Weekly,Woman
8420,36.0,"171,33920395975343",Afternoon,Documentaries,Science Fiction,0.0,Family,Weekly,Woman
8421,39.0,"185,9904009196473",Afternoon,Documentaries,Drama,0.0,Premium,Weekly,Man
8422,34.0,"170,0253915477053",Afternoon,Documentaries,Drama,0.0,Premium,Weekly,Woman
8423,47.0,"166,3786782855778",Afternoon,Anime,Horror,0.0,Premium,Weekly,Man
8424,36.0,"168,6868204685456",Night,Documentaries,Science Fiction,0.0,Family,Weekly,Man
8425,35.0,"70,64764362448443",Afternoon,Anime,Science Fiction,1.0,Premium,Weekly,Man
8426,35.0,"216,06878627762725",Afternoon,Movies,Science Fiction,0.0,Family,Weekly,Man
8427,45.0,"92,4302368587608",Afternoon,Anime,Horror,1.0,Family,Weekly,Man
8428,36.0,"196,5753074157235",Afternoon,Documentaries,Drama,0.0,Premium,Weekly,Man
8429,51.0,"150,5245357597013",Afternoon,Documentaries,Horror,1.0,Family,Weekly,Man
8430,41.0,"118,43794780023208",Afternoon,Anime,Horror,1.0,Family,Weekly,Man
8431,45.0,"159,890850433426",Night,Documentaries,Drama,0.0,Premium,Weekly,Man
8432,38.0,"56,14600360618852",Night,Anime,Science Fiction,1.0,Premium,Weekly,Man
8433,41.0,"162,69427754908315",Night,Documentaries,Drama,0.0,Premium,Weekly,Man
8434,43.0,"155,55726557600366",Afternoon,Documentaries,Science Fiction,1.0,Family,Weekly,Woman
8435,37.0,"83,95638045395783",Afternoon,Anime,Science Fiction,1.0,Family,Weekly,Man
8436,35.0,nan,Night,Documentaries,Science Fiction,0.0,Family,Weekly,Man
8437,38.0,"93,73488561260014",Night,Documentaries,Science Fiction,1.0,Family,Weekly,Woman
8438,40.0,"164,56938710748548",Night,Documentaries,Drama,0.0,Premium,Weekly,Woman
8439,38.0,"72,59934085663836",Night,Documentaries,Science Fiction,1.0,Family,Weekly,Woman
8440,26.0,"160,35831194633667",Afternoon,Anime,Horror,0.0,Premium,Weekly,Woman
8441,39.0,"168,26533954199368",Afternoon,Documentaries,Drama,0.0,Premium,Weekly,Man
8442,70.0,"176,76285467547112",Night,Movies,Science Fiction,1.0,,Weekly,Man
8443,41.0,nan,Night,Documentaries,Drama,0.0,Premium,Weekly,Man
8444,60.0,"148,1496165858951",Night,Movies,Science Fiction,1.0,Family,Weekly,Woman
8445,49.0,"82,15576782664026",Night,Documentaries,Science Fiction,1.0,Family,Weekly,Woman
8446,57.0,"171,71339473653913",Afternoon,Movies,Science Fiction,1.0,,Weekly,Man
8447,57.0,"207,3360068832577",Afternoon,Movies,Science Fiction,1.0,Family,Weekly,Woman
8448,63.0,"177,59274357549714",Night,Movies,Science Fiction,1.0,Family,Weekly,Woman
8449,50.0,"153,82568501241667",Afternoon,Anime,Horror,0.0,,Weekly,Woman
8450,56.0,"135,53480406973966",Night,Documentaries,Horror,1.0,Family,Weekly,Man
8451,37.0,"61,2405273041515",Afternoon,Anime,Science Fiction,1.0,Premium,Weekly,Man
8452,50.0,"158,91461676831457",Night,Documentaries,Science Fiction,1.0,Family,Weekly,Woman
8453,46.0,"171,95882810195067",Afternoon,Movies,Science Fiction,1.0,Family,Weekly,Woman
8454,44.0,"157,25966301886217",Afternoon,Documentaries,Science Fiction,1.0,Family,Weekly,Man
8455,43.0,"177,5513761885269",Afternoon,Documentaries,Science Fiction,1.0,Family,Weekly,Woman
8456,35.0,"219,0053708324472",Night,Documentaries,Drama,0.0,Premium,Weekly,Woman
8457,44.0,"191,18642659899436",Afternoon,Documentaries,Science Fiction,0.0,Family,Weekly,Woman
8458,57.0,"137,689436347761",Afternoon,Movies,Science Fiction,1.0,Family,Weekly,Man
8459,59.0,"170,1953026411898",Night,Movies,Horror,1.0,Family,Weekly,Man
8460,57.0,"141,9134312153796",Night,Documentaries,Science Fiction,1.0,Family,Weekly,Woman
8461,35.0,"182,17428689493596",Night,Documentaries,Science Fiction,0.0,Family,Weekly,Woman
8462,36.0,"164,5930131731228",Night,Movies,Science Fiction,1.0,Family,Weekly,Woman
8463,45.0,"139,24139990692314",Night,Documentaries,Drama,1.0,Premium,Weekly,Man
8464,56.0,"122,97774338435084",Afternoon,Documentaries,Science Fiction,1.0,Family,Weekly,Man
8465,57.0,"122,93234152217345",Afternoon,Documentaries,Science Fiction,1.0,Family,Weekly,Man
8466,39.0,"203,8633341639688",Night,Documentaries,Science Fiction,0.0,Family,Weekly,Woman
8467,39.0,"152,66073245530933",Night,Documentaries,Science Fiction,1.0,Family,Weekly,Man
8468,40.0,"155,44025483683234",Afternoon,Documentaries,Science Fiction,1.0,Family,Weekly,Woman
8469,42.0,"152,90783817894055",Night,Documentaries,Drama,0.0,Premium,Weekly,Woman
8470,43.0,"111,5900476152581",Night,Documentaries,Science Fiction,1.0,Family,Weekly,Woman
8471,45.0,"186,01760033406825",Night,Documentaries,Drama,0.0,Family,Weekly,Man
8472,41.0,"114,87884884313377",Afternoon,Documentaries,Drama,1.0,Premium,Weekly,Woman
8473,43.0,nan,Morning,Movies,Science Fiction,0.0,Family,Weekly,Man
8474,51.0,"129,74827435596418",Night,Anime,Science Fiction,0.0,Premium,Weekly,Woman
8475,45.0,"181,08164138393008",Night,Documentaries,Science Fiction,0.0,Family,Weekly,Man
8476,35.0,nan,Night,Anime,Science Fiction,0.0,Premium,Weekly,Man
8477,38.0,"170,05636726725905",Night,Documentaries,Science Fiction,0.0,Family,Weekly,Man
8478,43.0,"130,9762884498936",Afternoon,Anime,Horror,1.0,Family,Weekly,Man
8479,52.0,"143,1625974160442",Afternoon,Anime,Horror,0.0,Family,Occasional,Woman
8480,35.0,"191,6097672703557",Afternoon,Documentaries,Science Fiction,0.0,Family,Weekly,Man
8481,37.0,"167,87798958216217",Afternoon,Documentaries,Drama,0.0,,Weekly,Woman
8482,63.0,"202,14022244529752",Afternoon,Movies,Science Fiction,1.0,Family,Weekly,Woman
8483,29.0,"146,99342458555188",Night,Anime,Science Fiction,0.0,,Weekly,Man
8484,56.0,"127,578737363625",Night,Documentaries,Science Fiction,1.0,Premium,Weekly,Woman
8485,40.0,"141,28974539123234",Afternoon,Anime,Horror,0.0,Family,Weekly,Woman
8486,39.0,"49,7582297394301",Afternoon,Documentaries,Science Fiction,1.0,,Weekly,Man
8487,60.0,"163,8169041670708",Night,Movies,Science Fiction,1.0,Family,Weekly,Woman
8488,46.0,"164,12058121203694",Night,Documentaries,Science Fiction,1.0,Family,Weekly,Man
8489,42.0,"225,54644021984163",Afternoon,Documentaries,Science Fiction,0.0,Family,Weekly,Man
8490,36.0,"250,0898876541833",Late Night,Movies,Drama,0.0,Family,Weekly,Woman
8491,56.0,"213,2934113356705",Night,Movies,Horror,1.0,Family,Daily,Woman
8492,53.0,"141,3826603316568",Afternoon,Documentaries,Science Fiction,1.0,Family,Weekly,Woman
8493,31.0,"136,03353052137294",Afternoon,Anime,Horror,0.0,Family,Weekly,Man
8494,54.0,"162,49466541687949",Afternoon,Movies,Science Fiction,1.0,Family,Weekly,Man
8495,59.0,"119,38296187877592",Afternoon,Documentaries,Horror,1.0,Student,Weekly,Man
8496,35.0,"123,849975977718",Afternoon,Anime,Horror,1.0,,Weekly,Man
8497,60.0,"188,5052009137593",Night,Movies,Science Fiction,1.0,Family,Weekly,Woman
8498,40.0,"87,34726094848294",Night,Anime,Science Fiction,0.0,Premium,Weekly,Man
8499,60.0,"110,19513462338978",Night,Movies,Science Fiction,1.0,Family,Weekly,Woman
8500,64.0,"159,98224961512108",Afternoon,Movies,Science Fiction,1.0,Family,Weekly,Man
8501,12.0,"23,4976686695716",Afternoon,Anime,Science Fiction,1.0,Premium,Weekly,Man
8502,31.0,"181,5696539472709",Night,Documentaries,Drama,0.0,Premium,Weekly,Woman
8503,47.0,"160,7730526476227",Afternoon,Documentaries,Horror,0.0,Family,Weekly,Man
8504,50.0,"142,71879518615134",Afternoon,Documentaries,Science Fiction,1.0,Family,Daily,Woman
8505,51.0,"204,9415366767053",Afternoon,Movies,Horror,1.0,Family,Weekly,Man
8506,45.0,"73,93511749858172",Night,Anime,Science Fiction,1.0,Premium,Weekly,Woman
8507,45.0,"180,8534731802309",Night,Documentaries,Drama,0.0,Family,Weekly,Woman
8508,37.0,"92,61449065008982",Afternoon,Anime,Science Fiction,1.0,Premium,Weekly,Man
8509,36.0,"108,20267864679298",Afternoon,Documentaries,Science Fiction,1.0,Family,Weekly,Man
8510,39.0,"143,83847372809285",Afternoon,Documentaries,Drama,0.0,Premium,Weekly,Woman
8511,49.0,"221,99013289916064",Night,Series,Drama,1.0,Student,Weekly,Man
8512,37.0,"125,59205949322258",Afternoon,Anime,Science Fiction,0.0,Premium,Weekly,Woman
8513,48.0,"128,9637900222336",Night,Movies,Horror,1.0,Student,Weekly,Man
8514,39.0,"190,83707809455828",Morning,Movies,Science Fiction,1.0,Family,Weekly,Woman
8515,34.0,"176,0592600865431",Afternoon,Documentaries,Drama,0.0,Premium,Weekly,Man
8516,46.0,"111,06418217451208",Afternoon,Anime,Science Fiction,0.0,Premium,Weekly,Man
8517,61.0,"169,61040989722227",Night,Movies,Science Fiction,1.0,Family,Weekly,Woman
8518,65.0,"256,875117597706",Night,Movies,Science Fiction,1.0,Family,Weekly,Man
8519,52.0,"119,19173000057184",Night,Documentaries,Science Fiction,1.0,Family,Weekly,Woman
8520,57.0,"121,49908322536184",Night,Movies,Drama,1.0,Family,Weekly,Man
8521,43.0,"186,49403591925451",Afternoon,Documentaries,Science Fiction,0.0,,Weekly,Woman
8522,49.0,"118,90950719527768",Afternoon,Movies,Drama,1.0,Premium,Daily,Woman
8523,48.0,"157,37369430119605",Afternoon,Documentaries,Science Fiction,1.0,Family,Weekly,Woman
8524,46.0,"130,64670367688743",Afternoon,Documentaries,Horror,1.0,Family,Weekly,Woman
8525,40.0,"185,45415526690044",Afternoon,Documentaries,Drama,0.0,Premium,Weekly,Woman
8526,50.0,"122,29550912851607",Night,Anime,Horror,1.0,Family,Occasional,Man
8527,38.0,"129,10577964988929",Night,Documentaries,Action,0.0,,Weekly,Man
8528,39.0,"188,6633438842028",Night,Documentaries,Drama,0.0,Premium,Weekly,Woman
8529,46.0,"159,07714139377043",Afternoon,Documentaries,Science Fiction,1.0,Family,Weekly,Man
8530,55.0,"174,91364540279218",Late Night,Movies,Science Fiction,1.0,Family,Weekly,Woman
8531,49.0,"137,70473592330868",Afternoon,Documentaries,Horror,1.0,Family,Daily,Man
8532,44.0,"130,65513399732018",Night,Documentaries,Science Fiction,1.0,Family,Weekly,Woman
8533,52.0,"111,47635085499306",Afternoon,Documentaries,Horror,1.0,Family,Weekly,Man
8534,37.0,"156,7011235594118",Afternoon,Anime,Horror,0.0,Family,Weekly,Man
8535,55.0,"163,80029124107645",Night,Movies,Science Fiction,1.0,Family,Weekly,Man
8536,42.0,"167,09054173155403",Afternoon,Documentaries,Drama,0.0,Family,Weekly,Woman
8537,36.0,"205,1390266208477",Night,Movies,Drama,0.0,Family,Weekly,Woman
8538,47.0,"171,9861596518661",Night,Documentaries,Drama,1.0,Family,Weekly,Woman
8539,37.0,"202,5776152751089",Night,Documentaries,Drama,0.0,Premium,Weekly,Man
8540,26.0,"48,89761020849874",Afternoon,Anime,Science Fiction,1.0,Premium,Weekly,Man
8541,38.0,"103,94760690786312",Afternoon,Anime,Science Fiction,1.0,Premium,Weekly,Woman
8542,50.0,"185,91348603778223",Night,Movies,Science Fiction,1.0,Family,Weekly,Woman
8543,41.0,"108,70884110732868",Afternoon,Documentaries,Science Fiction,1.0,Family,Weekly,Man
8544,35.0,"177,96087427649385",Afternoon,Anime,Science Fiction,0.0,Family,Weekly,Man
8545,44.0,"160,0822133060944",Afternoon,Documentaries,Science Fiction,0.0,Premium,Weekly,Woman
8546,46.0,"102,3075321057772",Night,Anime,Science Fiction,1.0,Family,Weekly,Woman
8547,51.0,"158,72056654616367",Night,Movies,Science Fiction,1.0,Family,Daily,Woman
8548,61.0,"164,72830460765155",Night,Movies,Science Fiction,1.0,Family,Weekly,Man
8549,33.0,"116,93371063368828",Morning,Anime,Horror,0.0,Premium,Occasional,Man
8550,38.0,"175,82675667242597",Night,Anime,Science Fiction,0.0,Premium,Occasional,Woman
8551,47.0,"151,86268225217518",Afternoon,Documentaries,Science Fiction,1.0,Family,Weekly,Woman
8552,50.0,"161,5379895663542",Night,Documentaries,Horror,0.0,Premium,Weekly,Man
8553,46.0,"147,44578821956313",Night,Documentaries,Drama,1.0,Family,Weekly,Man
8554,32.0,"109,0619858038039",Afternoon,Anime,Science Fiction,0.0,Premium,Weekly,Man
8555,63.0,"107,05060250796306",Afternoon,Movies,Drama,1.0,Family,Weekly,Man
8556,52.0,"216,90368325430043",Night,Movies,Horror,1.0,Family,Daily,Woman
8557,36.0,"114,05045071219168",Night,Anime,Science Fiction,0.0,Premium,Weekly,Woman
8558,55.0,"196,0094986172336",Afternoon,Movies,Science Fiction,1.0,Family,Weekly,Woman
8559,54.0,"164,50524458751076",Night,Documentaries,Science Fiction,1.0,Family,Weekly,Man
8560,41.0,"143,86303112596323",Night,Documentaries,Science Fiction,1.0,Family,Weekly,Woman
8561,24.0,nan,Night,Anime,Science Fiction,1.0,Family,Weekly,Woman
8562,37.0,"179,74618926945047",Night,Documentaries,Drama,0.0,Premium,Weekly,Man
8563,52.0,"252,00816572525596",Afternoon,Movies,Horror,0.0,Family,Weekly,Man
8564,55.0,"169,1616017704898",Afternoon,Documentaries,Horror,1.0,Family,Weekly,Man
8565,20.0,"181,15402949320864",Night,Anime,Science Fiction,0.0,Premium,Weekly,Woman
8566,44.0,"140,18156769481686",Afternoon,Documentaries,Science Fiction,0.0,,Weekly,Man
8567,51.0,"185,06428948396723",Night,Documentaries,Science Fiction,0.0,Family,Weekly,Woman
8568,52.0,nan,Afternoon,Documentaries,Horror,1.0,Family,Weekly,Woman
8569,22.0,"35,180074796315715",Afternoon,Anime,Drama,1.0,Premium,Weekly,Man
8570,63.0,"173,87198298705815",Afternoon,Movies,Science Fiction,1.0,Family,Weekly,Man
8571,33.0,"110,95080044308936",Morning,Anime,Science Fiction,0.0,Premium,Weekly,Man
8572,60.0,"149,43092805622925",Night,Movies,Science Fiction,1.0,Family,Weekly,Man
8573,54.0,"196,60502011776032",Afternoon,Movies,Science Fiction,1.0,,Weekly,Woman
8574,48.0,"211,4740806740012",Night,Documentaries,Science Fiction,0.0,Family,Weekly,Woman
8575,58.0,"160,56274362579623",Night,Movies,Science Fiction,1.0,Family,Weekly,Woman
8576,49.0,"119,7099966038086",Night,Documentaries,Science Fiction,1.0,Family,Weekly,Woman
8577,51.0,"164,46987428980188",Night,Movies,Science Fiction,1.0,Family,Weekly,Man
8578,35.0,"164,22797138887682",Afternoon,Documentaries,Science Fiction,0.0,Family,Weekly,Woman
8579,44.0,"97,5380281911536",Afternoon,Documentaries,Drama,1.0,Premium,Weekly,Woman
8580,56.0,"61,98816275882716",Night,Movies,Science Fiction,1.0,Premium,Daily,Woman
8581,31.0,"25,85866083457728",Afternoon,Anime,Science Fiction,1.0,Premium,Weekly,Woman
8582,52.0,"66,1206539262467",Afternoon,Anime,Science Fiction,1.0,Premium,Weekly,Man
8583,58.0,"173,83190452012474",Afternoon,Movies,Horror,1.0,Family,Daily,Man
8584,49.0,"128,45292745575642",Afternoon,Documentaries,Horror,1.0,Family,Weekly,Man
8585,48.0,"89,00278301801187",Night,Documentaries,Science Fiction,1.0,Family,Weekly,Man
8586,41.0,"169,73669724760018",Night,Documentaries,Science Fiction,0.0,Premium,Weekly,Woman
8587,42.0,"74,7853122197158",Night,Anime,Science Fiction,1.0,Family,Weekly,Woman
8588,48.0,"224,0180305521997",Afternoon,Movies,Science Fiction,1.0,Student,Weekly,Woman
8589,35.0,"189,2152520689495",Morning,Documentaries,Drama,0.0,Premium,Occasional,Man
8590,52.0,"67,12062301011815",Night,Documentaries,Science Fiction,1.0,Family,Weekly,Man
8591,59.0,"99,67660885879978",Night,Movies,Science Fiction,1.0,Family,Daily,Man
8592,46.0,"185,61303253236773",Afternoon,Documentaries,Science Fiction,0.0,Family,Weekly,Woman
8593,40.0,"74,35583141716519",Night,Documentaries,Science Fiction,1.0,Family,Weekly,Man
8594,34.0,"185,90789019852963",Night,Documentaries,Drama,0.0,Premium,Weekly,Woman
8595,46.0,"206,5064143403129",Afternoon,Documentaries,Science Fiction,0.0,Family,Occasional,Woman
8596,43.0,"117,6292149756931",Afternoon,Anime,Science Fiction,0.0,Premium,Weekly,Woman
8597,54.0,"206,67197343955613",Afternoon,Movies,Science Fiction,1.0,Family,Weekly,Woman
8598,46.0,"200,69879103236747",Afternoon,Documentaries,Science Fiction,0.0,Family,Weekly,Woman
8599,38.0,"163,9026833877423",Afternoon,Documentaries,Science Fiction,0.0,Premium,Weekly,Man
8600,42.0,"184,1895563742148",Afternoon,Documentaries,Drama,0.0,Premium,Weekly,Woman
8601,42.0,"211,04993837348027",Night,Documentaries,Science Fiction,0.0,Family,Weekly,Woman
8602,62.0,"116,97309825807012",Night,Anime,Horror,0.0,Premium,Weekly,Man
8603,43.0,"211,90131045518223",Night,Movies,Drama,1.0,Family,Weekly,Woman
8604,36.0,"177,11432959746642",Afternoon,Documentaries,Drama,0.0,Premium,Weekly,Woman
8605,38.0,"202,4635049009203",Morning,Documentaries,Drama,0.0,Premium,Occasional,Man
8606,30.0,"110,50719223848128",Night,Anime,Science Fiction,0.0,Family,Weekly,Man
8607,56.0,"123,08195453068208",Night,Movies,Science Fiction,1.0,Family,Daily,Woman
8608,47.0,"159,74671841868323",Night,Documentaries,Science Fiction,1.0,Family,Weekly,Man
8609,49.0,"173,717489360263",Night,Documentaries,Science Fiction,1.0,Family,Weekly,Man
8610,47.0,"147,33743555929075",Afternoon,Anime,Horror,0.0,Premium,Weekly,Man
8611,34.0,"101,22165758433488",Night,Anime,Science Fiction,0.0,Premium,Weekly,Man
8612,41.0,"188,77979621929157",Night,Documentaries,Science Fiction,0.0,Premium,Weekly,Woman
8613,48.0,"223,21409625774984",Night,Documentaries,Horror,0.0,Family,Weekly,Woman
8614,53.0,"119,39232567550778",Night,Documentaries,Science Fiction,1.0,Family,Weekly,Man
8615,49.0,"175,00875600528306",Night,Documentaries,Horror,0.0,Premium,Weekly,Man
8616,47.0,"132,1626367473596",Night,Documentaries,Drama,1.0,Premium,Weekly,Man
8617,44.0,"130,61970578098797",Afternoon,Anime,Science Fiction,0.0,Premium,Weekly,Man
8618,43.0,"159,54770476614124",Night,Movies,Science Fiction,1.0,Family,Weekly,Man
8619,62.0,"132,64874506453",Night,Movies,Drama,1.0,Family,Weekly,Woman
8620,47.0,"153,54007253839038",Night,Documentaries,Science Fiction,1.0,Family,Weekly,Man
8621,23.0,"35,7408507102985",Night,Anime,Drama,1.0,Premium,Weekly,Man
8622,43.0,"179,65567963070015",Afternoon,Documentaries,Science Fiction,0.0,Family,Weekly,Man
8623,52.0,"84,34313073177839",Night,Documentaries,Science Fiction,1.0,Premium,Weekly,Man
8624,31.0,"86,78150397596507",Night,Documentaries,Science Fiction,1.0,Family,Weekly,Woman
8625,50.0,"144,40311328362662",Afternoon,Anime,Horror,0.0,Premium,Weekly,Man
8626,58.0,"210,15569840678864",Night,Movies,Science Fiction,1.0,Family,Weekly,Man
8627,45.0,"150,48698962676048",Night,Documentaries,Drama,1.0,Family,Weekly,Man
8628,26.0,"37,54538826212192",Night,Anime,Science Fiction,1.0,Premium,Weekly,Woman
8629,67.0,"222,31980492061095",Afternoon,Movies,Science Fiction,1.0,Family,Weekly,Man
8630,37.0,"105,72720830971068",Afternoon,Documentaries,Science Fiction,1.0,Family,Weekly,Man
8631,57.0,"145,7744812633438",Night,Anime,Horror,0.0,Premium,Weekly,Man
8632,45.0,"95,7111066340515",Afternoon,Anime,Science Fiction,1.0,Family,Weekly,Man
8633,39.0,"85,72878142454879",Afternoon,Anime,Science Fiction,1.0,Family,Weekly,Woman
8634,33.0,"185,00739732402693",Night,Anime,Science Fiction,0.0,Family,Weekly,Man
8635,37.0,"154,80866708073603",Night,Documentaries,Drama,0.0,Premium,Weekly,Woman
8636,45.0,"166,7196510390391",Night,Documentaries,Drama,0.0,Family,Weekly,Man
8637,38.0,"79,30652559856581",Night,Documentaries,Science Fiction,1.0,Family,Weekly,Man
8638,25.0,"231,2963632871524",Night,Documentaries,Drama,0.0,Premium,Weekly,Woman
8639,51.0,"96,95452669711564",Afternoon,Documentaries,Science Fiction,1.0,Family,Weekly,Man
8640,45.0,"138,66173972072093",Night,Documentaries,Horror,1.0,Family,Weekly,Man
8641,41.0,"146,4784749269527",Afternoon,Documentaries,Drama,0.0,Premium,Weekly,Man
8642,46.0,"185,49848059357836",Night,Documentaries,Horror,0.0,,Weekly,Man
8643,31.0,"166,4736644999229",Afternoon,Anime,Drama,0.0,Premium,Weekly,Woman
8644,51.0,"128,8387667232373",Afternoon,Anime,Horror,0.0,Premium,Weekly,Woman
8645,45.0,"182,9437394551632",Afternoon,Documentaries,Drama,0.0,Family,Occasional,Woman
8646,53.0,"132,73232744801803",Night,Documentaries,Horror,1.0,Family,Weekly,Man
8647,44.0,nan,Afternoon,Anime,Horror,0.0,Premium,Weekly,Man
8648,44.0,"171,46033906604072",Night,Documentaries,Drama,0.0,Family,Weekly,Man
8649,35.0,"187,072827305897",Night,Movies,Science Fiction,1.0,Family,Weekly,Woman
8650,29.0,nan,Afternoon,Anime,Science Fiction,0.0,Premium,Occasional,Woman
8651,48.0,"154,80925116587656",Afternoon,Documentaries,Science Fiction,1.0,Family,Weekly,Woman
8652,45.0,"182,34718673962416",Afternoon,Documentaries,Drama,0.0,Family,Weekly,Woman
8653,44.0,"153,73319649518385",Afternoon,Documentaries,Drama,0.0,Premium,Weekly,Woman
8654,54.0,"151,25829779031133",Afternoon,Documentaries,Horror,1.0,Family,Weekly,Man
8655,44.0,"143,2390743809783",Night,Documentaries,Science Fiction,1.0,Family,Weekly,Woman
8656,51.0,"196,8020356680369",Night,Movies,Horror,1.0,Family,Daily,Man
8657,45.0,"140,5047378273834",Night,Documentaries,Science Fiction,0.0,Family,Weekly,Woman
8658,64.0,"184,86122603262197",Night,Movies,Science Fiction,1.0,Family,Weekly,Woman
8659,47.0,"189,0465627751117",Afternoon,Documentaries,Science Fiction,0.0,Family,Occasional,Man
8660,55.0,"168,45435585533536",Afternoon,Documentaries,Science Fiction,1.0,Family,Weekly,Woman
8661,50.0,"199,85687736280815",Night,Movies,Horror,1.0,Family,Daily,Woman
8662,53.0,"124,81000761849918",Night,Anime,Science Fiction,0.0,Premium,Weekly,Man
8663,35.0,"152,70935404628975",Night,Documentaries,Science Fiction,1.0,Family,Weekly,Woman
8664,55.0,"173,72066076463224",Night,Movies,Science Fiction,1.0,Family,Weekly,Woman
8665,52.0,"175,93324886151976",Night,Documentaries,Horror,1.0,Family,Weekly,Man
8666,42.0,"160,56089424641877",Afternoon,Documentaries,Drama,0.0,Premium,Weekly,Woman
8667,62.0,"189,2484869115081",Night,Movies,Science Fiction,1.0,,Weekly,Man
8668,31.0,"183,35457079714064",Night,Documentaries,Science Fiction,0.0,,Weekly,Man
8669,40.0,"148,2850791999789",Night,Documentaries,Drama,0.0,Premium,Weekly,Woman
8670,34.0,"75,66627975263297",Night,Anime,Science Fiction,1.0,Premium,Weekly,Man
8671,33.0,"172,69239232658373",Night,Anime,Drama,0.0,Premium,Weekly,Man
8672,48.0,"162,99422711455014",Afternoon,Anime,Science Fiction,0.0,,Occasional,Woman
8673,37.0,nan,Night,Documentaries,Science Fiction,1.0,Premium,Weekly,Man
8674,43.0,"104,6590673254438",Afternoon,Anime,Science Fiction,1.0,Family,Weekly,Man
8675,44.0,"138,3923719054167",Afternoon,Documentaries,Horror,1.0,Family,Weekly,Man
8676,36.0,"149,08900576017177",Night,Documentaries,Drama,0.0,Premium,Weekly,Woman
8677,34.0,nan,Afternoon,Documentaries,Science Fiction,1.0,Family,Weekly,Woman
8678,41.0,nan,Afternoon,Documentaries,Drama,0.0,Family,Weekly,Man
8679,39.0,"195,4622423506721",Night,Documentaries,Science Fiction,0.0,Family,Weekly,Man
8680,37.0,"169,07997197149857",Night,Documentaries,Drama,0.0,Premium,Weekly,Man
8681,56.0,"160,0568207083537",Night,Documentaries,Horror,0.0,Premium,Weekly,Man
8682,43.0,"119,06852134561544",Night,Documentaries,Drama,1.0,Premium,Weekly,Woman
8683,34.0,"188,25795889189277",Afternoon,Anime,Horror,0.0,Family,Weekly,Woman
8684,37.0,"170,54739093290183",Afternoon,Documentaries,Science Fiction,0.0,Family,Weekly,Man
8685,51.0,"119,69903855690713",Afternoon,Documentaries,Science Fiction,1.0,Family,Daily,Woman
8686,37.0,"81,11797818640778",Night,Anime,Science Fiction,1.0,Premium,Weekly,Man
8687,54.0,"148,8597041433808",Afternoon,Movies,Science Fiction,1.0,Family,Weekly,Man
8688,52.0,"146,59129724955395",Night,Documentaries,Science Fiction,1.0,Family,Weekly,Woman
8689,62.0,"135,83782605059804",Night,Movies,Science Fiction,1.0,Family,Weekly,Man
8690,36.0,"131,25212563025215",Afternoon,Documentaries,Drama,0.0,Premium,Weekly,Man
8691,41.0,"61,04715566607376",Night,Anime,Science Fiction,1.0,Premium,Weekly,Man
8692,58.0,"193,38201339267877",Afternoon,Movies,Science Fiction,1.0,Family,Weekly,Woman
8693,39.0,"173,70406456667837",Afternoon,Documentaries,Drama,0.0,,Weekly,Man
8694,45.0,"188,5631491706344",Afternoon,Anime,Horror,0.0,Family,Occasional,Woman
8695,41.0,nan,Night,Documentaries,Drama,0.0,Family,Weekly,Woman
8696,44.0,"136,95533851294635",Afternoon,Documentaries,Drama,0.0,Premium,Weekly,Man
8697,52.0,"146,62922161494376",Night,Documentaries,Horror,1.0,Family,Weekly,Man
8698,39.0,"36,80862375867304",Night,Anime,Science Fiction,1.0,Premium,Weekly,Man
8699,46.0,"95,17219499650258",Afternoon,Anime,Science Fiction,0.0,Premium,Weekly,Woman
8700,65.0,"126,8060809530304",Night,Movies,Science Fiction,1.0,Family,Daily,Woman
8701,33.0,nan,Afternoon,Anime,Horror,0.0,Family,Weekly,Man
8702,62.0,"174,91001766947372",Afternoon,Movies,Science Fiction,1.0,Family,Weekly,Man
8703,43.0,"143,585642348755",Afternoon,Anime,Horror,1.0,Family,Weekly,Woman
8704,45.0,"206,9376837343295",Afternoon,Documentaries,Drama,0.0,Family,Weekly,Woman
8705,26.0,"221,60534339261503",Night,Documentaries,Science Fiction,0.0,Family,Weekly,Woman
8706,48.0,"164,99934641270912",Night,Documentaries,Horror,1.0,Family,Weekly,Man
8707,60.0,"118,80474429922116",Night,Documentaries,Horror,1.0,Family,Weekly,Woman
8708,44.0,"201,0932294865709",Night,Documentaries,Science Fiction,0.0,Premium,Weekly,Man
8709,37.0,"202,56346450356764",Morning,Documentaries,Drama,0.0,Premium,Weekly,Man
8710,36.0,"170,6800816946308",Night,Documentaries,Science Fiction,1.0,Family,Weekly,Woman
8711,50.0,"211,68535342466637",Night,Documentaries,Science Fiction,0.0,Family,Weekly,Woman
8712,52.0,"133,35768464599778",Night,Documentaries,Science Fiction,1.0,Family,Weekly,Man
8713,33.0,"160,40608293990098",Night,Anime,Science Fiction,0.0,Premium,Occasional,Man
8714,54.0,"230,64950391606283",Afternoon,Movies,Science Fiction,0.0,,Weekly,Man
8715,37.0,"192,59797738668945",Afternoon,Documentaries,Science Fiction,0.0,Premium,Weekly,Man
8716,59.0,"125,37877656687328",Afternoon,Movies,Science Fiction,1.0,Family,Weekly,Woman
8717,61.0,nan,Night,Movies,Horror,1.0,Family,Weekly,Man
8718,34.0,"120,49236062042787",Afternoon,Anime,Science Fiction,0.0,Premium,Weekly,Woman
8719,44.0,"89,22132592906277",Night,Reality Shows,Horror,0.0,Premium,Occasional,Woman
8720,39.0,"124,1770981611972",Night,Documentaries,Drama,0.0,Premium,Weekly,Man
8721,64.0,"128,43377848298687",Night,Movies,Science Fiction,1.0,Family,Weekly,Woman
8722,57.0,"161,87263578150714",Afternoon,Documentaries,Horror,1.0,Family,Weekly,Woman
8723,66.0,"212,57255356015585",Night,Movies,Science Fiction,1.0,Family,Weekly,Man
8724,41.0,"180,695770588236",Night,Documentaries,Science Fiction,0.0,Family,Weekly,Woman
8725,42.0,"135,8316500528532",Afternoon,Documentaries,Science Fiction,1.0,Family,Weekly,Man
8726,60.0,"249,01972672865116",Night,Movies,Science Fiction,0.0,Family,Weekly,Woman
8727,44.0,"133,39213806496633",Night,Documentaries,Horror,1.0,Family,Weekly,Woman
8728,65.0,"158,02740860590512",Afternoon,Movies,Science Fiction,1.0,Family,Weekly,Man
8729,33.0,nan,Night,Anime,Science Fiction,1.0,Premium,Weekly,Woman
8730,38.0,"132,58197459829964",Night,Documentaries,Science Fiction,1.0,Family,Weekly,Woman
8731,25.0,"170,1286711279326",Afternoon,Anime,Drama,0.0,Premium,Weekly,Man
8732,43.0,"169,78132094287977",Afternoon,Documentaries,Drama,0.0,Premium,Weekly,Man
8733,54.0,"231,7442007592873",Afternoon,Movies,Horror,1.0,Family,Daily,Woman
8734,49.0,"192,96172944384324",Afternoon,Documentaries,Horror,1.0,Family,Weekly,Woman
8735,26.0,"163,9535056187713",Night,Anime,Horror,0.0,Premium,Occasional,Woman
8736,48.0,"105,06022493858636",Night,Documentaries,Science Fiction,0.0,Premium,Weekly,Man
8737,66.0,"188,8254517272838",Afternoon,Movies,Science Fiction,1.0,Family,Weekly,Man
8738,28.0,"83,29206516339232",Night,Anime,Science Fiction,0.0,Premium,Weekly,Woman
8739,41.0,"174,17342436629755",Night,Documentaries,Drama,0.0,Premium,Weekly,Man
8740,62.0,"240,09330383870213",Night,Movies,Science Fiction,1.0,Family,Weekly,Man
8741,46.0,"207,132746928116",Night,Documentaries,Science Fiction,0.0,Family,Weekly,Woman
8742,59.0,"196,7417747044424",Afternoon,Movies,Science Fiction,1.0,Family,Weekly,Man
8743,49.0,nan,Afternoon,Documentaries,Science Fiction,0.0,Family,Weekly,Man
8744,50.0,"167,765107095401",Afternoon,Documentaries,Horror,1.0,Family,Weekly,Man
8745,41.0,"146,420868509344",Afternoon,Documentaries,Drama,0.0,Premium,Weekly,Man
8746,34.0,nan,Afternoon,Anime,Drama,0.0,,Weekly,Man
8747,38.0,"138,5220107073435",Night,Documentaries,Drama,0.0,Premium,Weekly,Woman
8748,55.0,"163,33599183959552",Afternoon,Movies,Science Fiction,1.0,Family,Weekly,Man
8749,48.0,"184,63441841321404",Night,Documentaries,Science Fiction,0.0,Family,Weekly,Man
8750,63.0,"198,58723149885176",Night,Movies,Science Fiction,1.0,,Daily,Man
8751,43.0,"164,8484631323134",Afternoon,Documentaries,Drama,0.0,Premium,Weekly,Woman
8752,61.0,"114,20534545933414",Night,Movies,Science Fiction,1.0,Family,Weekly,Woman
8753,51.0,"173,9621233226129",Afternoon,Movies,Drama,1.0,Family,Weekly,Woman
8754,34.0,"182,9201578653561",Night,Documentaries,Science Fiction,1.0,Family,Weekly,Man
8755,42.0,"152,96170693085105",Night,Documentaries,Horror,1.0,Family,Weekly,Woman
8756,43.0,"188,88840238783536",Afternoon,Documentaries,Drama,0.0,Family,Weekly,Woman
8757,61.0,"130,21052151305204",Afternoon,Movies,Science Fiction,1.0,Family,Weekly,Woman
8758,57.0,"167,7450660380019",Afternoon,Movies,Science Fiction,1.0,Family,Daily,Man
8759,42.0,"185,8886190842593",Afternoon,Documentaries,Drama,0.0,Family,Weekly,Man
8760,57.0,"211,02355962002923",Night,Movies,Science Fiction,1.0,Family,Weekly,Woman
8761,45.0,"148,1458487372667",Night,Documentaries,Drama,0.0,Premium,Weekly,Man
8762,32.0,"82,88242286913199",Afternoon,Anime,Science Fiction,0.0,Premium,Weekly,Man
8763,55.0,"161,27362864039526",Afternoon,Documentaries,Science Fiction,1.0,Family,Weekly,Man
8764,38.0,"157,14907040234257",Night,Anime,Science Fiction,0.0,Family,Weekly,Woman
8765,39.0,"78,10374014312342",Night,Anime,Science Fiction,1.0,Premium,Weekly,Man
8766,54.0,"148,59047816456547",Night,Movies,Science Fiction,1.0,Family,Daily,Woman
8767,34.0,"205,57697699149116",Night,Documentaries,Science Fiction,0.0,Premium,Weekly,Man
8768,39.0,"164,29287032741033",Afternoon,Anime,Science Fiction,0.0,Premium,Occasional,Man
8769,60.0,"133,38143237157885",Night,Movies,Science Fiction,1.0,Family,Weekly,Woman
8770,40.0,"179,9965981626039",Afternoon,Documentaries,Drama,0.0,Family,Weekly,Man
8771,39.0,"162,08123061010562",Afternoon,Documentaries,Science Fiction,0.0,Family,Weekly,Woman
8772,56.0,"178,23335742113224",Afternoon,Movies,Science Fiction,1.0,Family,Weekly,Woman
8773,35.0,"114,18436437904498",Night,Anime,Science Fiction,0.0,Premium,Weekly,Woman
8774,52.0,"219,7880405620161",Afternoon,Movies,Science Fiction,0.0,Family,Weekly,Man
8775,49.0,"146,86855460078118",Night,Documentaries,Drama,1.0,Family,Weekly,Man
8776,57.0,"173,18154709075708",Night,Movies,Science Fiction,1.0,Family,Weekly,Woman
8777,52.0,"165,37749833955954",Night,Documentaries,Science Fiction,1.0,Family,Weekly,Man
8778,62.0,"142,55397109282953",Night,Movies,Science Fiction,1.0,Family,Daily,Woman
8779,30.0,"175,53690916036325",Afternoon,Documentaries,Science Fiction,0.0,Family,Weekly,Woman
8780,37.0,"169,37448793641903",Afternoon,Documentaries,Science Fiction,1.0,Family,Weekly,Woman
8781,51.0,"165,81559659530038",Afternoon,Documentaries,Science Fiction,1.0,Family,Weekly,Man
8782,45.0,"224,82393561645105",Afternoon,Documentaries,Science Fiction,0.0,Family,Weekly,Woman
8783,28.0,"132,27793519171786",Afternoon,Anime,Action,0.0,Premium,Weekly,Man
8784,34.0,"65,93727682038579",Afternoon,Anime,Science Fiction,1.0,Premium,Weekly,Woman
8785,62.0,"160,1058274455524",Afternoon,Movies,Science Fiction,1.0,Family,Weekly,Woman
8786,51.0,"158,05686998083394",Night,Documentaries,Science Fiction,0.0,,Occasional,Man
8787,43.0,"161,3847151355634",Night,Anime,Science Fiction,0.0,Family,Weekly,Woman
8788,39.0,"59,846758086383424",Afternoon,Anime,Science Fiction,1.0,Premium,Weekly,Woman
8789,39.0,"157,52393757863544",Night,Documentaries,Drama,0.0,Premium,Weekly,Man
8790,42.0,"160,97571958130683",Morning,Documentaries,Science Fiction,1.0,Family,Weekly,Woman
8791,30.0,"181,61304369575183",Night,Documentaries,Science Fiction,0.0,Family,Weekly,Woman
8792,40.0,"148,3501681834724",Afternoon,Documentaries,Science Fiction,1.0,Family,Weekly,Man
8793,61.0,nan,Night,Documentaries,Horror,1.0,Family,Weekly,Woman
8794,26.0,"10,154203118210052",Afternoon,Anime,Science Fiction,1.0,Premium,Weekly,Woman
8795,39.0,"162,1613373488233",Night,Documentaries,Drama,0.0,Premium,Weekly,Woman
8796,41.0,"165,0452358648256",Afternoon,Documentaries,Science Fiction,0.0,Family,Weekly,Man
8797,42.0,"140,6142386340086",Afternoon,Documentaries,Drama,0.0,Premium,Weekly,Woman
8798,43.0,"131,45525620868742",Night,Documentaries,Horror,1.0,Family,Weekly,Man
8799,49.0,"94,15575740942612",Afternoon,Documentaries,Science Fiction,1.0,Family,Weekly,Woman
8800,54.0,"130,9202073355202",Night,Movies,Science Fiction,1.0,Family,Daily,Woman
8801,39.0,"132,70957591554557",Afternoon,Documentaries,Horror,1.0,Family,Weekly,Man
8802,51.0,"104,42855567711833",Afternoon,Anime,Science Fiction,0.0,,Weekly,Woman
8803,35.0,nan,Night,Anime,Science Fiction,1.0,Premium,Weekly,Man
8804,43.0,"155,50389927075318",Night,Documentaries,Science Fiction,1.0,Family,Weekly,Man
8805,54.0,"94,44374462109174",Afternoon,Anime,Science Fiction,1.0,Premium,Weekly,Man
8806,52.0,"147,0502571623216",Night,Anime,Science Fiction,0.0,Family,Weekly,Woman
8807,61.0,"199,2855372694395",Afternoon,Series,Drama,1.0,Student,Weekly,Man
8808,56.0,"144,1487225099563",Afternoon,Documentaries,Horror,1.0,Family,Weekly,Man
8809,47.0,"167,52665588294798",Afternoon,Documentaries,Science Fiction,0.0,Family,Occasional,Woman
8810,33.0,"179,94544755437306",Night,Documentaries,Drama,0.0,Premium,Weekly,Man
8811,34.0,"97,80010289878952",Afternoon,Documentaries,Science Fiction,1.0,Premium,Weekly,Woman
8812,55.0,"145,42194192116122",Night,Movies,Science Fiction,1.0,Family,Daily,Man
8813,17.0,"70,39453213298138",Afternoon,Anime,Science Fiction,1.0,Premium,Weekly,Woman
8814,51.0,"174,94903072055158",Afternoon,Movies,Science Fiction,1.0,Family,Weekly,Woman
8815,38.0,"183,4633557636193",Afternoon,Documentaries,Drama,0.0,Premium,Weekly,Man
8816,65.0,"65,26653900806305",Night,Movies,Drama,1.0,Family,Daily,Woman
8817,56.0,nan,Night,Movies,Science Fiction,1.0,Family,Weekly,Woman
8818,43.0,"210,74826394211397",Night,Movies,Science Fiction,1.0,Family,Weekly,Woman
8819,33.0,"135,58991594501106",Afternoon,Documentaries,Drama,0.0,Premium,Weekly,Man
8820,56.0,"146,5974467679701",Night,Documentaries,Science Fiction,1.0,Family,Weekly,Man
8821,34.0,"104,13077919133694",Night,Anime,Science Fiction,0.0,Premium,Weekly,Woman
8822,39.0,"171,02083938691675",Afternoon,Movies,Science Fiction,1.0,Family,Weekly,Man
8823,53.0,"284,11126149512154",Night,Movies,Horror,0.0,Student,Weekly,Woman
8824,51.0,"149,9959587499355",Night,Documentaries,Science Fiction,1.0,Family,Weekly,Woman
8825,34.0,"66,45977981819932",Afternoon,Anime,Science Fiction,1.0,Premium,Weekly,Man
8826,38.0,"131,6546219754478",Afternoon,Documentaries,Science Fiction,1.0,Family,Weekly,Woman
8827,42.0,"180,03053607441188",Afternoon,Documentaries,Science Fiction,1.0,Family,Weekly,Man
8828,41.0,"167,77443018071818",Afternoon,Documentaries,Drama,0.0,Premium,Weekly,Man
8829,24.0,"137,64273447592694",Night,Documentaries,Action,0.0,Free,Weekly,Man
8830,33.0,"107,82694409890694",Night,Anime,Science Fiction,0.0,Premium,Weekly,Man
8831,42.0,"182,2712671146201",Afternoon,Documentaries,Science Fiction,0.0,Premium,Weekly,Woman
8832,56.0,"136,9496078022356",Afternoon,Documentaries,Horror,1.0,Family,Weekly,Man
8833,42.0,"135,08212546270715",Night,Documentaries,Drama,1.0,Premium,Weekly,Man
8834,51.0,"183,73051984855763",Night,Documentaries,Science Fiction,1.0,Family,Weekly,Man
8835,42.0,"150,32108830572005",Afternoon,Documentaries,Horror,1.0,Family,Weekly,Woman
8836,62.0,"232,22819591826595",Night,Movies,Horror,1.0,Family,Weekly,Man
8837,53.0,"166,89420677408725",Afternoon,Movies,Science Fiction,1.0,Family,Daily,Man
8838,37.0,"149,50018479616577",Night,Anime,Science Fiction,0.0,Family,Weekly,Woman
8839,45.0,"172,65289756516998",Afternoon,Documentaries,Science Fiction,0.0,Family,Weekly,Man
8840,46.0,"166,80130268038872",Night,Anime,Horror,0.0,Family,Weekly,Man
8841,28.0,"69,14341672056653",Afternoon,Anime,Science Fiction,0.0,Premium,Weekly,Man
8842,43.0,"170,54543489408516",Afternoon,Documentaries,Drama,0.0,Premium,Weekly,Woman
8843,28.0,nan,Night,Documentaries,Science Fiction,1.0,Family,Weekly,Woman
8844,38.0,nan,Night,Documentaries,Drama,0.0,Premium,Weekly,Woman
8845,47.0,"117,29817910918474",Afternoon,Anime,Science Fiction,0.0,Premium,Weekly,Man
8846,58.0,"161,743836566746",Night,Movies,Horror,1.0,Family,Weekly,Woman
8847,45.0,"101,37791076738736",Night,Anime,Science Fiction,0.0,Premium,Weekly,Man
8848,41.0,"157,69756911067975",Night,Documentaries,Science Fiction,1.0,Family,Weekly,Man
8849,26.0,"144,05041868607856",Night,Documentaries,Science Fiction,0.0,Premium,Weekly,Man
8850,36.0,"198,2576310912617",Night,Documentaries,Drama,0.0,Premium,Weekly,Woman
8851,40.0,"79,37292133941384",Afternoon,Documentaries,Science Fiction,1.0,Family,Weekly,Woman
8852,31.0,"208,8945564324729",Night,Documentaries,Science Fiction,0.0,Family,Weekly,Man
8853,40.0,"184,8364811028937",Afternoon,Anime,Science Fiction,0.0,,Occasional,Woman
8854,38.0,"64,7565779447792",Night,Anime,Science Fiction,1.0,Premium,Weekly,Woman
8855,56.0,"186,12753666208965",Afternoon,Movies,Science Fiction,1.0,Family,Weekly,Woman
8856,35.0,"187,39988146670527",Night,Documentaries,Drama,0.0,Premium,Weekly,Man
8857,44.0,"148,0374702237941",Night,Anime,Horror,0.0,Premium,Weekly,Man
8858,45.0,"162,052482828525",Night,Documentaries,Drama,0.0,Premium,Weekly,Woman
8859,48.0,"127,82456416607296",Night,Documentaries,Drama,1.0,Premium,Weekly,Man
8860,42.0,"149,93875140228462",Afternoon,Documentaries,Drama,0.0,Premium,Weekly,Man
8861,53.0,"159,13535758896927",Night,Movies,Science Fiction,1.0,Family,Weekly,Woman
8862,53.0,"145,80785361351874",Night,Documentaries,Science Fiction,1.0,Family,Weekly,Woman
8863,45.0,"188,5938346018937",Afternoon,Documentaries,Science Fiction,0.0,Family,Weekly,Man
8864,24.0,nan,Night,Documentaries,Science Fiction,0.0,Family,Weekly,Man
8865,43.0,"124,77339540919068",Afternoon,Documentaries,Science Fiction,1.0,Family,Weekly,Man
8866,45.0,"75,48942552125632",Night,Documentaries,Science Fiction,1.0,Family,Weekly,Man
8867,55.0,"154,5648892230891",Night,Documentaries,Science Fiction,1.0,Family,Occasional,Woman
8868,45.0,"122,2412502210314",Night,Anime,Science Fiction,0.0,Free,Weekly,Man
8869,41.0,"189,03758512311225",Afternoon,Documentaries,Drama,0.0,Premium,Weekly,Woman
8870,42.0,"168,62312429292373",Afternoon,Documentaries,Drama,0.0,Premium,Weekly,Woman
8871,33.0,"159,2659825129255",Afternoon,Documentaries,Horror,0.0,Family,Weekly,Man
8872,41.0,"141,14720685812188",Night,Documentaries,Drama,0.0,Premium,Weekly,Woman
8873,49.0,nan,Afternoon,Anime,Science Fiction,0.0,Family,Occasional,Woman
8874,57.0,"161,46729406322294",Night,Documentaries,Science Fiction,1.0,Family,Weekly,Woman
8875,46.0,"145,18059315804305",Afternoon,Documentaries,Science Fiction,1.0,,Weekly,Woman
8876,19.0,"200,0830273592347",Night,Documentaries,Science Fiction,0.0,Premium,Weekly,Man
8877,39.0,"178,4166788985329",Night,Documentaries,Science Fiction,0.0,Premium,Weekly,Man
8878,46.0,"166,68603748493427",Night,Documentaries,Science Fiction,1.0,Family,Weekly,Man
8879,50.0,"160,2264676821096",Afternoon,Documentaries,Drama,1.0,Family,Weekly,Man
8880,51.0,"174,98578172532717",Night,Movies,Science Fiction,1.0,Family,Daily,Man
8881,44.0,"175,63708438742862",Afternoon,Documentaries,Science Fiction,1.0,,Weekly,Woman
8882,55.0,"93,63627492089184",Afternoon,Documentaries,Science Fiction,1.0,,Weekly,Woman
8883,53.0,"138,89237651679449",Afternoon,Documentaries,Science Fiction,1.0,Family,Weekly,Man
8884,54.0,"173,5927351926906",Night,Movies,Science Fiction,1.0,Family,Weekly,Woman
8885,49.0,"126,71506801429076",Afternoon,Movies,Drama,1.0,,Weekly,Man
8886,43.0,"123,1880625236",Afternoon,Anime,Science Fiction,0.0,Premium,Weekly,Woman
8887,50.0,"118,99180773493912",Afternoon,Documentaries,Science Fiction,1.0,Family,Weekly,Man
8888,46.0,"140,76963507307886",Afternoon,Anime,Science Fiction,0.0,Premium,Weekly,Man
8889,39.0,"158,70077652680106",Night,Documentaries,Science Fiction,0.0,Family,Weekly,Man
8890,38.0,"176,77861215061864",Afternoon,Documentaries,Drama,0.0,Premium,Weekly,Man
8891,51.0,"189,44483851661536",Night,Documentaries,Horror,1.0,Family,Weekly,Man
8892,70.0,"162,19439469685545",Afternoon,Movies,Drama,1.0,Family,Weekly,Woman
8893,39.0,"162,4066130739641",Afternoon,Documentaries,Drama,0.0,Premium,Weekly,Woman
8894,34.0,"53,085824246702735",Night,Documentaries,Science Fiction,1.0,Family,Weekly,Woman
8895,48.0,"86,23897714783067",Afternoon,Anime,Science Fiction,1.0,,Weekly,Woman
8896,58.0,"122,06488300581644",Night,Documentaries,Horror,1.0,Family,Weekly,Woman
8897,38.0,"127,07292889825628",Afternoon,Anime,Science Fiction,0.0,Premium,Weekly,Man
8898,39.0,"138,44911448340412",Night,Documentaries,Science Fiction,1.0,Family,Weekly,Woman
8899,40.0,"212,12255956166376",Afternoon,Documentaries,Science Fiction,0.0,Family,Occasional,Man
8900,33.0,"55,69133520567674",Afternoon,Anime,Science Fiction,1.0,Premium,Weekly,Man
8901,51.0,"183,5737211464117",Night,Movies,Drama,1.0,Family,Weekly,Woman
8902,60.0,"74,33985988499664",Afternoon,Documentaries,Science Fiction,1.0,Family,Weekly,Woman
8903,64.0,"133,56467464164956",Night,Movies,Science Fiction,1.0,Family,Weekly,Woman
8904,24.0,"28,238250369527147",Afternoon,Anime,Science Fiction,1.0,Premium,Weekly,Man
8905,48.0,nan,Night,Documentaries,Drama,1.0,Premium,Weekly,Woman
8906,34.0,"100,6133433691249",Night,Anime,Science Fiction,0.0,Premium,Weekly,Man
8907,42.0,"169,0582162117249",Afternoon,Documentaries,Science Fiction,1.0,Family,Weekly,Man
8908,44.0,"119,39295644469072",Night,Documentaries,Horror,1.0,Family,Weekly,Woman
8909,48.0,"149,4132188219772",Morning,Documentaries,Drama,1.0,Family,Weekly,Woman
8910,56.0,"119,02164173939336",Afternoon,Documentaries,Horror,1.0,Premium,Weekly,Man
8911,46.0,"134,43935912240715",Afternoon,Anime,Science Fiction,0.0,Premium,Weekly,Woman
8912,39.0,"164,57363110264555",Night,Documentaries,Drama,0.0,Premium,Weekly,Man
8913,54.0,"93,20093890298432",Night,Documentaries,Drama,1.0,Premium,Weekly,Woman
8914,53.0,nan,Night,Movies,Science Fiction,1.0,Family,Weekly,Man
8915,47.0,"134,97463021513474",Night,Anime,Horror,1.0,Family,Weekly,Woman
8916,50.0,"181,4454020972126",Afternoon,Movies,Science Fiction,1.0,Family,Weekly,Man
8917,42.0,"179,80018090460496",Afternoon,Movies,Drama,1.0,Family,Weekly,Woman
8918,37.0,"83,9163276195596",Late Night,Anime,Science Fiction,1.0,Premium,Weekly,Man
8919,43.0,"194,0986479513269",Afternoon,Documentaries,Science Fiction,0.0,Family,Weekly,Man
8920,56.0,"135,1367560975897",Afternoon,Documentaries,Horror,1.0,Family,Weekly,Woman
8921,48.0,"178,74555939933904",Night,Documentaries,Horror,1.0,Family,Weekly,Man
8922,45.0,"144,1643742378677",Night,Documentaries,Drama,0.0,Premium,Weekly,Woman
8923,52.0,"154,8693344974328",Afternoon,Documentaries,Horror,1.0,Family,Weekly,Woman
8924,59.0,"174,05486955611195",Night,Movies,Science Fiction,1.0,Family,Weekly,Woman
8925,43.0,"169,43291791587814",Afternoon,Documentaries,Drama,0.0,Premium,Weekly,Man
8926,60.0,"145,6714198834689",Night,Movies,Science Fiction,1.0,Family,Weekly,Woman
8927,33.0,"51,05663611933847",Afternoon,Anime,Science Fiction,1.0,Premium,Weekly,Man
8928,44.0,"173,41381157589595",Afternoon,Documentaries,Horror,1.0,Family,Weekly,Woman
8929,30.0,"223,1122883409529",Afternoon,Documentaries,Drama,0.0,Family,Weekly,Woman
8930,41.0,"131,04976234915773",Afternoon,Documentaries,Drama,0.0,,Weekly,Man
8931,37.0,"180,64125121202235",Night,Documentaries,Science Fiction,0.0,Family,Weekly,Man
8932,57.0,"132,21830701671766",Afternoon,Documentaries,Science Fiction,1.0,,Weekly,Man
8933,55.0,"193,1424017303704",Afternoon,Movies,Horror,1.0,Family,Weekly,Woman
8934,39.0,"209,73718759002557",Night,Documentaries,Science Fiction,0.0,Family,Weekly,Woman
8935,42.0,"159,1789061792099",Afternoon,Documentaries,Drama,0.0,Premium,Weekly,Woman
8936,45.0,"131,0898407537255",Night,Anime,Horror,0.0,Family,Weekly,Man
8937,38.0,"182,85289266002687",Night,Documentaries,Drama,0.0,Premium,Weekly,Man
8938,46.0,"152,37655907572514",Night,Anime,Horror,0.0,Family,Occasional,Woman
8939,57.0,"241,8679196422669",Afternoon,Movies,Horror,0.0,Family,Weekly,Woman
8940,24.0,"73,2230624402809",Afternoon,Anime,Science Fiction,1.0,Family,Occasional,Man
8941,52.0,"147,6215288431325",Night,Documentaries,Science Fiction,1.0,Family,Weekly,Man
8942,38.0,"166,11663981634337",Afternoon,Documentaries,Drama,0.0,Premium,Weekly,Man
8943,56.0,"168,9867987947726",Afternoon,Movies,Science Fiction,1.0,Family,Weekly,Man
8944,53.0,"139,58069347746124",Afternoon,Documentaries,Science Fiction,1.0,Family,Weekly,Woman
8945,30.0,"178,79402954683425",Afternoon,Anime,Science Fiction,0.0,Premium,Occasional,Woman
8946,55.0,"183,4050319069488",Night,Documentaries,Science Fiction,1.0,Family,Weekly,Woman
8947,57.0,"173,46484967191557",Afternoon,Movies,Science Fiction,1.0,Family,Daily,Woman
8948,43.0,"178,73646605243047",Afternoon,Documentaries,Drama,0.0,Premium,Weekly,Man
8949,49.0,"138,83944439903146",Afternoon,Documentaries,Drama,1.0,Premium,Weekly,Man
8950,61.0,nan,Night,Movies,Science Fiction,1.0,Family,Daily,Man
8951,31.0,"198,8715889378093",Afternoon,Documentaries,Drama,0.0,Premium,Weekly,Man
8952,43.0,"139,7754390521991",Night,Documentaries,Drama,0.0,Premium,Weekly,Woman
8953,44.0,"157,61178069313831",Night,Documentaries,Science Fiction,1.0,Family,Weekly,Man
8954,58.0,"188,35597351218308",Night,Movies,Science Fiction,1.0,Family,Weekly,Woman
8955,54.0,"146,22567859737518",Night,Documentaries,Horror,1.0,Family,Weekly,Woman
8956,43.0,"178,15769319873476",Night,Documentaries,Drama,0.0,Family,Weekly,Woman
8957,40.0,"119,45658872577538",Afternoon,Documentaries,Horror,1.0,Family,Weekly,Woman
8958,41.0,nan,Afternoon,Documentaries,Science Fiction,0.0,Premium,Weekly,Man
8959,36.0,"219,4356550435226",Night,Documentaries,Drama,0.0,Family,Weekly,Woman
8960,44.0,"91,10441527718544",Afternoon,Anime,Science Fiction,1.0,Premium,Weekly,Woman
8961,50.0,"135,83699301733293",Afternoon,Documentaries,Science Fiction,1.0,Family,Weekly,Woman
8962,58.0,"171,23558467579457",Night,Movies,Science Fiction,1.0,Family,Daily,Man
8963,42.0,"134,9085166282915",Night,Documentaries,Horror,1.0,Family,Weekly,Woman
8964,33.0,nan,Afternoon,Documentaries,Science Fiction,1.0,Premium,Weekly,Man
8965,36.0,"132,78413203146474",Night,Documentaries,Drama,0.0,Premium,Weekly,Man
8966,59.0,"248,15517800102447",Night,Movies,Science Fiction,0.0,Family,Weekly,Man
8967,40.0,"173,39481807650358",Night,Documentaries,Science Fiction,0.0,Premium,Weekly,Man
8968,34.0,"150,66233706044713",Afternoon,Documentaries,Action,0.0,Premium,Weekly,Man
8969,37.0,"217,4334846593716",Night,Documentaries,Science Fiction,0.0,Family,Weekly,Woman
8970,52.0,"103,56498213209612",Afternoon,Documentaries,Science Fiction,1.0,Premium,Daily,Man
8971,56.0,"67,95408367482226",Afternoon,Documentaries,Science Fiction,1.0,,Daily,Woman
8972,40.0,"84,3356296161992",Night,Documentaries,Horror,1.0,Family,Weekly,Woman
8973,40.0,"74,45743479141716",Afternoon,Anime,Science Fiction,1.0,Premium,Weekly,Woman
8974,39.0,"206,6302712363393",Afternoon,Movies,Science Fiction,1.0,Family,Weekly,Man
8975,34.0,"106,80044337976824",Night,Documentaries,Science Fiction,1.0,Premium,Weekly,Man
8976,48.0,"145,47799387426977",Afternoon,Documentaries,Drama,1.0,Family,Weekly,Man
8977,53.0,"179,5946235448809",Afternoon,Movies,Horror,1.0,Student,Weekly,Man
8978,37.0,"165,26182965786418",Night,Documentaries,Drama,0.0,Premium,Weekly,Man
8979,43.0,"207,35377829373093",Afternoon,Documentaries,Science Fiction,0.0,Family,Weekly,Woman
8980,40.0,"136,13506737170297",Afternoon,Documentaries,Drama,0.0,Premium,Weekly,Man
8981,32.0,"145,1691942696079",Night,Documentaries,Science Fiction,1.0,Family,Weekly,Woman
8982,51.0,"133,39676535081244",Afternoon,Documentaries,Science Fiction,1.0,Family,Weekly,Woman
8983,22.0,"194,0285896278843",Afternoon,Documentaries,Science Fiction,0.0,Premium,Weekly,Woman
8984,34.0,"79,72176551772351",Night,Anime,Science Fiction,1.0,Premium,Weekly,Man
8985,41.0,"157,94525858514592",Night,Documentaries,Drama,0.0,,Weekly,Woman
8986,56.0,"130,1581399270657",Night,Documentaries,Science Fiction,1.0,Family,Weekly,Man
8987,42.0,"185,611728688804",Afternoon,Documentaries,Drama,0.0,Family,Weekly,Man
8988,61.0,"97,53069607033795",Afternoon,Movies,Science Fiction,1.0,Family,Weekly,Man
8989,61.0,"153,54882419767213",Night,Movies,Drama,1.0,Family,Weekly,Man
8990,60.0,"156,40390063946302",Afternoon,Movies,Science Fiction,1.0,Family,Daily,Woman
8991,38.0,"166,39616022217982",Afternoon,Documentaries,Drama,0.0,Premium,Weekly,Man
8992,42.0,"162,37173413248252",Afternoon,Documentaries,Drama,0.0,Premium,Weekly,Man
8993,56.0,"166,05450480931646",Afternoon,Movies,Horror,1.0,Family,Weekly,Man
8994,42.0,"149,37047882859838",Night,Documentaries,Drama,1.0,Premium,Weekly,Woman
8995,41.0,"143,0820813086041",Night,Anime,Horror,0.0,Premium,Weekly,Woman
8996,44.0,"163,69234630904393",Night,Documentaries,Drama,0.0,Premium,Weekly,Man
8997,39.0,"145,0451597201093",Night,Documentaries,Drama,0.0,Premium,Weekly,Man
8998,42.0,"113,33241168025263",Afternoon,Documentaries,Drama,1.0,Premium,Weekly,Man
8999,41.0,"199,9428046239025",Afternoon,Documentaries,Science Fiction,0.0,Family,Weekly,Woman
9000,40.0,"151,4785045851761",Night,Documentaries,Horror,1.0,Family,Weekly,Woman
9001,38.0,"103,83792080238618",Night,Anime,Science Fiction,0.0,Premium,Weekly,Woman
9002,46.0,"119,2762254897444",Afternoon,Anime,Science Fiction,0.0,Premium,Weekly,Man
9003,58.0,"87,28404445656548",Afternoon,Documentaries,Science Fiction,1.0,Family,Weekly,Woman
9004,46.0,"137,9303722765653",Afternoon,Documentaries,Horror,1.0,Family,Weekly,Woman
9005,63.0,"175,04761296901893",Afternoon,Movies,Science Fiction,1.0,Family,Weekly,Woman
9006,56.0,"104,89009235607143",Afternoon,Movies,Science Fiction,1.0,Family,Daily,Woman
9007,57.0,"149,6168809391562",Night,Documentaries,Science Fiction,1.0,Family,Weekly,Man
9008,35.0,"155,98895161929929",Night,Documentaries,Drama,0.0,Premium,Weekly,Woman
9009,36.0,"141,13425238319445",Afternoon,Documentaries,Drama,0.0,Premium,Weekly,Man
9010,53.0,"128,13239080467588",Night,Documentaries,Science Fiction,1.0,Family,Weekly,Man
9011,35.0,"152,59628091704653",Night,Documentaries,Drama,0.0,Premium,Weekly,Man
9012,53.0,"256,18259344056594",Afternoon,Movies,Horror,0.0,Family,Weekly,Woman
9013,61.0,"159,9225650273296",Night,Movies,Science Fiction,1.0,Family,Weekly,Man
9014,58.0,"148,07016323677453",Afternoon,Movies,Science Fiction,1.0,Family,Weekly,Man
9015,51.0,"119,16114070039004",Night,Documentaries,Science Fiction,1.0,Premium,Weekly,Man
9016,45.0,"115,57287805912036",Night,Anime,Science Fiction,1.0,Family,Weekly,Woman
9017,45.0,"122,49156180234652",Night,Anime,Science Fiction,0.0,Premium,Weekly,Woman
9018,63.0,"156,53286600440606",Afternoon,Movies,Science Fiction,1.0,Family,Weekly,Man
9019,49.0,"145,1935715678608",Afternoon,Anime,Science Fiction,0.0,Family,Weekly,Woman
9020,40.0,"153,71176722918756",Afternoon,Documentaries,Science Fiction,0.0,Family,Weekly,Woman
9021,39.0,"210,76522301746093",Night,Documentaries,Science Fiction,0.0,Premium,Weekly,Woman
9022,53.0,"80,86564023874661",Night,Anime,Comedy,1.0,Family,Occasional,Man
9023,39.0,"140,6398509101506",Afternoon,Anime,Horror,0.0,Premium,Weekly,Woman
9024,57.0,"83,91767108619165",Afternoon,Documentaries,Science Fiction,1.0,Family,Daily,Man
9025,38.0,"180,90719111008724",Night,Movies,Science Fiction,1.0,Family,Weekly,Woman
9026,52.0,"165,61172716676623",Night,Documentaries,Science Fiction,1.0,Family,Weekly,Woman
9027,34.0,nan,Night,Documentaries,Science Fiction,1.0,Family,Weekly,Woman
9028,47.0,"161,89881032233183",Afternoon,Anime,Horror,0.0,Family,Weekly,Woman
9029,24.0,"29,063916599043697",Night,Anime,Science Fiction,1.0,,Weekly,Man
9030,47.0,"174,3501009729506",Night,Anime,Horror,0.0,Premium,Weekly,Man
9031,37.0,"167,5652360109249",Night,Documentaries,Drama,0.0,Premium,Weekly,Woman
9032,39.0,"84,34970767065452",Afternoon,Anime,Science Fiction,1.0,Premium,Weekly,Woman
9033,52.0,"105,98478503335916",Night,Anime,Science Fiction,1.0,Premium,Weekly,Man
9034,31.0,"124,17534609160842",Afternoon,Anime,Science Fiction,0.0,Premium,Weekly,Woman
9035,48.0,nan,Night,Anime,Science Fiction,1.0,Premium,Weekly,Man
9036,32.0,"95,5423442114534",Afternoon,Anime,Science Fiction,1.0,Family,Weekly,Man
9037,35.0,"177,54881537365597",Afternoon,Anime,Drama,0.0,Premium,Occasional,Woman
9038,44.0,"172,30117333652106",Afternoon,Documentaries,Science Fiction,1.0,Family,Weekly,Woman
9039,61.0,"218,76826287810889",Night,Movies,Science Fiction,1.0,Family,Daily,Woman
9040,38.0,"75,30490553658264",Afternoon,Anime,Science Fiction,1.0,Family,Weekly,Man
9041,59.0,"142,30750854471654",Night,Movies,Science Fiction,1.0,Family,Weekly,Man
9042,29.0,"218,77239438478577",Afternoon,Documentaries,Drama,0.0,Family,Weekly,Woman
9043,36.0,"89,72570122203751",Night,Documentaries,Science Fiction,1.0,Premium,Weekly,Woman
9044,58.0,"199,29711495502423",Afternoon,Movies,Horror,1.0,Family,Weekly,Woman
9045,39.0,"123,65023826711963",Night,Anime,Science Fiction,0.0,,Weekly,Man
9046,38.0,"176,55580509543654",Afternoon,Movies,Drama,1.0,Family,Weekly,Man
9047,47.0,"91,89927599422197",Night,Documentaries,Science Fiction,1.0,Premium,Weekly,Man
9048,55.0,"161,76266547347677",Afternoon,Documentaries,Science Fiction,1.0,Family,Weekly,Man
9049,28.0,"204,15730547421455",Night,Documentaries,Science Fiction,0.0,Family,Weekly,Man
9050,41.0,"230,70148000063904",Night,Movies,Science Fiction,0.0,Family,Weekly,Man
9051,53.0,"192,39731046037568",Afternoon,Movies,Science Fiction,1.0,Family,Weekly,Man
9052,37.0,"167,4818454104474",Afternoon,Anime,Horror,0.0,Family,Occasional,Man
9053,62.0,"132,59716421094976",Afternoon,Movies,Science Fiction,1.0,Family,Weekly,Woman
9054,40.0,nan,Afternoon,Documentaries,Drama,0.0,Premium,Occasional,Woman
9055,39.0,"122,5901381510552",Afternoon,Documentaries,Science Fiction,1.0,Family,Weekly,Man
9056,35.0,"212,91056335180468",Afternoon,Documentaries,Drama,0.0,Premium,Occasional,Man
9057,64.0,"193,94425581834412",Afternoon,Movies,Science Fiction,1.0,Family,Weekly,Man
9058,29.0,"118,3428136013195",Afternoon,Reality Shows,Horror,0.0,Premium,Occasional,Man
9059,46.0,"121,92022086124268",Afternoon,Anime,Science Fiction,0.0,Premium,Weekly,Man
9060,46.0,"82,13182695501712",Night,Documentaries,Science Fiction,1.0,Premium,Weekly,Man
9061,50.0,"127,89190846801752",Night,Documentaries,Science Fiction,1.0,Premium,Weekly,Woman
9062,53.0,"199,8331672699029",Night,Movies,Science Fiction,0.0,Family,Weekly,Man
9063,35.0,"200,46654833695712",Afternoon,Movies,Science Fiction,1.0,Family,Weekly,Woman
9064,31.0,"49,78824668606065",Afternoon,Documentaries,Science Fiction,1.0,Family,Weekly,Woman
9065,44.0,"127,58912420145607",Afternoon,Anime,Science Fiction,1.0,Family,Weekly,Woman
9066,53.0,"164,37029770157983",Night,Movies,Science Fiction,1.0,Family,Weekly,Man
9067,61.0,"165,71882605493784",Afternoon,Movies,Science Fiction,1.0,Family,Weekly,Man
9068,40.0,"166,51061743585797",Night,Documentaries,Drama,0.0,Premium,Weekly,Man
9069,40.0,"186,04562889571005",Afternoon,Documentaries,Drama,0.0,Premium,Weekly,Woman
9070,59.0,"150,71418286014458",Night,Movies,Science Fiction,1.0,,Weekly,Woman
9071,38.0,"176,8911881647023",Afternoon,Documentaries,Science Fiction,0.0,Family,Weekly,Woman
9072,47.0,"107,66785093542984",Night,Documentaries,Horror,1.0,,Weekly,Woman
9073,59.0,"216,56149943056636",Afternoon,Movies,Horror,1.0,Family,Daily,Woman
9074,46.0,"189,938251279115",Afternoon,Documentaries,Science Fiction,0.0,Family,Weekly,Man
9075,43.0,"141,74826888534176",Afternoon,Documentaries,Drama,0.0,Premium,Weekly,Man
9076,32.0,"64,39251120378972",Afternoon,Anime,Science Fiction,0.0,Premium,Weekly,Woman
9077,41.0,"147,84978679355086",Night,Documentaries,Drama,0.0,Premium,Weekly,Man
9078,40.0,"145,93876241756865",Night,Documentaries,Drama,0.0,,Weekly,Man
9079,33.0,"194,81808319719528",Afternoon,Documentaries,Science Fiction,0.0,Family,Weekly,Man
9080,41.0,"136,94358510191108",Night,Documentaries,Science Fiction,1.0,Family,Weekly,Woman
9081,29.0,"153,62949568093194",Afternoon,Anime,Science Fiction,0.0,Family,Weekly,Man
9082,39.0,"89,5656124658177",Night,Anime,Science Fiction,1.0,Premium,Weekly,Man
9083,56.0,"155,3515843068043",Night,Movies,Science Fiction,1.0,Family,Weekly,Man
9084,46.0,"138,14268452833758",Night,Documentaries,Drama,1.0,Premium,Weekly,Woman
9085,29.0,"201,9609185774316",Night,Documentaries,Science Fiction,0.0,Family,Weekly,Man
9086,56.0,"212,6053189098828",Afternoon,Movies,Science Fiction,1.0,Family,Weekly,Woman
9087,40.0,"163,46420005782437",Night,Documentaries,Drama,0.0,Premium,Weekly,Woman
9088,58.0,"152,88295814480017",Night,Movies,Horror,1.0,Family,Daily,Woman
9089,50.0,"134,95069716960603",Night,Documentaries,Horror,1.0,Family,Weekly,Man
9090,53.0,"116,090017410004",Night,Documentaries,Horror,1.0,Family,Weekly,Woman
9091,50.0,"62,59675183511202",Night,Anime,Science Fiction,1.0,Premium,Weekly,Man
9092,62.0,"126,47259951659154",Late Night,Movies,Science Fiction,1.0,Family,Daily,Man
9093,44.0,"182,0528581956025",Afternoon,Documentaries,Drama,0.0,Family,Weekly,Man
9094,59.0,"174,03883194385915",Afternoon,Documentaries,Science Fiction,1.0,Family,Weekly,Woman
9095,34.0,"156,7726452936607",Night,Documentaries,Horror,0.0,Family,Weekly,Woman
9096,39.0,"128,92469493008517",Night,Anime,Science Fiction,0.0,Premium,Weekly,Man
9097,35.0,"150,91888673573857",Night,Documentaries,Drama,0.0,Premium,Weekly,Woman
9098,66.0,"153,40300465686087",Afternoon,Movies,Science Fiction,1.0,Family,Weekly,Man
9099,39.0,"73,10944165151163",Night,Anime,Science Fiction,1.0,Premium,Weekly,Woman
9100,34.0,"141,87742079619798",Night,Documentaries,Drama,0.0,Premium,Weekly,Man
9101,44.0,"170,33973311581332",Afternoon,Documentaries,Drama,0.0,Premium,Weekly,Woman
9102,48.0,"178,8589180345923",Night,Documentaries,Drama,0.0,Family,Occasional,Woman
9103,26.0,"81,06080051714238",Afternoon,Anime,Science Fiction,1.0,Family,Weekly,Woman
9104,57.0,"107,10256986907824",Late Night,Documentaries,Horror,1.0,Family,Weekly,Man
9105,59.0,"162,89729345568418",Night,Movies,Science Fiction,1.0,Family,Daily,Man
9106,62.0,"185,0894811605103",Afternoon,Movies,Science Fiction,1.0,Family,Weekly,Woman
9107,26.0,"149,57481789119555",Night,Anime,Horror,0.0,Premium,Weekly,Woman
9108,36.0,"84,91035388588762",Night,Anime,Science Fiction,1.0,Family,Weekly,Man
9109,42.0,"154,2096891391409",Night,Documentaries,Drama,0.0,Premium,Occasional,Man
9110,39.0,"177,55565014552394",Night,Documentaries,Science Fiction,1.0,Family,Weekly,Man
9111,56.0,"90,58506936435164",Night,Documentaries,Horror,1.0,Family,Daily,Woman
9112,43.0,"151,81138746113578",Afternoon,Documentaries,Drama,0.0,,Weekly,Man
9113,40.0,"181,8908054494634",Afternoon,Documentaries,Science Fiction,0.0,Family,Weekly,Man
9114,35.0,"116,10664616580289",Afternoon,Anime,Science Fiction,0.0,,Weekly,Man
9115,46.0,"159,66541460987057",Night,Anime,Horror,0.0,Premium,Weekly,Woman
9116,61.0,"193,9551970693964",Afternoon,Movies,Science Fiction,1.0,Family,Weekly,Man
9117,37.0,"151,5373714016113",Afternoon,Documentaries,Drama,0.0,Premium,Weekly,Man
9118,60.0,"180,765355536849",Night,Movies,Science Fiction,1.0,Family,Weekly,Man
9119,49.0,"152,61036756483622",Night,Documentaries,Drama,1.0,Family,Weekly,Man
9120,39.0,"66,39071091946782",Night,Anime,Science Fiction,1.0,Premium,Weekly,Man
9121,37.0,"163,3575304088005",Afternoon,Documentaries,Science Fiction,1.0,Family,Weekly,Man
9122,37.0,"190,3737000987624",Afternoon,Documentaries,Science Fiction,0.0,Family,Weekly,Woman
9123,45.0,"155,57187679370966",Afternoon,Documentaries,Drama,1.0,Family,Weekly,Man
9124,41.0,"197,360902348832",Night,Documentaries,Science Fiction,0.0,Premium,Weekly,Man
9125,42.0,"151,11753031845555",Afternoon,Documentaries,Drama,0.0,Premium,Weekly,Woman
9126,46.0,"71,12055647793706",Afternoon,Anime,Science Fiction,1.0,Premium,Weekly,Woman
9127,44.0,"185,99700618486932",Night,Documentaries,Horror,1.0,Family,Weekly,Woman
9128,42.0,"167,18656117823346",Night,Documentaries,Science Fiction,0.0,Premium,Weekly,Woman
9129,40.0,nan,Night,Documentaries,Drama,1.0,Premium,Weekly,Man
9130,44.0,"96,9417827183138",Afternoon,Anime,Science Fiction,0.0,Premium,Weekly,Woman
9131,36.0,"74,57783875528588",Afternoon,Anime,Science Fiction,1.0,Premium,Weekly,Man
9132,30.0,"184,13093284436957",Night,Documentaries,Science Fiction,0.0,Family,Weekly,Man
9133,40.0,"181,5318659733345",Night,Documentaries,Science Fiction,0.0,Premium,Weekly,Woman
9134,37.0,"221,78252067914136",Afternoon,Series,Drama,1.0,Student,Daily,Man
9135,52.0,"210,82717765499325",Night,Movies,Horror,1.0,Family,Weekly,Woman
9136,33.0,"151,73248201394924",Night,Documentaries,Science Fiction,0.0,Family,Weekly,Woman
9137,42.0,"120,52636579792316",Night,Documentaries,Drama,1.0,Premium,Weekly,Man
9138,48.0,"145,92823833919027",Afternoon,Documentaries,Science Fiction,1.0,Family,Weekly,Man
9139,46.0,"180,09763588272563",Afternoon,Documentaries,Science Fiction,1.0,Family,Weekly,Woman
9140,41.0,"107,79217334614948",Afternoon,Anime,Science Fiction,0.0,Premium,Weekly,Woman
9141,33.0,"71,67383346801698",Afternoon,Anime,Science Fiction,1.0,Premium,Weekly,Man
9142,36.0,"62,503467098625904",Afternoon,Anime,Science Fiction,1.0,Premium,Weekly,Man
9143,44.0,"164,29624841830605",Night,Documentaries,Drama,0.0,Family,Weekly,Woman
9144,52.0,"123,43893798802353",Afternoon,Anime,Science Fiction,0.0,Premium,Weekly,Man
9145,32.0,"196,39861318465245",Afternoon,Documentaries,Science Fiction,0.0,Family,Weekly,Woman
9146,48.0,"147,7071722757062",Night,Documentaries,Science Fiction,1.0,Premium,Weekly,Man
9147,47.0,"132,42660815737085",Afternoon,Documentaries,Science Fiction,1.0,Family,Weekly,Woman
9148,42.0,"139,08726972536775",Night,Documentaries,Horror,1.0,Family,Weekly,Woman
9149,25.0,"123,54162594401676",Afternoon,Anime,Science Fiction,0.0,Family,Weekly,Woman
9150,61.0,"227,2221757917918",Night,Movies,Science Fiction,1.0,Family,Weekly,Woman
9151,62.0,"221,7626723526179",Night,Movies,Science Fiction,1.0,Family,Weekly,Man
9152,57.0,"146,7453235739349",Night,Documentaries,Horror,1.0,Family,Weekly,Man
9153,36.0,"184,513404693578",Afternoon,Documentaries,Science Fiction,0.0,Family,Weekly,Man
9154,56.0,nan,Night,Movies,Science Fiction,1.0,Family,Weekly,Woman
9155,37.0,"78,76958797024565",Night,Anime,Science Fiction,1.0,Premium,Weekly,Man
9156,65.0,"168,0987198130409",Late Night,Movies,Drama,1.0,Family,Weekly,Man
9157,28.0,nan,Afternoon,Documentaries,Science Fiction,1.0,Family,Weekly,Woman
9158,30.0,"194,07450160638103",Afternoon,Documentaries,Science Fiction,0.0,Family,Weekly,Man
9159,61.0,"184,19593560296124",Night,Movies,Science Fiction,1.0,Family,Weekly,Man
9160,46.0,"201,1895356550188",Night,Movies,Drama,1.0,Family,Weekly,Man
9161,36.0,"108,32494146123922",Night,Anime,Horror,1.0,Family,Weekly,Man
9162,54.0,"160,85075595623238",Afternoon,Movies,Science Fiction,1.0,Family,Daily,Woman
9163,41.0,"175,1902677052933",Night,Documentaries,Science Fiction,0.0,,Weekly,Woman
9164,54.0,"138,0108011826713",Night,Documentaries,Science Fiction,1.0,Family,Weekly,Woman
9165,39.0,"172,810652628414",Night,Documentaries,Drama,0.0,Premium,Weekly,Woman
9166,47.0,"172,87612883529962",Afternoon,Documentaries,Drama,1.0,Family,Weekly,Man
9167,36.0,"214,27391201387368",Night,Documentaries,Drama,0.0,Family,Weekly,Man
9168,34.0,"114,89167690673246",Afternoon,Documentaries,Action,0.0,Premium,Weekly,Woman
9169,53.0,"184,85154109222668",Night,Movies,Science Fiction,1.0,Family,Weekly,Woman
9170,53.0,"151,15286650859386",Night,Anime,Horror,0.0,Premium,Weekly,Woman
9171,44.0,"157,41435546657144",Afternoon,Documentaries,Drama,0.0,Premium,Weekly,Man
9172,40.0,"195,98667511465703",Afternoon,Anime,Science Fiction,0.0,Family,Occasional,Man
9173,63.0,"141,62523363084415",Afternoon,Movies,Science Fiction,1.0,Family,Weekly,Woman
9174,36.0,"182,799634761489",Afternoon,Documentaries,Drama,0.0,Premium,Weekly,Man
9175,63.0,"196,9924623134372",Afternoon,Movies,Horror,1.0,Family,Daily,Man
9176,36.0,"144,51275999026836",Afternoon,Movies,Science Fiction,1.0,Family,Weekly,Woman
9177,42.0,"150,97363172760532",Night,Anime,Horror,0.0,Premium,Weekly,Woman
9178,46.0,"169,48866613212823",Morning,Anime,Horror,0.0,Family,Occasional,Man
9179,41.0,"182,12753347522408",Afternoon,Documentaries,Science Fiction,0.0,Family,Weekly,Man
9180,39.0,"134,12916769566223",Night,Documentaries,Drama,0.0,Premium,Weekly,Woman
9181,35.0,"170,54999153259834",Afternoon,Documentaries,Drama,0.0,Premium,Weekly,Man
9182,37.0,"160,94996394106045",Afternoon,Documentaries,Science Fiction,1.0,Family,Weekly,Woman
9183,34.0,"122,73513575693826",Afternoon,Anime,Science Fiction,0.0,Premium,Weekly,Woman
9184,49.0,"168,5640579774005",Afternoon,Documentaries,Science Fiction,1.0,Family,Weekly,Man
9185,46.0,"149,4392270039607",Afternoon,Documentaries,Horror,1.0,Family,Weekly,Man
9186,53.0,"148,71169698658184",Night,Documentaries,Science Fiction,1.0,Family,Weekly,Woman
9187,40.0,"210,76206106041855",Afternoon,Documentaries,Drama,0.0,Family,Occasional,Man
9188,36.0,"153,0781933966264",Afternoon,Documentaries,Science Fiction,1.0,Family,Weekly,Woman
9189,31.0,"172,17075440824328",Night,Documentaries,Drama,0.0,Premium,Weekly,Woman
9190,53.0,"119,25092981044112",Afternoon,Documentaries,Science Fiction,1.0,Family,Weekly,Woman
9191,44.0,"115,09600787377708",Night,Documentaries,Drama,1.0,Premium,Weekly,Woman
9192,49.0,"177,7605160861246",Afternoon,Documentaries,Science Fiction,1.0,,Weekly,Man
9193,29.0,"199,0588832041226",Night,Anime,Science Fiction,0.0,Family,Weekly,Man
9194,33.0,"158,40942528248766",Night,Anime,Drama,0.0,Premium,Weekly,Woman
9195,37.0,"147,67796885622147",Night,Documentaries,Drama,0.0,Premium,Weekly,Woman
9196,62.0,nan,Afternoon,Movies,Science Fiction,1.0,Student,Weekly,Man
9197,44.0,"136,57346382367166",Afternoon,Documentaries,Drama,1.0,Premium,Weekly,Man
9198,51.0,"146,39383325144385",Afternoon,Documentaries,Horror,0.0,Premium,Weekly,Woman
9199,47.0,"92,63325156723803",Afternoon,Documentaries,Science Fiction,1.0,Family,Weekly,Man
9200,36.0,"191,24347329400308",Afternoon,Documentaries,Science Fiction,0.0,Family,Weekly,Woman
9201,60.0,"225,64887558080585",Night,Movies,Science Fiction,1.0,,Weekly,Woman
9202,39.0,"111,00130325720508",Afternoon,Documentaries,Science Fiction,1.0,Family,Weekly,Man
9203,48.0,"168,57725630638325",Afternoon,Documentaries,Science Fiction,1.0,Family,Weekly,Man
9204,51.0,"174,07217879817497",Night,Anime,Science Fiction,0.0,Family,Occasional,Man
9205,58.0,"129,56319352266482",Night,Movies,Science Fiction,1.0,,Daily,Woman
9206,63.0,"103,32121831539924",Afternoon,Movies,Drama,1.0,Premium,Weekly,Man
9207,37.0,"209,78041328640373",Afternoon,Documentaries,Science Fiction,0.0,Family,Weekly,Woman
9208,64.0,"175,61402766318312",Night,Movies,Science Fiction,1.0,Family,Weekly,Woman
9209,42.0,"183,0743842813769",Afternoon,Documentaries,Science Fiction,0.0,Premium,Weekly,Woman
9210,58.0,"205,18916767650376",Afternoon,Movies,Science Fiction,1.0,Family,Weekly,Woman
9211,29.0,"162,64788856745744",Night,Documentaries,Science Fiction,0.0,Family,Weekly,Woman
9212,53.0,"204,23215779070105",Afternoon,Movies,Horror,1.0,Family,Weekly,Woman
9213,47.0,"138,09335948994578",Afternoon,Documentaries,Horror,0.0,Premium,Weekly,Man
9214,41.0,"101,64964757411208",Night,Documentaries,Science Fiction,1.0,,Weekly,Woman
9215,56.0,"132,52622474508",Night,Anime,Science Fiction,0.0,Premium,Weekly,Man
9216,54.0,"180,0288867160169",Afternoon,Documentaries,Science Fiction,1.0,Family,Weekly,Man
9217,39.0,"71,63825096875016",Afternoon,Anime,Science Fiction,0.0,Premium,Weekly,Woman
9218,53.0,"198,8492542341223",Night,Documentaries,Horror,1.0,Family,Weekly,Man
9219,37.0,"151,90136847911762",Night,Documentaries,Science Fiction,1.0,Family,Weekly,Man
9220,41.0,"145,97650802717314",Afternoon,Documentaries,Drama,0.0,Premium,Weekly,Man
9221,38.0,"140,8315641269854",Afternoon,Documentaries,Science Fiction,1.0,Family,Weekly,Man
9222,32.0,"150,60065399611278",Afternoon,Documentaries,Drama,0.0,Premium,Weekly,Woman
9223,48.0,"117,77225103667764",Afternoon,Documentaries,Drama,1.0,Premium,Weekly,Woman
9224,41.0,"152,4722675757436",Night,Documentaries,Drama,0.0,Premium,Weekly,Man
9225,56.0,"109,2927752598789",Night,Documentaries,Science Fiction,1.0,Family,Weekly,Woman
9226,46.0,"164,2614150836081",Afternoon,Documentaries,Drama,0.0,Premium,Weekly,Woman
9227,55.0,"98,49813119364342",Night,Documentaries,Science Fiction,1.0,Family,Weekly,Woman
9228,37.0,"197,84914351058933",Night,Documentaries,Drama,0.0,Premium,Weekly,Woman
9229,58.0,"97,38603273161928",Night,Movies,Science Fiction,1.0,Family,Weekly,Man
9230,44.0,"171,2970246980037",Afternoon,Documentaries,Drama,0.0,Family,Weekly,Woman
9231,42.0,"130,86899820856598",Night,Documentaries,Horror,1.0,Family,Weekly,Woman
9232,60.0,"172,102524137346",Afternoon,Movies,Science Fiction,1.0,Family,Weekly,Woman
9233,56.0,"181,54221988820348",Afternoon,Movies,Science Fiction,1.0,Family,Weekly,Woman
9234,56.0,"168,50793470924745",Afternoon,Movies,Science Fiction,1.0,Family,Weekly,Man
9235,64.0,"114,26382425222188",Afternoon,Movies,Science Fiction,1.0,Family,Weekly,Man
9236,46.0,"117,4060022023724",Night,Documentaries,Science Fiction,1.0,Family,Weekly,Woman
9237,45.0,"194,54711496208333",Afternoon,Documentaries,Drama,0.0,Family,Weekly,Man
9238,40.0,"141,3057796670062",Night,Documentaries,Drama,0.0,,Weekly,Woman
9239,33.0,"43,4179871410439",Night,Anime,Science Fiction,1.0,Premium,Weekly,Woman
9240,36.0,"156,5218408367948",Afternoon,Documentaries,Drama,0.0,Premium,Weekly,Woman
9241,39.0,"199,01071627405616",Afternoon,Documentaries,Science Fiction,0.0,Family,Weekly,Man
9242,35.0,"118,3162019801524",Afternoon,Anime,Science Fiction,0.0,Premium,Weekly,Woman
9243,40.0,"117,93086284088275",Night,Documentaries,Drama,0.0,Premium,Weekly,Man
9244,41.0,"162,51259625319702",Afternoon,Documentaries,Drama,0.0,Premium,Weekly,Woman
9245,47.0,"166,40360849257846",Night,Documentaries,Science Fiction,1.0,Family,Weekly,Man
9246,52.0,"168,0231189136295",Late Night,Movies,Horror,1.0,Family,Daily,Man
9247,44.0,nan,Night,Documentaries,Science Fiction,0.0,Premium,Weekly,Woman
9248,50.0,"102,1120708250861",Afternoon,Anime,Science Fiction,1.0,Premium,Weekly,Man
9249,34.0,"135,0264902557934",Afternoon,Documentaries,Horror,1.0,Family,Weekly,Man
9250,22.0,"71,96349370859463",Afternoon,Anime,Science Fiction,0.0,Premium,Weekly,Woman
9251,58.0,"159,25930870207762",Afternoon,Movies,Science Fiction,1.0,Family,Weekly,Man
9252,54.0,nan,Afternoon,Anime,Horror,0.0,Premium,Weekly,Man
9253,37.0,"177,69194310708016",Afternoon,Documentaries,Drama,0.0,Premium,Weekly,Man
9254,35.0,"134,9500628807151",Afternoon,Anime,Science Fiction,0.0,Premium,Weekly,Woman
9255,41.0,"159,28575285381743",Afternoon,Documentaries,Drama,0.0,Premium,Weekly,Man
9256,55.0,"83,89274167508954",Night,Documentaries,Science Fiction,1.0,Family,Weekly,Woman
9257,45.0,"110,35023801701276",Night,Documentaries,Science Fiction,1.0,Premium,Weekly,Woman
9258,51.0,"146,4167316134753",Afternoon,Anime,Horror,0.0,,Occasional,Man
9259,45.0,"104,51353584752442",Night,Documentaries,Science Fiction,1.0,Family,Weekly,Woman
9260,60.0,nan,Afternoon,Movies,Science Fiction,1.0,Family,Weekly,Man
9261,44.0,"201,93114279139752",Night,Documentaries,Science Fiction,0.0,Family,Weekly,Woman
9262,35.0,"175,44246624423232",Afternoon,Documentaries,Drama,0.0,Premium,Weekly,Woman
9263,36.0,nan,Night,Documentaries,Science Fiction,0.0,,Weekly,Woman
9264,62.0,"153,83124228904222",Afternoon,Movies,Science Fiction,1.0,Family,Weekly,Woman
9265,50.0,"131,95066683389695",Afternoon,Documentaries,Horror,1.0,Family,Weekly,Woman
9266,57.0,"133,10039128900883",Night,Movies,Science Fiction,1.0,Family,Weekly,Man
9267,42.0,"167,55317869100512",Afternoon,Documentaries,Drama,1.0,Premium,Weekly,Man
9268,57.0,"155,62775682232055",Afternoon,Movies,Science Fiction,1.0,Family,Daily,Woman
9269,43.0,"162,5777417852561",Night,Documentaries,Drama,0.0,Premium,Weekly,Man
9270,41.0,"90,88242284908534",Night,Documentaries,Science Fiction,1.0,Family,Weekly,Man
9271,46.0,"190,75524717027764",Night,Documentaries,Science Fiction,0.0,Family,Weekly,Man
9272,41.0,"173,82814958018892",Afternoon,Documentaries,Drama,0.0,Premium,Weekly,Woman
9273,58.0,nan,Night,Movies,Science Fiction,1.0,Family,Weekly,Man
9274,23.0,"57,30872236428553",Afternoon,Anime,Science Fiction,1.0,Premium,Weekly,Man
9275,40.0,"74,27239347366549",Night,Anime,Science Fiction,1.0,,Weekly,Man
9276,43.0,"162,96695058252894",Afternoon,Documentaries,Science Fiction,1.0,,Weekly,Woman
9277,53.0,"253,2473061198909",Afternoon,Movies,Science Fiction,0.0,Family,Weekly,Woman
9278,41.0,"44,82943977762087",Afternoon,Anime,Science Fiction,1.0,Premium,Weekly,Woman
9279,42.0,"223,47110998476327",Night,Documentaries,Horror,0.0,Family,Weekly,Man
9280,52.0,"129,94703055183564",Afternoon,Documentaries,Horror,1.0,Family,Weekly,Woman
9281,37.0,"175,45818914838222",Night,Documentaries,Science Fiction,0.0,Premium,Weekly,Man
9282,53.0,"116,41362065517882",Afternoon,Documentaries,Horror,1.0,Family,Weekly,Man
9283,54.0,"137,48277146140452",Night,Documentaries,Science Fiction,1.0,,Weekly,Woman
9284,27.0,"184,09049647949237",Night,Documentaries,Drama,0.0,Premium,Weekly,Man
9285,51.0,"123,92341920134976",Afternoon,Documentaries,Horror,1.0,Family,Weekly,Man
9286,36.0,"142,61863936831193",Afternoon,Anime,Drama,0.0,,Weekly,Woman
9287,62.0,"210,79927284172228",Night,Movies,Science Fiction,1.0,Family,Weekly,Man
9288,44.0,"88,70145471311527",Afternoon,Documentaries,Science Fiction,1.0,Family,Weekly,Woman
9289,49.0,"214,9289743186215",Afternoon,Documentaries,Horror,0.0,Family,Weekly,Man
9290,54.0,nan,Night,Movies,Science Fiction,0.0,Family,Weekly,Man
9291,34.0,nan,Afternoon,Documentaries,Science Fiction,1.0,,Weekly,Man
9292,41.0,"195,4625507207813",Afternoon,Documentaries,Science Fiction,0.0,Premium,Weekly,Woman
9293,52.0,"193,6366376106816",Afternoon,Movies,Science Fiction,1.0,Family,Daily,Woman
9294,49.0,"148,40551041885843",Night,Documentaries,Drama,1.0,Premium,Weekly,Woman
9295,33.0,"96,55790484552529",Late Night,Anime,Science Fiction,1.0,Premium,Weekly,Man
9296,41.0,nan,Night,Documentaries,Science Fiction,0.0,,Weekly,Man
9297,38.0,"251,74512006261816",Night,Movies,Drama,0.0,Family,Weekly,Woman
9298,40.0,"174,73500231006386",Afternoon,Movies,Science Fiction,1.0,Family,Weekly,Woman
9299,39.0,"187,051980817488",Morning,Movies,Drama,1.0,Family,Weekly,Man
9300,54.0,"153,50094805292014",Night,Movies,Science Fiction,1.0,Family,Daily,Man
9301,41.0,"135,53110338464268",Night,Anime,Science Fiction,0.0,Premium,Weekly,Woman
9302,36.0,"140,89784889461112",Night,Anime,Science Fiction,0.0,Premium,Weekly,Man
9303,38.0,"194,1433134549962",Night,Documentaries,Drama,0.0,Premium,Weekly,Man
9304,48.0,"210,9749593800628",Night,Documentaries,Horror,0.0,Family,Weekly,Woman
9305,38.0,"137,82769267826467",Night,Anime,Horror,0.0,Premium,Weekly,Woman
9306,56.0,"238,16605331363647",Night,Movies,Horror,0.0,Family,Weekly,Man
9307,54.0,"142,82485992209826",Night,Documentaries,Science Fiction,1.0,Family,Weekly,Woman
9308,45.0,"106,38840262102885",Night,Anime,Science Fiction,0.0,Premium,Weekly,Man
9309,47.0,"106,87318269475836",Afternoon,Anime,Science Fiction,0.0,Premium,Weekly,Woman
9310,40.0,"78,49510750332419",Afternoon,Anime,Science Fiction,1.0,Premium,Weekly,Woman
9311,41.0,"226,42465920750072",Afternoon,Documentaries,Drama,0.0,Family,Weekly,Woman
9312,39.0,"180,76752537786348",Night,Documentaries,Science Fiction,0.0,Family,Weekly,Man
9313,36.0,"148,7933223101387",Night,Documentaries,Drama,0.0,Premium,Weekly,Woman
9314,47.0,"164,03711485642387",Afternoon,Documentaries,Science Fiction,1.0,Family,Weekly,Woman
9315,47.0,"164,9024436141749",Night,Documentaries,Drama,0.0,Family,Occasional,Woman
9316,56.0,"150,69550967084095",Night,Movies,Science Fiction,1.0,Family,Daily,Woman
9317,37.0,"139,4808692650771",Night,Documentaries,Science Fiction,0.0,Family,Weekly,Man
9318,30.0,"224,1979173327092",Night,Documentaries,Drama,0.0,Family,Weekly,Man
9319,45.0,"126,6249282209399",Night,Documentaries,Horror,1.0,Family,Weekly,Man
9320,35.0,"187,3887156852425",Afternoon,Documentaries,Science Fiction,0.0,Family,Weekly,Woman
9321,46.0,"166,72865316044695",Afternoon,Documentaries,Science Fiction,1.0,Family,Weekly,Man
9322,40.0,"100,1061258819386",Afternoon,Anime,Science Fiction,0.0,Premium,Weekly,Man
9323,33.0,"74,33528515745002",Afternoon,Anime,Science Fiction,1.0,Premium,Weekly,Woman
9324,37.0,"161,5392875116698",Night,Anime,Horror,0.0,Family,Occasional,Woman
9325,53.0,"190,77328338774836",Night,Documentaries,Science Fiction,1.0,Family,Weekly,Woman
9326,38.0,"143,1240330595633",Night,Documentaries,Drama,0.0,Premium,Weekly,Woman
9327,39.0,"173,10207619002833",Afternoon,Documentaries,Drama,0.0,Premium,Weekly,Man
9328,37.0,nan,Afternoon,Documentaries,Science Fiction,1.0,Premium,Weekly,Man
9329,52.0,"210,69880219831612",Night,Movies,Horror,0.0,Family,Weekly,Woman
9330,40.0,"134,503805965168",Afternoon,Anime,Science Fiction,0.0,Family,Weekly,Man
9331,33.0,"167,76501947851403",Afternoon,Documentaries,Drama,0.0,Premium,Weekly,Man
9332,37.0,"197,3774626966158",Night,Documentaries,Drama,0.0,Premium,Occasional,Woman
9333,57.0,"135,46322668304407",Afternoon,Movies,Science Fiction,1.0,Family,Weekly,Man
9334,32.0,"173,2996267920737",Night,Documentaries,Drama,0.0,Premium,Weekly,Man
9335,40.0,"167,17997884643611",Afternoon,Movies,Drama,0.0,Premium,Weekly,Woman
9336,57.0,"171,9510235991047",Night,Movies,Science Fiction,1.0,Family,Weekly,Woman
9337,43.0,"150,17316318332303",Night,Documentaries,Drama,0.0,Premium,Weekly,Woman
9338,30.0,"65,53407786180635",Afternoon,Anime,Science Fiction,1.0,Premium,Weekly,Woman
9339,56.0,"216,8944988415289",Afternoon,Movies,Science Fiction,1.0,Family,Weekly,Man
9340,48.0,"167,2346147846145",Night,Documentaries,Science Fiction,1.0,Family,Weekly,Woman
9341,45.0,"159,36491253870304",Night,Anime,Science Fiction,0.0,,Occasional,Man
9342,59.0,"207,2150908782302",Night,Movies,Horror,1.0,Family,Weekly,Man
9343,45.0,"167,45208634823757",Afternoon,Movies,Drama,1.0,Family,Weekly,Man
9344,42.0,"214,17577168207177",Afternoon,Documentaries,Drama,0.0,Family,Occasional,Man
9345,43.0,"190,48489398053397",Afternoon,Documentaries,Science Fiction,0.0,Premium,Weekly,Man
9346,47.0,"127,91355182863894",Afternoon,Documentaries,Horror,1.0,Family,Weekly,Woman
9347,43.0,"114,44591285630848",Night,Documentaries,Drama,1.0,Premium,Weekly,Woman
9348,48.0,"149,1489142237144",Afternoon,Documentaries,Horror,0.0,Premium,Weekly,Man
9349,53.0,"162,98951389746648",Afternoon,Movies,Science Fiction,1.0,Family,Weekly,Woman
9350,53.0,"157,20415554943037",Night,Documentaries,Horror,1.0,Family,Weekly,Man
9351,43.0,"125,24008528608674",Night,Anime,Horror,1.0,Family,Weekly,Man
9352,43.0,"101,57582647863532",Night,Anime,Science Fiction,0.0,Premium,Weekly,Woman
9353,43.0,"77,69023496463095",Night,Anime,Science Fiction,1.0,Premium,Weekly,Woman
9354,45.0,"163,30792845074714",Afternoon,Documentaries,Science Fiction,0.0,Family,Weekly,Man
9355,60.0,"190,88958411773228",Afternoon,Movies,Science Fiction,1.0,Family,Weekly,Man
9356,43.0,"63,96114625750111",Afternoon,Documentaries,Science Fiction,1.0,Family,Weekly,Woman
9357,34.0,"88,39009998944171",Night,Anime,Science Fiction,1.0,Premium,Weekly,Man
9358,60.0,"114,26522842210127",Afternoon,Documentaries,Science Fiction,1.0,Family,Weekly,Man
9359,39.0,"170,0153184168728",Night,Documentaries,Drama,0.0,Premium,Occasional,Man
9360,41.0,"123,79046866130015",Afternoon,Movies,Action,1.0,Premium,Weekly,Man
9361,44.0,"210,04514037147072",Afternoon,Documentaries,Science Fiction,0.0,Family,Weekly,Woman
9362,49.0,"163,47413820372432",Night,Documentaries,Science Fiction,1.0,Family,Weekly,Man
9363,36.0,"188,68388745882183",Afternoon,Documentaries,Science Fiction,0.0,Family,Weekly,Man
9364,32.0,nan,Afternoon,Anime,Science Fiction,0.0,Premium,Weekly,Man
9365,48.0,"133,81289839288962",Afternoon,Anime,Horror,0.0,Premium,Weekly,Woman
9366,30.0,"64,64882467354789",Night,Anime,Science Fiction,1.0,Premium,Weekly,Woman
9367,43.0,"208,06822721140531",Night,Documentaries,Science Fiction,0.0,Family,Weekly,Woman
9368,45.0,"208,12072503872383",Night,Movies,Science Fiction,1.0,Student,Weekly,Woman
9369,53.0,"184,3098356815065",Afternoon,Documentaries,Drama,1.0,Family,Weekly,Man
9370,29.0,"62,98779647686334",Afternoon,Anime,Science Fiction,1.0,Premium,Weekly,Man
9371,24.0,"54,95625593830148",Night,Anime,Science Fiction,0.0,Premium,Weekly,Woman
9372,53.0,"156,79400652830856",Afternoon,Documentaries,Horror,1.0,Family,Weekly,Man
9373,34.0,"108,81421496115094",Afternoon,Anime,Science Fiction,1.0,Premium,Weekly,Man
9374,44.0,"83,24077794310097",Afternoon,Anime,Science Fiction,1.0,,Weekly,Woman
9375,38.0,"71,67980911154199",Night,Anime,Science Fiction,1.0,Premium,Weekly,Man
9376,52.0,"124,73897129039612",Afternoon,Documentaries,Horror,1.0,Family,Weekly,Man
9377,44.0,"98,50097123602023",Night,Anime,Science Fiction,0.0,Premium,Weekly,Man
9378,58.0,"223,1232318744409",Night,Movies,Science Fiction,1.0,Family,Weekly,Woman
9379,55.0,"190,8698671371304",Night,Movies,Horror,1.0,Family,Daily,Woman
9380,35.0,"88,28248450671349",Night,Documentaries,Science Fiction,1.0,Family,Weekly,Woman
9381,42.0,"181,51900396101084",Night,Anime,Science Fiction,0.0,Premium,Weekly,Man
9382,35.0,"96,75546991514273",Night,Reality Shows,Horror,0.0,Family,Occasional,Man
9383,36.0,"166,86705980699426",Night,Documentaries,Horror,0.0,Family,Weekly,Man
9384,33.0,"56,91073745214346",Afternoon,Anime,Science Fiction,1.0,Premium,Weekly,Man
9385,31.0,"173,51407430087005",Afternoon,Documentaries,Science Fiction,0.0,Family,Weekly,Man
9386,36.0,"140,37968191298438",Night,Documentaries,Drama,0.0,Premium,Weekly,Man
9387,55.0,"157,6997506964315",Night,Movies,Science Fiction,1.0,Family,Weekly,Woman
9388,50.0,"134,80646251576616",Afternoon,Documentaries,Science Fiction,1.0,Family,Weekly,Man
9389,63.0,"101,3979949009044",Night,Movies,Horror,1.0,Family,Weekly,Woman
9390,46.0,"126,13113644367168",Night,Documentaries,Science Fiction,1.0,Family,Weekly,Woman
9391,45.0,"105,77502708103223",Night,Anime,Science Fiction,1.0,Family,Weekly,Woman
9392,35.0,"170,0045184607087",Night,Documentaries,Drama,0.0,Premium,Weekly,Man
9393,57.0,"163,17374926611666",Night,Movies,Science Fiction,1.0,Family,Weekly,Woman
9394,56.0,nan,Night,Movies,Science Fiction,1.0,Family,Weekly,Woman
9395,38.0,"181,52756880428728",Afternoon,Documentaries,Science Fiction,0.0,Premium,Weekly,Man
9396,47.0,"165,6982401178052",Night,Documentaries,Horror,1.0,Family,Daily,Man
9397,33.0,"73,38817119554437",Afternoon,Anime,Science Fiction,1.0,Family,Weekly,Man
9398,42.0,"162,345202769154",Afternoon,Documentaries,Drama,0.0,Premium,Weekly,Man
9399,35.0,"151,23342008084188",Night,Anime,Drama,0.0,Premium,Weekly,Woman
9400,44.0,"190,1556458518586",Afternoon,Movies,Science Fiction,1.0,Family,Weekly,Woman
9401,48.0,"201,0486332543041",Night,Documentaries,Drama,0.0,Family,Weekly,Man
9402,54.0,"139,09932587122458",Afternoon,Documentaries,Science Fiction,1.0,Family,Weekly,Woman
9403,56.0,"175,64910174806846",Afternoon,Documentaries,Science Fiction,1.0,Family,Weekly,Woman
9404,55.0,"175,14083739428403",Night,Movies,Drama,1.0,Student,Weekly,Woman
9405,42.0,"119,60434663000257",Afternoon,Anime,Science Fiction,0.0,Premium,Weekly,Man
9406,36.0,"105,00821768526518",Night,Anime,Horror,1.0,Family,Weekly,Man
9407,59.0,"167,10265074556906",Afternoon,Movies,Science Fiction,1.0,Family,Weekly,Man
9408,47.0,"176,12345470240265",Night,Movies,Science Fiction,1.0,Family,Weekly,Man
9409,38.0,"87,33012182143753",Night,Documentaries,Science Fiction,1.0,Premium,Weekly,Man
9410,42.0,nan,Night,Anime,Horror,1.0,Family,Weekly,Man
9411,48.0,"148,0679531406984",Afternoon,Anime,Science Fiction,0.0,Premium,Weekly,Man
9412,38.0,"232,0799846238997",Afternoon,Documentaries,Science Fiction,0.0,Family,Weekly,Man
9413,41.0,"212,57030319379876",Afternoon,Documentaries,Drama,0.0,Family,Weekly,Woman
9414,50.0,"183,27047631776136",Night,Documentaries,Horror,1.0,Family,Weekly,Woman
9415,42.0,"124,7649323026478",Afternoon,Documentaries,Drama,0.0,Premium,Weekly,Woman
9416,50.0,"177,57833815751994",Night,Documentaries,Science Fiction,1.0,Family,Weekly,Woman
9417,40.0,"142,3299573285189",Afternoon,Documentaries,Drama,0.0,,Weekly,Man
9418,50.0,"83,36633280337384",Afternoon,Documentaries,Science Fiction,1.0,Premium,Daily,Woman
9419,51.0,nan,Night,Anime,Horror,0.0,Premium,Weekly,Woman
9420,36.0,"204,3527701275285",Afternoon,Documentaries,Drama,0.0,Family,Weekly,Woman
9421,62.0,"103,88901089263256",Night,Movies,Drama,1.0,Family,Weekly,Woman
9422,40.0,nan,Afternoon,Documentaries,Science Fiction,0.0,Premium,Weekly,Man
9423,48.0,"118,83970669757753",Night,Anime,Science Fiction,1.0,Premium,Weekly,Woman
9424,35.0,"73,18429985380767",Night,Anime,Science Fiction,1.0,Premium,Weekly,Man
9425,27.0,"81,5816140175357",Night,Anime,Science Fiction,1.0,Premium,Weekly,Man
9426,49.0,"100,3670701389345",Night,Anime,Horror,1.0,Family,Weekly,Woman
9427,33.0,"171,4878034288187",Night,Documentaries,Drama,0.0,Premium,Weekly,Man
9428,53.0,"87,46242024817242",Night,Documentaries,Science Fiction,1.0,Family,Weekly,Woman
9429,53.0,"137,20306955490096",Night,Documentaries,Science Fiction,1.0,Family,Daily,Woman
9430,27.0,"44,07050698640893",Afternoon,Documentaries,Science Fiction,1.0,Family,Weekly,Woman
9431,42.0,"109,87017125458",Afternoon,Anime,Horror,1.0,Family,Weekly,Woman
9432,38.0,"62,45250948987013",Afternoon,Anime,Science Fiction,1.0,Family,Weekly,Woman
9433,44.0,"163,28532176936878",Afternoon,Anime,Horror,0.0,Family,Weekly,Woman
9434,54.0,"93,19931781076995",Night,Anime,Horror,1.0,Family,Occasional,Woman
9435,38.0,"156,70714412891064",Afternoon,Documentaries,Horror,1.0,Family,Weekly,Man
9436,64.0,"221,41562946111483",Night,Movies,Science Fiction,1.0,Family,Weekly,Woman
9437,46.0,"74,5177134098671",Night,Documentaries,Science Fiction,1.0,Family,Weekly,Man
9438,46.0,"142,04031688298818",Night,Documentaries,Science Fiction,1.0,Family,Weekly,Man
9439,41.0,"149,7765698841863",Night,Documentaries,Drama,0.0,Premium,Weekly,Woman
9440,47.0,"164,39072496323192",Afternoon,Documentaries,Science Fiction,1.0,Family,Weekly,Woman
9441,36.0,"124,03631548597116",Night,Anime,Science Fiction,0.0,,Weekly,Man
9442,60.0,"160,14761826854723",Night,Movies,Science Fiction,1.0,Family,Daily,Man
9443,44.0,"108,1621701920252",Afternoon,Documentaries,Science Fiction,1.0,Family,Weekly,Woman
9444,29.0,"195,7221630419476",Afternoon,Anime,Drama,0.0,Premium,Weekly,Man
9445,60.0,"143,64360199187865",Night,Movies,Science Fiction,1.0,Family,Weekly,Man
9446,47.0,"64,79979943211539",Night,Documentaries,Science Fiction,1.0,Premium,Weekly,Man
9447,46.0,"161,33125784247042",Afternoon,Anime,Horror,0.0,Family,Weekly,Man
9448,56.0,"181,1654934742376",Afternoon,Movies,Science Fiction,1.0,Family,Weekly,Woman
9449,37.0,"140,94955551243234",Afternoon,Documentaries,Science Fiction,1.0,Family,Weekly,Man
9450,54.0,"142,4555855165751",Night,Documentaries,Science Fiction,1.0,Family,Weekly,Woman
9451,32.0,"178,89539051271316",Night,Documentaries,Science Fiction,0.0,Family,Weekly,Man
9452,38.0,"181,36472269109973",Night,Documentaries,Drama,0.0,Premium,Weekly,Woman
9453,47.0,"97,92252487257608",Morning,Anime,Science Fiction,0.0,Premium,Weekly,Man
9454,39.0,"121,88133647478864",Afternoon,Documentaries,Drama,0.0,Premium,Weekly,Woman
9455,38.0,"172,87670770524585",Afternoon,Documentaries,Science Fiction,0.0,Family,Weekly,Woman
9456,31.0,"76,18081692182446",Afternoon,Anime,Science Fiction,0.0,Premium,Weekly,Man
9457,26.0,"171,81776083761875",Afternoon,Anime,Science Fiction,0.0,Premium,Weekly,Man
9458,46.0,"154,06699726372864",Night,Anime,Science Fiction,0.0,Premium,Weekly,Woman
9459,39.0,"152,24430185716392",Afternoon,Documentaries,Drama,0.0,Premium,Weekly,Man
9460,47.0,"140,89824099619136",Afternoon,Documentaries,Science Fiction,1.0,Family,Weekly,Woman
9461,28.0,"107,19007963724457",Night,Anime,Science Fiction,0.0,Premium,Weekly,Man
9462,51.0,"124,82694933130227",Afternoon,Documentaries,Science Fiction,1.0,Family,Weekly,Woman
9463,48.0,"114,45589516787358",Afternoon,Documentaries,Science Fiction,1.0,Premium,Weekly,Man
9464,47.0,"151,9874807861356",Afternoon,Documentaries,Science Fiction,1.0,Premium,Daily,Man
9465,57.0,"214,56426458351453",Afternoon,Movies,Horror,1.0,Family,Daily,Woman
9466,38.0,"171,516293244359",Afternoon,Documentaries,Drama,0.0,Premium,Weekly,Man
9467,51.0,"174,160747565505",Night,Movies,Science Fiction,1.0,Family,Weekly,Man
9468,52.0,"145,86743431883974",Night,Documentaries,Science Fiction,1.0,Family,Weekly,Woman
9469,61.0,"152,331516506898",Night,Movies,Science Fiction,1.0,Family,Weekly,Woman
9470,36.0,"224,5390484186985",Afternoon,Documentaries,Drama,0.0,Premium,Weekly,Man
9471,35.0,"186,82881074693947",Afternoon,Anime,Science Fiction,0.0,Premium,Occasional,Man
9472,34.0,"219,68141312690625",Afternoon,Documentaries,Science Fiction,0.0,Family,Weekly,Woman
9473,41.0,"156,31524880399564",Afternoon,Documentaries,Drama,0.0,Premium,Weekly,Woman
9474,44.0,nan,Afternoon,Documentaries,Science Fiction,1.0,Family,Weekly,Man
9475,65.0,nan,Night,Movies,Science Fiction,1.0,Family,Weekly,Man
9476,31.0,"173,46161394423274",Night,Documentaries,Science Fiction,0.0,Family,Weekly,Woman
9477,40.0,"162,24457173507378",Night,Documentaries,Drama,0.0,Premium,Weekly,Man
9478,43.0,"147,4849171015929",Afternoon,Documentaries,Science Fiction,1.0,Family,Weekly,Woman
9479,47.0,"165,52060437246766",Late Night,Documentaries,Science Fiction,1.0,Family,Weekly,Man
9480,38.0,"167,48841689840654",Night,Documentaries,Drama,0.0,Premium,Weekly,Woman
9481,53.0,"48,94034700500813",Night,Documentaries,Science Fiction,1.0,Premium,Daily,Woman
9482,33.0,"153,61002741476415",Afternoon,Documentaries,Science Fiction,1.0,Family,Weekly,Woman
9483,40.0,"174,46038071216572",Afternoon,Documentaries,Science Fiction,1.0,Family,Weekly,Woman
9484,54.0,"145,1483462226446",Afternoon,Documentaries,Science Fiction,1.0,Family,Weekly,Man
9485,34.0,"145,92810366133222",Afternoon,Documentaries,Drama,0.0,Premium,Weekly,Woman
9486,54.0,"184,44657462372248",Night,Documentaries,Science Fiction,1.0,Family,Weekly,Man
9487,42.0,"159,74960170557276",Night,Documentaries,Drama,0.0,Premium,Weekly,Woman
9488,48.0,"144,5739794984227",Night,Anime,Horror,0.0,,Weekly,Woman
9489,47.0,"154,17374129869083",Afternoon,Documentaries,Science Fiction,1.0,Family,Weekly,Woman
9490,50.0,"119,62622198260526",Night,Anime,Science Fiction,0.0,Premium,Weekly,Man
9491,53.0,nan,Night,Documentaries,Science Fiction,1.0,Family,Weekly,Woman
9492,41.0,"192,1340492516326",Afternoon,Movies,Drama,1.0,Family,Daily,Woman
9493,30.0,"154,25766969600127",Night,Anime,Drama,0.0,Premium,Weekly,Man
9494,47.0,"186,3790569674839",Afternoon,Documentaries,Science Fiction,1.0,Family,Weekly,Woman
9495,53.0,"52,37792467913399",Afternoon,Documentaries,Science Fiction,1.0,Premium,Weekly,Woman
9496,40.0,"186,47152000983067",Night,Documentaries,Drama,0.0,Premium,Weekly,Man
9497,41.0,"29,927279311639136",Afternoon,Anime,Science Fiction,1.0,Premium,Weekly,Woman
9498,54.0,"208,35652194741465",Night,Movies,Science Fiction,1.0,Family,Weekly,Woman
9499,38.0,"134,267403354",Afternoon,Documentaries,Drama,0.0,Premium,Weekly,Man
9500,36.0,"189,44649227907104",Night,Documentaries,Drama,0.0,Family,Weekly,Man
9501,35.0,"51,78123648419897",Night,Anime,Science Fiction,1.0,Family,Weekly,Woman
9502,52.0,"118,25550846161512",Night,Documentaries,Science Fiction,1.0,Family,Weekly,Man
9503,64.0,"130,57120988082175",Night,Movies,Science Fiction,1.0,Family,Daily,Woman
9504,35.0,"46,92917375821894",Night,Anime,Science Fiction,1.0,Premium,Weekly,Woman
9505,42.0,"94,27806441630848",Afternoon,Anime,Science Fiction,1.0,Premium,Weekly,Woman
9506,50.0,"149,36197538585452",Afternoon,Documentaries,Science Fiction,1.0,Family,Daily,Woman
9507,47.0,nan,Afternoon,Documentaries,Science Fiction,0.0,Family,Weekly,Woman
9508,58.0,"139,85569789921126",Afternoon,Movies,Science Fiction,1.0,Family,Weekly,Man
9509,40.0,"163,25441905638303",Night,Documentaries,Drama,0.0,Premium,Weekly,Man
9510,42.0,"133,08789090756804",Night,Documentaries,Drama,1.0,Premium,Weekly,Man
9511,39.0,nan,Night,Movies,Science Fiction,1.0,Family,Weekly,Man
9512,45.0,"199,6974207119484",Afternoon,Documentaries,Drama,0.0,Family,Weekly,Man
9513,52.0,"112,24650003171654",Afternoon,Anime,Science Fiction,0.0,Premium,Weekly,Man
9514,44.0,"154,15911998068935",Night,Documentaries,Drama,0.0,Premium,Weekly,Woman
9515,35.0,"71,03118889703204",Afternoon,Anime,Science Fiction,1.0,Family,Weekly,Man
9516,38.0,"173,91003915810683",Night,Documentaries,Drama,0.0,Premium,Weekly,Woman
9517,60.0,"151,17128198161342",Afternoon,Movies,Science Fiction,1.0,Family,Weekly,Man
9518,52.0,"168,043108826476",Night,Documentaries,Science Fiction,1.0,Family,Weekly,Woman
9519,48.0,nan,Night,Documentaries,Horror,1.0,Family,Weekly,Man
9520,50.0,"150,30796542711758",Afternoon,Anime,Horror,0.0,Premium,Weekly,Woman
9521,42.0,"117,33464392355152",Night,Anime,Science Fiction,0.0,Premium,Weekly,Man
9522,36.0,"148,10747650855748",Night,Documentaries,Drama,0.0,Premium,Weekly,Man
9523,47.0,"156,3355545498118",Afternoon,Documentaries,Drama,1.0,Family,Weekly,Woman
9524,53.0,"196,3810931673556",Afternoon,Documentaries,Horror,1.0,Family,Weekly,Woman
9525,56.0,nan,Night,Movies,Science Fiction,0.0,Family,Weekly,Man
9526,28.0,"201,03713878483703",Night,Documentaries,Science Fiction,0.0,Family,Weekly,Woman
9527,46.0,"160,81889473911372",Afternoon,Documentaries,Science Fiction,1.0,Family,Weekly,Woman
9528,37.0,"156,757905179807",Night,Documentaries,Drama,0.0,Premium,Weekly,Woman
9529,41.0,"180,92635917686675",Night,Documentaries,Drama,0.0,Premium,Weekly,Woman
9530,39.0,"76,90098122925586",Night,Documentaries,Science Fiction,1.0,Family,Weekly,Woman
9531,30.0,"39,1306788362466",Afternoon,Anime,Science Fiction,1.0,Premium,Weekly,Woman
9532,31.0,"169,5922353867822",Afternoon,Anime,Horror,0.0,Family,Weekly,Man
9533,45.0,"157,91914318290662",Afternoon,Documentaries,Science Fiction,0.0,Premium,Weekly,Woman
9534,56.0,"223,0880942657212",Night,Movies,Science Fiction,0.0,Family,Weekly,Woman
9535,58.0,"167,0172143626132",Night,Movies,Science Fiction,1.0,Family,Weekly,Woman
9536,45.0,"140,2118823632759",Night,Documentaries,Science Fiction,1.0,,Weekly,Man
9537,58.0,"121,20323571193988",Night,Movies,Science Fiction,1.0,Family,Weekly,Woman
9538,50.0,"185,88344920092032",Afternoon,Documentaries,Science Fiction,1.0,Family,Weekly,Man
9539,38.0,"147,48096834350395",Afternoon,Documentaries,Drama,0.0,Premium,Weekly,Man
9540,58.0,"213,4926703891666",Night,Movies,Science Fiction,1.0,Family,Daily,Man
9541,42.0,nan,Night,Anime,Science Fiction,0.0,Premium,Weekly,Woman
9542,43.0,"142,45556887163926",Afternoon,Documentaries,Horror,1.0,Family,Weekly,Man
9543,49.0,"171,20467329328798",Night,Documentaries,Horror,1.0,Family,Weekly,Man
9544,48.0,"107,7693027859928",Afternoon,Anime,Science Fiction,0.0,Premium,Weekly,Woman
9545,34.0,nan,Afternoon,Documentaries,Drama,0.0,Premium,Weekly,Woman
9546,48.0,"186,64716533631736",Afternoon,Movies,Drama,1.0,Family,Weekly,Man
9547,34.0,"80,20538846465509",Afternoon,Anime,Science Fiction,1.0,,Weekly,Woman
9548,51.0,"128,67543269712976",Afternoon,Documentaries,Science Fiction,1.0,Family,Weekly,Man
9549,27.0,"119,40721390740148",Night,Anime,Science Fiction,0.0,Premium,Weekly,Woman
9550,32.0,"152,85983636412706",Night,Anime,Horror,0.0,,Weekly,Woman
9551,42.0,"160,0786032224852",Afternoon,Documentaries,Drama,0.0,Family,Weekly,Man
9552,37.0,"99,60779576428708",Afternoon,Anime,Science Fiction,1.0,Premium,Weekly,Man
9553,49.0,"86,54190709903342",Night,Documentaries,Science Fiction,1.0,Premium,Weekly,Woman
9554,51.0,"91,57157950468428",Night,Documentaries,Science Fiction,1.0,Premium,Weekly,Woman
9555,36.0,"170,57157022287652",Afternoon,Documentaries,Drama,0.0,Premium,Weekly,Woman
9556,53.0,"145,00050376238124",Night,Movies,Science Fiction,1.0,Premium,Daily,Woman
9557,41.0,"159,98612954796113",Night,Anime,Science Fiction,0.0,Family,Occasional,Woman
9558,37.0,"157,7182152586098",Afternoon,Documentaries,Science Fiction,1.0,Family,Weekly,Man
9559,55.0,"177,33133968119685",Night,Documentaries,Science Fiction,1.0,Family,Weekly,Woman
9560,60.0,"151,70572029639715",Night,Movies,Science Fiction,1.0,Family,Weekly,Man
9561,41.0,"174,7067788716855",Afternoon,Documentaries,Science Fiction,0.0,Premium,Weekly,Man
9562,55.0,"120,66640257502884",Afternoon,Movies,Science Fiction,1.0,Family,Weekly,Man
9563,47.0,"215,943292821757",Night,Documentaries,Science Fiction,0.0,Family,Weekly,Woman
9564,56.0,"179,7974153337467",Afternoon,Movies,Science Fiction,1.0,Family,Weekly,Woman
9565,31.0,"34,70568008166347",Afternoon,Anime,Drama,1.0,Premium,Weekly,Man
9566,37.0,"170,69113438558992",Night,Documentaries,Science Fiction,0.0,Family,Weekly,Woman
9567,38.0,"81,11874355856692",Night,Anime,Science Fiction,1.0,Premium,Weekly,Woman
9568,40.0,"194,55231791117745",Afternoon,Anime,Science Fiction,0.0,Family,Occasional,Woman
9569,60.0,"154,7672024729036",Afternoon,Movies,Science Fiction,1.0,Family,Weekly,Woman
9570,52.0,"206,4884190846724",Afternoon,Documentaries,Science Fiction,0.0,Family,Weekly,Man
9571,30.0,"212,1829918905067",Afternoon,Documentaries,Drama,0.0,Premium,Weekly,Man
9572,29.0,"62,16544151451115",Afternoon,Anime,Science Fiction,0.0,Premium,Weekly,Woman
9573,46.0,"133,09257303638955",Night,Documentaries,Science Fiction,1.0,Family,Weekly,Man
9574,53.0,"214,56181477030785",Night,Movies,Science Fiction,1.0,Student,Weekly,Man
9575,39.0,"141,47567539631424",Afternoon,Documentaries,Drama,0.0,Premium,Weekly,Man
9576,48.0,"191,52314595536345",Night,Documentaries,Science Fiction,0.0,Family,Weekly,Man
9577,53.0,"205,6248355131204",Night,Movies,Science Fiction,1.0,Family,Weekly,Man
9578,49.0,"124,55113262227128",Afternoon,Anime,Science Fiction,0.0,Premium,Weekly,Woman
9579,37.0,"167,7629688216906",Night,Documentaries,Drama,0.0,Premium,Weekly,Man
9580,40.0,"200,00981929118143",Afternoon,Documentaries,Science Fiction,0.0,Family,Weekly,Man
9581,60.0,"190,8981617718307",Night,Movies,Science Fiction,1.0,Family,Weekly,Man
9582,45.0,"151,55892659567797",Night,Anime,Horror,0.0,Family,Weekly,Man
9583,33.0,"106,808666363931",Afternoon,Anime,Science Fiction,0.0,Premium,Weekly,Man
9584,36.0,"143,27823567034153",Night,Documentaries,Drama,0.0,Premium,Weekly,Woman
9585,36.0,"187,9093309791803",Afternoon,Documentaries,Science Fiction,1.0,Family,Weekly,Woman
9586,41.0,"190,5685386275121",Afternoon,Documentaries,Science Fiction,0.0,Family,Weekly,Woman
9587,35.0,"111,50847640408084",Night,Documentaries,Science Fiction,1.0,Family,Weekly,Woman
9588,33.0,"153,877053790865",Afternoon,Anime,Drama,0.0,Premium,Weekly,Man
9589,27.0,"109,23115818652114",Night,Anime,Science Fiction,0.0,Premium,Weekly,Man
9590,57.0,"138,95440636302055",Afternoon,Movies,Drama,1.0,Family,Weekly,Man
9591,30.0,"164,0162310772638",Night,Documentaries,Science Fiction,0.0,Premium,Weekly,Woman
9592,57.0,"196,56855103708244",Night,Movies,Horror,1.0,Family,Daily,Man
9593,54.0,"134,5539492688248",Night,Documentaries,Science Fiction,1.0,Family,Weekly,Man
9594,58.0,"183,1012132060628",Afternoon,Movies,Horror,1.0,Family,Weekly,Woman
9595,59.0,"107,32207385176784",Afternoon,Documentaries,Science Fiction,1.0,Family,Weekly,Woman
9596,30.0,"214,857596174352",Night,Documentaries,Science Fiction,0.0,Family,Weekly,Woman
9597,37.0,"193,2832421109288",Afternoon,Documentaries,Science Fiction,0.0,Family,Weekly,Woman
9598,49.0,"161,84841887926126",Night,Documentaries,Science Fiction,1.0,Family,Weekly,Man
9599,54.0,"210,47898583874883",Night,Movies,Science Fiction,0.0,Family,Weekly,Man
9600,53.0,"173,0408260102824",Afternoon,Documentaries,Science Fiction,1.0,Family,Weekly,Man
9601,42.0,"95,45903303715112",Afternoon,Anime,Science Fiction,1.0,Premium,Weekly,Woman
9602,59.0,"98,78467922720728",Night,Documentaries,Science Fiction,1.0,Family,Weekly,Man
9603,42.0,"170,94388102430852",Afternoon,Documentaries,Science Fiction,1.0,Family,Weekly,Woman
9604,64.0,"190,28028570122143",Afternoon,Movies,Science Fiction,1.0,Family,Weekly,Man
9605,47.0,"132,27590265629962",Night,Anime,Science Fiction,0.0,Family,Occasional,Woman
9606,48.0,"135,30627220652937",Night,Anime,Science Fiction,0.0,Premium,Weekly,Man
9607,51.0,"171,15808291760482",Afternoon,Movies,Science Fiction,1.0,Family,Daily,Man
9608,34.0,"129,60887265505605",Night,Anime,Science Fiction,0.0,Premium,Weekly,Man
9609,30.0,"173,2757439668218",Night,Documentaries,Science Fiction,0.0,Family,Weekly,Man
9610,50.0,"119,9663009827252",Afternoon,Documentaries,Science Fiction,1.0,Family,Weekly,Woman
9611,45.0,"152,84995704651118",Afternoon,Documentaries,Horror,1.0,Family,Weekly,Woman
9612,40.0,"103,95873390728346",Night,Anime,Science Fiction,0.0,Premium,Weekly,Woman
9613,44.0,"158,0514108899594",Afternoon,Anime,Horror,0.0,Family,Weekly,Man
9614,57.0,"195,6400075705193",Night,Movies,Science Fiction,1.0,Family,Weekly,Man
9615,39.0,"174,86811665519997",Afternoon,Documentaries,Drama,0.0,Family,Weekly,Woman
9616,31.0,"223,16724589866843",Afternoon,Movies,Drama,0.0,Family,Weekly,Woman
9617,47.0,"138,64322113374",Morning,Movies,Drama,1.0,Family,Weekly,Woman
9618,40.0,"183,24870653722917",Afternoon,Documentaries,Drama,0.0,,Weekly,Woman
9619,54.0,"124,50440899606998",Afternoon,Documentaries,Horror,1.0,Family,Weekly,Woman
9620,39.0,"212,14054266599263",Night,Documentaries,Science Fiction,0.0,Family,Weekly,Woman
9621,37.0,"98,94287061624746",Afternoon,Anime,Science Fiction,1.0,Premium,Weekly,Woman
9622,48.0,"140,408413068566",Afternoon,Anime,Science Fiction,0.0,Premium,Weekly,Woman
9623,33.0,"101,19630104008564",Afternoon,Anime,Science Fiction,0.0,Premium,Weekly,Woman
9624,40.0,"197,3143511377796",Afternoon,Documentaries,Science Fiction,0.0,Family,Weekly,Man
9625,40.0,nan,Afternoon,Documentaries,Science Fiction,0.0,Premium,Weekly,Woman
9626,33.0,"146,91646639009608",Night,Anime,Horror,0.0,Family,Weekly,Man
9627,57.0,"160,90251406172274",Night,Documentaries,Science Fiction,1.0,Family,Weekly,Woman
9628,43.0,nan,Night,Documentaries,Drama,0.0,Family,Weekly,Man
9629,54.0,"187,5529216217435",Afternoon,Movies,Science Fiction,1.0,Family,Daily,Woman
9630,52.0,"128,88756860961234",Night,Movies,Science Fiction,1.0,,Weekly,Man
9631,47.0,"190,4715101357471",Night,Documentaries,Drama,0.0,Family,Weekly,Woman
9632,41.0,"108,33670494503924",Night,Anime,Science Fiction,0.0,Premium,Weekly,Man
9633,36.0,"104,6123382084204",Afternoon,Anime,Science Fiction,0.0,Premium,Weekly,Man
9634,61.0,"171,01612002941505",Afternoon,Movies,Drama,1.0,Family,Weekly,Man
9635,33.0,"5,9110858820944765",Night,Anime,Drama,1.0,Premium,Weekly,Man
9636,44.0,"176,96961370596946",Afternoon,Documentaries,Science Fiction,0.0,Premium,Weekly,Woman
9637,60.0,"187,05872628247045",Afternoon,Movies,Science Fiction,1.0,Family,Weekly,Man
9638,44.0,"103,15591612299264",Night,Documentaries,Science Fiction,1.0,Family,Weekly,Man
9639,46.0,"174,4596495859582",Afternoon,Documentaries,Horror,1.0,Family,Weekly,Woman
9640,35.0,"196,5386635710153",Afternoon,Anime,Drama,0.0,Premium,Occasional,Woman
9641,60.0,"141,68898598942312",Afternoon,Movies,Science Fiction,1.0,Family,Weekly,Woman
9642,36.0,"110,63115149967204",Afternoon,Documentaries,Science Fiction,1.0,Family,Weekly,Woman
9643,36.0,"189,43217334507904",Afternoon,Documentaries,Drama,0.0,Premium,Weekly,Woman
9644,60.0,"205,72927487666868",Night,Movies,Science Fiction,1.0,Family,Weekly,Woman
9645,33.0,"73,72714095839113",Night,Documentaries,Science Fiction,1.0,Premium,Weekly,Woman
9646,48.0,"115,10156831080138",Night,Anime,Science Fiction,1.0,Family,Weekly,Man
9647,57.0,"189,6100853272087",Night,Movies,Science Fiction,1.0,Family,Weekly,Man
9648,42.0,"136,49915550311786",Afternoon,Documentaries,Drama,0.0,Premium,Weekly,Woman
9649,59.0,"248,45846213026937",Afternoon,Movies,Science Fiction,0.0,,Weekly,Woman
9650,58.0,"149,59939017212622",Night,Movies,Horror,1.0,Family,Daily,Woman
9651,57.0,"130,8990112671638",Night,Movies,Science Fiction,1.0,,Weekly,Man
9652,47.0,"170,20642643017715",Afternoon,Anime,Horror,0.0,Family,Occasional,Man
9653,43.0,"180,6732961890682",Night,Documentaries,Science Fiction,0.0,Family,Weekly,Man
9654,53.0,"170,45774532303426",Night,Movies,Science Fiction,1.0,Family,Weekly,Woman
9655,32.0,"191,79987190891805",Afternoon,Documentaries,Drama,0.0,Family,Weekly,Man
9656,45.0,"217,7338874470584",Night,Documentaries,Drama,0.0,Family,Weekly,Man
9657,58.0,"153,1010467981197",Afternoon,Movies,Science Fiction,1.0,Family,Weekly,Man
9658,41.0,"99,462241103057",Afternoon,Anime,Science Fiction,0.0,Premium,Weekly,Woman
9659,46.0,"129,33675269696528",Night,Documentaries,Horror,1.0,Family,Weekly,Woman
9660,61.0,"197,33590680852453",Afternoon,Movies,Science Fiction,1.0,Family,Weekly,Man
9661,47.0,"96,14282235467071",Night,Documentaries,Science Fiction,1.0,Family,Weekly,Woman
9662,40.0,"142,87324185779033",Afternoon,Anime,Science Fiction,0.0,Family,Weekly,Man
9663,34.0,"41,561303501776",Afternoon,Anime,Science Fiction,1.0,Premium,Weekly,Man
9664,54.0,"197,66612210407897",Late Night,Movies,Science Fiction,1.0,Family,Weekly,Woman
9665,48.0,"202,2281558025419",Night,Documentaries,Science Fiction,0.0,Family,Weekly,Man
9666,41.0,"116,6246781098779",Night,Documentaries,Horror,1.0,Family,Weekly,Woman
9667,41.0,nan,Night,Documentaries,Science Fiction,0.0,Family,Weekly,Woman
9668,36.0,"194,1989979218416",Afternoon,Documentaries,Science Fiction,0.0,Family,Weekly,Man
9669,54.0,"210,2556029375064",Night,Documentaries,Horror,1.0,Family,Weekly,Man
9670,55.0,"185,14778302827412",Afternoon,Documentaries,Science Fiction,1.0,Family,Weekly,Woman
9671,48.0,"166,17300477453497",Afternoon,Documentaries,Horror,1.0,Family,Weekly,Woman
9672,48.0,"155,21772966860487",Night,Documentaries,Drama,1.0,Family,Weekly,Man
9673,41.0,"78,0088989230142",Night,Documentaries,Science Fiction,1.0,Family,Weekly,Man
9674,40.0,"134,23311304848173",Night,Documentaries,Horror,1.0,Family,Weekly,Man
9675,39.0,"63,81155762362236",Night,Anime,Science Fiction,1.0,Premium,Weekly,Man
9676,53.0,"164,53613016736804",Afternoon,Documentaries,Horror,1.0,,Weekly,Man
9677,42.0,"65,66530500878594",Night,Anime,Science Fiction,1.0,Premium,Weekly,Man
9678,37.0,"174,03714968894386",Afternoon,Documentaries,Science Fiction,0.0,Premium,Weekly,Man
9679,44.0,"184,89088911251764",Night,Movies,Drama,1.0,Family,Weekly,Man
9680,41.0,"148,9088198980871",Night,Documentaries,Drama,0.0,Premium,Weekly,Man
9681,61.0,"190,3881360422573",Night,Movies,Science Fiction,1.0,Family,Weekly,Woman
9682,50.0,"118,46446479864304",Night,Anime,Science Fiction,0.0,Premium,Weekly,Man
9683,34.0,"69,3036440636385",Night,Anime,Science Fiction,1.0,Premium,Weekly,Man
9684,44.0,"174,24217733835368",Afternoon,Documentaries,Science Fiction,0.0,Family,Weekly,Woman
9685,43.0,"110,0352800477584",Afternoon,Documentaries,Horror,1.0,Family,Weekly,Woman
9686,34.0,"160,65276266144429",Afternoon,Anime,Science Fiction,0.0,Premium,Occasional,Man
9687,40.0,"203,52984436386305",Afternoon,Documentaries,Science Fiction,0.0,Premium,Weekly,Man
9688,47.0,"142,31248682905954",Night,Documentaries,Drama,1.0,Family,Weekly,Woman
9689,42.0,"175,7228010141548",Night,Documentaries,Science Fiction,1.0,Family,Weekly,Woman
9690,45.0,"178,90750989683707",Afternoon,Documentaries,Science Fiction,1.0,Family,Weekly,Woman
9691,55.0,"141,46342164422376",Night,Anime,Horror,0.0,Premium,Weekly,Man
9692,58.0,"113,04641816936652",Night,Documentaries,Science Fiction,1.0,Family,Weekly,Man
9693,42.0,nan,Night,Documentaries,Science Fiction,0.0,Premium,Weekly,Man
9694,37.0,"166,39328719266365",Afternoon,Anime,Drama,0.0,Premium,Occasional,Woman
9695,44.0,"165,82763084352464",Afternoon,Documentaries,Drama,0.0,Family,Weekly,Woman
9696,53.0,nan,Morning,Movies,Science Fiction,1.0,Family,Weekly,Man
9697,35.0,"144,4213081605723",Night,Anime,Science Fiction,0.0,Premium,Weekly,Woman
9698,38.0,"235,7592891130727",Afternoon,Documentaries,Drama,0.0,Family,Weekly,Man
9699,52.0,"126,25862434414384",Afternoon,Movies,Science Fiction,1.0,Family,Daily,Woman
9700,50.0,"147,1097497299298",Night,Documentaries,Science Fiction,1.0,Family,Weekly,Woman
9701,31.0,"69,84626860184851",Afternoon,Documentaries,Science Fiction,1.0,Family,Weekly,Woman
9702,53.0,"160,4448985451651",Night,Documentaries,Science Fiction,1.0,Family,Weekly,Woman
9703,32.0,"186,21405241184215",Afternoon,Anime,Science Fiction,0.0,,Weekly,Man
9704,51.0,"156,8390779914393",Night,Movies,Drama,1.0,Family,Weekly,Woman
9705,45.0,"186,24979912885203",Night,Documentaries,Science Fiction,0.0,Family,Weekly,Man
9706,42.0,"119,60859824872595",Afternoon,Anime,Science Fiction,0.0,Premium,Weekly,Man
9707,46.0,"65,47693161423075",Afternoon,Anime,Science Fiction,1.0,Premium,Weekly,Woman
9708,38.0,"147,44661335795536",Night,Documentaries,Horror,1.0,Family,Weekly,Woman
9709,39.0,"218,11283299461215",Night,Movies,Drama,0.0,Family,Weekly,Woman
9710,30.0,"64,47215968160995",Afternoon,Anime,Science Fiction,1.0,Premium,Weekly,Man
9711,63.0,"186,079658070572",Night,Movies,Science Fiction,1.0,,Weekly,Woman
9712,41.0,"125,18270527857402",Afternoon,Documentaries,Drama,0.0,,Weekly,Woman
9713,36.0,"156,08520992459825",Afternoon,Documentaries,Science Fiction,1.0,Family,Weekly,Man
9714,40.0,"162,6516277834649",Night,Documentaries,Drama,0.0,Premium,Weekly,Man
9715,36.0,"255,58131419935063",Afternoon,Movies,Drama,0.0,Family,Weekly,Man
9716,49.0,"139,55988538535595",Afternoon,Anime,Horror,0.0,Premium,Weekly,Woman
9717,29.0,"148,93061821529926",Afternoon,Anime,Drama,0.0,Premium,Weekly,Man
9718,44.0,"174,26550727689877",Night,Documentaries,Science Fiction,0.0,Family,Weekly,Man
9719,33.0,nan,Night,Anime,Science Fiction,0.0,Premium,Weekly,Woman
9720,39.0,"95,04514373062824",Afternoon,Anime,Science Fiction,1.0,Premium,Weekly,Woman
9721,41.0,"147,19462887442506",Night,Documentaries,Drama,0.0,Premium,Weekly,Man
9722,38.0,"169,95176706323667",Afternoon,Documentaries,Drama,0.0,Premium,Weekly,Man
9723,46.0,"107,34616099885608",Night,Documentaries,Science Fiction,1.0,Family,Weekly,Woman
9724,35.0,"212,67628879044747",Afternoon,Documentaries,Drama,0.0,Premium,Weekly,Woman
9725,53.0,"135,43099014159742",Night,Documentaries,Science Fiction,1.0,Family,Weekly,Woman
9726,42.0,"161,33239885044105",Afternoon,Documentaries,Horror,1.0,Family,Weekly,Man
9727,44.0,"175,43939233484835",Afternoon,Documentaries,Science Fiction,1.0,Family,Weekly,Woman
9728,61.0,"157,1437107817459",Afternoon,Movies,Science Fiction,1.0,Family,Weekly,Man
9729,39.0,"90,85751324626293",Afternoon,Documentaries,Science Fiction,1.0,Family,Weekly,Woman
9730,36.0,"171,72525819788254",Night,Anime,Science Fiction,0.0,Premium,Occasional,Man
9731,28.0,"206,8797736945322",Afternoon,Documentaries,Science Fiction,0.0,Family,Weekly,Woman
9732,58.0,"124,93058231961334",Night,Documentaries,Science Fiction,1.0,Family,Weekly,Woman
9733,61.0,"124,1480677640344",Night,Movies,Science Fiction,1.0,Family,Weekly,Man
9734,41.0,"188,3199179079028",Afternoon,Documentaries,Science Fiction,0.0,Family,Weekly,Man
9735,36.0,"176,5088462700452",Afternoon,Documentaries,Drama,0.0,Premium,Weekly,Woman
9736,39.0,"232,8053243358504",Afternoon,Documentaries,Science Fiction,0.0,Family,Occasional,Woman
9737,55.0,"153,03632861943336",Afternoon,Movies,Horror,1.0,Family,Daily,Man
9738,46.0,"158,71236549617242",Afternoon,Documentaries,Science Fiction,1.0,Premium,Weekly,Man
9739,38.0,"134,6958660723477",Night,Documentaries,Horror,1.0,Family,Weekly,Woman
9740,37.0,"169,73280362558515",Afternoon,Documentaries,Science Fiction,0.0,Family,Weekly,Man
9741,31.0,"79,65419749289318",Night,Anime,Science Fiction,1.0,Family,Weekly,Woman
9742,49.0,"151,64863483499354",Afternoon,Documentaries,Horror,1.0,Family,Weekly,Man
9743,57.0,"155,50671113908763",Afternoon,Movies,Science Fiction,1.0,,Weekly,Man
9744,54.0,"181,59827816105903",Night,Documentaries,Science Fiction,1.0,Family,Weekly,Woman
9745,36.0,"165,56479978580944",Afternoon,Documentaries,Science Fiction,0.0,Family,Weekly,Man
9746,41.0,"189,900768598576",Night,Movies,Science Fiction,1.0,Family,Weekly,Woman
9747,40.0,"85,80343732889038",Night,Anime,Science Fiction,1.0,Premium,Weekly,Woman
9748,40.0,"196,6724135712068",Afternoon,Documentaries,Science Fiction,0.0,,Weekly,Man
9749,38.0,"121,7353253488176",Afternoon,Anime,Science Fiction,0.0,Premium,Weekly,Man
9750,40.0,"71,92446727433261",Afternoon,Anime,Science Fiction,1.0,Premium,Weekly,Man
9751,51.0,"181,97342776554828",Night,Movies,Science Fiction,1.0,Family,Weekly,Man
9752,38.0,nan,Afternoon,Anime,Science Fiction,1.0,Premium,Weekly,Woman
9753,58.0,"153,12465712157132",Afternoon,Movies,Science Fiction,1.0,Family,Weekly,Man
9754,43.0,"187,7122107049173",Night,Documentaries,Science Fiction,0.0,Family,Weekly,Woman
9755,57.0,"171,38195462870846",Afternoon,Movies,Science Fiction,1.0,Family,Weekly,Woman
9756,36.0,"92,12840586540374",Afternoon,Anime,Science Fiction,1.0,Premium,Weekly,Man
9757,58.0,"115,95724023521107",Afternoon,Movies,Science Fiction,1.0,Family,Weekly,Woman
9758,26.0,"188,6110449238458",Night,Documentaries,Science Fiction,0.0,Premium,Weekly,Woman
9759,57.0,"104,37040889527294",Night,Documentaries,Science Fiction,1.0,,Weekly,Man
9760,59.0,"239,04125312387015",Night,Movies,Science Fiction,0.0,Family,Weekly,Man
9761,34.0,"104,98355635794746",Afternoon,Documentaries,Action,0.0,Premium,Weekly,Man
9762,44.0,"153,45046440994864",Afternoon,Documentaries,Science Fiction,1.0,Family,Weekly,Woman
9763,35.0,"68,25371252586994",Afternoon,Anime,Science Fiction,1.0,Family,Weekly,Man
9764,46.0,nan,Night,Movies,Science Fiction,1.0,Family,Weekly,Woman
9765,36.0,"216,33480934732412",Night,Anime,Science Fiction,0.0,Premium,Occasional,Woman
9766,39.0,"130,71081321992375",Night,Documentaries,Drama,0.0,Premium,Weekly,Woman
9767,54.0,"163,44840670745103",Afternoon,Documentaries,Science Fiction,1.0,Family,Weekly,Woman
9768,44.0,"188,2596561369799",Afternoon,Documentaries,Science Fiction,0.0,Family,Weekly,Woman
9769,38.0,"119,16564811650736",Afternoon,Anime,Science Fiction,0.0,Premium,Weekly,Woman
9770,42.0,"92,73825284662747",Night,Anime,Science Fiction,0.0,Premium,Weekly,Man
9771,40.0,"176,54922690949758",Night,Documentaries,Drama,0.0,Premium,Weekly,Man
9772,31.0,"81,0740962617744",Afternoon,Anime,Science Fiction,1.0,Premium,Weekly,Woman
9773,48.0,"160,3763327793544",Afternoon,Anime,Horror,0.0,Premium,Weekly,Woman
9774,54.0,"124,33143754064486",Night,Documentaries,Horror,1.0,Family,Weekly,Woman
9775,41.0,"162,15759557064268",Night,Documentaries,Horror,1.0,Family,Weekly,Man
9776,35.0,"179,58084670068604",Night,Documentaries,Science Fiction,1.0,Family,Weekly,Woman
9777,32.0,"178,91454585197636",Night,Documentaries,Drama,0.0,Premium,Weekly,Woman
9778,53.0,"115,01757646739576",Afternoon,Documentaries,Drama,1.0,Premium,Weekly,Woman
9779,26.0,"229,00621899344824",Afternoon,Movies,Drama,0.0,Family,Daily,Woman
9780,58.0,"210,72777235454825",Afternoon,Movies,Science Fiction,1.0,Family,Daily,Man
9781,40.0,"99,55648559312944",Afternoon,Documentaries,Science Fiction,1.0,Premium,Weekly,Man
9782,30.0,nan,Afternoon,Documentaries,Science Fiction,1.0,Family,Weekly,Man
9783,40.0,"157,10337338564298",Afternoon,Documentaries,Drama,0.0,Premium,Weekly,Woman
9784,41.0,"116,24811073685218",Night,Anime,Science Fiction,0.0,Premium,Weekly,Man
9785,46.0,nan,Afternoon,Documentaries,Science Fiction,0.0,Family,Weekly,Man
9786,34.0,"217,9318564987828",Afternoon,Movies,Science Fiction,0.0,Family,Weekly,Woman
9787,46.0,"128,97308725209672",Night,Documentaries,Horror,1.0,Family,Weekly,Man
9788,44.0,"176,6778889122332",Afternoon,Documentaries,Horror,1.0,Family,Weekly,Woman
9789,33.0,"39,48851121621396",Night,Anime,Science Fiction,1.0,Premium,Weekly,Woman
9790,45.0,"162,60901032128623",Afternoon,Documentaries,Science Fiction,1.0,Family,Weekly,Woman
9791,44.0,"140,1742343052871",Afternoon,Documentaries,Science Fiction,1.0,Family,Weekly,Woman
9792,53.0,"143,51787286441103",Night,Anime,Science Fiction,0.0,Family,Weekly,Woman
9793,61.0,"166,09121108214902",Afternoon,Movies,Science Fiction,1.0,Family,Weekly,Man
9794,32.0,"155,9273479396138",Late Night,Documentaries,Drama,0.0,Premium,Weekly,Woman
9795,53.0,"135,43672051943412",Morning,Documentaries,Horror,1.0,Family,Weekly,Woman
9796,37.0,nan,Afternoon,Documentaries,Drama,0.0,Premium,Weekly,Man
9797,24.0,"165,68500262253613",Night,Documentaries,Science Fiction,0.0,Family,Weekly,Man
9798,47.0,"130,5460463187645",Afternoon,Movies,Drama,1.0,Premium,Weekly,Man
9799,39.0,"138,76586208582748",Afternoon,Documentaries,Drama,0.0,Premium,Weekly,Woman
9800,57.0,"108,13035204981436",Night,Movies,Science Fiction,1.0,Family,Daily,Woman
9801,48.0,"200,6090126901473",Afternoon,Documentaries,Science Fiction,0.0,Family,Weekly,Woman
9802,32.0,"227,38491535208604",Afternoon,Movies,Science Fiction,0.0,Family,Weekly,Man
9803,45.0,"187,6717597278413",Night,Documentaries,Science Fiction,0.0,Family,Weekly,Man
9804,39.0,"105,638545401161",Afternoon,Anime,Science Fiction,1.0,Premium,Weekly,Man
9805,68.0,"161,67884528396144",Afternoon,Movies,Science Fiction,1.0,Family,Daily,Woman
9806,49.0,"156,72588610128545",Night,Documentaries,Science Fiction,1.0,Family,Weekly,Woman
9807,51.0,"171,75574761446111",Night,Documentaries,Science Fiction,1.0,Family,Weekly,Woman
9808,45.0,"88,46136559875634",Night,Anime,Science Fiction,1.0,Premium,Weekly,Man
9809,41.0,"81,63474322990776",Afternoon,Documentaries,Science Fiction,1.0,Family,Weekly,Woman
9810,41.0,nan,Night,Documentaries,Drama,0.0,Premium,Weekly,Woman
9811,36.0,"182,84180999538148",Night,Documentaries,Science Fiction,0.0,Family,Weekly,Man
9812,38.0,"101,65678555991354",Afternoon,Anime,Science Fiction,0.0,Premium,Weekly,Woman
9813,27.0,"44,359584703199765",Afternoon,Anime,Science Fiction,1.0,Premium,Weekly,Man
9814,41.0,nan,Night,Documentaries,Drama,0.0,Premium,Weekly,Woman
9815,51.0,"205,6607305294032",Afternoon,Movies,Horror,1.0,Family,Weekly,Woman
9816,36.0,"105,82721822191974",Afternoon,Anime,Science Fiction,0.0,Premium,Weekly,Woman
9817,55.0,"108,79982744025622",Night,Documentaries,Science Fiction,1.0,Family,Weekly,Woman
9818,40.0,"150,57654569701606",Night,Anime,Horror,0.0,Premium,Weekly,Man
9819,56.0,"164,60158468624405",Afternoon,Documentaries,Science Fiction,1.0,Family,Weekly,Man
9820,39.0,"92,44146643574504",Afternoon,Anime,Science Fiction,1.0,Premium,Weekly,Man
9821,35.0,"199,5863984866505",Night,Anime,Drama,0.0,Premium,Occasional,Woman
9822,52.0,"150,73876676833575",Afternoon,Documentaries,Science Fiction,1.0,Family,Weekly,Man
9823,40.0,"148,12392451928935",Afternoon,Documentaries,Science Fiction,1.0,Family,Weekly,Man
9824,34.0,"166,53956007221308",Afternoon,Anime,Horror,0.0,Premium,Occasional,Woman
9825,44.0,"183,9243326363816",Late Night,Anime,Science Fiction,0.0,Family,Occasional,Woman
9826,34.0,"139,9903193770422",Afternoon,Anime,Science Fiction,0.0,Premium,Weekly,Woman
9827,36.0,"110,7455519698516",Night,Anime,Science Fiction,0.0,Premium,Weekly,Woman
9828,39.0,"84,94031133998895",Afternoon,Documentaries,Science Fiction,1.0,Family,Weekly,Man
9829,51.0,"166,2911252490562",Night,Anime,Horror,0.0,Premium,Weekly,Woman
9830,47.0,"137,76533399384584",Night,Documentaries,Science Fiction,1.0,Family,Weekly,Woman
9831,46.0,"173,66544316200603",Afternoon,Documentaries,Drama,0.0,Family,Weekly,Man
9832,31.0,"178,1076504246404",Night,Documentaries,Science Fiction,1.0,Family,Weekly,Woman
9833,39.0,"158,49617630942015",Night,Movies,Science Fiction,1.0,Family,Daily,Woman
9834,62.0,"118,11877326836348",Night,Movies,Science Fiction,1.0,Family,Daily,Man
9835,41.0,"130,07230322704802",Afternoon,Documentaries,Drama,1.0,Premium,Weekly,Woman
9836,45.0,"148,8035515609305",Night,Anime,Science Fiction,0.0,Family,Occasional,Woman
9837,60.0,"191,24843308915416",Afternoon,Movies,Horror,1.0,,Weekly,Woman
9838,41.0,"153,65746098296887",Afternoon,Documentaries,Science Fiction,1.0,,Weekly,Man
9839,43.0,"180,69227053976908",Night,Documentaries,Science Fiction,1.0,Family,Weekly,Woman
9840,40.0,"109,62824474445348",Afternoon,Documentaries,Drama,1.0,Premium,Weekly,Man
9841,45.0,"142,15404158925088",Night,Anime,Science Fiction,0.0,Premium,Weekly,Woman
9842,49.0,"156,50028223017324",Afternoon,Documentaries,Drama,1.0,Family,Weekly,Woman
9843,63.0,"201,34308731589076",Afternoon,Movies,Science Fiction,1.0,Family,Weekly,Woman
9844,26.0,"202,0767282870867",Night,Documentaries,Drama,0.0,Premium,Weekly,Woman
9845,44.0,"162,86153013043833",Night,Documentaries,Science Fiction,1.0,Family,Weekly,Woman
9846,34.0,"244,59264402529496",Afternoon,Movies,Drama,0.0,Family,Weekly,Woman
9847,61.0,nan,Afternoon,Movies,Science Fiction,1.0,Family,Weekly,Woman
9848,54.0,"180,67469827452467",Afternoon,Documentaries,Drama,1.0,Family,Weekly,Man
9849,51.0,"169,5457943386496",Night,Documentaries,Science Fiction,1.0,Family,Weekly,Man
9850,47.0,"206,63255730834263",Afternoon,Documentaries,Science Fiction,0.0,Family,Weekly,Woman
9851,54.0,"125,85545547983077",Night,Anime,Horror,0.0,Premium,Weekly,Man
9852,38.0,"128,557931699076",Afternoon,Anime,Science Fiction,0.0,Premium,Weekly,Woman
9853,44.0,"147,35569704767195",Afternoon,Documentaries,Drama,0.0,Premium,Weekly,Man
9854,44.0,"204,2848452216302",Night,Documentaries,Science Fiction,0.0,Family,Weekly,Man
9855,52.0,"193,26056099439117",Afternoon,Documentaries,Science Fiction,0.0,Family,Occasional,Woman
9856,44.0,"131,33010520453877",Night,Anime,Horror,0.0,Family,Weekly,Woman
9857,43.0,"157,42700298109307",Night,Documentaries,Drama,0.0,Premium,Weekly,Woman
9858,40.0,"161,8801420240283",Afternoon,Documentaries,Drama,0.0,Premium,Weekly,Man
9859,52.0,"178,92100182517748",Afternoon,Anime,Horror,0.0,Premium,Weekly,Man
9860,31.0,"35,14884822135446",Night,Anime,Science Fiction,1.0,Family,Weekly,Woman
9861,47.0,"128,45571668989862",Afternoon,Documentaries,Horror,1.0,Family,Weekly,Woman
9862,55.0,"128,20170763336913",Night,Movies,Science Fiction,1.0,,Daily,Man
9863,58.0,"187,53836564546583",Afternoon,Movies,Science Fiction,1.0,Family,Weekly,Man
9864,61.0,"126,77300805544294",Night,Movies,Science Fiction,1.0,Family,Weekly,Man
9865,41.0,"106,60051303011753",Night,Anime,Science Fiction,0.0,Premium,Weekly,Woman
9866,39.0,"131,93122994462004",Night,Documentaries,Drama,0.0,Premium,Weekly,Woman
9867,55.0,"145,29916572762392",Night,Movies,Horror,1.0,Family,Daily,Man
9868,50.0,"182,5488714250146",Night,Documentaries,Science Fiction,1.0,Family,Weekly,Woman
9869,52.0,"138,81180086760685",Afternoon,Documentaries,Science Fiction,1.0,Family,Weekly,Woman
9870,48.0,"70,30027388411028",Afternoon,Documentaries,Comedy,1.0,,Weekly,Man
9871,51.0,"137,78052406056972",Afternoon,Documentaries,Science Fiction,1.0,Family,Weekly,Woman
9872,35.0,"154,88976998193462",Afternoon,Documentaries,Science Fiction,1.0,Family,Weekly,Man
9873,40.0,"172,4555446746003",Afternoon,Documentaries,Science Fiction,1.0,Family,Weekly,Man
9874,41.0,"149,53386637386996",Night,Documentaries,Drama,0.0,Premium,Weekly,Woman
9875,44.0,"197,0472107560452",Night,Documentaries,Science Fiction,0.0,Family,Weekly,Woman
9876,39.0,nan,Night,Anime,Science Fiction,0.0,Family,Occasional,Man
9877,47.0,"148,28467066242746",Night,Anime,Horror,0.0,Family,Weekly,Man
9878,49.0,"122,62744938537855",Night,Anime,Comedy,1.0,Family,Weekly,Man
9879,51.0,"141,08133158984515",Afternoon,Documentaries,Horror,0.0,Family,Weekly,Woman
9880,42.0,"164,64838704362882",Afternoon,Documentaries,Science Fiction,1.0,Family,Weekly,Woman
9881,44.0,"119,22016940472597",Night,Anime,Horror,1.0,Family,Weekly,Woman
9882,56.0,"114,5081746720292",Night,Documentaries,Science Fiction,1.0,Family,Daily,Woman
9883,51.0,"162,45102572734868",Afternoon,Documentaries,Science Fiction,1.0,Family,Weekly,Man
9884,47.0,"170,86715842244806",Afternoon,Documentaries,Science Fiction,0.0,Family,Weekly,Man
9885,33.0,"187,6304876725335",Night,Documentaries,Drama,0.0,Premium,Occasional,Woman
9886,43.0,"94,76433523199788",Night,Anime,Science Fiction,1.0,Family,Weekly,Man
9887,42.0,"159,7197323076576",Afternoon,Documentaries,Drama,0.0,Premium,Weekly,Woman
9888,41.0,"63,98476205266859",Afternoon,Anime,Science Fiction,1.0,Premium,Weekly,Woman
9889,21.0,"206,2400732994332",Night,Documentaries,Drama,0.0,Family,Weekly,Woman
9890,48.0,"116,91528074149387",Afternoon,Documentaries,Drama,1.0,Family,Weekly,Woman
9891,32.0,"70,28676018247477",Night,Anime,Science Fiction,1.0,Premium,Weekly,Man
9892,38.0,"234,33807847405785",Night,Movies,Science Fiction,0.0,Family,Weekly,Man
9893,33.0,"66,17484473131056",Night,Anime,Science Fiction,1.0,Premium,Weekly,Woman
9894,45.0,"186,0751575369516",Afternoon,Documentaries,Science Fiction,0.0,Family,Occasional,Woman
9895,43.0,"71,31305096451284",Night,Anime,Science Fiction,1.0,Premium,Weekly,Man
9896,62.0,"202,32272764571016",Night,Movies,Drama,1.0,Family,Daily,Man
9897,53.0,"102,56328889117982",Afternoon,Documentaries,Science Fiction,1.0,Family,Daily,Woman
9898,46.0,"170,72315523259292",Night,Movies,Drama,1.0,Family,Weekly,Man
9899,59.0,nan,Afternoon,Movies,Science Fiction,1.0,Family,Weekly,Woman
9900,58.0,"130,61664125102996",Night,Movies,Science Fiction,1.0,Family,Daily,Man
9901,60.0,nan,Morning,Anime,Horror,0.0,Premium,Weekly,Woman
9902,45.0,"118,36090387272816",Afternoon,Anime,Science Fiction,1.0,Family,Weekly,Woman
9903,63.0,"203,92417381288627",Afternoon,Movies,Science Fiction,1.0,Family,Weekly,Man
9904,54.0,"164,86432190031357",Afternoon,Documentaries,Science Fiction,1.0,Family,Weekly,Man
9905,41.0,"130,67333713751788",Afternoon,Anime,Science Fiction,0.0,Family,Occasional,Man
9906,34.0,"169,29545445744282",Afternoon,Documentaries,Horror,0.0,Family,Weekly,Man
9907,42.0,"130,83916270822854",Afternoon,Documentaries,Drama,0.0,Premium,Weekly,Man
9908,34.0,"159,31937192993834",Night,Movies,Science Fiction,1.0,Student,Daily,Woman
9909,61.0,"175,23672357726716",Night,Movies,Science Fiction,1.0,Family,Weekly,Man
9910,33.0,"155,0451896944866",Night,Anime,Horror,0.0,Premium,Occasional,Woman
9911,62.0,"208,89598864543183",Afternoon,Movies,Science Fiction,1.0,Family,Weekly,Man
9912,43.0,"165,9719396219964",Night,Documentaries,Horror,0.0,Family,Weekly,Man
9913,60.0,"173,8865303326235",Afternoon,Movies,Horror,1.0,Family,Weekly,Man
9914,68.0,"132,54874250065163",Night,Movies,Drama,1.0,Family,Weekly,Woman
9915,53.0,"132,92941143752137",Night,Documentaries,Science Fiction,1.0,Family,Weekly,Man
9916,59.0,"162,27103667672662",Afternoon,Movies,Science Fiction,1.0,Family,Weekly,Woman
9917,40.0,"107,04735394857644",Afternoon,Anime,Science Fiction,1.0,Family,Weekly,Man
9918,46.0,"186,1702485424836",Night,Documentaries,Science Fiction,0.0,Family,Weekly,Man
9919,54.0,"170,29592677904094",Afternoon,Documentaries,Science Fiction,1.0,Family,Weekly,Man
9920,57.0,"171,7145180529915",Afternoon,Movies,Science Fiction,1.0,Family,Weekly,Man
9921,42.0,nan,Night,Documentaries,Science Fiction,0.0,Family,Weekly,Man
9922,49.0,"132,62722342504077",Night,Documentaries,Horror,1.0,Family,Weekly,Woman
9923,44.0,"184,07006075440788",Afternoon,Documentaries,Drama,0.0,Family,Weekly,Man
9924,57.0,"133,39675545041814",Night,Movies,Science Fiction,1.0,Family,Weekly,Man
9925,54.0,"96,11438821871428",Night,Documentaries,Horror,1.0,Premium,Weekly,Woman
9926,30.0,"57,83841488630927",Afternoon,Anime,Science Fiction,1.0,Premium,Weekly,Woman
9927,41.0,"169,3315911630253",Night,Documentaries,Science Fiction,0.0,Premium,Weekly,Woman
9928,44.0,"155,526179553769",Night,Documentaries,Science Fiction,1.0,Family,Weekly,Woman
9929,40.0,"192,9900295176476",Afternoon,Documentaries,Science Fiction,0.0,Premium,Weekly,Woman
9930,62.0,"213,70809704323807",Night,Movies,Horror,1.0,Family,Weekly,Man
9931,50.0,"164,03987593302026",Night,Documentaries,Drama,1.0,Family,Weekly,Man
9932,40.0,"148,4743101721978",Night,Documentaries,Drama,0.0,Premium,Weekly,Man
9933,68.0,"149,67310937276562",Night,Movies,Science Fiction,1.0,Family,Weekly,Man
9934,32.0,"167,1781922456593",Night,Documentaries,Drama,0.0,Premium,Weekly,Man
9935,36.0,nan,Night,Anime,Science Fiction,0.0,Premium,Weekly,Woman
9936,42.0,"85,05916869603732",Afternoon,Documentaries,Science Fiction,1.0,Premium,Weekly,Man
9937,37.0,"91,47116303077225",Night,Anime,Science Fiction,0.0,Premium,Weekly,Man
9938,39.0,"179,20749517450588",Afternoon,Documentaries,Science Fiction,0.0,Family,Weekly,Woman
9939,37.0,"171,74315696048814",Afternoon,Documentaries,Drama,0.0,Premium,Weekly,Man
9940,40.0,"99,02850730093016",Night,Documentaries,Science Fiction,1.0,Premium,Weekly,Woman
9941,61.0,"131,679360491059",Afternoon,Movies,Science Fiction,1.0,Family,Weekly,Man
9942,39.0,nan,Night,Documentaries,Science Fiction,1.0,Family,Weekly,Woman
9943,66.0,"234,0344101094966",Night,Movies,Science Fiction,1.0,Family,Weekly,Man
9944,53.0,"162,19076547829744",Night,Documentaries,Horror,1.0,Family,Weekly,Woman
9945,33.0,"239,75931859740703",Afternoon,Movies,Drama,0.0,Family,Weekly,Woman
9946,49.0,"173,6262209710055",Night,Documentaries,Science Fiction,1.0,Family,Daily,Man
9947,55.0,"170,70679957738187",Night,Movies,Horror,1.0,Family,Daily,Man
9948,58.0,"144,7165830644945",Night,Movies,Science Fiction,1.0,Family,Weekly,Woman
9949,53.0,"217,2209323008399",Night,Movies,Science Fiction,0.0,Family,Weekly,Man
9950,49.0,"94,32865474661584",Afternoon,Anime,Horror,1.0,Family,Weekly,Man
9951,34.0,"166,574601791297",Afternoon,Documentaries,Drama,0.0,Premium,Weekly,Woman
9952,41.0,"147,55636599153317",Night,Documentaries,Drama,0.0,Premium,Weekly,Woman
9953,42.0,"189,2404294608677",Night,Documentaries,Science Fiction,0.0,Family,Weekly,Woman
9954,50.0,"197,8581772356482",Afternoon,Documentaries,Science Fiction,0.0,Family,Weekly,Woman
9955,48.0,nan,Night,Documentaries,Science Fiction,0.0,Family,Occasional,Man
9956,50.0,"164,6327055598211",Afternoon,Documentaries,Science Fiction,1.0,Family,Weekly,Woman
9957,54.0,"108,35144006710355",Night,Documentaries,Science Fiction,1.0,,Weekly,Woman
9958,37.0,"128,59769017954403",Night,Anime,Science Fiction,0.0,Free,Weekly,Woman
9959,64.0,"181,80027423994596",Afternoon,Movies,Science Fiction,1.0,Family,Weekly,Woman
9960,55.0,nan,Afternoon,Documentaries,Science Fiction,1.0,Family,Weekly,Woman
9961,48.0,"94,25409717432063",Night,Documentaries,Science Fiction,1.0,Family,Weekly,Man
9962,37.0,"191,9666625483039",Afternoon,Documentaries,Drama,0.0,Premium,Weekly,Woman
9963,30.0,"153,65833855085984",Night,Anime,Horror,0.0,Family,Weekly,Woman
9964,36.0,"113,60824286235712",Afternoon,Anime,Horror,1.0,Family,Weekly,Woman
9965,60.0,"182,8643415104109",Afternoon,Movies,Horror,1.0,Family,Weekly,Man
9966,45.0,"190,26847597934952",Night,Documentaries,Drama,0.0,Family,Weekly,Woman
9967,60.0,"99,84931726022212",Night,Documentaries,Science Fiction,1.0,Family,Weekly,Man
9968,48.0,"139,3698046620061",Afternoon,Documentaries,Science Fiction,1.0,Family,Weekly,Woman
9969,42.0,"186,0088659229589",Night,Documentaries,Drama,0.0,Family,Weekly,Woman
9970,56.0,"101,65484790372844",Night,Documentaries,Science Fiction,1.0,Family,Weekly,Woman
9971,38.0,"99,86400794460884",Night,Anime,Science Fiction,1.0,Family,Occasional,Woman
9972,49.0,nan,Night,Documentaries,Horror,1.0,Family,Weekly,Woman
9973,48.0,"164,17116418732374",Night,Documentaries,Science Fiction,1.0,,Weekly,Woman
9974,32.0,"97,2256752178868",Night,Anime,Science Fiction,0.0,Premium,Weekly,Woman
9975,41.0,"130,85349172384142",Afternoon,Anime,Horror,0.0,Family,Weekly,Woman
9976,46.0,"132,28253689954894",Afternoon,Documentaries,Drama,1.0,Family,Weekly,Woman
9977,46.0,"139,27712784841157",Afternoon,Documentaries,Horror,0.0,Premium,Weekly,Man
9978,35.0,nan,Night,Documentaries,Drama,1.0,Family,Weekly,Woman
9979,41.0,"172,7842217953468",Afternoon,Documentaries,Science Fiction,1.0,Family,Weekly,Woman
9980,49.0,"131,7023496365803",Night,Documentaries,Horror,1.0,Family,Weekly,Man
9981,53.0,"198,01624625501805",Late Night,Movies,Science Fiction,1.0,Family,Daily,Woman
9982,29.0,"113,53941016786054",Night,Anime,Science Fiction,0.0,Premium,Weekly,Woman
9983,58.0,"131,17826050836524",Night,Documentaries,Horror,1.0,Family,Weekly,Woman
9984,43.0,"116,9035737613319",Afternoon,Anime,Science Fiction,0.0,Premium,Weekly,Woman
9985,44.0,"86,88041716410297",Night,Anime,Science Fiction,1.0,,Weekly,Woman
9986,57.0,"153,0022763473583",Night,Documentaries,Science Fiction,1.0,Family,Weekly,Woman
9987,42.0,"193,021994570534",Night,Documentaries,Science Fiction,0.0,Family,Weekly,Woman
9988,42.0,"150,59269277581402",Afternoon,Documentaries,Science Fiction,1.0,Family,Weekly,Woman
9989,32.0,"79,08947713477441",Afternoon,Anime,Science Fiction,0.0,,Weekly,Man
9990,55.0,"165,6806080045389",Night,Movies,Science Fiction,1.0,Family,Weekly,Man
9991,45.0,"113,55667043113093",Night,Documentaries,Science Fiction,1.0,Premium,Weekly,Woman
9992,51.0,"212,6554471073012",Night,Movies,Drama,1.0,Family,Weekly,Woman
9993,56.0,"186,7535256205824",Afternoon,Movies,Science Fiction,1.0,Family,Weekly,Man
9994,55.0,"148,61888205471143",Afternoon,Movies,Science Fiction,1.0,Family,Weekly,Man
9995,36.0,"164,80473392012297",Afternoon,Movies,Science Fiction,1.0,Family,Weekly,Woman
9996,38.0,nan,Afternoon,Documentaries,Horror,1.0,Family,Weekly,Man
9997,43.0,"174,40587508847494",Afternoon,Documentaries,Science Fiction,0.0,Premium,Weekly,Man
9998,48.0,"220,55268492341483",Night,Documentaries,Science Fiction,0.0,Family,Weekly,Man
9999,45.0,"159,70495221517726",Night,Anime,Horror,0.0,Premium,Weekly,Man
10000,53.0,"107,31536105763384",Afternoon,Anime,Horror,1.0,Family,Weekly,Woman
6253,47.0,"118,39247570305558",Afternoon,Documentaries,Science Fiction,1.0,,Weekly,Woman
4685,43.0,"222,2647215227876",Afternoon,Movies,Science Fiction,1.0,Family,Weekly,Woman
1732,35.0,"139,2597877733516",Night,Anime,Horror,0.0,Family,Weekly,Man
4743,49.0,"192,41846151678075",Night,Movies,Horror,1.0,Family,Daily,Woman
4522,38.0,"60,74328308546181",Afternoon,Documentaries,Science Fiction,1.0,Family,Weekly,Woman
6341,25.0,"173,81155709462422",Night,Anime,Science Fiction,0.0,Premium,Weekly,Woman
577,41.0,nan,Afternoon,Documentaries,Drama,0.0,Premium,Weekly,Woman
5203,37.0,"111,09424147169923",Afternoon,Anime,Horror,1.0,Family,Weekly,Woman
6364,40.0,"216,75050492987032",Night,Documentaries,Science Fiction,0.0,Family,Weekly,Woman
440,43.0,nan,Night,Documentaries,Drama,0.0,Premium,Weekly,Woman
2751,44.0,nan,Night,Documentaries,Science Fiction,1.0,Family,Weekly,Woman
7488,38.0,"144,97287057939397",Night,Documentaries,Drama,0.0,Premium,Weekly,Man
5273,30.0,"96,12425114126084",Afternoon,Anime,Science Fiction,1.0,Premium,Weekly,Man
5654,39.0,"101,33922577112864",Night,Anime,Science Fiction,0.0,,Weekly,Woman
4000,59.0,"117,2300376465642",Night,Movies,Science Fiction,1.0,Family,Daily,Man
6034,31.0,"167,95611589570734",Night,Documentaries,Drama,0.0,Premium,Weekly,Woman
583,32.0,"156,34002626359464",Night,Documentaries,Science Fiction,0.0,Family,Weekly,Man
9931,50.0,"164,03987593302026",Night,Documentaries,Drama,1.0,Family,Weekly,Man
7052,42.0,"177,8783567221943",Afternoon,Movies,Drama,1.0,Family,Weekly,Woman
8159,43.0,"113,7975106136403",Night,Documentaries,Science Fiction,1.0,Family,Weekly,Man
9897,53.0,"102,56328889117982",Afternoon,Documentaries,Science Fiction,1.0,Family,Daily,Woman
2250,33.0,"112,06755181380814",Afternoon,Anime,Science Fiction,0.0,Premium,Weekly,Man
4641,45.0,"186,865229384172",Night,Documentaries,Science Fiction,0.0,Family,Weekly,Man
9486,54.0,"184,44657462372248",Night,Documentaries,Science Fiction,1.0,Family,Weekly,Man
4948,38.0,"136,1939022133682",Night,Documentaries,Drama,0.0,Premium,Weekly,Man
9921,42.0,nan,Night,Documentaries,Science Fiction,0.0,Family,Weekly,Man
1964,40.0,"182,15101554739917",Afternoon,Documentaries,Drama,0.0,Premium,Weekly,Man
8244,59.0,"191,44150466999685",Night,Movies,Science Fiction,1.0,Family,Weekly,Woman
6591,27.0,"188,1365131643419",Night,Documentaries,Science Fiction,0.0,Family,Weekly,Woman
8848,41.0,"157,69756911067975",Night,Documentaries,Science Fiction,1.0,Family,Weekly,Man
322,39.0,"175,52774847801987",Afternoon,Documentaries,Science Fiction,1.0,Family,Weekly,Woman
2679,49.0,"179,54128366444112",Night,Documentaries,Science Fiction,1.0,Family,Weekly,Man
4626,41.0,"181,4470105093529",Afternoon,Documentaries,Science Fiction,0.0,Premium,Weekly,Man
4950,62.0,"132,25648488385448",Night,Movies,Science Fiction,1.0,Family,Daily,Man
8329,35.0,"195,6655423239704",Afternoon,Movies,Science Fiction,1.0,Family,Weekly,Man
3338,43.0,"200,84857162182752",Afternoon,Documentaries,Science Fiction,0.0,Family,Weekly,Woman
5590,38.0,"114,53828757271128",Afternoon,Documentaries,Science Fiction,1.0,Family,Weekly,Woman
252,58.0,"160,5302479654152",Night,Movies,Science Fiction,1.0,Family,Daily,Man
3974,39.0,"169,54854276245285",Night,Documentaries,Drama,0.0,Premium,Weekly,Man
6631,54.0,"152,13538128180377",Afternoon,Anime,Horror,0.0,Premium,Weekly,Woman
5548,46.0,"134,33256315721135",Night,Documentaries,Science Fiction,1.0,Family,Weekly,Woman
36,54.0,"149,78249620302896",Afternoon,Movies,Science Fiction,1.0,Family,Daily,Woman
8363,43.0,"155,3222561880136",Afternoon,Documentaries,Drama,0.0,Premium,Weekly,Woman
1514,40.0,"126,33823336949332",Afternoon,Anime,Horror,1.0,Family,Weekly,Man
9318,30.0,"224,1979173327092",Night,Documentaries,Drama,0.0,Family,Weekly,Man
40,57.0,"186,87065420256957",Afternoon,Movies,Science Fiction,1.0,Family,Weekly,Woman
4820,41.0,"74,00680462563781",Afternoon,Anime,Science Fiction,1.0,Premium,Weekly,Woman
3466,61.0,nan,Afternoon,Movies,Science Fiction,1.0,Family,Weekly,Woman
1761,43.0,"195,0938621321308",Night,Documentaries,Science Fiction,0.0,Family,Weekly,Woman
2305,41.0,"221,0966684865436",Afternoon,Movies,Drama,0.0,Family,Weekly,Man
3724,32.0,"44,0722490430916",Afternoon,Anime,Science Fiction,1.0,Premium,Weekly,Man
8285,53.0,"210,6656351747756",Afternoon,Movies,Horror,1.0,Family,Weekly,Woman
4994,40.0,"206,89045174740585",Night,Documentaries,Science Fiction,0.0,,Weekly,Man
8128,34.0,"144,7181150930958",Night,Documentaries,Drama,0.0,Premium,Weekly,Woman
3033,45.0,"136,33861584746532",Afternoon,Anime,Horror,0.0,Premium,Weekly,Woman
7939,43.0,nan,Night,Movies,Science Fiction,1.0,Family,Weekly,Woman
3040,47.0,"177,03171292646513",Night,Documentaries,Science Fiction,0.0,Family,Weekly,Woman
9656,45.0,"217,7338874470584",Night,Documentaries,Drama,0.0,Family,Weekly,Man
2546,45.0,"107,29970282462276",Afternoon,Anime,Science Fiction,1.0,Premium,Weekly,Man
2593,56.0,"150,66000482675054",Afternoon,Movies,Science Fiction,1.0,Family,Weekly,Woman
1189,56.0,"164,36361369539486",Afternoon,Movies,Science Fiction,1.0,Family,Weekly,Woman
7967,51.0,"227,47564094093485",Night,Movies,Science Fiction,0.0,Family,Weekly,Man
6078,53.0,"38,31441952300043",Night,Documentaries,Science Fiction,1.0,Premium,Daily,Woman
108,31.0,nan,Night,Anime,Science Fiction,0.0,Premium,Weekly,Woman
1316,57.0,"169,55195408569094",Night,Movies,Science Fiction,1.0,Family,Daily,Woman
8188,59.0,"192,1678284407758",Afternoon,Movies,Science Fiction,1.0,Family,Weekly,Woman
2754,37.0,"197,3512404989148",Night,Documentaries,Drama,0.0,Premium,Weekly,Woman
9754,43.0,"187,7122107049173",Night,Documentaries,Science Fiction,0.0,Family,Weekly,Woman
6232,41.0,"158,61655977727972",Afternoon,Documentaries,Science Fiction,1.0,Family,Weekly,Man
2877,44.0,"180,77660002382703",Afternoon,Documentaries,Science Fiction,1.0,Family,Weekly,Man
5324,39.0,"208,96239706266115",Afternoon,Movies,Drama,0.0,Family,Weekly,Woman
800,50.0,nan,Afternoon,Documentaries,Science Fiction,1.0,Family,Daily,Woman
3571,34.0,"104,66751316383396",Night,Anime,Science Fiction,0.0,Premium,Weekly,Man
2895,33.0,"86,59318524293606",Night,Anime,Science Fiction,1.0,Premium,Weekly,Man
2928,34.0,"207,45814918152533",Afternoon,Documentaries,Drama,0.0,Premium,Weekly,Man
8179,52.0,"157,44138367816717",Afternoon,Documentaries,Horror,1.0,Family,Weekly,Woman
972,49.0,"158,13193053223785",Night,Documentaries,Science Fiction,0.0,Family,Weekly,Woman
6688,50.0,"126,252709594512",Afternoon,Documentaries,Horror,1.0,Family,Weekly,Man
8576,49.0,"119,7099966038086",Night,Documentaries,Science Fiction,1.0,Family,Weekly,Woman
2021,44.0,"169,60161042792635",Afternoon,Movies,Science Fiction,1.0,Family,Weekly,Woman
9055,39.0,"122,5901381510552",Afternoon,Documentaries,Science Fiction,1.0,Family,Weekly,Man
953,37.0,"201,6470489936691",Night,Documentaries,Horror,0.0,Family,Weekly,Man
5360,43.0,"149,11445198345808",Afternoon,Documentaries,Drama,0.0,Premium,Weekly,Woman
3858,43.0,"155,74923338614215",Late Night,Documentaries,Science Fiction,1.0,,Weekly,Woman
5862,47.0,"63,25090417579949",Morning,Documentaries,Science Fiction,1.0,Family,Weekly,Woman
3146,40.0,"141,08527316885832",Night,Documentaries,Science Fiction,1.0,Family,Weekly,Man
3306,47.0,"136,07078387387782",Night,Documentaries,Drama,1.0,Premium,Weekly,Man
3007,60.0,"229,8736366634515",Night,Movies,Science Fiction,1.0,Family,Weekly,Man
9002,46.0,"119,2762254897444",Afternoon,Anime,Science Fiction,0.0,Premium,Weekly,Man
7771,39.0,"103,76280679940804",Night,Anime,Science Fiction,0.0,Premium,Weekly,Woman
7439,36.0,"144,9379995317768",Night,Anime,Drama,0.0,Premium,Weekly,Man
7943,38.0,"141,80744709125898",Afternoon,Anime,Science Fiction,0.0,Premium,Weekly,Woman
9239,33.0,"43,4179871410439",Night,Anime,Science Fiction,1.0,Premium,Weekly,Woman
1057,52.0,"187,1723941716086",Night,Movies,Science Fiction,1.0,Family,Weekly,Woman
3155,37.0,"166,24592693194893",Night,Documentaries,Science Fiction,0.0,Premium,Weekly,Man
3788,64.0,"230,64733053543563",Afternoon,Movies,Science Fiction,1.0,Family,Daily,Man
9190,53.0,"119,25092981044112",Afternoon,Documentaries,Science Fiction,1.0,Family,Weekly,Woman
7826,48.0,"192,0405834376711",Night,Movies,Science Fiction,1.0,Family,Weekly,Man
7540,35.0,"171,73977827301115",Night,Documentaries,Drama,0.0,Premium,Weekly,Man
7232,57.0,"178,74639439544356",Night,Movies,Science Fiction,1.0,Family,Weekly,Man
765,44.0,"154,53051438018775",Night,Documentaries,Drama,1.0,Family,Weekly,Man
5020,59.0,"197,63843437134727",Late Night,Movies,Science Fiction,1.0,Family,Weekly,Man
4904,46.0,"138,14685951676148",Night,Documentaries,Science Fiction,1.0,Premium,Weekly,Woman
8094,50.0,"191,86362879186404",Afternoon,Movies,Science Fiction,1.0,Family,Daily,Man
6844,49.0,"112,77036311608552",Afternoon,Documentaries,Science Fiction,1.0,Family,Weekly,Man
2166,60.0,"208,9063227748465",Night,Movies,Science Fiction,1.0,Family,Weekly,Woman
1863,45.0,"154,592272509193",Afternoon,Documentaries,Drama,0.0,Premium,Weekly,Woman
7851,43.0,"150,55135798136328",Night,Anime,Horror,0.0,Family,Weekly,Woman
9124,41.0,"197,360902348832",Night,Documentaries,Science Fiction,0.0,Premium,Weekly,Man
2341,27.0,"162,20202792170397",Night,Documentaries,Drama,0.0,,Weekly,Woman
5528,37.0,"80,6103563442973",Night,Anime,Science Fiction,1.0,Family,Weekly,Man
6744,60.0,"153,9723159018436",Night,Movies,Science Fiction,1.0,Family,Weekly,Man
4004,52.0,"162,95629865633498",Afternoon,Documentaries,Science Fiction,1.0,Family,Weekly,Woman
1124,45.0,"161,15448915638513",Night,Documentaries,Drama,1.0,Family,Weekly,Man
8710,36.0,"170,6800816946308",Night,Documentaries,Science Fiction,1.0,Family,Weekly,Woman
4050,69.0,"123,44162976063971",Afternoon,Movies,Science Fiction,1.0,Family,Weekly,Man
7641,32.0,"164,5435863453668",Afternoon,Documentaries,Science Fiction,0.0,,Weekly,Man
766,40.0,"150,425792187982",Afternoon,Documentaries,Science Fiction,0.0,Family,Weekly,Woman
2345,36.0,"183,62246229889277",Afternoon,Anime,Drama,0.0,Premium,Occasional,Woman
4072,62.0,"118,30867311635132",Afternoon,Movies,Science Fiction,1.0,Family,Weekly,Man
7217,54.0,"200,0929152939953",Night,Movies,Science Fiction,1.0,Family,Weekly,Woman
4217,38.0,"124,92649674507436",Night,Documentaries,Drama,0.0,Premium,Weekly,Woman
7953,50.0,"115,79647870874598",Afternoon,Documentaries,Science Fiction,1.0,Family,Weekly,Woman
5971,52.0,"140,45647024395228",Afternoon,Documentaries,Horror,1.0,Family,Weekly,Man
3351,49.0,"166,54902553452104",Night,Documentaries,Science Fiction,1.0,Family,Weekly,Man
4696,57.0,"241,9621567661409",Night,Movies,Science Fiction,0.0,Family,Daily,Woman
3400,44.0,"164,93233153708007",Afternoon,Documentaries,Science Fiction,0.0,Premium,Weekly,Man
4082,46.0,"174,22105677302503",Afternoon,Documentaries,Drama,0.0,Family,Weekly,Man
9150,61.0,"227,2221757917918",Night,Movies,Science Fiction,1.0,Family,Weekly,Woman
1225,44.0,"151,4984025814088",Night,Documentaries,Science Fiction,1.0,Family,Weekly,Woman
6293,61.0,"209,984587513064",Night,Movies,Science Fiction,1.0,Family,Weekly,Woman
3123,58.0,"140,55295304746625",Afternoon,Movies,Science Fiction,1.0,Family,Daily,Woman
511,40.0,"131,03962482332585",Afternoon,Anime,Science Fiction,0.0,Family,Weekly,Man
5795,42.0,"173,99114982364742",Afternoon,Documentaries,Drama,0.0,Family,Weekly,Man
8182,40.0,"155,4806489466833",Night,Documentaries,Science Fiction,1.0,Family,Weekly,Man
9418,50.0,"83,36633280337384",Afternoon,Documentaries,Science Fiction,1.0,Premium,Daily,Woman
97,39.0,"147,76340589150757",Night,Documentaries,Drama,0.0,Premium,Weekly,Man
6682,38.0,nan,Afternoon,Documentaries,Drama,0.0,Premium,Weekly,Man
1513,37.0,"180,6284928030902",Afternoon,Anime,Horror,0.0,Family,Weekly,Woman
8792,40.0,"148,3501681834724",Afternoon,Documentaries,Science Fiction,1.0,Family,Weekly,Man
120,29.0,"181,7707897751144",Afternoon,Movies,Drama,0.0,Family,Weekly,Man
7792,33.0,"183,5216930674447",Night,Documentaries,Drama,0.0,Premium,Weekly,Man
6518,32.0,"224,17621360992973",Afternoon,Documentaries,Drama,0.0,Family,Weekly,Man
34,37.0,"247,86639309083915",Afternoon,Documentaries,Science Fiction,0.0,Family,Occasional,Man
7888,39.0,"78,14537350197858",Afternoon,Anime,Science Fiction,1.0,Premium,Weekly,Woman
6831,45.0,"150,94910365907128",Night,Documentaries,Drama,1.0,Premium,Weekly,Man
5422,37.0,"181,57720646743093",Night,Documentaries,Drama,0.0,Premium,Weekly,Man
1069,34.0,"219,13487125286775",Afternoon,Documentaries,Science Fiction,0.0,Family,Weekly,Man
1348,54.0,"115,10542012233694",Night,Documentaries,Science Fiction,1.0,Family,Weekly,Man
4748,57.0,"116,63594443794491",Morning,Movies,Science Fiction,1.0,Family,Daily,Woman
6006,38.0,"213,41993070241023",Afternoon,Documentaries,Drama,0.0,Family,Weekly,Man
6040,58.0,"159,19416106837005",Afternoon,Movies,Science Fiction,1.0,Family,Weekly,Man
3818,35.0,"113,30354606024314",Afternoon,Anime,Science Fiction,1.0,Family,Weekly,Woman
8447,57.0,"207,3360068832577",Afternoon,Movies,Science Fiction,1.0,Family,Weekly,Woman
5270,60.0,"126,90364575371451",Night,Movies,Science Fiction,1.0,Family,Daily,Man
6898,33.0,nan,Night,Documentaries,Drama,0.0,Premium,Weekly,Man
5310,41.0,"121,08500643056306",Afternoon,Documentaries,Horror,1.0,,Weekly,Man
32,41.0,"145,16432091201028",Night,Documentaries,Science Fiction,1.0,Family,Weekly,Woman
5675,40.0,"86,36225344455224",Night,Documentaries,Science Fiction,1.0,Premium,Weekly,Man
4387,44.0,"158,25276939213367",Night,Documentaries,Horror,0.0,Family,Weekly,Woman
30,58.0,"131,11306773622513",Night,Movies,Science Fiction,1.0,Family,Weekly,Woman
4203,52.0,nan,Afternoon,Documentaries,Science Fiction,0.0,Family,Weekly,Man
7508,46.0,"95,79243431924056",Afternoon,Anime,Horror,0.0,Family,Occasional,Man
736,42.0,"92,1984128067618",Late Night,Anime,Horror,1.0,Family,Weekly,Woman
2068,41.0,"162,5789100422607",Afternoon,Movies,Science Fiction,1.0,Family,Weekly,Woman
107,36.0,"171,6456963725042",Afternoon,Documentaries,Science Fiction,0.0,Family,Weekly,Woman
9645,33.0,"73,72714095839113",Night,Documentaries,Science Fiction,1.0,Premium,Weekly,Woman
8895,48.0,"86,23897714783067",Afternoon,Anime,Science Fiction,1.0,,Weekly,Woman
8021,56.0,"196,93300736969152",Night,Movies,Science Fiction,1.0,Family,Daily,Woman
2233,57.0,"154,62686734735922",Night,Anime,Horror,0.0,Premium,Weekly,Man
994,46.0,"119,54622459399776",Afternoon,Documentaries,Science Fiction,1.0,Premium,Daily,Woman
9413,41.0,"212,57030319379876",Afternoon,Documentaries,Drama,0.0,Family,Weekly,Woman
7059,38.0,"75,64490434076427",Morning,Anime,Science Fiction,1.0,Premium,Weekly,Man
6790,58.0,"194,83161655220428",Night,Movies,Horror,1.0,Family,Weekly,Woman
361,51.0,"105,54571246199862",Afternoon,Documentaries,Science Fiction,1.0,Family,Weekly,Man
305,39.0,"162,5545714703616",Night,Documentaries,Science Fiction,0.0,Family,Weekly,Woman
2628,40.0,nan,Night,Anime,Science Fiction,1.0,Premium,Weekly,Man
8966,59.0,"248,15517800102447",Night,Movies,Science Fiction,0.0,Family,Weekly,Man
4514,55.0,"120,8403409001613",Night,Documentaries,Science Fiction,1.0,Family,Weekly,Man
5911,49.0,"159,93785078193486",Night,Movies,Science Fiction,1.0,Family,Weekly,Man
8314,53.0,"183,8553128991844",Afternoon,Movies,Science Fiction,1.0,Family,Weekly,Woman
3101,50.0,"199,8528640990789",Night,Documentaries,Horror,1.0,Family,Weekly,Woman
5704,30.0,"155,13482390207488",Afternoon,Anime,Science Fiction,0.0,Premium,Weekly,Woman
3899,39.0,"54,28516121149433",Night,Anime,Science Fiction,1.0,Premium,Weekly,Man
5441,53.0,"186,8255928956364",Night,Movies,Science Fiction,1.0,Student,Weekly,Man
7931,57.0,"188,03342424918208",Afternoon,Movies,Science Fiction,1.0,Family,Weekly,Woman
622,60.0,"174,0952068858745",Afternoon,Movies,Horror,1.0,Student,Weekly,Woman
7236,40.0,nan,Night,Anime,Science Fiction,0.0,Family,Occasional,Man
2499,50.0,"123,17708935229092",Night,Documentaries,Science Fiction,1.0,Premium,Daily,Man
714,39.0,"166,51998673998514",Afternoon,Documentaries,Horror,1.0,Family,Weekly,Woman
8404,57.0,"222,71469485736137",Afternoon,Movies,Horror,1.0,,Weekly,Man
2856,58.0,"156,36640966217058",Night,Movies,Science Fiction,1.0,Family,Weekly,Man
4270,56.0,"160,41439527367754",Night,Movies,Science Fiction,1.0,Student,Weekly,Woman
2909,46.0,"210,8582719771776",Night,Documentaries,Horror,0.0,Family,Weekly,Woman
8081,51.0,"193,0945984065838",Afternoon,Documentaries,Horror,1.0,Family,Weekly,Man
4517,34.0,"143,9516352910568",Afternoon,Documentaries,Drama,0.0,Premium,Weekly,Man
1262,37.0,"71,37613651899295",Night,Anime,Science Fiction,1.0,Premium,Weekly,Woman
3161,46.0,"210,2253811388186",Afternoon,Documentaries,Science Fiction,0.0,Family,Weekly,Man
971,44.0,"185,2859394715272",Night,Documentaries,Science Fiction,0.0,Family,Weekly,Man
3913,32.0,"120,53549270122194",Afternoon,Anime,Science Fiction,1.0,Family,Weekly,Man
5199,42.0,"120,3869587266347",Night,Documentaries,Drama,1.0,Premium,Weekly,Woman
8847,45.0,"101,37791076738736",Night,Anime,Science Fiction,0.0,Premium,Weekly,Man
260,39.0,"191,2451328363061",Night,Documentaries,Drama,0.0,Premium,Weekly,Man
3791,48.0,"205,8685936283574",Late Night,Documentaries,Science Fiction,0.0,Family,Weekly,Man
9203,48.0,"168,57725630638325",Afternoon,Documentaries,Science Fiction,1.0,Family,Weekly,Man
488,37.0,"104,33359328185432",Night,Documentaries,Science Fiction,1.0,Family,Weekly,Woman
7908,42.0,"149,90004467025523",Night,Anime,Horror,0.0,Premium,Weekly,Woman
519,49.0,"151,58890090634276",Afternoon,Documentaries,Horror,1.0,Family,Weekly,Man
8343,57.0,"136,49397117724334",Night,Documentaries,Science Fiction,1.0,Family,Weekly,Woman
312,35.0,"143,79916162596575",Afternoon,Anime,Drama,0.0,Premium,Occasional,Woman
3232,47.0,nan,Night,Documentaries,Science Fiction,1.0,Family,Weekly,Woman
7933,55.0,"141,07215677093933",Afternoon,Documentaries,Science Fiction,1.0,Family,Weekly,Man
7458,61.0,"143,5303685001344",Night,Movies,Horror,1.0,Family,Weekly,Woman
9784,41.0,"116,24811073685218",Night,Anime,Science Fiction,0.0,Premium,Weekly,Man
5184,42.0,"151,93566891782848",Afternoon,Documentaries,Drama,1.0,Premium,Weekly,Man
8077,43.0,nan,Night,Documentaries,Science Fiction,1.0,Family,Weekly,Man
6502,39.0,"143,13690641485044",Afternoon,Documentaries,Horror,1.0,Family,Weekly,Woman
6791,52.0,"130,0964677587898",Afternoon,Documentaries,Science Fiction,1.0,Family,Weekly,Man
7773,38.0,"135,53283173267442",Afternoon,Anime,Drama,0.0,Premium,Weekly,Man
2738,34.0,"88,34258817258475",Night,Documentaries,Science Fiction,1.0,Family,Weekly,Man
7842,41.0,"99,6316785454309",Afternoon,Anime,Science Fiction,0.0,Premium,Weekly,Woman
6262,59.0,nan,Night,Movies,Horror,1.0,Family,Weekly,Man
8206,50.0,"128,9064270628695",Afternoon,Documentaries,Science Fiction,1.0,Family,Weekly,Man
1248,32.0,"178,17196489301836",Afternoon,Documentaries,Drama,0.0,Premium,Weekly,Woman
9336,57.0,"171,9510235991047",Night,Movies,Science Fiction,1.0,Family,Weekly,Woman
4195,44.0,"132,35536571029957",Night,Documentaries,Horror,0.0,Premium,Weekly,Woman
8001,44.0,"187,0084473491829",Night,Documentaries,Science Fiction,0.0,Family,Weekly,Woman
7378,51.0,nan,Night,Anime,Horror,0.0,Premium,Weekly,Woman
3435,50.0,nan,Afternoon,Documentaries,Science Fiction,1.0,Family,Weekly,Woman
5382,35.0,"160,23208524980475",Night,Anime,Drama,0.0,Premium,Weekly,Man
959,32.0,"63,20438653004479",Night,Anime,Science Fiction,1.0,Premium,Weekly,Man
417,47.0,"174,69047732051547",Night,Documentaries,Science Fiction,0.0,Family,Weekly,Woman
5742,57.0,"228,6239509735277",Afternoon,Movies,Science Fiction,0.0,Family,Weekly,Man
6728,42.0,"168,958144529325",Night,Documentaries,Drama,0.0,Premium,Weekly,Man
4382,43.0,"125,04517041251452",Afternoon,Documentaries,Science Fiction,0.0,Premium,Weekly,Man
5197,45.0,"175,5121659705148",Afternoon,Documentaries,Science Fiction,0.0,Family,Weekly,Woman
1113,41.0,"166,99092897261494",Afternoon,Documentaries,Drama,0.0,Premium,Weekly,Woman
2689,37.0,"174,32842072952778",Night,Documentaries,Horror,0.0,Family,Weekly,Woman
6473,27.0,"208,79929597751672",Afternoon,Anime,Drama,0.0,Premium,Occasional,Woman
8820,56.0,"146,5974467679701",Night,Documentaries,Science Fiction,1.0,Family,Weekly,Man
7808,53.0,"223,1294176513248",Night,Movies,Science Fiction,0.0,Family,Weekly,Man
3411,29.0,"233,9342134919601",Night,Documentaries,Science Fiction,0.0,Family,Weekly,Woman
81,41.0,"80,99771004303295",Night,Anime,Science Fiction,0.0,Free,Weekly,Man
4614,46.0,"112,24775001750024",Night,Anime,Science Fiction,0.0,Premium,Weekly,Woman
1374,47.0,nan,Afternoon,Documentaries,Drama,0.0,Family,Occasional,Man
1510,25.0,"92,09589123835946",Afternoon,Anime,Science Fiction,1.0,,Weekly,Man
6443,45.0,"129,50978288686198",Afternoon,Documentaries,Science Fiction,1.0,Family,Weekly,Man
3071,40.0,"148,241688390554",Afternoon,Documentaries,Drama,0.0,Premium,Weekly,Woman
3016,46.0,"124,14701855654276",Afternoon,Anime,Science Fiction,0.0,Premium,Weekly,Woman
4823,41.0,"209,7714852776425",Afternoon,Documentaries,Drama,0.0,Family,Weekly,Woman
7822,47.0,"101,26797683193192",Afternoon,Anime,Science Fiction,1.0,Family,Weekly,Woman
93,54.0,"155,43120908708863",Night,Documentaries,Horror,1.0,Family,Weekly,Man
9421,62.0,"103,88901089263256",Night,Movies,Drama,1.0,Family,Weekly,Woman
6600,38.0,"189,4776983383224",Night,Movies,Science Fiction,1.0,Family,Weekly,Woman
4443,38.0,"114,95144333737564",Night,Anime,Science Fiction,1.0,Family,Weekly,Man
7602,37.0,"132,03825245280592",Night,Documentaries,Horror,1.0,Family,Weekly,Man
3835,57.0,"242,373514880068",Afternoon,Movies,Science Fiction,0.0,Family,Weekly,Woman
9702,53.0,"160,4448985451651",Night,Documentaries,Science Fiction,1.0,Family,Weekly,Woman
4322,35.0,"173,834155990646",Night,Documentaries,Science Fiction,0.0,Family,Weekly,Man
3394,40.0,nan,Afternoon,Anime,Science Fiction,0.0,Premium,Weekly,Man
4752,37.0,"216,77958876773357",Night,Documentaries,Science Fiction,0.0,Family,Weekly,Woman
7229,31.0,"139,6938041477193",Afternoon,Documentaries,Action,0.0,Premium,Weekly,Woman
9191,44.0,"115,09600787377708",Night,Documentaries,Drama,1.0,Premium,Weekly,Woman
2361,42.0,"84,71520525454544",Night,Anime,Science Fiction,0.0,Premium,Weekly,Man
1148,50.0,"189,10783494022556",Night,Documentaries,Science Fiction,1.0,Family,Weekly,Woman
5666,45.0,"167,80915217081798",Afternoon,Documentaries,Drama,0.0,Family,Weekly,Woman
8075,46.0,"148,95725339442285",Night,Movies,Drama,1.0,Family,Weekly,Woman
4943,47.0,"169,83257310438913",Night,Documentaries,Science Fiction,1.0,Family,Weekly,Woman
3663,30.0,"60,43151553526444",Night,Anime,Science Fiction,1.0,Premium,Weekly,Man
1563,52.0,"110,59373784991983",Afternoon,Documentaries,Horror,1.0,Family,Daily,Woman
4113,40.0,"116,8195183098621",Afternoon,Anime,Science Fiction,0.0,Premium,Weekly,Man
9050,41.0,"230,70148000063904",Night,Movies,Science Fiction,0.0,Family,Weekly,Man
9276,43.0,"162,96695058252894",Afternoon,Documentaries,Science Fiction,1.0,,Weekly,Woman
8538,47.0,"171,9861596518661",Night,Documentaries,Drama,1.0,Family,Weekly,Woman
795,28.0,"133,4642036522442",Night,Anime,Horror,0.0,Premium,Weekly,Man
5854,39.0,"149,09544283979326",Night,Documentaries,Science Fiction,0.0,Family,Weekly,Man
7619,43.0,"224,15878973931336",Night,Movies,Drama,0.0,Family,Weekly,Man
1594,37.0,"42,216754377091966",Afternoon,Anime,Science Fiction,1.0,Premium,Weekly,Man
7418,54.0,"160,06392137638255",Afternoon,Documentaries,Science Fiction,1.0,Family,Weekly,Woman
5267,33.0,"199,84914432278444",Afternoon,Movies,Science Fiction,1.0,Family,Daily,Man
7147,45.0,"169,8120836871122",Night,Anime,Horror,0.0,Family,Weekly,Man
89,48.0,"206,60852857884927",Afternoon,Documentaries,Horror,1.0,Family,Weekly,Man
8695,41.0,nan,Night,Documentaries,Drama,0.0,Family,Weekly,Woman
9732,58.0,"124,93058231961334",Night,Documentaries,Science Fiction,1.0,Family,Weekly,Woman
9446,47.0,"64,79979943211539",Night,Documentaries,Science Fiction,1.0,Premium,Weekly,Man
6754,35.0,"122,9197937912544",Afternoon,Anime,Science Fiction,0.0,Premium,Weekly,Man
3502,56.0,"126,92129564822244",Afternoon,Movies,Drama,1.0,Family,Weekly,Woman
2234,30.0,"117,28972382591157",Afternoon,Anime,Science Fiction,0.0,Premium,Weekly,Woman
2803,51.0,"220,8797965388997",Afternoon,Documentaries,Horror,0.0,Family,Weekly,Woman
4424,32.0,"117,20382979963232",Night,Documentaries,Science Fiction,1.0,Family,Weekly,Woman
5663,34.0,nan,Night,Documentaries,Drama,0.0,Premium,Weekly,Man
7170,39.0,"183,21095777726515",Afternoon,Anime,Horror,0.0,Family,Occasional,Woman
8337,66.0,"153,09105960212798",Night,Movies,Science Fiction,1.0,,Weekly,Man
2148,45.0,"97,73291946428694",Night,Anime,Science Fiction,1.0,Premium,Weekly,Man
7969,39.0,"188,085404352066",Night,Movies,Drama,1.0,Family,Weekly,Woman
6551,54.0,"165,77062473601092",Night,Documentaries,Horror,0.0,Family,Weekly,Woman
7643,43.0,"181,29978503481465",Night,Documentaries,Science Fiction,0.0,Premium,Weekly,Man
6164,43.0,"117,32408244966808",Afternoon,Documentaries,Science Fiction,1.0,Premium,Weekly,Woman
1495,38.0,"157,21021965352446",Night,Documentaries,Drama,0.0,Premium,Weekly,Woman
7696,41.0,"94,62349872445752",Night,Anime,Science Fiction,1.0,Premium,Weekly,Man
