temperature,humidity,wind_speed,precipitation,soil_dryness,forest_density,sun_hours,fire
24.932771339636503,29.23734463932689,19.40915148772317,31.72044241551845,73.01336283962233,0.6820585557761787,10.95694647059881,no_fire
27.816982312051927,55.70677129017125,12.675035656301752,25.977469845576724,53.23981059382453,0.4601082149948192,5.666197625748997,no_fire
23.80035250896294,57.928352097311276,20.059317633635207,32.77281757691312,41.8620088159456,0.44901671131739557,6.084841136784453,fire
26.35489668912978,47.184982396368454,21.314764963799764,12.959490716935122,75.501170347451,0.49795946653783124,9.74759698165666,fire
28.69518887513239,58.47131603004301,18.920163056003528,33.4856410661168,56.69414591332842,0.46898610286873743,3.9816406655129053,no_fire
24.220102602032618,37.4874778442611,22.741875973864673,32.66849911970089,64.80843875355625,0.6105737704578553,9.910013441850818,no_fire
17.264008979683652,65.47315809361831,18.77518680271949,40.026020234213014,22.185996901491567,0.46813491261521284,3.734867181112444,fire
25.39395309038651,42.46748698188881,12.223095470505271,35.66164569510293,62.18449155023648,0.6452472078601876,5.940197632450054,no_fire
24.66068372090978,44.261597792263316,4.24622565008217,22.06298661245804,47.74542073076554,0.5324995549688498,8.83823250930343,no_fire
20.199530921183964,70.10732227915672,15.888594086306064,30.17259780806499,19.23550874775436,0.3509233995547163,4.7401071736663365,fire
28.661653108046963,61.4293309834365,21.898358583793165,30.47459797925792,32.915043685943736,0.29198993085367436,7.8609203359441455,fire
34.533640733362404,46.58439933284879,19.64591168866669,18.712306068528548,61.339285655604904,0.34430176815870894,11.46275758911704,fire
29.364500975883033,44.57226069735846,18.300753751618636,26.149712338417512,52.56507302685608,0.43168916269314295,10.702463920227054,no_fire
33.69795243303713,58.100968180565246,19.9054361305412,20.623931319371945,57.44596744580589,0.31394547880680895,7.841308665128335,fire
25.521961786769047,65.03091294785753,21.511868683336793,26.150787214712654,28.9238220426862,0.28183942622529806,7.781254056027501,fire
28.84851619462609,56.19023008254288,23.746668174931173,28.239451073186796,44.129266122620706,0.34152629864489314,8.819862953334036,fire
25.082497957593063,38.86191354881838,20.421636090049525,29.022565135366627,65.23424458844406,0.5873072362410697,9.871603984248107,no_fire
22.349295244760143,73.3085776177248,16.599000940480273,23.707563165220243,28.525728001940966,0.31785703082762906,4.273705518884075,fire
31.332051664270615,69.35697655257495,19.037010874258733,24.361668243298357,30.816229184110217,0.19767338372528914,6.790825638544964,fire
30.04884357809986,51.9295946675731,21.16489277048187,33.166099534920164,51.68296506462725,0.42343448599870753,7.554159371542207,fire
24.953938526904103,57.3817416791521,15.673930617034616,28.870576559241783,41.77013220031259,0.43427584854119006,6.40063087546766,no_fire
25.970650202082627,41.25188959181181,10.499335328311249,28.17879416379961,69.10406893727335,0.6422578916231507,6.7464927515506465,no_fire
29.217534770598387,60.988441841373756,19.28741230625836,31.57248189985243,50.730199257606046,0.4068876537283043,4.64318830787589,no_fire
30.425511660666537,51.485631918869274,19.06030602665195,34.617122972904305,58.614621882583606,0.4792639798773402,5.944916328072174,fire
25.425885049027777,32.47033366287873,18.489227666647988,26.04822928311699,72.81389206296762,0.6348800731096702,11.127461857707413,no_fire
22.797408136566077,42.627981184709554,11.066413212026207,34.27122870384672,52.78520043488006,0.628885471641556,6.998019862157609,no_fire
28.7216254636875,48.48114977292437,15.748474124134175,26.002526532564623,52.082158259472585,0.441962796564297,8.924781267842178,no_fire
25.675912375552855,35.173801109253525,9.89035520481623,31.636330089281127,86.6634471320868,0.7866611528827612,5.140984115208636,no_fire
16.711034460291064,84.63273300180468,13.183251231527226,25.615465362600656,4.160735606500084,0.2662872749186521,2.3043558702755194,fire
25.999405457976078,52.4627411194796,19.330415953991068,29.64343712543546,51.435961129276514,0.46962493817899087,7.292048620851269,no_fire
33.835033842828764,52.77071931967784,17.797142866043103,18.100978331969326,60.256613270888884,0.33882410774276495,9.290883706119105,fire
20.432730423806955,68.84121628687053,19.01978394672879,26.213739275990186,25.648608636087936,0.3437940264141084,5.807296891026856,fire
26.912179886910426,62.52204109767831,23.489928562769286,37.313583716896126,52.169440580221874,0.4561378108797914,3.1928398932856323,no_fire
20.789420462346452,19.04268709642932,23.2382277119034,25.884954328095198,88.49552721298438,0.7993173049684821,13.537465099340013,no_fire
25.949560529323293,31.703655879544627,9.282764368940837,31.686819005985868,87.67699190306782,0.801598587901275,6.002225633956532,no_fire
27.99469719782833,55.45881358672466,16.180878210905597,28.740568524394863,53.053693755256226,0.453731267776951,5.903535520592539,no_fire
29.15857959804315,55.57004872370955,15.611610711703563,28.707933886750258,56.94654385127628,0.46107154700264746,5.338508780031261,no_fire
26.62050534200075,60.2570215265428,21.69895400388366,33.23456260631342,44.48014000767739,0.4086717876363983,5.575233115725466,no_fire
23.648439481009063,37.8892610745219,10.026525270764541,30.380081794220438,60.97493848543607,0.6568809522997758,8.102550740296,no_fire
28.64129935302171,65.53185303690259,17.23863262127797,31.07435440582058,39.23369528398677,0.34760521798247934,4.483529488694526,fire
22.87626617894994,41.66302779677791,20.235140025387597,30.10941824618558,63.07362696643939,0.6082395301388739,8.701494268631041,no_fire
27.167503398656194,41.18061834070299,16.341972166099545,41.83945651423734,53.323234935306765,0.5870475593582096,7.351189876564231,no_fire
17.778332207689793,30.334645092476766,26.759498694074445,32.60346742603943,81.63808444708089,0.7961017001162287,9.713413827481148,no_fire
34.102961403480236,54.361087424583374,19.985989739661058,20.77010067772922,54.83490413861104,0.30391673587655244,9.465566394972928,fire
33.00943982587622,50.53054405776375,19.208047989336055,15.128241598762681,66.49348128317455,0.36533805002122377,9.961253291783757,fire
38.284973451307955,50.629163053443776,14.895260175946223,25.35959057110412,53.437971099091776,0.3025454427771226,9.302276191632295,fire
33.81880725360894,47.29277381983934,20.867517969774603,37.080783146281384,47.56231231238007,0.3830574830878385,9.198160049137687,fire
14.530498969285995,69.28524872168693,15.3776522553678,38.274259025302456,11.398590828480105,0.44699387303821303,3.4152380386463514,fire
26.02021646375898,38.97739841484436,18.194485466550507,21.228396447890248,68.761343690226,0.557338538098036,10.765341080575894,no_fire
38.19257212467332,46.254464891240914,16.150917997000796,30.539813287435695,59.500037772935364,0.3746819957218498,8.872116675182657,fire
22.926480954716883,19.010297781747276,23.317097931654484,28.735073909455785,82.85706244662607,0.7533385062205533,14.030397925686163,no_fire
37.84406648977073,43.26136127281198,14.98067096001924,26.596214268803827,70.50103130799735,0.43194426849110085,8.822906919976298,fire
26.101743842895914,52.09798594871113,17.144435824043665,31.193103921788943,54.65015462598524,0.5095842225786874,6.128668863082149,fire
31.697930575029325,46.5889586131147,18.059360727281884,31.76501581342382,60.606333758681785,0.4729473421576011,7.840863804349917,fire
25.810662611551688,46.18692219708295,15.032588579802708,36.29795444939587,70.6639931319307,0.6639012816327505,4.000215064064059,no_fire
38.046613688612126,48.448691850838955,16.70013019794564,27.049417331612023,59.356279344173075,0.34511014124535566,9.089589357148752,fire
39.44593607469184,48.1073981946753,12.61277088816162,26.329621322799056,63.73598076262372,0.36927860743748625,8.043012142084692,fire
25.471477935450743,29.937189522850467,19.96127325086274,26.401869343427368,83.49789896892591,0.6945118795316547,10.600686159169765,no_fire
27.075465164109204,56.5693049745814,20.37366761023851,9.417571761470937,62.59914782397495,0.3728873558907682,9.353479371102592,fire
35.13974487567701,44.03197615725142,17.194170988795175,25.00698137356428,72.12214016640844,0.45623991279158105,8.803833826885041,fire
22.657747748600787,74.6163146786375,19.478463565537236,23.916052656699225,21.426473329183302,0.254340155885043,5.505343095044727,fire
23.357703995142778,50.728639504840444,17.739856693593232,30.00824588100454,60.05529384729245,0.5735094870424786,5.7968449007454925,no_fire
39.669160198830525,34.592829699250444,15.935907157937903,28.750707475943706,74.95596915988361,0.46118004112491706,10.902284686132036,fire
26.421050801301867,41.843536133016215,8.594530678967098,26.805148944585447,74.4453607539295,0.6664973661827656,5.74257134162868,no_fire
34.18166053309575,37.83588452407123,18.016971167836726,14.917789637394524,76.68515212059323,0.4452444547599932,12.48798631613736,fire
24.70411163865773,42.094134530376934,18.374588379441512,31.74813968237898,55.142318008740475,0.5565895348214325,9.210171848346489,no_fire
24.42475061851184,34.23057544677911,8.598572032147707,25.983751477923583,68.26261932211268,0.6771249510869894,9.017505227548222,no_fire
32.366034019366204,51.8342475298782,21.51557982399667,32.545445349560765,49.688233661971104,0.3721486392329392,8.411303273842838,fire
33.09053170232787,49.64482706435325,19.52536340070986,22.07347135435313,60.403735308080996,0.3738243478885461,9.62236334888664,fire
33.94294469738401,51.37638953458696,18.90119526241496,23.849023751800157,60.890836601799705,0.373889286759191,8.569207185334363,fire
23.226034650822676,24.365387600833984,6.550082699125171,30.364308724023772,86.6721411821688,0.8642368930569349,7.8617970604547445,no_fire
38.269162098720884,49.968411710977975,18.239622616841828,25.70192050011947,53.6372767010727,0.28819878791707454,10.11244147758997,fire
26.070955629554252,56.174468914830896,15.791791580330413,30.961885698049816,41.844078613261566,0.43370482354623646,6.472247313343331,no_fire
31.17773141136948,50.241651331838284,23.240268746501183,28.02504825466521,50.117517246543436,0.3582771055289177,10.104477742634556,fire
21.861507416142274,15.71706848815079,23.010465741173363,33.16414348968571,86.25840988862568,0.8265751700038466,13.355597196185109,no_fire
27.07723830422721,52.57866029594183,15.231590024304262,25.289366294731327,55.06456576272949,0.47055224960087216,7.000676586913505,no_fire
29.101988129691193,57.84471222467495,20.437903518460306,21.354872415989487,42.73510746994234,0.30198499625520486,9.414057868305767,fire
28.83349730322372,52.23840922385661,12.739304073415553,30.330441036455113,69.531920594151,0.5724402152911943,3.5244743488831984,no_fire
22.770798863654083,32.48263339018775,11.520160385565202,29.04622336589057,72.31683532326632,0.7311086697151887,8.668984273865314,no_fire
22.399284340347606,64.30902816577446,17.878808130435598,30.702340019551148,30.271382204811875,0.3874472404966775,5.571522414441368,fire
20.31373375825957,14.89509863461938,24.2670742089015,23.375579354323474,94.90328887779525,0.8319079888795262,14.654786192211787,no_fire
22.91785581469614,32.76397880361739,21.479526558001425,28.51516082254191,71.41499225736065,0.66134216072703,10.96390247115963,no_fire
21.646492016733347,67.66826929100215,17.93428929297311,24.77525681509968,36.86818513460031,0.3892062607678112,4.794689618307177,fire
20.043195011584714,32.91797318196933,22.27270742016262,33.02713316308995,75.44313399100758,0.7496692568860115,9.0579592133619,no_fire
25.90279306271602,37.11422503484269,19.61247056073855,24.94703448380111,71.0395942888353,0.5917572009922212,10.454995596901682,no_fire
27.88529102794479,59.041113682237494,20.000127649979486,34.702637901834926,39.5722073281708,0.38480060704780616,6.163547469883083,fire
24.800133847805867,43.210692089664164,14.56342007993199,36.64491259548521,60.83826263182394,0.6368981252562549,6.088820647360522,no_fire
33.7313327230777,40.429092003021736,17.327338102048092,11.183318786681266,74.20300211384442,0.41176273691925797,12.674853343033659,fire
19.76946644813819,34.23397401746965,22.092793553226787,30.069666493747782,76.84763205613291,0.7406596062362769,9.034292376123913,no_fire
28.968458803781374,40.67821439476644,18.731332003074787,39.53039963492981,70.18516084442754,0.6276957214623,6.307249975785427,fire
30.80879191069831,45.85589732160079,18.304844778781952,23.28057952828833,71.74862410886026,0.49629427786748576,8.317866130604921,fire
32.76540474702631,44.00700802846741,19.91349543199553,17.878113277674267,73.04623267763209,0.436419884709412,10.571228531686097,fire
26.074787977356053,49.42599566186601,20.955986789480992,41.637274725582245,46.23102055511648,0.5127743953921939,6.62636935654057,fire
39.6384489544304,28.731002919509983,13.929070989024357,23.15223735372981,82.9852604610591,0.4994837622383747,12.459678175486363,fire
30.715639804165484,53.89127231601256,16.13583652250967,31.422782240094627,66.84811608424718,0.5117943552787785,4.1135780865271006,fire
23.520162906494125,38.746813025996985,22.942035254365912,32.475920462071734,65.6542048552721,0.6199142833993594,9.3725967136642,no_fire
28.77307497943994,56.248374518665784,23.738920752757345,14.429235234168003,61.26860540496849,0.3525333932827123,9.441865716436508,fire
37.343248913638675,45.173450342787376,18.239895251359847,23.239963282092123,62.12928268872386,0.3472530051252464,10.840020075879963,fire
31.244611289416007,46.67248013451298,20.563918188419777,41.42679897061483,57.760182336823824,0.5089917243726673,6.4771017801134425,fire
22.848703124633374,38.879501211658905,20.54195498827181,30.87581781153425,67.46640644504816,0.643807609639599,8.831533610526865,no_fire
35.3737797440876,45.661461266835985,22.87788921637762,18.656517998530674,57.457226049877704,0.29326100969259916,13.143564905712916,fire
27.61359515777773,40.36213095810204,19.9752383457406,21.02343115163441,63.96224128707078,0.491269196497617,11.66998367339376,no_fire
26.35112951167706,46.515586083029945,13.308214484879292,33.34182590567529,67.7781878979164,0.6305152029334924,4.709724129490596,no_fire
35.55929602028725,48.939199212245995,18.164515269892732,19.67761098612513,60.56454160282867,0.3330107481197345,10.424342718425281,fire
33.866876759217,41.133278437788306,20.444678878412482,14.38846152776391,68.87103275118614,0.3796274860152098,13.175982793517942,fire
24.616387317947567,52.518570152767055,12.350528895285809,27.985304525065295,43.39081379102479,0.4756045790254661,7.176649435604602,no_fire
20.44161975922266,59.103646190681275,20.928862811124098,33.97201858533481,31.81938828566154,0.4418554385409578,6.640889214231716,fire
21.13744712821652,22.943746833223152,2.178152740616036,26.410665350770728,70.20652323978786,0.8079529894520243,10.448616868354579,no_fire
24.85685066226019,43.9258895421827,13.347054405629564,31.305355105461846,62.302874369399774,0.6161953204864647,6.623279534574469,no_fire
25.146297219556946,33.627988735113,21.224790412009,25.75537568632162,65.48545536387928,0.5769517673383662,12.446192118414789,no_fire
24.88141074145047,68.46844800016845,18.68386549552559,28.727661491374896,29.900308397489056,0.3201217553056168,5.253869793917967,fire
24.516624889323076,62.15632941344184,17.08542459990768,31.058740869884296,40.00786118539319,0.4232506402983171,4.8634460062038505,fire
18.508935869410372,17.029582304213793,25.666499372548742,34.56983430745164,82.88397484907577,0.8471038337394796,13.215374861042156,no_fire
29.501649688734922,51.62979665648315,10.675158029152827,23.777801287203953,59.87734426277023,0.48138365428905,6.307586104058843,no_fire
41.93130604261274,21.78670747245784,13.347086188832387,31.12129777257451,95.25586458699595,0.6060917455897581,11.230652552157872,fire
21.309342283170416,30.346327664653092,22.434182074657162,24.50344623407811,75.54144246763771,0.6843625420238661,12.038955769889318,no_fire
40.992676777112564,35.618601375580944,13.007838418005123,20.314112856315905,71.07251520037053,0.3815974599506402,12.649245625966254,fire
24.45138387143529,63.7641139222044,17.1590734472389,25.953467964604165,32.79310692974876,0.3471976421685665,6.594815604373777,fire
22.900747622958555,71.87737684977736,16.145311300676394,23.69002082988815,24.931442902793144,0.2959742351860132,5.246377305119406,fire
30.83234913768615,59.7625989430818,24.721042363413268,8.599286165191781,45.36020901526476,0.18116087954210752,12.49220365126303,fire
21.59365112892896,31.873303574041316,7.992098706773652,35.639843197880175,67.65282945947355,0.7859141336938136,7.126375485940472,no_fire
26.180683842084946,41.294360387000985,7.125648164601512,23.678983544821616,67.28885894845419,0.6206263220742043,7.351228442176365,no_fire
22.901707479260786,43.52160686724898,12.924258827261765,32.74841163335578,48.02571708640204,0.5778511335798641,8.172030847132504,no_fire
23.771837010302313,31.39824846141622,20.510068182637582,28.632951953225696,72.69113727015532,0.6659375227302744,11.097562266988552,no_fire
32.750156365975826,59.00200855156389,19.272503617162524,22.53772298906878,43.58466744067662,0.26356737595699953,8.893614776477206,fire
28.887208522457307,58.25604463859993,17.611291855426533,30.128886300471365,56.37540360375716,0.4517072974413811,4.619930270362307,no_fire
22.465673928202357,39.02065813752411,10.552242853529265,31.180514162773875,57.56687988549104,0.6541919100696312,8.008466720457035,no_fire
30.67600157444833,55.249928219510636,12.847706415355024,26.22048228695036,43.01981903791788,0.3620986656828833,7.6900418361395735,no_fire
28.53003756553051,40.18442219639017,19.300716072143878,30.637797479708848,55.785756652645325,0.49616570658910597,10.70022791892949,no_fire
23.2410390519917,38.56618000909844,10.149517964635157,29.94406605065886,61.814578128998036,0.6623605510969741,7.832493673478716,no_fire
26.88393101775152,42.13096577156584,8.254818671908073,26.560475779697292,67.04788962193882,0.6178638222242312,6.789169137529997,no_fire
27.07539933196836,40.215887949681985,17.795357215271732,22.644160076859013,62.95087921928951,0.5168914164270854,10.957841369961846,no_fire
24.584810010689107,51.28973449086496,15.598857981191369,32.07833435110187,46.77893146273531,0.5048264507095845,6.812065958247977,no_fire
25.07240931066311,54.768246912006475,15.585219504905663,27.674108757028115,44.22541520539839,0.4464525567959945,7.1502450848097325,no_fire
20.737638101950267,30.514290347843975,3.1619269753649157,25.826292866696566,57.98584019979438,0.7154137875872164,10.110348163777418,no_fire
19.327471929460103,24.47677242220365,6.314948606929776,33.72768302413534,66.65922490779434,0.8321073785222868,9.424598097943194,no_fire
32.09212175148443,55.023941219025076,21.342125236048663,14.589020704026058,63.46544802420458,0.33389529603142665,9.41728253321311,fire
26.592811708880127,44.153823662347904,12.387086575444306,35.15480507847553,74.9679700887431,0.6903266464440545,3.827001632459153,no_fire
27.13879479853033,41.289426199125046,11.06468634738287,24.206006603253012,76.00543541330764,0.635388873294249,6.909869490309391,no_fire
35.45090951160779,46.658946383270774,19.035738032472818,23.99431622549573,69.32665865760508,0.41168656031296746,9.038755521334563,fire
19.511587005047485,29.286959991362775,23.143552915583697,32.6402326847422,76.15299655065364,0.7639127011190832,10.320175540264449,no_fire
22.002598461189876,34.69631351359716,19.658778277156866,36.41178170418671,66.55614922134362,0.7023382447030093,8.731231666160028,no_fire
21.643440809365956,35.11611483350123,8.965500917400195,28.752290690225752,59.67311481989896,0.6830331353200674,9.062603126681347,no_fire
29.149130272814205,56.838722957846244,18.33677124432249,10.353644878183228,65.52920156021631,0.3755261542636508,8.469308504465195,fire
27.00525417128178,50.15957749436535,16.844700397568417,29.066300758453824,52.88951528275876,0.4800797132498156,7.559984756164801,no_fire
27.456826992719904,48.826244767092604,17.25792083819916,32.723258153335195,49.205078931894995,0.476708043022086,7.838083676457749,no_fire
24.475673359174564,29.790942554109293,23.227376366463293,29.143518093553084,72.56691737054459,0.6463853786729956,12.18552923358505,no_fire
26.178004805984035,61.42963148649176,13.532015777684594,17.755217687651978,48.40851238810083,0.38558815779942646,6.395041350214619,fire
24.052299552831144,37.21149962852142,11.102040161823421,29.942279094234962,59.87154381614506,0.6375018965623018,8.866523096265539,no_fire
39.43656648558452,39.138390199837765,14.582177004377069,23.8292786837907,66.49679687150666,0.3821688186686081,11.506741484904696,fire
26.644680177490958,60.95506577309263,17.703033352426456,31.43244453289646,36.46515390120134,0.3737421236499821,6.105777022376517,fire
25.38042224568406,45.549608803677614,18.929101225656996,20.551317245445233,60.5933657453837,0.49467261880494295,10.08549902259108,no_fire
30.27493820707243,47.46175360431603,17.416080293082086,34.14532429665846,45.02076052524417,0.42301752048836144,8.98241637320894,no_fire
23.621294029893193,29.48951658369402,5.168273171430297,30.054791908394957,71.5258360250475,0.7657455838698795,8.284151853773011,no_fire
22.26342016161,27.85373293119009,23.3295280830678,32.576912983569365,74.0442993366232,0.7136072927180608,11.519388052260956,no_fire
32.958854849151564,44.368790282594574,20.09874215986136,20.59140892263997,75.6419007869877,0.46291181884569854,9.512524812330765,fire
22.90142734034626,62.53928081641541,19.333410280878034,29.37691225524798,28.775802146035105,0.35962954654052154,7.042059925799813,fire
28.23223058286721,59.1584132366622,15.450344267462745,29.377698905813137,47.198065358703616,0.41558172111397534,5.310709951251438,no_fire
21.046957314880366,31.62046986794286,8.959369258335675,32.95562216141328,56.418543786397876,0.7094008285283397,9.614248751694479,no_fire
30.142306864159398,61.48311125071697,21.230099669236868,30.390407285987415,61.93726779958064,0.4358096171748111,3.6402577999186287,no_fire
26.00472526081151,48.93473452751961,14.730510140622876,28.17164619552438,60.05885747954715,0.545286617491232,6.517534937297234,no_fire
26.022637301622872,48.02839210083472,16.245147410503478,35.209148152711656,52.40254717528406,0.5395397866520097,6.64022543632966,no_fire
23.378214125649688,34.853815750612654,5.638484497809148,28.688200268386414,71.95710849237844,0.7459000359902603,6.879928760734591,no_fire
25.844583470348525,68.54513589978079,17.043996867210424,20.986655310836632,32.702981893063395,0.28270628122387476,6.382579460814889,fire
38.53602717539597,47.843476960016915,17.920196543525652,29.386839393389025,55.6617587922814,0.3261830944299143,9.615505972799292,fire
26.29305945721587,45.0390502290185,14.803242281597372,36.550141581990815,62.60647492648222,0.6176343697841271,5.5165207096725615,no_fire
19.492866544024558,32.67514143286674,22.34596922879254,22.74366449165686,82.04948460593381,0.7310408762334664,10.47093090761422,no_fire
38.66484589797518,51.49120212040623,17.69064523130939,27.307580537451326,50.09741139076451,0.2715636742311499,9.713510298180793,fire
23.022654177790564,39.75360452131942,12.859105691640819,32.824290675737515,64.1873243094414,0.67770179624592,6.981980894050274,no_fire
38.69880136712288,35.380435403822716,20.21228107047565,26.001164452142028,67.9257090205534,0.3918538983088179,13.094310818365637,fire
27.051172078944084,49.38618709097574,13.209071881821657,30.925926283100594,54.60744900233708,0.524047292752536,6.362391265841836,no_fire
24.354434020521605,33.736388053908954,21.17818165217057,23.575627450776118,69.7819076561256,0.5991941345969761,12.162098286670641,no_fire
28.721538031786086,50.40923360565293,16.31325413578719,28.042209448629745,67.10006365676622,0.5302327915898704,5.739565038680635,no_fire
27.099935882583797,51.43777400442842,16.953734647011313,29.16167446055192,48.40161114066349,0.45000571109758,7.82588958367999,no_fire
22.336352786655304,74.79764559304911,17.132115992424755,21.165957483570867,22.99876909180276,0.26407519372448424,5.307960109054218,fire
32.55659825016278,55.027068160472524,19.78014092886537,21.531223187143393,58.678784721594894,0.35257354911537897,8.255468589583607,fire
25.884799021756564,46.39957348548866,14.801458934449215,35.944800330892924,64.94351175555714,0.6293317207984492,4.818526099493177,no_fire
25.65579797315286,48.53857217485434,10.663517510729692,30.177912999396714,55.23957150714078,0.5609212870273257,5.984638703744506,no_fire
25.690434012290247,43.456549334135204,13.615327955805853,34.19420157603407,69.13838840256918,0.6597909720644053,5.269895471709336,no_fire
29.224647533379773,63.317087099255616,22.146534069671645,20.70103365572139,32.16299951136238,0.211938915929251,9.746629719461346,fire
30.916023735682128,49.03886662586184,14.757280527991512,31.7004553572267,49.57859824660256,0.4351041530836126,7.890730196085324,no_fire
39.0899386592142,49.97728695472304,13.384527424175358,27.630383280565734,59.67057894121759,0.3502781790625136,7.858079067326881,fire
23.700534542803233,41.975492207406255,10.93711453506741,32.94533614120263,59.11145307647721,0.6451758174093714,6.674796668138306,no_fire
22.760566369921413,38.74614332092542,21.377785878193595,28.94129739031081,65.97205235349095,0.6201551040404889,9.70560970884236,no_fire
24.05252853951751,35.61171984326215,3.7482144367426575,25.248882679354967,60.22612048728517,0.657770060319621,8.851187847110053,no_fire
32.03696470160443,43.798221691112445,20.964237690508373,12.270702839599503,75.40062329545898,0.4199143952547586,11.70627450151914,fire
25.367149443701244,38.86356292255881,17.61973850665361,35.992964136380884,57.02590717526993,0.5969479833905125,8.92155659460125,no_fire
21.731589451136845,72.13434323176283,19.039038639254958,24.183074318503255,23.027986379809278,0.28807899716013635,5.785289719597603,fire
30.785272549534923,56.161258931482195,22.94439046711559,27.224589537257035,47.523399529433476,0.3302150094596743,8.655396284383638,fire
24.671505966111877,81.50926134449129,18.511812921579928,16.236538067147393,16.387704822152244,0.13525492760296262,5.874259626181868,fire
17.485594687221013,70.92587896001447,19.588236419461964,29.03022510859066,19.59902007057438,0.3622470569959538,5.101787576083648,fire
38.94888247076558,34.59752160145486,14.528861492201784,22.545981912668722,76.2851846535012,0.44893440645388055,11.738127450327228,fire
26.015748782105582,62.998810895060686,21.038256101957575,26.726812169698444,37.16610186613609,0.33257085758437843,7.051438895753937,fire
34.68270270313637,60.97671697041119,20.56953994585695,19.788292624832447,48.85528210810394,0.23425072557266535,8.652821006455701,fire
30.583045398614935,43.65673128013226,21.95864739097343,15.67599938715799,71.15776505101165,0.4335181565378653,11.606309649838808,fire
23.133696016410376,36.37566605924846,8.333484274673225,29.137876878656286,62.46638106111446,0.6792087644150988,8.225920148291642,no_fire
26.202798044134703,40.66092717481154,8.762700208586418,26.442247925657036,70.74889728432991,0.6490069036512935,6.757212779237226,no_fire
35.805367606090705,55.04175073543374,19.392856012775482,28.229742431862967,51.83608375418784,0.30989907483957646,8.076724778869925,fire
27.254292129427576,40.41945430169356,19.53743978560422,34.407171965347764,61.216638266526004,0.5670017097065523,8.831786300216265,no_fire
23.179214716110835,32.299120281022994,20.959528077337122,29.27773137468455,72.16037684082939,0.6706994833366513,10.752820123479179,no_fire
37.26298125191002,59.67661770447822,19.836044625124543,24.082899237108222,46.41534762989871,0.21681687968735597,8.636093662435696,fire
36.836727380524984,57.55048286691064,11.917380016856514,32.877558282593306,27.201842785228123,0.2225627849356775,8.392142553671743,no_fire
22.396950378103117,64.62378684432447,15.196776767116878,25.1288491682544,29.40105507141352,0.3627778017128548,6.314441723672336,fire
36.560220428216866,59.55946781281317,20.179113335799308,25.66235361794662,44.212093376407346,0.2230643623002817,8.61209910679709,fire
29.821697540348705,48.884410309203005,16.260329300308015,26.632346819536235,53.934008868106964,0.43580371574415455,8.634916595534406,no_fire
31.222859406004595,39.18782753739559,19.049747780144905,9.769080873972403,78.05582467559772,0.455098158583556,12.85457512773834,fire
27.75776071301411,47.6435676733648,8.797895018911712,23.79720894629401,63.0265548000922,0.546940970096769,6.483354551405355,no_fire
31.35193794376325,48.53949476191134,18.474561887446352,30.054835726596007,65.37671407414882,0.4864154146143339,6.94574129585098,fire
25.652751906600507,64.5389772524849,18.02746718922147,27.755836025329618,32.11323117552412,0.32954894093357595,6.378403482799863,fire
26.69374406363114,49.585937506507534,19.007276958656277,35.7795025501961,66.35845829348986,0.590843007970278,4.625880064215119,no_fire
32.723814004076345,58.139278938052996,18.20124431116538,26.778777407153907,54.50877159190412,0.36020559144117364,6.351046050319461,fire
25.435708488533507,43.645999127192184,9.456410866399251,27.237668787898937,60.315614597063565,0.5947202148736948,7.197942490759751,fire
27.624178769215856,48.762946107794704,22.085988621552737,16.844537009253198,70.47414053757153,0.46630439983760524,9.423674324092243,fire
39.046356550660974,39.483567398708374,19.757594250009255,32.1347022986219,69.25207402821422,0.4238173352989697,10.119310342849683,fire
34.49973896991559,43.571504927448785,18.581861571969107,28.339214790106116,75.18571872385802,0.4967790376129848,7.938904999639022,fire
30.600719492945892,44.10208326488481,18.661742651058287,10.968466205454153,73.97487346330324,0.43785474429421045,11.436159328645868,fire
35.16431718139157,55.01434801187142,21.83144669086135,15.85092460081769,46.71865086615542,0.19942404940622624,12.121955932479628,fire
27.737090935224135,56.973761888273984,16.142886796416803,30.677072652943984,46.37750303949176,0.42832135596943655,5.9131540650971255,fire
24.61052599266027,46.96047518454567,11.157848900891722,27.57508442520639,60.436206573438135,0.5907548113227432,6.286723299468941,no_fire
10.000407,85.7452717273129,10.315786098568854,25.79442865115446,0.004812,0.35768195017206234,0.999759,fire
25.062039959464776,31.61773880129659,8.793125415772444,32.6771604795274,84.14672689766348,0.804292141544257,6.098222480086255,no_fire
26.797817663613113,35.541598177479486,18.68187043173148,24.206009059711906,70.07966595695743,0.5782023576951842,11.196686281186818,no_fire
28.600892792356444,58.41567251686844,19.53910173945477,28.427697553775303,50.39805589317836,0.40013409570402986,6.212095655958735,fire
28.299640778829,61.59372710235161,16.315341710134113,25.963243528604725,45.70723979291529,0.37325501197561517,5.727961491367916,no_fire
26.328987170178497,47.13553808925592,14.831881643365865,34.44244438429269,65.25520947270577,0.6129352522656473,4.949206758622334,no_fire
29.158984908116334,36.95738774858269,18.693652277509823,30.287625311610167,58.80456283655414,0.5138941756538199,11.328239746208645,no_fire
30.470895269178776,48.84344296233975,22.29484475990657,34.47009735617937,62.88247344479418,0.48979015789875663,6.888587405827614,fire
27.370085119253876,45.887986973846694,19.945901217862982,38.969157534383186,52.54443055531766,0.5278281447220141,7.40725569347115,fire
30.203714772717987,62.0356460675105,21.713425143934245,18.743939027976367,49.382275184775644,0.28768602076946614,8.109332652661765,fire
26.51667329291867,39.66017275603023,10.863713757235455,29.02868671856655,64.5041562729674,0.6158605231183563,7.891804442011843,no_fire
24.735680215046884,26.801476485113064,17.850043764550524,35.96093432270984,64.93648053772523,0.6819360576236546,11.596693658755285,no_fire
26.35206588028237,42.79785737453906,17.926846765016208,29.662164921446255,58.30117540000488,0.537506766717196,9.127839398111467,no_fire
20.28470243183758,30.23174982951019,24.679947418828306,28.48583314938537,79.81331099355157,0.735459713135026,10.864419352892245,no_fire
23.751141133208463,42.4349837484703,20.66558925565926,28.504367984371086,61.97559444278359,0.5744578516107157,9.195572950490044,no_fire
26.464845754998333,33.3515838657471,18.53712823240054,29.47633426734913,69.90412072046504,0.6218057849084793,10.635510490596602,no_fire
33.90784651029484,32.12236342923871,14.798719090936716,19.320514278474242,89.95550363715782,0.5855190866357862,10.630660720080238,fire
29.12495279187467,58.42680922127103,21.430464027792826,35.45172949325628,68.25706167735315,0.5250043459857122,2.4269780068974867,no_fire
34.56725237989377,63.16960534150665,23.802161384515934,17.690007659115945,37.337008552324654,0.13343081364137663,10.801016324062946,fire
38.5065711953749,45.12214145787745,16.165736345967122,31.65859909592768,64.34715959311634,0.40713099297284044,8.308440395437982,fire
29.788243247829612,60.434364248938465,24.01530825359384,14.070740181521176,59.150389131572766,0.3103250099361702,8.689787114754994,fire
24.279744216806478,52.79052623954466,13.680280135098009,32.26246892052333,42.88024480188961,0.49584336494202463,6.415258359891061,no_fire
30.494182429342498,48.75754387547332,23.40999372065017,17.267711980303222,66.20865415571656,0.39462364176979314,10.627856538341044,fire
33.756279171618914,48.49002722118807,16.499337866482467,24.917275965444585,71.47189605168342,0.4645467643964892,7.154149808412056,fire
28.06120940776253,44.09984750614997,19.51661286586902,29.507159629286267,58.77299020276552,0.5009010006998722,9.24504179555444,no_fire
35.226237832436084,42.24076628013627,16.197592789442673,21.25894352025998,68.65126427173871,0.4228922624364885,10.55509811121205,fire
26.701247659523187,46.01958831569134,11.683537394552786,33.23498149171565,68.40316393855458,0.6390320198942936,4.504745442870466,no_fire
26.534049294348925,58.403083666557905,19.66363251193264,25.392198757315548,48.380885146262585,0.39995698402571384,6.958590615859771,fire
24.14244574946205,70.74181715752685,20.139054001562002,19.94745035479971,20.59818654175621,0.20958170118185648,8.127328783188728,fire
23.37401995366227,29.966526349783326,22.283931825254808,29.388719005252792,72.58081606218025,0.6694269148295384,11.721040454719232,no_fire
24.22436814883377,54.05937851179863,20.927684566022446,30.741237958091105,40.98727976782853,0.430595976759999,8.165516681011352,fire
20.683342044617657,29.52971958165354,25.098436085611816,29.242618038081023,82.2577834619377,0.7473956970486508,10.697560379209591,no_fire
28.640381053657702,56.19085795829177,20.4431744751217,27.31404621938732,49.09369666302315,0.38605451610728897,7.572205510706845,fire
18.539414204923673,29.974962187792137,24.264522923122456,28.735897955747888,78.86240667822648,0.7607730111043254,10.704353739724683,no_fire
28.80598169052666,59.77737934330507,17.391970868179293,26.281055804135935,50.99884277043333,0.3959759529512215,5.7538844960808575,no_fire
24.769743611557974,42.519489684487894,12.202485328255626,28.6388067109394,61.88088722586741,0.6090648256070201,7.497029650607899,no_fire
31.731876562711747,32.02965424273342,17.276766560634403,22.857686235041992,85.36469363260544,0.5998882224185091,10.752165824584054,fire
24.23103243809764,29.821752708583425,21.432855163769315,24.056566936719896,71.69406989714327,0.6238981963415726,13.062963773617504,no_fire
34.39424414755593,50.45264981651958,17.641623778545686,18.393464025923585,57.67887005456284,0.3251158419544908,10.391046337415622,fire
25.284980387015402,74.6700844232179,15.669094005517652,21.71045139985553,31.65072629440556,0.2810339695293804,4.037608401951279,fire
30.450925019714017,40.38989193993727,20.87288369178063,17.859342452335955,80.20436301642144,0.5150252356487552,10.56913481488873,fire
24.175090645424948,69.77611710743298,15.324599091930118,34.725876825338695,36.1306022360902,0.41903877994632077,1.7252604199997639,fire
35.6719959610664,52.77099775443132,20.09439581507634,23.403179091077295,53.89556505125189,0.2954217076853066,9.744205254243687,fire
22.67556560697989,30.318754383618884,3.1154837200240033,27.509315349480392,70.04335198673762,0.7654369453721426,8.259738148610847,no_fire
29.618075328258367,65.39586527099934,21.800644157617747,14.113800043279728,49.736724841687945,0.2598799693790699,7.983944076376713,fire
30.490714823438953,41.342799160114446,15.846358086022066,35.26190194027011,45.59672207001785,0.45586206735362683,10.301229999213529,no_fire
25.703433402588225,53.38266787138396,20.95654343880284,36.008742383709944,47.445168679588704,0.4792653024613907,6.423432074215742,fire
26.97888815175534,49.72486395934233,14.319634801376395,29.595858172640774,62.162536671230704,0.551720336625168,5.670723213677557,no_fire
29.15090262304751,61.641397593690584,18.342876643527504,31.05152340844115,56.91797545971057,0.4430629879301352,3.4313967295057233,no_fire
31.603385357937583,42.56453118003725,18.4025478504237,24.93032961587603,57.648494303125254,0.4241565099877105,11.203632385113053,no_fire
31.98450737082369,55.945031146192605,20.806894569878757,15.021477544221147,57.09114026122126,0.303114220054737,9.834542057701391,fire
22.601756191234198,36.489144488851025,20.112992379089768,30.239253952790826,63.920728600710376,0.6326766628918157,10.144273638348745,no_fire
23.252847683347866,41.90410806286262,21.045454458322904,29.47903017151497,60.01498226681026,0.5761685049512806,9.44350091576372,no_fire
36.20855636846541,57.655745262574015,13.973855899355982,26.19453241986745,51.01660684629379,0.3113283076543486,6.734214353466583,fire
27.101771108377807,54.24448452855083,14.589574371854042,31.708936281534072,55.558169052607234,0.5121689650119585,4.781476863237305,no_fire
26.201040680468914,53.3594852512373,17.0904509039232,37.877035787991794,55.222749808872,0.549827920164341,4.101433338956347,no_fire
24.607484621357667,42.36854730815334,9.253492521657886,22.15399064047462,59.913125582474784,0.5777837861475354,8.683041920365456,no_fire
24.74421672029439,54.52778782973387,18.24773485628974,37.66523569182099,44.20210637129058,0.49845624236826563,5.448544968303255,no_fire
26.52307301273152,45.28676915378141,19.860121960835293,26.079197437742526,64.9265172921264,0.5316404012555594,8.60948992589898,no_fire
28.54618820781261,58.65702923777478,22.86251730076369,9.5752351688035,59.161075477432576,0.312454455052398,9.881416814339184,fire
30.07343438225674,54.28141930391686,15.25724242815448,23.574001058088527,67.29332198091024,0.4790452552342486,5.457446420178207,no_fire
22.73068255463808,71.48290323116498,19.687440350296892,19.256975376565464,35.604558529751536,0.3109656952403607,5.546656962979633,fire
27.591196489750292,55.47951674415876,21.94799519766283,12.564750212384528,68.64252016726967,0.41240309529094216,8.490118681752831,fire
22.850799410496478,67.29148141463794,17.670392138020546,29.79650068053381,25.080486669211925,0.3391181852365701,5.605980955771756,fire
28.392801055955132,53.17244625398499,15.336499641924545,29.843981173109206,67.85527697256751,0.548782761698877,4.074417019404247,no_fire
33.51162998394069,54.05352362622905,16.833626142430866,22.33391038325992,51.435753553882655,0.3227452032149381,8.957424401154247,fire
27.334704617056463,53.02016667907684,11.303824308090617,20.846899240747106,48.80374140612731,0.42583456267056163,8.009160746922092,no_fire
24.349881742939672,35.47068830267641,9.796088613758396,28.85739760122572,68.78962645657498,0.6886834835483246,8.123130203630328,no_fire
25.598122089317222,52.070166647017345,16.593071010809066,30.018191626488548,51.173940414885436,0.49359178221384137,6.735970708685408,no_fire
32.11583841352936,33.62264055027619,15.286577271966527,13.976006534326919,89.46487468811821,0.569175480096226,11.312527781138701,fire
20.211438485009005,60.52124588527634,21.192558265944214,30.006486612003783,29.04507277028593,0.3996302976251651,7.533357820658939,fire
34.85764552655022,55.26375645542052,18.211337528682673,15.558288657440428,54.995403896221724,0.2690945256436935,10.079435609424849,fire
24.52580840921602,57.39495179727763,19.75208381919365,28.382620799680367,35.67929035294503,0.3795090070241305,8.213302137126464,fire
28.751396198134387,45.58209686538579,19.227175928652162,30.68147750363649,54.75122084591645,0.47308875108198883,9.124613097506595,no_fire
31.121748571480982,41.28210441297291,21.02184421504562,24.617834535933625,71.63599557075612,0.4958444866506967,10.112754921922223,fire
28.18069900452678,67.49597588200349,19.268709021656317,18.284254292199588,31.601472207077983,0.21477443379479744,8.29327168373248,fire
21.731814373359065,54.87686613397845,19.358440652782544,34.130462684239106,41.984909136228524,0.5013327999619179,6.303886931823691,fire
20.996405862720728,28.501518009007732,21.420610854329777,32.81808316337638,76.36107013145309,0.756363582843935,10.337436669472226,no_fire
23.49641216268114,66.73499402937621,17.919193329272726,26.050485789212885,30.978336457018216,0.33928300593240157,5.9178041139659445,fire
32.33669450478464,55.67582062130154,20.20096784560022,27.96260251767996,53.793969340582265,0.3642989371049678,7.3456029386531325,fire
26.14825063218873,41.60764759746525,9.251546930645627,28.482927988883116,74.66156902135681,0.6789996521957871,5.5019723208864155,no_fire
27.36767793350178,49.94235526805856,8.027672464682487,19.748260368946262,60.97322076675979,0.514281700991631,6.765023205172958,no_fire
31.226331779637018,55.3190673847393,20.160204356715276,25.717826774919292,54.052439038704165,0.36948273827682676,7.779597494259612,fire
26.556139015451965,52.957200742695264,25.80487157713067,9.14992198251353,72.81915539773222,0.41414809914733425,10.146606972756853,fire
33.37501419669037,32.536996056414125,18.27412363316458,19.752701630909876,85.53650103571294,0.549850059284088,11.713876813011849,fire
26.905857937981143,36.88056558127873,15.946773478807602,40.788576026458486,56.83998287159965,0.618118377720152,8.335451480710432,no_fire
27.205742008974145,48.55368227916341,12.656850764315664,27.825418439932587,60.94056233534274,0.5434235395752132,6.313452918176415,no_fire
30.205626588797386,54.95265021231609,17.78624657590247,34.17334859424362,47.11325397866415,0.4133786175448361,6.331536474707125,fire
34.627790263792306,55.50920908193062,12.956164257211608,29.870977796150576,34.45963454428752,0.27679235210388187,8.588977928860619,no_fire
23.334105648914843,40.518354625979015,11.825362962488,34.140743053098575,61.15523238562224,0.6682710196841133,6.703948500921806,no_fire
34.0571858589085,50.75971723103616,18.566611718596004,19.332078090370366,60.14116021977853,0.34350100104042247,9.863049883560507,fire
30.641173569359754,34.660717735042965,17.029057350612124,14.491121653798812,85.74381819945354,0.5604078414342577,11.57840954903862,fire
32.07105201743343,47.09353172264295,13.945871675102692,29.096732985034826,52.165486406305355,0.4262666298320404,8.718418716361757,no_fire
23.08392761555217,32.82501936566658,21.415414658670368,30.446585069598214,72.42549041465584,0.6767736979542334,10.359226533827856,no_fire
29.347563474863325,48.373936080866756,21.080543945826392,10.477946042057109,65.18328007593519,0.37835297519127925,11.817220181715513,fire
25.105653275559916,32.24470928512674,19.037574294333666,27.34068738603992,67.06514392938426,0.612882370058599,11.823047620546497,no_fire
31.16985885535313,33.69464633776906,19.286967252204924,27.384824415473258,60.90408803512494,0.4830825002165476,13.133542169451966,no_fire
33.912635687642776,48.46107205383329,19.26144171133021,18.172830713224766,61.983314424374484,0.35092889573612646,10.723733031568889,fire
31.00749446900624,49.94420542060804,23.691232972366173,10.678314821453418,61.99254859408325,0.31745248061315146,12.516455951832498,fire
30.77464761685184,57.579774473068454,18.78667962790043,14.952835876669303,56.16033776433744,0.32286503117898346,8.870536319646769,fire
40.19848167783174,44.58324886335369,16.7868366346857,26.592253385902453,62.99783035646373,0.34068717364014023,10.209240096027944,fire
19.746521763341867,25.23527528343081,23.459184556906294,28.173710339334967,80.95599920555131,0.7686849016382633,12.039882268337815,no_fire
28.951044419009612,56.92409943250209,12.810892808576302,21.173554528872764,57.36993525779448,0.432354110671985,5.95562566554848,no_fire
24.59253784779894,33.81442043620733,19.490557272275666,21.432286636467314,72.43766953690591,0.6068751813548094,11.913802342037892,no_fire
31.004088275979925,47.21639155574344,17.405577225410227,33.79865635317653,48.034727516164054,0.4276324155526531,8.793182197232525,no_fire
26.78777791639805,43.20950002809792,15.878656367747595,26.17399389146561,55.57391812122577,0.5049270900671348,9.827053497577094,no_fire
35.69843543140621,58.07728030103223,19.186951216583225,25.520647046310586,51.06787328521967,0.28325680587170415,7.781614019509592,fire
34.55799749554358,49.12148677723481,21.546434678543662,22.75974529312644,54.179120143141915,0.3109761740449931,11.1783364297029,fire
28.845580877213543,59.55310066153709,16.998401197558803,31.85596449144942,57.99850268587267,0.47224152396646174,3.4306807244048008,no_fire
43.68801889651745,49.227707912836166,12.582069498955288,25.343664531157543,46.708653102580776,0.20182014135128518,10.993064416543131,fire
24.345758248783383,33.16979385099897,8.363775203323154,27.522924536912782,68.6507317625317,0.6943258327573509,8.885686863939801,no_fire
34.22859336338079,47.239980498547894,17.981512894940067,28.501332632317062,69.2373991660447,0.46203433719028114,7.437627856377073,fire
28.501325056516915,63.347645295178324,14.775663919771704,28.086591177538303,38.06485989116217,0.34493186293670186,5.504689898531879,no_fire
22.159154133100223,37.7571490761152,18.899713769071784,31.222964026671878,71.65741851656834,0.6923924915961779,8.051815798603684,no_fire
24.114999520280413,56.385249166658085,13.441660795235707,28.85051207964564,36.980529613701265,0.4356063926443198,6.844972872510608,no_fire
23.309634320398075,34.50567364083135,7.585417624884726,27.295476319394812,66.85033810115137,0.6991581949804206,8.469211614155947,no_fire
32.40339072369802,56.05487611529122,20.049012914116975,18.51469624626034,56.10447709855647,0.3172660326889244,9.036477146627359,fire
33.965926562512706,47.14338652269409,18.48673835964099,23.303594823215565,67.6808045321578,0.42214370814460833,8.967112303607886,fire
42.70893283296839,50.576901863302325,14.759396026125465,24.78675907477217,46.017912594285434,0.19258465815048129,11.118371798600172,fire
32.89679102622115,52.4040083643434,20.792883477970946,23.688751058158637,56.38051487382128,0.34927623449153,9.200350908823086,fire
25.89225389050447,61.59657735477171,17.822984541465566,32.79703450334061,29.07117817955859,0.34955597153400264,6.599660790256352,fire
29.129552295342805,46.99991138037477,14.910721791489317,35.03822904483297,51.30887772409159,0.4967935250280213,7.310694438497137,no_fire
23.468004423189708,36.65343572986776,19.940446158390817,25.822232743458972,74.56262910305476,0.6524687633832003,9.62001002981646,no_fire
28.52402596535618,37.60272917634855,18.117151041923023,30.890659068563345,58.38561720174913,0.5263692347591066,10.835546842715297,no_fire
25.17420704944005,47.875886849014734,15.5187258739969,30.116378527718936,57.137270031258865,0.5516353260352125,6.89461655521848,no_fire
32.663442048818524,39.41316282285711,16.020790071974137,31.979207592502885,48.462208095574596,0.42339835851910895,11.586347368016611,no_fire
29.863061324340322,50.148070736753596,20.576596473415325,12.731196999538609,70.97128142625719,0.41527532120978083,9.837834839884469,fire
36.71992098617146,48.87989545011601,19.221373245772007,28.869594063142284,62.25260549843522,0.3764223313634422,8.458262151300726,fire
27.247527244471993,46.86312503096359,17.785563627305564,23.572238484931823,56.87385503444347,0.4680311859947782,9.528227978015142,no_fire
29.104694452410108,46.664958568888366,22.172386928950424,10.526193749909257,69.18992542593591,0.4029528900927147,11.961784952528696,fire
20.905974629327993,40.412249067066384,23.40410887596149,33.037153569068025,67.8857712445519,0.6675271618121266,8.121994410995724,no_fire
23.37732915077933,41.55243397638547,19.27520911422323,32.09606937309905,61.78391373302734,0.6118746410443703,8.334359921440658,no_fire
29.588292193379278,54.42413628479005,21.68131205787374,31.973877387440886,49.55428437783425,0.40110867556192886,7.388961898955846,fire
21.865691586800224,31.970348797153832,5.676633950634165,25.225742700180284,60.994901962502865,0.6930366585965153,10.023316018972048,no_fire
23.542648163607744,73.35879725093139,16.130513819203777,18.318275709712598,23.728701536365016,0.24229105689999847,6.269949387325818,fire
21.653863171499793,36.63657102984561,14.269849814063116,41.19011940661975,75.98524497715891,0.8164516105410802,4.427209853908531,no_fire
31.802649764292433,61.33302179888108,19.580997130074053,18.04523020969669,54.35043138812258,0.301824411158915,7.528325150828238,fire
34.39263594423568,36.87813561397283,15.688140310670823,22.203980822821567,84.95961618695235,0.5501175651510251,9.431199134459689,fire
24.855948137182004,40.89775236538479,10.989319109495725,33.18276716455352,69.69277908699176,0.6913814381011951,5.572792000490154,no_fire
26.41105028624351,42.33626331544781,13.330246024953563,33.668785607845045,71.88339588816234,0.6659062235613245,5.38306081212728,no_fire
26.33192658295256,43.42220708439817,17.299397684939077,18.93383586168122,91.09581175858652,0.6566818965284991,6.424250655967829,fire
29.153620409995725,37.87117487856172,17.20273472515564,34.66473079676695,54.43095105666026,0.5229984017444043,10.355294681176625,no_fire
24.935950549388657,51.39055704584477,18.137121016870516,31.593010893085506,53.87477569174526,0.5211614896762791,6.429898762793386,no_fire
29.30604059002902,48.652835672526365,19.995838030340167,45.52938396425929,55.44026647212127,0.5483096177943124,4.854744421097024,fire
25.889932717488513,47.057317456633484,7.737465494186131,25.236034369322873,48.305689889487844,0.5090246722746372,8.033754801566062,no_fire
21.68206554815076,58.04204071648766,20.13552184593391,35.30271702414687,34.08943210827715,0.45196609769208157,6.3406659699038626,fire
33.912690874794556,55.30497904284694,18.683848082264042,23.020212470117624,51.17104220786622,0.3053081722419042,8.883107552013394,fire
20.087025037422954,69.18871933527912,18.31170303318867,31.497477297406544,13.759088584083955,0.3184481047451989,6.035880355119421,fire
25.25976529273651,32.86828845715748,21.29017046948806,27.628318075932185,69.49556959886259,0.611078953466661,11.696121595357544,no_fire
22.84442704608803,53.1179810264847,17.052288727555876,34.36184220457204,43.57304779845108,0.5134543959767888,6.243527732753385,fire
33.44711336431929,48.5657106828464,17.659410606383567,23.328791700383213,67.6025520259141,0.430558661365267,8.27049917404868,fire
30.02911674415745,43.048212728122635,15.40924881700558,30.905898803221433,53.89985680342518,0.48002963270771287,9.376787227157056,no_fire
24.529369760069798,61.141886416450404,19.300889945364688,29.73567396096934,41.98098799104055,0.415632366974913,5.673815482644196,fire
30.690768075527135,48.885401741498185,17.251907197971615,36.1508437048473,61.19120703739774,0.5169998861758267,5.69903523056749,fire
34.85145007042763,50.80886520170634,23.09690036518988,17.82089763353463,49.79958408761802,0.2376254052075089,12.78905822878229,fire
30.056185006619586,46.028064051002744,14.765815338959227,31.483440057164938,43.98408480984013,0.42334141106259526,9.617691046947156,no_fire
27.29329568144889,63.8081015199035,18.050184323427544,25.131539833963817,32.81825259814658,0.2946216198981201,7.3413505552349045,fire
29.089271766742904,48.66879845196651,16.92868392031021,39.50237254031095,50.10645874390693,0.5020731708503383,6.3459557700078415,fire
31.665311725539038,61.769450961812026,25.253317657735128,20.399837595838296,43.89083548193092,0.2254568897326049,9.572145535613924,fire
29.382356716994565,49.281868690018186,18.409556672416798,17.501608917424456,70.32193217894107,0.4635727064169516,8.58829687260947,fire
35.714521075227,50.671127098666005,16.480301035933266,20.977723785584402,60.17334380651656,0.3417794706995325,9.29088529576395,fire
25.063744278763117,51.64351082179178,16.237842591155978,30.750117388931002,53.97436384114532,0.5250286374488413,6.143207538118311,no_fire
30.10990632878747,42.7733957409216,16.922425557300116,29.15712362919019,55.39261929712517,0.46816582404703233,9.979157878669275,no_fire
18.013507807139746,69.02783408448825,18.27770416360555,31.957251444769955,22.545462054391205,0.40199441265690894,4.396098052828802,fire
29.78097226473546,48.95403309251326,15.015110805919695,29.83928388188489,76.76845146734034,0.5914182329837121,4.235022243592347,no_fire
27.159743465614753,33.76207864138594,17.05966014754958,26.374809412706135,67.75279335903917,0.5876608953747331,11.317162996642512,no_fire
25.643958846952643,49.55880297386848,13.145416943696837,29.586555279782175,50.32149763905318,0.5125190291792687,7.043236937458182,no_fire
34.4310640156519,43.21637810753745,16.831024327168418,16.759728847024853,68.25029273743169,0.39807071149171663,11.363734203614323,fire
25.864815037685993,40.856645398092724,10.108914483251205,24.14677671523961,65.45929589113048,0.6016684116956832,8.24299244781729,no_fire
39.00465300041771,59.64260804994932,14.107283721996678,23.9753887837859,38.65832307184207,0.180518186232835,8.83949320997263,fire
27.33948286302651,39.50825172491192,17.62236734038409,33.52292035283252,59.7766799384791,0.5658822042789926,9.146366062265901,no_fire
36.692305735357486,61.07458662502273,17.65931648907659,20.979686989427773,59.0768993254004,0.28587154746951826,6.49525509605571,fire
30.021024064278883,46.85333266645303,15.195095811680856,33.163443276313714,48.56405939827904,0.4552179667853512,8.376081095787269,no_fire
28.616174612643025,46.9428011092147,18.83224742376923,38.11675991188829,55.88981237034437,0.5264001239706138,6.704818692585731,fire
26.646767422878508,60.88186009329554,17.811060832139496,27.838955881478793,48.40751029945048,0.41779481175083355,5.218126770155484,fire
35.70725487458818,40.51253602065687,22.843080159004955,35.25437118721635,73.7242835721051,0.4970283850077475,8.610214571544512,fire
26.513884492616125,64.0815113837235,18.957752717272353,25.223252678686862,36.87425336436112,0.3234296733142382,6.720294887177099,fire
39.194354540091894,49.445708374239814,20.67125653503455,23.13010759886029,47.88543008653737,0.2133565544514172,12.362326246024756,no_fire
35.68071023614512,46.59516894445501,19.415507512323657,20.29829852031173,62.98281902625611,0.3476574753548084,10.958486395606581,fire
26.478512107121208,65.62968102363837,17.533767609344014,24.3899812977086,30.335901154415478,0.28628156923779224,7.073601872765272,fire
27.13011413701985,40.969819445967715,15.693264305313317,32.78664232951167,54.11053305028767,0.5400112961808703,9.24577389659794,no_fire
33.374498778067135,48.32994198442519,15.9552320876353,28.471074628939892,75.89801992961029,0.520780520944719,5.566551281864133,fire
25.137058739187538,52.16103290560311,18.169415543981213,35.395094791210745,53.09119110448419,0.5351757734454583,5.456438571615377,no_fire
27.0159926716425,34.151062497888745,19.327218844713343,32.12507326137158,60.22419670944284,0.5690699195786403,11.439280139220402,no_fire
21.8016687531182,30.42934382256888,8.327824175843745,30.181122987470694,69.12976223538283,0.7590572743124318,8.728944488117794,no_fire
23.26265419870332,62.85792928249468,29.994154,1.9997762937313208,57.13784309140598,0.2791884353322431,11.369391885380281,fire
27.4241404841749,66.44828753629884,22.986672044107355,30.15504366677743,31.019564860201154,0.2777269293111331,6.665460525525787,fire
28.920115101506205,59.35951602960742,20.902623155515467,21.729163612351872,40.68358281971169,0.28867600482619715,9.21800913666559,fire
24.738349783100603,46.70539487579269,12.700752791034443,25.889932927867516,52.70432105057327,0.5266843169804734,8.241959961529194,no_fire
20.54657219370118,73.31924294765744,15.835800778372867,23.930897019217205,28.11384195916694,0.3481902858406942,3.872926816250955,fire
27.450944628790637,33.22126590463317,19.90603938535921,28.91134623794871,65.90548872658617,0.5735478357023758,11.821547805362354,no_fire
26.710904316198278,57.71178283678498,15.775280968839137,28.621282543484817,46.610885932157125,0.43222827239526657,5.898078282561818,fire
26.397313112793725,66.2255979733203,17.813800157658974,29.24570690276865,39.58601064975965,0.36628392262047826,4.447001889972792,fire
20.750842804444208,24.91786135111189,20.683516125652154,35.458107134306964,79.16093120923962,0.8062239127028694,10.276954095470176,no_fire
29.148144438986836,50.88387571027468,19.77824628908211,19.04005380835272,71.27652768829196,0.46958938868907707,7.836866620892946,fire
30.19331090889223,52.88422210515711,23.078958245546744,31.638653155667917,48.77043339029737,0.3816245719561096,8.454491243959673,fire
27.434396112043846,67.43092132631374,26.836050391713435,7.175081154076389,44.54539449247766,0.1849498930809414,10.465180171443363,fire
21.999688844190423,31.527628669254447,22.014121419434254,29.846705725797527,78.53231381087444,0.7233834827276464,9.992270601718905,no_fire
26.2790489799934,49.15457266840309,16.13763932726964,32.462285623261316,63.68587890614401,0.5793928240596986,5.258661977978311,no_fire
36.42358525803017,43.88562013950491,21.698339219832242,16.684246641571715,68.21964419245182,0.3374183973435896,12.472717335912971,fire
30.865878791347715,52.90228493532331,23.554357024839735,6.305345464696905,53.0388718590079,0.23491422677993046,13.847271619798494,fire
33.64863643966818,54.415092441861006,15.551062729728423,19.671054728563682,57.50971764488238,0.3446925416023491,8.305483470344793,fire
25.141934642100118,47.59135883392126,16.28250190592822,27.38512693208669,48.92901706070308,0.4854139298753142,8.98378804889747,no_fire
23.035487611378183,29.47720202113444,21.132411350146274,24.718120418614333,78.61700327859849,0.687274427454821,11.773496560755842,no_fire
23.100517199580707,35.54402549818482,20.89198986934867,32.61438180676032,69.59290167331022,0.6698308911524993,9.296319657508695,no_fire
22.26526834353436,49.85484110995539,18.392161923012274,47.00044868718185,42.37918075112646,0.5951128594604456,4.7606362454745685,fire
30.704334705407387,49.63514735304237,22.810885112061577,29.210151489863517,57.080325523943074,0.41587206636925134,8.843430088992985,fire
36.66775469914536,39.64031111192263,15.595576249321155,23.544048018412028,77.06259433555222,0.47342741785829134,9.690647602162278,fire
20.177802881685608,61.24016115575198,18.52480143718936,35.758733345019735,33.58941695141534,0.4751148691904652,4.737100039430426,fire
26.85613283957402,55.69972483127408,16.967313128554636,32.783443035491445,46.886127258265475,0.45601562723767314,5.816736552467576,no_fire
27.712169050780368,58.7949939991678,16.61402647095389,29.029155298887584,56.39608935532124,0.46682781215779734,4.326266902356251,no_fire
22.03858898213229,53.92939631340896,21.09823982814239,37.97019852340649,40.689193354707115,0.5057968685671621,6.324884619114833,fire
20.383300225996955,38.22750082745415,24.371846357183262,20.542306168974616,76.37633598822504,0.6453063646834192,10.583017270586803,no_fire
27.05447941245745,63.3315088569131,22.83722233405699,14.656823695145443,52.92009732278044,0.31874124340860405,7.922974101542296,fire
25.77996517857495,61.22525395166544,22.03517621614345,27.1645035218468,38.93360775679839,0.3476805329403941,7.438270925514473,fire
27.041899887238003,40.49173342528309,17.701217241529427,25.108314719293325,57.30777918221674,0.5009264653050369,11.10978669453963,no_fire
35.870220647053,55.55806740292725,18.86103684336828,20.55295217696993,47.24810682567829,0.23713590687989855,10.25270942070114,fire
29.12600807380585,52.276252319624064,22.98330939769667,35.04334393149135,42.785861138492244,0.38738808859334617,8.58303624011783,fire
25.142561507562426,41.84275467301162,17.575929362545516,31.13317685060734,62.328950229238366,0.5918721078557705,8.262496077575756,no_fire
32.11000217354604,48.83208094282661,21.174361687240552,22.876463313690376,64.30351654612615,0.40778240574988767,9.338895555687486,fire
36.35609714271001,51.274890112924,19.656393312368895,22.204902530473355,58.21910856835445,0.30865247179007316,9.862744086033336,fire
39.4898414628508,45.45429059811437,17.34694551461588,18.675558620196455,58.74292677704601,0.27241976655938516,12.403671245484508,fire
26.7727976820619,40.9885234075013,20.00862564336829,32.6273077650646,57.416316467303915,0.5374702284166645,9.654302400871723,no_fire
27.247751900631716,59.879154371752534,18.268618801752435,33.97291658325374,46.303980313116426,0.43532531164156363,4.615860635032341,fire
22.424291957122463,38.54017881799041,9.2323274100938,34.64138887458869,57.102328365324276,0.6828152184354772,7.148695791386356,no_fire
32.4100089258321,59.329317964049366,13.667091205278147,27.255696810735692,37.90141564572715,0.29818096814544337,7.306525639118253,no_fire
30.437451402480477,48.29487675239896,15.645264432105824,36.13411764078406,44.30624040713072,0.43711119077134225,8.009179385712246,no_fire
36.54008116746574,39.07661350948825,17.391742475758655,25.649684823718445,75.18618639370062,0.468920852168798,10.02653572082217,fire
30.209343170809014,63.31356887969061,24.151600453119737,25.544791032753174,56.54670689954581,0.35230518438868447,5.592429064492665,fire
26.29338495533575,47.871886552161385,18.996882531970687,38.14674679439527,56.94416882246446,0.5635281051169327,5.963280691757597,fire
23.847891030270326,41.771915145959085,19.055183040422207,31.581756539814922,63.54129622414241,0.6122145628315687,8.140417427205106,no_fire
32.84374446528284,55.935739479407275,9.215228767441587,32.94431201577168,40.37592514147154,0.3763936181135491,5.836069384346519,no_fire
27.668305933834375,54.42785741633267,21.456199141659216,39.791439566426185,61.99373881225072,0.5493370230356771,3.442585747357858,no_fire
25.125106266081193,55.57227851243988,19.981698332727124,46.317546709047235,32.709723240410014,0.4692834422648188,5.234813141746296,fire
24.13960441617373,33.4763859291091,23.147080127046262,24.160463848442436,76.80841658997835,0.634543829438845,11.461911444167047,no_fire
24.0746806916706,40.16650105504782,13.813673181599476,34.84588765578369,67.70585612332032,0.6876373078458398,6.209708574312048,no_fire
30.404406318812036,45.53072658239131,22.427500953613006,18.70141623791045,72.63544722103605,0.4554412781675679,10.164741496986466,fire
23.772388434735362,62.46689267319701,20.165958217665473,30.19323744505673,31.03297323561209,0.3597212413196511,6.838907208501908,fire
31.990076938830043,58.41408068637456,19.19692066986392,14.60562286036002,52.7225426647032,0.2786966590007199,9.442071449926692,fire
24.23423940993885,45.92747250169974,10.988542042569694,23.382929332741618,39.55801731458384,0.4570870536794883,10.577854923964681,no_fire
23.15971852918174,40.79061098953623,20.725994147285114,27.85894732779332,63.381287087488424,0.5912266513653306,9.597123779044203,no_fire
22.482948657500035,36.134398531526244,8.546515809578448,27.73959125921548,58.41898828377062,0.6569071567789013,9.179421007956375,no_fire
41.82093242366463,45.07059972567677,15.976179611446613,27.82628697422033,57.744674533103186,0.29825748580098543,10.5924112170289,fire
34.22080582417496,56.70040375134931,19.9161809830115,23.24893871579187,44.488191004455494,0.2536838293783534,9.671511169579475,fire
31.81165924935661,72.46324308307047,23.941341168988927,17.50323697787995,33.95981299609337,0.1281955240511032,8.014002443498098,fire
28.190829050175957,45.29686519433439,14.644474710546561,31.548281207884813,77.65845041382079,0.6428186846775263,4.589338360590726,no_fire
26.62124203605729,65.91703580983051,20.68448230322119,20.445592948003718,29.544789987677103,0.2358862577256352,8.693659603572842,fire
27.19821474351396,54.6230076289564,18.250788347222873,37.34531048029633,59.870186894178254,0.5474765070790066,3.513894542680726,no_fire
22.894076153385026,52.83860552929961,17.585693969178717,46.004947602495534,39.821995663122706,0.5618501099464148,4.324107255340066,fire
22.95659516526675,34.70183615276886,21.622605525673382,26.179840601271753,73.33136993142918,0.6508411189527141,10.632640973500388,no_fire
27.28737853855838,52.59676170066298,10.924437135683888,18.529702324544264,45.6465778575283,0.3977991815768441,9.057977392575484,no_fire
27.30289305492287,59.61988927152062,23.95214636876523,13.125657607585367,53.96614456498879,0.31493222164955414,9.582792145337784,fire
27.022518326927077,66.04707976694874,18.553363646101776,29.222962739507825,34.05495862166598,0.3220088698223765,5.567339283585593,fire
21.68423970010783,32.845364642465654,9.623376395452748,32.85087376087605,71.62135663358654,0.7772073134690853,7.22915776009505,no_fire
27.275362091749397,36.19481127255813,19.329014442632435,27.501206911837205,64.89466923120925,0.5570043302334132,11.194929763094517,no_fire
25.641257243691534,33.94145996678196,17.066585634914205,30.628776174910854,65.02555377108425,0.6209229639390861,10.477069108788244,no_fire
26.142688401393162,60.935865314465616,20.01664656375091,27.71615595181398,42.086556524072265,0.3760219160402236,6.560519276557047,fire
22.749552052922,68.30281753805673,21.960595482125697,27.83687513123893,19.313401627298845,0.26817767044543017,7.4788614282913075,fire
25.490273443458463,46.08073017373454,15.202763281886874,33.45666921751735,63.0848517279196,0.6078004459149446,5.799750643999767,no_fire
24.588981103959114,43.69184141271052,22.685171588321168,38.61824959363345,43.22384597728157,0.5046744217050191,9.7707370108651,fire
28.48533763862545,50.74198727084925,12.699927236011924,26.154858226402137,62.632039970783346,0.5172616072803884,5.929288226771767,no_fire
33.34347863658748,65.97978809670416,19.023201482037262,10.495756116143825,43.455532383321724,0.16148948256987308,9.47478803028481,fire
23.698103105691573,32.544683287244354,22.369286748459167,32.232940895061375,68.01541122199488,0.6492291790845797,10.973959363950465,no_fire
29.721986815021495,47.17049438688029,20.535886118564562,17.26482889937407,72.63738163255361,0.46328781677735675,9.475563895306802,fire
25.501249747409496,34.478564536783175,20.528872897080973,31.687460092171364,66.03248419135018,0.6134553441711723,10.626607009738983,no_fire
24.1554659307863,45.43568643618019,16.258534962170344,35.64958750166481,57.10183674463991,0.6033449551174708,6.42670127961368,no_fire
28.561577822892236,42.922203310125525,14.873551064639017,37.373766100496624,50.0999468140417,0.5243304348546726,8.174940987319033,no_fire
24.749873274475043,77.05568158955319,17.50435627051693,18.379274729884994,19.181690224995457,0.18112466227506038,6.195213714271391,fire
32.529189944512616,55.021294103371034,23.881473706800417,25.21078103227221,55.804355737214536,0.33573985428311337,8.698883354944218,fire
31.662327549361265,64.70445802272124,17.21918170493049,25.162803633018484,50.14062064662173,0.32934192044673694,4.908092136740405,no_fire
26.62509083422109,59.16511865213664,17.98081396523044,32.18874102824463,45.22251043649886,0.43104415877569124,5.2700995368037935,fire
24.416743141364048,29.63821944970522,19.983019478325616,29.401133144246984,69.11974651635377,0.6490132043546089,11.988557963296154,no_fire
34.32360705529903,51.553051752694316,21.077110502391058,19.42627337453997,62.43302684901026,0.3360711773803012,9.816538346303378,fire
24.04068136365158,24.17577541307886,20.846423981142124,25.423192660337406,83.92324534407702,0.722558822144338,12.605925285870786,no_fire
15.748852152324677,21.688296725161393,25.49343560062097,30.139827410996208,91.4897195839912,0.8970850098410659,11.058845566771064,no_fire
24.955989301804486,37.51029200314834,22.044697823415124,26.670821659237923,68.70482189141043,0.5881356788495913,10.661815649621017,no_fire
30.69014052724128,44.986458168632865,17.123112050249254,27.475182215784443,64.95168786947275,0.495410647103979,8.367083737469422,fire
32.549458453947906,56.823916847140055,10.644640144447486,37.52691981894431,33.99257288014394,0.36274385984245777,5.699940955468597,no_fire
29.73066372814823,49.36714289581454,10.34977046964928,22.214013966893784,67.44417166370829,0.5186976065738195,6.239836395996651,no_fire
27.35030486435464,40.20094085716234,8.236805206422371,26.399163417587,68.4621799684135,0.6232087495704914,7.2967681990249975,no_fire
35.036895098160755,46.72028336137875,17.434778438391223,20.739879228374907,67.93018483340154,0.3989782715596713,9.579465846148471,fire
34.87653934660898,43.816228962986955,17.70715883100024,19.92258508942301,66.47877435425659,0.3944483657457794,10.95006255526938,fire
22.81803826723192,35.28409685210312,20.03196543125064,35.84777839815256,66.3965512270591,0.6820185911641876,8.885912995265702,no_fire
26.050705145722375,70.00804354726968,16.922608150435448,21.380666386011818,42.46330634654412,0.3335023236893674,4.384282995998059,fire
25.019128518730128,47.02670195256708,11.320195544366921,26.314687377735105,50.94467325775012,0.5225266355141112,8.046309263123192,no_fire
31.220783854129163,45.33398864646999,15.080993012782402,31.58084043769824,47.76633000565755,0.42786261252773117,9.485001877726878,no_fire
21.700606968854665,70.38397280598558,16.723927953253725,23.65975567890438,17.831798658689145,0.2745250039291648,6.739826415610276,fire
22.010648478439037,77.6309024431252,12.55292062950686,23.19274557681117,10.146556379526595,0.22870735764498187,4.813629491451638,fire
40.718260018425184,48.63909004391694,20.147799622309982,24.764666867559345,80.18917659723138,0.3871133887467967,7.574233022417781,fire
32.914409899243125,58.16280433228057,17.079733516302717,22.160691422515736,54.26255623022382,0.33374849026963205,7.232061335636557,fire
27.339571678257204,58.31402000853525,18.985896346590792,30.051270344803992,49.29118228468665,0.4263200327044767,5.745401007563567,no_fire
26.144090868798056,45.94907286964967,18.01087799524163,24.130013305303113,55.2234347172301,0.4798292770800791,9.834447904154093,no_fire
27.909528224982004,63.48337889642562,19.02215835621721,20.023399356285726,51.352836387191616,0.3526536562587739,6.177138814156826,fire
21.8292525123249,30.05142740364379,22.557200039290596,28.179470007034922,75.56588722892101,0.699746773126932,11.37984965411531,no_fire
19.44300687028755,26.055108713505593,25.954245140231404,31.708734443281823,81.05933099785963,0.7789168120294332,11.43437111317828,no_fire
35.79121764418531,47.580664264515576,21.159811145525126,20.18951257380198,60.64015173552599,0.3192929517474079,11.397411132562643,fire
23.213929839464814,37.82099935776347,12.354426035527991,31.563854886420103,62.99006404680562,0.6685244127582772,7.988495326660102,no_fire
22.49724932976222,24.043797350761697,21.687027843345916,28.89573896805583,79.16531993432886,0.7359036137356516,12.518667952755962,no_fire
32.09029971878139,64.23049236234033,18.515995165906936,17.372988341653294,43.902524159425546,0.23319597979997458,8.108228838291115,fire
20.846090675024026,21.557540630316502,20.98865093126752,33.28939510621771,77.17407907282941,0.7875275572764369,12.226043251183725,no_fire
28.24993546913748,45.14483324696624,21.493417403266463,13.101831374265233,73.85528580830423,0.46595991501214484,10.907971111758608,fire
32.75213412816885,59.61920667833839,21.312084373537772,12.367528617508142,51.84955899469218,0.2328426256649644,10.25129440938116,fire
25.92398594056163,42.86168059428557,12.485556142668361,33.79326761371721,65.72673712759108,0.6429606016023024,5.849044542442877,no_fire
24.699793420036556,49.46900072254793,19.463599885336336,36.899765704748646,59.046990000106035,0.5841442482122619,5.309874593388772,no_fire
28.692940582858046,60.00897848364568,18.611003769947434,31.929163717400982,39.92053811165012,0.36298969037381834,6.255896297240096,fire
33.443916271245016,54.67149780744653,21.89881700667447,20.498766004493564,58.755937132729954,0.3219172607966768,9.16550386210182,fire
24.53839921689608,43.7530675407769,14.5958124757079,32.6109142764323,62.88522140103712,0.6254642056753847,6.513313421389682,no_fire
24.054248821594605,37.26764810936709,12.111179013758314,33.942294559031204,76.73931344144628,0.7508019895201175,5.652044470717145,no_fire
31.854907975417863,42.93019339565187,15.444227670132898,25.655142933087586,53.00144110026491,0.41526731455284227,11.012460078868708,no_fire
23.380146755568852,34.65928577493291,4.593099406903299,25.292232006985316,64.482821790197,0.6895152358639649,8.606435024657493,no_fire
29.42809668252335,58.74331033916701,15.161820418158621,30.93723392264893,48.349450154924455,0.41679078387432605,5.0161835203396175,fire
23.4641164202452,52.199654330008045,17.692150051688397,37.41584167550729,49.579511514057366,0.5556554979775521,5.168206858718937,fire
39.18806798226534,36.51038886325577,16.684765650465,22.309141214898798,71.4824708207731,0.39913798098651176,12.37653962481051,fire
24.489700657489884,43.44851833728143,13.864544262184292,36.36472690421263,67.0850547686369,0.6782162875413758,4.965019720052403,no_fire
25.28896633029889,47.56924769789234,8.988080478042582,25.011590486835377,55.56493507310432,0.5484923022101733,7.033227903584238,no_fire
26.57638197855838,58.43662620710177,20.21196179890879,31.10878594507501,43.99023829590845,0.4070267981806104,6.400619793176011,fire
21.122210462706757,65.79529359882198,20.930561669796838,31.47636948864432,23.593729198918627,0.3518875785518603,6.374366149245779,fire
28.300822839660178,43.48735031482046,17.191213267624246,22.522061731780127,62.29320000174548,0.4888693521459547,10.071400915223277,no_fire
19.426930841568904,65.82485402764698,18.484260160903734,34.449040402115855,27.005412377588943,0.4289938101404325,4.427978245016893,fire
18.484645877554065,66.18974600192381,18.730265168039654,37.26839211901837,12.249802484735179,0.3754648958903192,5.762678777331288,fire
29.36039146241985,62.02410634245592,18.177444471113375,27.385706594258217,51.91974931826169,0.3890464060917365,4.884029306981362,no_fire
21.453853321931533,30.91313693975771,20.637507788856308,34.18701374458688,78.85836548381435,0.7701098492260277,8.775685385189915,no_fire
23.891247687044917,33.23565093256481,6.391530211910134,29.508067435551187,68.36648527986513,0.7232508029150588,7.969572314698854,no_fire
23.661754689685008,47.06344237141701,13.619442909677078,30.838073350126855,51.84092235104922,0.5623039970018271,7.16277084427048,no_fire
27.103899445028045,41.23157761548164,16.10498621431493,28.179684253614337,57.79835883471218,0.5292370863199556,9.762590861639636,no_fire
24.239812352971654,45.0120374587339,9.314965737720536,29.90448999091251,44.56682098322476,0.5379963073251965,8.276410504651652,no_fire
33.51370820927856,55.61740781446791,19.980228560462404,19.621949272512214,53.125495548680476,0.29256317291296097,9.497719205915903,fire
30.227850541327694,50.28202386241975,21.105399283120075,35.40969311799043,54.41528125765509,0.45488786738238635,7.174716508869945,fire
30.982242722351614,49.569833705110895,20.86158923236028,16.848988919385345,62.98436161060142,0.379444119979068,10.465806043209565,fire
25.655928516470524,45.62488878927097,17.423679080348926,5.263628027807847,83.50798539138823,0.5323566003858573,9.920617563966996,fire
29.390151154333093,57.08265467422309,19.096263648085966,32.34066981039261,47.493654179964885,0.4027302602654886,6.180555530711201,fire
26.80977118933054,53.30215666659849,11.83035657340176,23.709707582418286,52.374907758236446,0.46761590486657895,6.772350198730513,no_fire
30.882853138993582,41.553011183920745,15.80361786593678,9.137858425578706,80.1989008974534,0.4808401581794322,11.190639433681868,fire
28.047842689895532,43.86777961958286,17.01646663698099,28.604419813776122,50.035948202385214,0.4618390956664323,10.285275116701555,no_fire
24.596840744718072,47.60921923563028,12.983629747325146,30.12422872110288,50.12379940689962,0.5365838453792436,7.397792900221782,no_fire
37.23730722763296,56.1200318347952,14.94391232767071,20.43128060534427,49.55623950465307,0.2504459972374199,9.115738884402413,fire
25.435733143549818,40.85124755759429,19.997514038078805,28.91190221873319,67.37882987724203,0.590454137591858,8.900210196259799,no_fire
25.42185014025803,31.299374576704825,7.666480333446818,26.08377279601793,86.96993005749843,0.7811721645600072,7.113051954153883,no_fire
25.90191138335492,41.25301960048883,17.674791914899615,22.91072440996286,66.30761554194504,0.5526849178648875,9.883161628470958,no_fire
27.184553396772994,57.58662351833843,17.614524613986813,35.460868131485604,48.700016532908876,0.46903485748935686,4.508283358782294,no_fire
22.319641159826478,65.61734082824047,17.81190757938381,25.19622282413628,31.46577086830405,0.3578591285024898,6.218805205529872,fire
26.001211137415112,39.27011572535609,9.828229224025893,30.25402466172398,80.634171431203,0.7286533304234646,5.065196542935355,no_fire
23.815728145154267,55.770577924916,22.525819988698053,29.55807353637879,40.84198670199085,0.4144492211405615,8.193238689597916,fire
23.910401277807686,42.11769032155446,12.368317704977649,34.84709064596243,65.3418136544573,0.6800152103799271,5.603396445902515,no_fire
34.00913380018326,45.93335321729403,18.61268258553253,17.76777939273514,64.51924233881012,0.37186679623025,11.129956685200668,fire
27.384719631108037,41.75271135711729,7.106265886889804,28.145352803852333,72.61657386814844,0.6592564377273138,5.548511390670999,no_fire
38.70556510906256,41.87462648260002,18.64893489782737,26.133851854927,60.80666879172931,0.3441957044768045,11.699243250648768,fire
29.23869676878139,36.77666284549824,18.208194936740696,30.431569127120376,59.198753484268536,0.5191552393424532,11.202918921790976,no_fire
19.244157192967148,65.18656374533838,18.461639508216663,29.492569358335178,20.315725120419852,0.36523592919225034,6.732235306471872,fire
27.584510512085703,69.32873053544434,15.711075870840515,19.78766098844504,35.3085696994029,0.26965925325372203,5.976883693409438,fire
30.039305390342403,59.037538946561114,22.809897961812204,13.555638131646964,51.50739934215427,0.2714469167316854,10.163398476570922,fire
29.350815636209706,69.41526553796203,20.034461779695608,11.035612433034759,33.74278219592201,0.1545085970774975,9.352384960539723,fire
25.551491681071603,46.84370710220534,11.876790120316413,33.351901860465574,60.47507111711418,0.6090622344965124,5.267791377144047,no_fire
29.684676467529012,52.96160810289253,18.111909040909875,31.07217269284112,46.83376672604303,0.4037512319012663,7.724562680920773,no_fire
39.17087753631185,56.317303476429544,20.722266037175515,24.26181154857731,44.15313138878395,0.1808396690719119,10.454094225357087,fire
25.661250224728953,44.62293758403331,14.661264008018588,28.483542236458675,64.04459181554337,0.5868077792930788,7.180336308279969,no_fire
26.928581230212696,70.17305440932697,16.50084183512745,30.180022161639954,33.41804485964123,0.32661269016369754,3.668771456143033,fire
34.82641576654525,54.395659613430354,16.76262497325124,23.481721178533146,59.2412181539649,0.3535593294255262,7.595050261310465,fire
26.628741070817224,51.82238643173821,21.218495832628676,25.892661919321256,47.07541382308092,0.40314244734662713,9.49065649381058,fire
34.00226255652876,56.3410711707501,19.544515998785567,15.379276745695993,50.31425388369326,0.24371459649935256,10.63176093793953,fire
25.468261106138325,59.52628144339505,20.666223796698187,29.014017848130635,34.02184720400735,0.34897858282379113,7.949969657805186,fire
36.69635420784512,45.760773544199836,21.992715066942548,17.168391078559242,62.422172590776675,0.2970693064371349,12.714131001300908,fire
31.631560125569028,52.359353473368586,21.283401862329146,24.07678574099603,63.271916227723516,0.40634936402481836,8.040369600800766,fire
19.8619747009763,55.13927348851185,20.850781079114174,41.5675693533439,29.656762750051513,0.4969159595236247,6.387420795491227,fire
27.151641273207712,59.75069891062434,19.01917533686024,32.238089702747125,48.72722768847198,0.4354682606943474,4.845135944950988,no_fire
29.484919581470564,33.72818938441593,17.3244393687803,28.56226305411446,56.64459605680869,0.5030303259949906,12.835294631259096,no_fire
29.07535814584265,45.260913403125755,13.922505871933012,30.36404702244984,84.85415920198244,0.6669385158212613,3.779188951086691,no_fire
24.702360471048976,46.875492417486754,16.381643294743412,35.369683757307826,58.07788496627347,0.5942969725111051,5.985375174535114,no_fire
32.92370580445079,54.072259267031384,18.88006784616032,27.956885743396565,55.31701576412862,0.3761871213244023,7.436897110445673,fire
25.985051225097624,45.303691306536635,19.53428364732956,39.32281997744767,48.06597291439086,0.529539429725901,7.898742345956128,fire
28.243753087109997,52.532954807906094,23.49654618090383,14.347916809606517,70.56958562638495,0.4235363196943027,9.157572339839605,fire
32.1121981500429,47.93218259184539,19.185864913681055,16.270640136190575,67.09558015208798,0.39636845817598115,10.316683791893047,fire
31.57486484713903,54.74399537222692,22.34932339481979,28.067670477903157,51.36742968082014,0.3526128077005469,8.33015581642381,fire
34.14057684432718,47.63081360515156,19.344320585903628,22.24121364029092,69.42968153121096,0.41636715339726077,9.00274376657159,fire
23.597972986899208,31.28866299035438,21.048851770236865,30.110516182906274,72.05642021298834,0.6713053317781159,10.976504217086001,no_fire
34.51433862747995,40.59682733641769,18.45694188947165,27.703077992490957,74.76828323635205,0.4990929316272338,9.077478294654,fire
35.00909755588375,60.21933477166118,23.400590338803088,10.140256103121489,43.802653717051975,0.12644873662078723,12.508323540296077,fire
27.428425632192877,42.87291064657259,20.48694518373459,24.148128032933844,60.671778146281675,0.4852119883114335,10.71289691718422,no_fire
24.300283121705448,40.381789542208395,17.041451377644755,28.291505563021254,60.13682415125575,0.5815288075716614,9.481916433239485,no_fire
35.90694932746952,44.399390881815705,17.063583221191553,23.991836273287095,65.02223028210706,0.39850529794700823,10.044011049039888,fire
21.722799729629088,66.1542048386623,17.347665483525105,31.30269596183337,23.432569768072664,0.3610268571463338,5.645553941682512,fire
26.924471381007343,42.750716046054364,16.496577387436655,31.85932378518274,54.747704061433325,0.5312988991798828,8.935932361286637,no_fire
35.051819333518665,50.180942089301794,20.319236065726027,14.353472730420277,60.10638020021133,0.2888005944631151,11.707408182885214,fire
39.545021863109746,54.48210528421855,17.022955337084277,17.232562697768937,46.01609288029794,0.1686419724154132,11.654894425832893,fire
25.43451606286689,57.28957808112982,14.275829946322729,24.83148932204953,45.124063647959936,0.4292200891629129,6.6349799218422785,no_fire
37.67993172982146,43.832116456058756,12.654031863868191,24.091365810640806,69.95550277688149,0.42782928494884154,8.782063960127056,fire
30.48597194745625,59.17302063312137,15.65941106436842,27.870265572765348,42.164440440949186,0.34322426655137694,6.746642323912687,no_fire
40.67113898955252,38.73007841544556,15.515936121465021,26.681541367436285,69.16958388865167,0.3921842672976832,10.951913755625972,fire
22.615488656581654,61.971079887684056,20.29456498779726,37.31883557795751,32.241814439364354,0.4286668999525534,5.048108890551674,fire
24.005746625823512,14.259444440407943,22.82629218200483,33.48895017126126,83.65778369856133,0.787202795971738,14.384823201112175,no_fire
22.076362076398386,63.10287529091531,19.450313508060717,35.70065597249366,23.0689715637882,0.37709165435737724,6.158993419493503,fire
29.64720231623257,51.035311527986266,14.941748787787773,37.00834231242693,48.309742359024405,0.4733997763713327,6.080883075573932,no_fire
28.210940548323528,60.41955408433529,20.764160413458388,31.424557810644444,47.356798655993735,0.39491407220158226,5.533695020052513,fire
34.02137517898939,49.81471511068473,15.03001771442544,33.921632541000186,40.723958036896576,0.34945865475471616,8.916344586525694,no_fire
30.581453030709458,56.71544834876808,16.90425026462445,24.128028771802605,61.66304669703252,0.42711031228190854,5.7972023228234795,fire
26.511232503175908,39.49364358938426,10.43430843455663,28.635682264944922,72.72833072826586,0.6625383127578375,6.730554707418333,no_fire
18.88631237512601,28.34683290106625,24.141672206220235,31.119737527532834,80.20381350547605,0.7831312335005958,10.500995280849033,no_fire
24.359227906439553,59.560727845874496,24.706861829323056,8.056639765217758,59.70748805455079,0.35501491577491784,9.682225829299533,fire
29.38952058216223,43.31841243853955,18.251670710555054,33.61874782213349,53.80025100470712,0.4884576421712236,9.194983280975553,no_fire
25.946702743627757,54.51741037068878,13.848542611002298,32.03246371732845,51.203381363493584,0.5105664418230501,4.9479498885285835,no_fire
23.810522422570237,53.217524071226094,22.778562272263454,37.80347611796043,40.06763976323675,0.4670107681980455,7.280310006090179,fire
38.41813620796025,59.181127824485884,16.10109806971359,29.79535124175208,45.657075809547074,0.2542461662814911,6.956770461474629,fire
39.50596624836709,34.96363651793521,12.948167848804587,22.199776607216105,77.66756088950706,0.45452138849179724,11.237230731224615,fire
23.271773172338204,58.721623436844865,21.06787436455134,24.935753023175167,38.37263363422708,0.3804365389541071,8.292404524841675,fire
24.065081478243286,29.731874909619286,6.731020618348262,29.323362049148766,80.72541253520357,0.7962957089976113,7.408760736483785,no_fire
29.319131537108717,62.90766745435653,13.141491833834065,21.14857617067787,38.98577649938832,0.30551039934911034,6.873379775759447,no_fire
27.359000426179445,45.58993038465687,18.928650633247386,23.106006491715256,60.65115878369426,0.48138724168154234,9.744282196409234,no_fire
21.40025928127273,28.715936009301533,3.63932402319262,32.20990355218463,67.15339242977781,0.798771976007639,8.055421591734582,no_fire
29.57009503283394,67.25270604069969,17.866673700541853,22.468190369028783,41.954739463843765,0.28706787168008685,5.771575198628988,fire
27.134772969670024,64.04071894130564,22.697628617805687,28.472406982194805,26.211583593434195,0.252865660624207,8.434859271280716,fire
26.94552212110193,54.15883922686204,21.106986951141224,11.326714989589982,71.84341410813224,0.44075340489895615,8.46105910542428,fire
25.85376345900831,50.39897659991682,18.044735459861712,32.20918448081449,52.47369642883681,0.5067480716702799,6.918157628673,fire
21.28980511044455,66.8450334274511,17.184954203809664,28.178563500476372,26.67735194925527,0.36525687668659323,5.571421153359089,fire
18.47105647248494,10.004226,25.215403291541072,28.572484592550023,96.27315959769183,0.9070917763539996,14.775872369098918,no_fire
30.938115495992125,48.49706924881792,16.95754347040943,33.084001898644644,41.7796766464994,0.3882650636694253,9.365816653702876,no_fire
25.989632592243794,34.18898038915488,18.525072046740004,20.464844079886564,65.14607813451185,0.54388081739699,13.077718705286319,no_fire
21.96959123293182,63.95026822658754,20.956818797394178,27.96536388484023,21.191815067553502,0.3088362962470702,8.250654747192144,fire
30.816414556573605,30.122479658902385,17.00350992602138,35.86222694551642,58.22266463960187,0.5492428690406487,12.191110305431776,no_fire
19.86249514249821,72.69397620734101,19.637134728321648,30.343601776363144,14.372330796594742,0.30071250208455247,5.3362666695788,fire
27.73446697948868,40.85899591489254,9.732308300455276,22.505060981049134,73.84069380393605,0.6128049168927585,7.558031857921143,no_fire
30.978065067086924,57.11676605868972,21.65206248137865,12.702306408180489,53.47046730007835,0.2751982659121446,10.569215301332639,fire
28.20824901350207,46.04925074047976,17.64672570494347,22.619520562585247,53.486814208127676,0.4318720364518003,10.609918806671388,no_fire
22.618514556873865,63.41175551123251,14.904449324470578,36.54196551211258,21.494595140281252,0.3912927688930507,5.209000160157923,fire
23.47040377267175,61.10079874803168,19.36968851914431,33.263892888563305,36.329999450156656,0.4214015535713997,5.5786740479095585,fire
26.5864342403913,43.70223842825391,9.994907705578145,25.09524300728408,66.49880201838108,0.595593753989967,7.031552281189734,no_fire
29.4231058521309,52.0118954848363,19.12832239147495,11.806151044974698,70.01388976556336,0.41411731831740334,9.227310683825559,fire
26.060858938074798,47.96538292205955,16.38209808754838,29.819368493697965,56.22285122417111,0.5261710034927137,7.3726437144910495,no_fire
21.107902531720143,21.078308394605983,24.176239036427777,25.430827131859836,89.15435966679352,0.784397784812046,13.13341055553755,no_fire
23.385859255281183,40.360394025521934,10.016844682054364,30.99310265192217,64.86095438915864,0.6797010397768761,6.556913368379787,no_fire
33.29078155709763,50.221882934358746,17.444285022470197,18.173939115428624,60.94918222405648,0.3602590149669432,9.841366509402672,fire
26.792127776511318,32.64140687160598,18.173870138791482,26.303034151306576,63.802952703077736,0.5670634454638173,12.462353121617632,no_fire
28.82276901108253,39.76907934220698,18.161848469959587,28.44160759015369,58.8243093364488,0.5029721832040761,10.689677014352993,no_fire
23.418377973798197,74.28433770395611,14.037539210570912,23.254304504189275,26.66919516865665,0.3011186251050736,3.9415104140277077,fire
23.031770519765757,64.85208676948325,19.79610605793713,34.39583809703067,27.178876768297258,0.37099345658479044,5.494733719206399,fire
29.44336405126652,55.98869132924948,16.441795237264728,24.355975102447534,55.681695976406395,0.4166346928615663,6.607938644637216,no_fire
29.498515550902976,41.90556558712298,17.154679350661503,24.639958854445062,55.60660541987424,0.45131850735315854,11.232942252991256,no_fire
35.86059416995685,44.417379186827745,14.213532018014623,16.967108791689377,65.88926295650094,0.3769781121296854,10.918595840654666,fire
32.60326498117898,39.300718104448144,16.571039827611337,20.549609927643047,85.87125190696105,0.559743944670329,8.843990333319459,fire
28.587823529042346,48.07813033155911,22.446159204128644,35.406648700820945,47.530351924464654,0.4388112704552897,8.959958020891419,fire
24.18915971844742,37.19798616906064,9.725180437290014,27.34129974596731,61.40666404631753,0.6359852305440548,8.970478737211353,no_fire
34.577105615023726,47.214893534597906,16.192124802148754,25.124035489809483,63.54401782454747,0.4144955531396928,8.73214318110143,fire
18.271953697204115,64.58128688239539,19.79427295189083,33.49820690428848,21.275865928820245,0.4038417798277768,6.012218953571914,fire
38.515798429629136,50.19666844765274,18.309182113041196,24.226310454304897,63.1315176802348,0.32749783701310736,9.026425623614093,fire
26.547462702688527,48.78886622472186,12.50750887456779,26.86841573131595,67.28393671526491,0.5830201714400436,5.401314987614239,no_fire
24.631536620049907,41.12807717326889,21.50752153474808,23.75412265383822,64.41995413667527,0.5440932935471936,10.646792981565978,no_fire
23.370191500797183,44.33971079292421,22.036352895607703,39.00739972332296,46.582705747951444,0.5460769888554702,8.674396053335862,fire
32.610162716581144,62.87373559879127,21.242971873180277,19.01917396474436,47.8983047399906,0.2457927541506585,8.223248609588778,fire
26.651979593627168,44.712755779347745,8.106729579603353,21.608799276206717,51.38126563166735,0.4965490959167791,9.349996381541313,no_fire
27.12091778991089,36.29621308350606,10.01064798456997,25.391357434957172,70.65572943556877,0.632848833130266,8.803332483969657,no_fire
27.84028459097499,35.87497318997447,16.624419458902253,28.361177553461378,64.67348367679467,0.5694682163163316,10.635943996481569,no_fire
25.935879942580904,39.37052989353023,19.469131901223818,36.926429367996406,63.4975153996536,0.6183256228799037,8.057901519611814,no_fire
34.695624233192945,48.37396841111901,17.844535914619854,22.10801142851904,57.914194423907446,0.3495572137622899,10.251786258358313,fire
35.06677410948836,50.31020564685029,16.205767665655255,29.35551152695716,61.78383681317329,0.4152040780866323,7.092832707074037,fire
30.93004422636736,52.10868167963511,21.14839426007349,22.153233750179144,61.677101300809596,0.3973384007593693,8.67537375454524,fire
24.321798635541747,70.61294060366278,18.65948928810713,27.387245910045845,27.623175989354156,0.3016410434597432,5.129060933411082,no_fire
29.728360333734006,61.4031335412497,23.87169037019485,12.873635613605918,46.81056786367478,0.23283843019614275,10.436866700052516,fire
23.251048536935947,26.8954587570914,5.23588262523804,29.629643675759567,76.80265375529926,0.8048270798166837,8.400185669618107,no_fire
32.749860203401624,55.18032378120549,17.198280272567295,20.315628502277605,48.98870544078383,0.30258314591782487,9.395484326460261,fire
32.255564659038086,49.05373175757589,21.155494328118717,24.454557782674843,66.13493906253439,0.42521411871536785,8.649725922961695,fire
17.916108549652897,73.16941719747827,15.905657022181856,31.969830683735267,13.861292658601652,0.3575201790749618,3.829385911038277,fire
21.996033045531107,30.37003048827312,9.423555562866103,36.710567048610066,66.52137592805647,0.7759536770946529,7.887153863161253,no_fire
25.90052535226775,39.03306114651704,10.832055388133126,33.02503006640907,69.71767287335858,0.6810092819808098,6.31269319608652,no_fire
27.29501033131549,66.82181861621652,20.03213624113338,29.057882101582386,37.62608670629804,0.3261464003254137,5.180024814289188,fire
27.44652461490553,61.098212312493715,16.240068833365687,26.968662042035405,40.196147007939366,0.36311765567519666,6.336713366106654,no_fire
21.487182022834254,64.2273384506049,19.346020108799628,28.142291862779036,26.028726278147232,0.35290561986381236,7.0004274942059475,fire
33.931739673813226,63.70980217392491,11.848403711290187,25.51498249439552,32.638261558883364,0.23398272708088183,6.899526316364323,no_fire
24.52814877657005,58.97175708810718,20.44646064127138,31.03978977786229,37.87271435667422,0.3999430444291541,6.918730818584146,fire
23.21593451423088,38.76069143826989,20.76616150889213,30.862838257659885,69.01205730664739,0.6459336135238674,8.741995779040389,no_fire
33.082585908495815,44.30683761916225,16.578358888798427,17.065885340560968,70.80885066470191,0.4328710440139278,10.328825105028836,fire
32.38547376618433,57.48377580434099,20.95098962050409,16.18962620363596,51.8584910636384,0.2700815102502079,9.92860797290653,fire
26.608837997981464,48.382870603658006,14.770771162090957,30.27156652466278,73.66850297622425,0.6268908170344336,4.293329183802647,no_fire
22.119079810968543,35.17975131226764,19.38988134585197,31.563462991538835,66.10877217700221,0.6681657454276198,9.717882395790555,no_fire
28.00114731931027,47.87801169461997,19.04854503223388,28.410433992182487,59.39994088412401,0.4909368465542218,8.085044021450493,fire
28.31527566008449,58.62179150765171,23.470682375488355,18.85608948329594,54.2377545539131,0.3426377710907768,8.578527314686204,fire
23.86522883557685,25.692667012464334,22.115643382150342,26.0473453484351,80.95822444763849,0.7008657319723879,12.65773726615934,no_fire
28.351409182907805,59.810211760512175,23.082092534444584,14.34276773097044,51.24724919744452,0.2962831199801315,9.600677111677818,fire
31.635523477161183,57.6779665573258,22.441350096136876,21.519636737993594,53.078058782084696,0.31198304461305437,8.67218266775766,fire
26.18408794820929,38.261610494695475,16.451766229069005,33.31359231572389,58.637976163404154,0.5856400524066044,9.35779141159938,no_fire
26.173326511239818,56.64950626040459,16.477768067990112,33.265528439479866,51.43866950225169,0.49495926731672785,4.532515413712447,no_fire
28.249587377010155,46.147245408875264,13.655697510763448,29.200517805071602,82.21857829576187,0.6563563313087146,3.982873388424602,no_fire
18.63579178800287,64.65454068437677,17.647145192012168,33.08791475359529,25.533468943374228,0.43213098316159554,5.049577070576946,fire
19.999764793699807,35.82433327411444,23.371320931362085,26.43158143217352,69.74313819189956,0.6629445309026873,10.71238543190499,no_fire
30.895553514128977,51.1408821239654,19.58027860139502,13.337520182792693,70.95923526037862,0.40678014575020655,9.31048294758006,fire
32.98651847022556,39.48150443050987,17.594797247522763,19.84082394885849,80.89798010303215,0.5152712781725572,9.952054937260344,fire
41.34641193693204,47.26316005817338,13.57608309271964,31.926004543780547,53.15541546661627,0.3132554113292709,9.048326850352845,fire
32.35543942141573,56.047630245109204,16.284461605647365,10.440426003618256,54.44855728092379,0.28052856364084655,10.339290500406419,fire
25.78957534484296,50.00839637948822,14.71226493742672,30.87061211636641,55.17550456914563,0.5351231581548166,6.23856047250652,no_fire
26.454740406248007,54.0246137255063,14.840858165852554,29.047406128313526,56.3857276884123,0.5089704320519524,5.308407315387613,no_fire
34.96775218788688,49.28044191980044,18.88085702058867,19.092001122005627,56.96674358291027,0.31286929986992645,11.051954690452643,fire
25.246281636638845,40.24850511224557,9.677596236095656,26.865906225155022,65.98065425616376,0.6349068336602235,7.5594120283468635,no_fire
25.757331009964116,31.83411804804371,20.59213710057925,28.993690565245764,71.99677042253911,0.6331100198319555,11.264222392582349,no_fire
31.413482301885967,57.83991141007644,19.767725428793835,26.605287824224042,56.08278338826253,0.3790426104962066,6.408623500556987,fire
24.16999036463888,68.01989418948843,18.52694770345724,29.421737852078564,29.29197112879506,0.333754911269205,5.197795040389159,fire
27.458510197656828,44.387492383613335,14.443339319396138,30.842801114242846,65.94664540268977,0.5873591954080849,6.629818981285739,no_fire
26.026747961173815,51.42133832244831,21.62928342962922,33.2427497919818,49.9502969567094,0.4726558907803074,7.507075415728149,fire
30.52038008945808,55.25336799097113,20.493695195021157,14.293570657578975,60.57667867684867,0.343593085461553,9.44461696760186,fire
28.435974097966664,53.88646022472322,15.7974225769344,31.809032193876167,60.16164833357998,0.5126318628004451,4.631267828613836,no_fire
32.91799036818631,37.669297353785616,21.87353641507403,43.91659988996397,65.57491344346413,0.5602235663396066,8.145348252851415,fire
28.322013061701405,65.87840177334462,17.329767351775057,26.05012433198341,41.694174983504254,0.33336421983702524,5.142619233443805,no_fire
23.0844405297893,61.37236724468622,19.13026782715209,27.59316883023811,36.80810407421843,0.39516440080919624,6.624200229178824,fire
25.907503107168417,34.508886446963245,18.759938601055897,40.652204094713994,57.475683130011454,0.6256168659428243,9.494668428598732,no_fire
34.11840755818645,49.56704518928879,21.168244644984036,19.496314784569137,65.51093922851697,0.3616718387319337,9.975179317520812,fire
28.08241916361268,42.039368325677046,19.474248170107963,23.953138294786655,65.1780325664557,0.5077319577441877,10.234809859368399,no_fire
21.5988450884916,27.05116496112043,23.261601136167524,30.4252805652973,74.89917117886903,0.7174582653338979,12.041862514103236,no_fire
23.133064738922606,42.33867390674797,19.216174185435374,27.270788065524748,64.95960947961218,0.6014484401647131,8.679317897806454,no_fire
24.470076583284943,29.829512605989763,6.345260398371859,28.388907012009252,77.55084615200681,0.7686697416810124,8.034451279137993,no_fire
27.40694016037206,53.15231512107286,12.15937997340638,30.137825862311,53.63241444429205,0.5042960005975362,5.3048421693639956,no_fire
35.83473534115059,59.73794624866946,20.848892614412105,17.76870903237487,47.110987671005304,0.19650751545995096,9.988884393284991,fire
24.187607918704146,42.50429027990384,13.513250582260177,34.47960151732068,59.583750540926786,0.6335768910011275,6.693824450145859,no_fire
28.524525616441622,52.1050445645143,17.2171432490867,31.02512601103312,52.85369596733728,0.4620115423618273,6.774857221863696,no_fire
37.56378682222696,42.00639503252134,16.434339308917146,29.728966084042543,74.78441814906175,0.47450221192693703,8.141849765033387,fire
24.98932823333456,62.37834584061842,16.085774282337734,34.106555094468305,39.20614572536338,0.4359779505898884,4.060792319729469,fire
26.71898837167794,38.090460891772466,19.870927015681307,27.904401438820965,59.17383532280594,0.527397684376548,11.37685810199348,no_fire
33.21118924395395,52.22829653023727,24.497721535856495,26.56351328214757,52.017158357039,0.3167977157966653,10.065888684336183,fire
30.037919659579195,54.98812990072774,12.65222635803759,20.24624350785534,58.82930680177128,0.42479808185953494,6.689485797806356,no_fire
20.715920254447838,70.17102495522761,14.348247387380495,33.402541832370616,15.773360644129072,0.3528366823399585,4.230276737159778,fire
23.695424337312886,33.01380651591614,6.682436816010783,32.209456575870846,77.90621696119403,0.7953241368634714,6.0457892488060025,no_fire
32.55223124569466,54.99381733501184,19.858407819543217,15.962400419828757,55.959700783046245,0.3023531845287545,9.966300659230797,fire
25.373524524537743,40.00918319223349,9.039696026834108,25.144614601354057,63.2855323456405,0.6115922710653248,8.31263383283801,no_fire
34.36345139344465,62.01963105240641,22.558164339924502,14.402661704915506,40.750556853560724,0.145540322067796,11.13258474945303,fire
33.20488438868295,54.97167334910006,13.794599916089632,29.99886022198677,40.90252209700139,0.3313764015461452,7.765607375576796,no_fire
32.45668315391231,44.184778161834615,18.159790601409174,19.367591801756323,73.00217234267647,0.4598485533682282,9.764048764669466,fire
29.889448746244174,54.101906370397415,21.474634403059603,40.078674879457,47.65211064030532,0.4385454708099062,5.903038982229636,fire
22.360780500638096,33.59093327752217,11.4214352124725,39.28556132980938,72.24339698931625,0.7981286659850166,5.888460873151808,no_fire
22.63352327831999,31.50141754715557,22.343923500942186,23.901540899680132,72.59898411915009,0.6418302933393425,12.401853748190975,no_fire
29.195661778619158,44.61199411674629,21.26674611461813,16.946732793035444,80.59027485833658,0.5163578022212127,9.279937661299238,fire
34.86717831484087,39.31937855585218,15.342574823134054,19.681046597577186,85.29892396940537,0.5246324011246024,9.169989496759996,fire
19.132498497616794,32.119580900716564,25.33099719567685,27.411253525011112,78.10907862516603,0.727387909422732,10.738769824589069,no_fire
24.566668759244738,59.59656032143026,18.20582231507956,31.26958407739394,32.35570509741965,0.3813459993526456,7.009871007549571,fire
25.450237432785592,60.1781192345958,17.825574703664667,33.64145097178592,47.52282719035837,0.4685969037252808,4.078253130497456,fire
28.57465054781585,50.75373759533876,10.521708554783732,24.445244116497538,52.07839169638782,0.4589180940984655,7.427349191256844,no_fire
26.97134647062408,27.103683904658187,16.212187369596563,39.07719884828991,59.73422553164047,0.6477577573491033,11.50626039647959,no_fire
28.68272163007776,48.261693701308516,11.599099172772227,32.41622991267224,72.10813159319353,0.6196226690302062,3.6783401625404037,no_fire
17.92289593927631,82.08787228693801,12.94525924572941,21.067725578045142,11.715723937360359,0.27059427555267834,3.168478752027798,fire
37.199896721921945,46.11796290147616,18.85726172839355,17.9354079861876,57.56168937380886,0.2845635620984105,12.54417553923113,fire
26.387009281012855,51.00076225997053,15.839392855760897,31.917532932354224,64.97217026868087,0.5783251320302878,4.553204528223257,no_fire
24.747387910600075,35.76938179408613,19.46431012397552,26.38527963637479,68.91140215993222,0.6105001040852607,10.680978611820269,no_fire
34.92773908606503,51.174942430180934,22.572041381539414,11.974850419424195,50.63263286169407,0.2068308729587725,13.794617090876729,fire
17.50583144350508,70.84856192719475,16.934943486609935,27.46607020769151,13.712735680360717,0.3350133305148887,5.7961934926970695,fire
35.88375468355764,58.09773655261435,19.57523913310707,23.217434523240428,49.60905811733768,0.2556499081802308,8.628364959393746,fire
27.01213100282322,31.30437723609176,17.083950380230295,35.132432509830096,67.9462855773208,0.6520327341315824,10.04505712526413,no_fire
21.443955331958996,35.69028967140572,22.806818348166722,25.123303875125544,73.10535923693119,0.6558399042561733,10.637382769701924,no_fire
29.135549900329192,57.73513860634185,22.83506681676663,18.526735390265483,54.96704462266809,0.3386221621203675,8.808245983382738,fire
31.552884476330725,53.91308124270745,14.326847230415664,28.03116522629669,38.23752630342662,0.3285084296280262,8.840222715987606,no_fire
26.616227737354034,25.23949565326673,19.123768641651466,34.4425078632259,68.1637168892162,0.6593777733927149,12.497126351406742,no_fire
23.11675047487669,28.3263292458103,7.63659108953666,33.43245349991451,76.0962999242331,0.8085658044903818,7.659317742871079,no_fire
28.601631890145228,44.458238787890906,20.76261511732981,6.695634676960726,72.04256699563827,0.41683561486530685,12.76470207359341,fire
28.170378355951147,66.17821227634535,17.139940682165385,21.869772207134563,33.878978908442996,0.26609987062619445,7.101821401942021,no_fire
23.830306860560682,29.74323098258797,20.116655077486175,36.064170712330586,67.89043095829845,0.6912739148139557,10.549817826946915,no_fire
24.356138509384344,39.03361130075022,7.213528946081694,25.645639828922352,63.42329018268266,0.6439831764258248,7.9649183253514035,no_fire
25.47778480719805,44.987245136632765,19.040315029396968,26.269657768824814,58.246845898980055,0.5165741360704683,9.331668248293024,no_fire
28.92071649696974,60.91196698198675,24.913182554988754,13.838199581477712,53.58650020560088,0.2840347945073112,9.483346655851387,fire
29.046230410592003,49.4745276508318,19.958934974054035,12.796881357411115,68.11706172431589,0.4172972378120764,10.218219584415044,fire
23.5068664295884,67.21590480488776,16.233953801937307,22.09968303540137,30.637502292774908,0.32119341369729504,6.368321835851481,fire
27.93128066019858,38.18700070597592,18.577837761403828,24.682865153617687,64.8006126649835,0.52815844725616,11.148597651104625,no_fire
22.72116001204842,20.25413763463559,6.828003517520219,34.06789501584166,95.32799602686035,0.9528598732644522,7.041337573657258,no_fire
39.72463395908922,34.30383379067071,17.042064953089234,26.192425071119644,76.08014863210907,0.44501347058652885,11.660424191974936,fire
34.07897402657552,54.70202241964624,18.61465949857972,23.895461970854583,52.791941299965025,0.319415234367031,8.64378776822149,fire
23.826063079622372,39.618403745342995,14.712226160781185,32.31032880405423,60.72226475622515,0.6326378403062949,8.156845246121755,no_fire
25.37623256063422,64.2388653001138,17.245973595365285,29.956689461637914,36.96367142361659,0.37994281077713565,5.048852783363602,fire
24.463630790694346,23.414023717364287,22.65385018288329,30.251581049365004,72.02831581246322,0.6711752494106955,13.933651918757269,no_fire
26.393097979299327,49.90644867214682,20.17119724719563,21.078977844675464,55.48404996381649,0.43513153460816417,9.7200232022816,no_fire
31.11478605824778,58.85809059623118,17.62014284687177,21.350355432638413,59.435637046723215,0.3793689471405893,6.302126006565256,fire
24.89155481252535,39.48465594040653,10.799203533491045,28.54107122438803,60.64328272473109,0.6162106450626439,8.395656943144568,no_fire
20.67912643825006,51.28425604019125,20.6941597496974,42.95360196949212,33.656239998037336,0.527219669278614,6.7933294878149,fire
25.76479099230888,60.576381716778826,17.18111732694724,32.016735882439946,42.66311360025039,0.42927621316223274,4.948024403297975,no_fire
23.87679447762207,32.67677122837054,7.807856493526615,32.99596275408153,83.48787651425167,0.8231064831066759,5.412229533767079,no_fire
23.01864703812162,37.45920461938661,19.966797547802784,36.63717501830816,61.98966593894239,0.65372704664728,8.669547945773461,no_fire
26.3551870683434,61.28106333940471,17.37084605087041,29.37629825560132,37.64880016667124,0.3729322658036252,6.190452725128245,fire
33.76269066152678,62.47543547702777,20.720516576708647,13.70147812070719,60.94475776134828,0.27277473154850274,7.697051356927364,fire
35.20976663596777,46.656313176092766,19.203717905922755,28.997131318515613,71.22453370590883,0.4560834424678608,7.609815123748607,fire
32.25128912105128,49.720785319509446,20.455480189440276,21.561973829779184,62.52874215330071,0.3893528300835791,9.485238406175412,fire
30.716757371426336,68.17730588781822,19.195410355852,19.76682930355271,43.253813876955824,0.2501580958962497,6.342744244774758,fire
24.951496239886552,48.82597207706918,16.46247780589233,35.00523454940018,58.76011968784689,0.5863608301347647,5.393526846304111,no_fire
41.154136627572896,34.81347083604529,17.17961712020151,31.429469140049626,69.70166969431794,0.4184541934721019,11.454924368912318,fire
18.808617575872844,24.178691957916723,25.022656201525667,34.3190297154312,84.37252191779207,0.8337416483877198,10.662903265209923,no_fire
27.150721988764456,43.89163654461693,14.970863215547995,30.893469640543344,56.04848065790966,0.5350555283355929,8.307795377787292,no_fire
23.473685512702126,35.92586304268988,11.043368244796161,34.75217218877562,73.18698561802935,0.7544971970083973,6.115254656304982,no_fire
28.148271574646923,50.186821696987025,15.387402200761938,33.14593272637834,49.67907517078734,0.47899156721136543,6.9317206442388954,no_fire
41.171690898840865,47.17015452229276,12.277695577455065,34.801384280217405,55.65283327033237,0.3556257219131755,7.748436445359511,fire
27.421915679505396,56.050600975087434,20.905361179998845,31.01322159891197,47.58278030715578,0.4164128977788655,6.9202728300645715,fire
34.51984194387819,53.92517365828442,14.211888044845498,20.295556516856195,58.184976181694914,0.34860738454786333,8.053946597143462,fire
36.33480191011414,55.878916060469464,19.95785855603152,27.61137804174275,50.28002817499896,0.2838650279479931,8.371698832951596,fire
34.952866694658276,52.72769381240521,18.65531826845398,19.60073514118877,64.37586233437632,0.34970327050904154,8.685071962667175,fire
39.287106932141356,52.48190816371792,20.53091172574866,19.123261023716996,48.41937843950852,0.18257092296035168,12.21486013805227,fire
25.668184833281423,52.96515522948704,17.107493391411836,26.228960585877257,53.077112150756655,0.4741552499463319,7.159306423190119,no_fire
23.819012330566665,31.70560565015917,20.98342079883576,28.727325853775127,75.29091004086702,0.6767726626660915,10.700226514836952,no_fire
24.60055363178062,57.445081245749435,20.350568696845585,34.19471688710179,32.868382484825744,0.3952018393098407,7.409930583120532,fire
26.445747701898874,71.83068192870878,20.22444738411008,26.178655987579464,22.65421752172993,0.22220305119648012,6.369981894522357,fire
28.574621330053727,76.44765141924039,21.662771947863412,9.62774563338318,33.735983408444085,0.1285387466840945,7.659720321381873,fire
37.60360547842639,41.31227467805918,15.761581807342054,28.913033866425412,68.09645395409748,0.4372013911231482,9.402398985752857,fire
17.783792039191717,18.69276237643267,24.804849202625853,28.256154878700965,90.38617002558738,0.8611161863143175,12.747931484400379,no_fire
26.617843641966324,49.300030326810145,12.631396756266422,26.061909450544743,59.22763450748297,0.5297014054283046,6.647610364154015,no_fire
30.112508546487714,50.020618743582475,17.40901213192442,29.9530688930293,48.844613773360265,0.413817582410087,8.538995874897491,no_fire
32.40036383697537,48.20380133385498,20.454484071855347,16.529505812249397,78.5725681805712,0.44980442647143204,8.784245667341688,fire
27.274554924158352,57.819962188585876,17.763375505454928,33.07859217653997,40.49582279353674,0.40539137752510174,6.236567877090008,fire
21.675970203623574,23.82973545930843,21.74119620895266,26.722922263322634,76.55609147603793,0.7202278999187917,13.372829553359852,no_fire
25.08380861905512,36.10317263712994,19.85408186509235,25.41047249326591,68.70143192210163,0.5950548473176887,10.957679959811243,no_fire
31.612949576391564,55.26203661536417,19.282626320301677,29.63850258556159,62.88869793927123,0.4429603930874209,5.457431954171432,fire
24.63198719634319,34.45178923044983,19.995836716429462,28.523828875547828,71.09467493840056,0.6382329772865714,10.386017008404528,no_fire
25.31047290690826,38.60363122861515,9.91033084786892,27.267012511419733,67.65048748220521,0.6489170149087704,7.806657058517817,no_fire
22.653935234051517,64.54948052755809,17.74372499790294,23.98182611525445,40.0096769408629,0.3964952922285964,5.611641036797973,fire
29.332793955338964,53.83084165640015,17.80005727675856,33.53566040171304,49.959354008876346,0.44129887001042645,6.302897721641542,fire
23.010034896434718,47.946166897881895,17.85793558034796,28.776115151097745,60.844262373729954,0.5823054631005948,6.835252478554883,no_fire
23.739351933892014,65.73700862612075,20.90609663379047,24.85190304004384,38.54200879173853,0.355763036724921,6.063991673360387,fire
24.648013346231387,41.13206313329367,18.041723884326103,30.97706121875873,64.26034986653418,0.6082720744401098,8.273071693699993,no_fire
26.01875468594192,29.834354709534516,19.644481249001768,23.82990598666497,68.2633299987728,0.5871539018017862,13.481476738778433,no_fire
29.29448655893879,56.43842110714084,19.326492334091267,31.296996667429458,52.66899463904811,0.42704637210576446,5.899912136136221,fire
33.15936073869147,46.62208361033336,16.65891188754221,20.144197532788944,69.61315369647136,0.437428457067561,9.080356344876098,fire
20.350357764411058,68.36528015524107,17.90596480859232,18.613679812728588,27.058784964842797,0.31341569976635697,7.255751277296258,fire
33.244347889303455,44.07198335767929,19.7876209294189,13.99731509492113,76.44845319767263,0.42474990226270704,10.980832804293938,fire
22.594460649964144,27.24511048730483,20.601588438851497,33.08360926066598,76.72719674762513,0.7445393264278584,10.669240909899246,no_fire
32.44508191876125,59.4492016678594,17.09679520108723,22.07914569173049,57.233521527175945,0.3532584274162908,6.339341159919173,fire
22.82883377605482,31.574608603843554,20.75260721915612,34.59978498210524,68.80892659584272,0.6934680752281419,10.162376954462902,no_fire
24.027207348877752,33.05390373641477,20.04589402794384,32.495666891805925,61.767299714303846,0.623222249404686,11.224457166486586,no_fire
25.904659951866666,34.62092363844579,8.593447883605156,27.336826667128012,78.889494837492,0.7220501629260792,7.212441000505925,no_fire
22.30320456430085,64.42653878342303,19.945111331844156,32.530754536631036,30.245455710641153,0.38767054738772555,5.541069530856672,fire
31.78448388864227,57.76320323452413,21.293142122661738,11.236610874044862,57.28485598364712,0.2757958594930861,10.170089295022846,fire
30.571197585603013,39.07789707679116,17.190277485798756,31.95053298746976,55.93618940130208,0.49024003980483494,10.561131559521174,no_fire
24.720823135601186,47.769867142106435,19.898056761288018,29.145026641473688,51.722746938453575,0.49657870923104835,8.817501175876123,no_fire
26.50871121217419,39.04362613279755,18.1533703778196,35.97902143018053,55.63682195139622,0.5684869820448881,9.340128790126988,no_fire
34.6769361261542,61.186931466165916,18.970163657936656,25.22800449388776,47.112272282739504,0.2672675220850779,7.249729247736844,fire
24.825079122480155,38.471396251805146,20.791274683121525,29.213273322807478,68.86935279967878,0.6115789155801199,9.459960480200582,no_fire
29.063524730576532,53.979035711061016,16.02141391489266,33.80504625881641,46.463088076555,0.4374299030325426,6.295776885620177,no_fire
19.721668999157465,57.940776591772675,20.005968978693886,38.260758301758955,35.36875112394987,0.507735536001851,5.209048662249194,fire
21.60432418250265,39.97099555386133,19.417208814312836,29.471455470162567,66.36903102434151,0.651042298845123,8.559227735067104,no_fire
25.862597201269544,36.90082359170735,18.018127760200663,33.302508876652155,62.22150161500584,0.604935930144239,9.556525202955658,no_fire
20.965800553353603,34.41473294705963,24.382898174784927,23.803035732176863,76.59932438135374,0.6685199432765254,11.104350080852647,no_fire
21.274894892843424,30.152116407645778,24.394489784955606,26.764938861527135,75.97224058789418,0.6903962493060274,11.927324540355311,no_fire
19.21638796709652,68.48947771858629,17.983455854847296,30.12762032325118,17.278417263088468,0.34640415393593155,5.868766138278172,fire
29.20431481007921,40.84836419679,17.94942556799174,34.27299627678045,55.97762931177128,0.5159816271250737,9.426680106471844,no_fire
24.34604526490305,63.92723246109587,18.80885556699625,29.198789079797926,32.22321123731558,0.3556568116228206,6.214065565153154,fire
24.79426818908347,48.049778789698124,17.786889359629274,41.91253197590942,57.28767834217473,0.6178102491925137,4.527855330324997,no_fire
23.930812188342184,30.747758586060275,24.82613098792843,23.46939764423145,78.2487693426362,0.6389857377669359,12.61182235597084,no_fire
30.7849699525385,50.29008656552698,16.258131761358992,31.505632801819807,45.97231304592599,0.4034216368832237,8.366229014233303,no_fire
21.54252326697685,33.931259076306134,22.605772688056092,32.81772204595819,70.27829581219025,0.6924297333361376,9.817366365660668,no_fire
35.417657701912326,46.907061606372466,13.064164677266618,19.555113160671056,65.10757173654859,0.3952708665441259,9.334816192778096,fire
27.939866284288406,43.54765663994617,12.24527027226652,32.56775021311725,85.53470781902679,0.7158647921482086,3.2114197959295865,no_fire
27.708821286865014,36.218321762572884,18.45379274079359,36.75560293432362,58.756183106054934,0.5788856621105029,9.834630643969739,no_fire
26.393292634007334,63.83621744051298,23.43349819066851,15.94971726392166,47.913289937546395,0.3037015817242633,8.23835129693795,fire
25.242849015418322,31.74421836018664,19.68724684432785,28.48012037629721,64.89381925745859,0.6033254292540087,12.197877901480895,no_fire
30.661254820424876,53.250637889796394,14.054777812253365,32.63898889566678,42.60551338591209,0.39833164426811346,7.167975456712784,no_fire
20.23628951879931,64.206712022462,21.557141063617596,33.697439217310325,20.70618891384186,0.36336258514838016,6.811040061459825,fire
28.69692261537939,49.7734279927256,12.683276474304627,28.59865181467398,72.74419654034803,0.588718716687963,4.210303080703582,no_fire
17.582616032745698,13.367480406876592,26.601738547635726,28.581064465150636,97.47857206609262,0.9098123689972994,13.689328779144,no_fire
28.464056516012207,46.591248864426575,22.17329016029921,39.2366413762165,52.70195521964238,0.49912581894736086,7.717169356684349,fire
22.516527880058778,65.9570517064856,19.154144417833518,28.539192078434386,24.474409844300105,0.32778555578486973,6.682331650992428,fire
34.84812921282404,57.11989103645659,21.110804235220726,26.418052475066283,47.8497740593242,0.2747739315222434,8.64905093939333,fire
27.66985700233815,58.50759370119843,21.204504822441365,36.06999174155853,59.59081322139528,0.5030453047346315,3.2917584548227157,no_fire
26.611157057026933,55.602989361843484,21.949262275989742,28.96846778506443,42.69423033667832,0.3834366247145539,8.36733322693677,fire
25.57950068197121,43.598407206584724,10.320461270133391,25.633882100051203,60.59494028426449,0.5792166383255171,7.744070407148704,no_fire
38.94556711453798,47.87768853549301,13.18207907699156,33.16683243727291,59.968715429213276,0.39548145545238256,7.150080824479157,fire
31.581566477484568,47.43159643831538,16.734825717627725,34.2011661121515,47.889862902321454,0.4240940914434622,8.589133175243575,no_fire
34.196380544358775,41.03221350122273,17.47200364336444,16.902662649831157,68.7264415605538,0.4073011048413984,12.065577795861637,fire
22.401184883107035,61.45633503027989,16.68750026772765,28.907910111886288,30.987838735314536,0.3950145398865813,6.54283778614725,fire
20.825221351772882,56.024260016545824,19.215461263882045,42.82478841881636,32.130347849031885,0.5114724762152039,5.233174213414628,fire
36.47671435583007,41.38506711657661,18.07830031934909,24.271937404887574,78.25755144630043,0.4681731413206492,9.28653071606179,fire
34.986930737762265,53.50990349057692,19.68475088288699,20.44700663984872,56.32651066776243,0.30120452170591705,9.649463218637358,fire
26.9061285244057,47.84150275527584,21.016053505120325,22.327229488758753,81.6612677439989,0.5825843164085196,6.481365910775815,fire
23.20430327611208,24.927482656766653,2.754798065886168,25.499401104748515,89.88955606930165,0.873028912543093,7.520424659754028,no_fire
20.158711074975944,33.95899995284393,21.568147386158724,22.785832471879683,76.67391845868943,0.6923618635201558,10.768007205744768,no_fire
24.535794350563286,26.628032440957465,22.198943149478605,21.645637010702384,75.19230824795018,0.6281464892588695,14.331130526855379,no_fire
24.360870479622967,52.21560793892505,16.89736749906766,33.956273297611986,52.05679219112155,0.5392759956461286,5.548065912197895,no_fire
27.65894028577961,35.64228124295271,18.67059766507551,25.67680086167715,62.956402896657615,0.534449794172901,11.991261509447444,no_fire
31.397963885911302,46.892554008979786,19.70125145297884,20.881227783025007,74.01273416730105,0.4742569205430601,8.579657046874631,fire
23.114462017551737,35.39349211665541,8.128155941890371,30.271118805364445,70.45505793849684,0.7351836394588636,7.055227556740184,no_fire
31.08199950789298,65.13765494275164,21.53994293500527,29.074672679640486,40.29317287896805,0.28062971658898417,6.157335754932667,fire
25.846960369566002,52.95945687149825,16.373245736487927,33.00060614643073,53.83416560284239,0.5222395373727227,5.3581214009639195,no_fire
27.52480615358186,42.66247852491533,18.211564212668183,33.93777241738949,49.80638798613499,0.49781324924809917,9.65945131211619,no_fire
20.13372757124933,63.37171333492907,16.927432621134795,36.81451741825389,27.632308588877,0.45254730103138596,4.344253101436859,fire
26.1765737124368,46.65167532635709,14.943646432072955,34.76583380929119,61.35197361353115,0.5960109430233452,5.60894511396624,no_fire
20.42408843879265,34.412518817913025,11.482522371125588,35.67454823135686,59.9060316712738,0.7327209913496642,8.026838818035756,no_fire
35.08261171770799,59.097504863783286,13.413772678173848,31.420683586082205,30.7547439361468,0.24647405472420267,7.785514998873839,no_fire
36.22811649126423,53.349798579573886,22.9615874357949,23.992099923681486,58.17578607197357,0.2963955958784259,9.47412370948914,fire
26.206221959373586,44.19398821460915,13.049948248201217,28.6248666372987,62.868122628257005,0.5836211231151696,7.191790866992903,no_fire
38.39030394010482,42.64225970345166,15.936640235469733,21.32349859063708,64.00313284509215,0.35065775960280454,11.471945918691477,fire
25.95847448527165,45.76610124510809,17.060128948865046,28.693489727168707,59.61252397557045,0.5416770301130477,7.967565867563391,no_fire
26.918321905372206,48.73790482238343,14.172452365755822,32.46439585226187,60.33075893405904,0.5637761933785491,5.55757423088672,no_fire
25.428260376954,43.40535171035856,11.97922448010259,31.33654659809977,63.01140473100242,0.6213095127930699,6.466534858084815,no_fire
25.954361959230148,46.31853270236023,12.904219463915659,21.77854242228711,64.69275488284205,0.5500170677782765,7.7527103807487645,no_fire
23.30646341006923,70.80644063508893,21.02347318120026,20.213781195995953,28.978272363473234,0.26524566585749054,6.882421889969082,fire
25.934832590248437,43.84683579149895,15.984990925196746,33.81028364277188,66.22302320364498,0.622464177578461,6.198454666695038,no_fire
41.22410422771365,39.20447762814214,11.99147583562753,34.30484190722827,70.51637443356346,0.45838355766749134,8.173153568471575,fire
33.57828366571998,51.40374594329501,18.85632820156424,21.790880250740184,54.99019265673783,0.3336256010025225,9.846204034969698,fire
28.650733034505095,68.79355887370933,17.194266911207325,20.949160544697584,34.189755942429755,0.24752717661373053,6.505292819051568,fire
18.811587355693646,27.725664594975097,22.0329975048346,29.633017916361712,78.64210674090549,0.7803013695986623,10.816485972887966,no_fire
31.217330882701507,50.5737456062009,19.130528411777128,19.078835817807317,68.15600589056177,0.4262356574418991,8.531945204790052,fire
26.05781521198272,59.4614028819837,19.229252296653296,26.527917519118994,38.985889092298144,0.3611488210224085,7.586773326370606,fire
31.918054964496154,60.87224631174229,22.596995164751654,19.809836510307882,50.5439908624021,0.27332857399269095,8.48598184772975,fire
21.43465605592468,75.27051593875845,17.119618505487146,19.229211684868535,27.279953162109322,0.2881858626348905,4.845436290163031,fire
22.93667823991372,38.63826032505412,9.154314827314446,32.1486305635096,62.76889672383039,0.6916068270266211,6.908457055763928,no_fire
38.95799901851176,39.35482600661432,18.435686473409607,18.864934844714384,68.63651500267751,0.34714341128220305,13.016520270898313,fire
33.70233038199433,49.892185075684836,17.96249847027057,11.874199839099484,60.13716152660013,0.3082113187418916,11.684073364944696,fire
22.606330722741042,34.17216868491572,19.3789461392415,29.59790954820534,69.74655651828598,0.6718659226923394,10.021272691199073,no_fire
26.458499705090784,63.73678197310315,19.84848815564935,27.39352115826022,32.43182745824943,0.3085945962377029,7.167653119071033,fire
27.795142036200417,37.04502568992654,18.324374666793315,28.423060072186495,60.93152432116602,0.5363997203279411,11.152233073700442,no_fire
26.141413691820887,62.265312364827025,20.36347568055204,29.64572624008978,41.09038884062205,0.3768234879941533,5.90950965032068,fire
32.232851443992686,59.47509233541197,20.629146018994728,27.64281113424733,47.628791520138535,0.31645798696667454,7.185984699174965,fire
24.9620137350771,53.7354746372294,14.878420726166995,34.377759298785406,55.220159945166124,0.5583976403445627,4.150288968745564,no_fire
22.485577824970576,35.013867591299196,9.533509616198149,26.34103941811384,57.1667934373948,0.6384003097960298,10.25553933311042,no_fire
24.64762813199142,36.235800783055865,8.572382631571015,32.881574016222736,74.78028819796491,0.7479795289112483,5.84769063715298,no_fire
26.617897493224117,60.36859804556194,16.405534067630033,26.39333189071684,49.845562318233036,0.42692280018153334,5.202061969759765,fire
25.71848417203572,36.288264244940535,17.78600124553685,34.38370436656211,60.76201992933192,0.6086665190812073,9.650674406209413,no_fire
35.910553725042035,41.0323159768634,15.30583865557665,23.635413984682472,68.33369605697659,0.4342655640716026,10.346480832177589,fire
31.76604675292824,50.14325220934154,14.891967285096912,21.641712307230204,75.61883537304784,0.501896374507802,6.155164064347195,fire
37.47500246978669,45.73356041582694,16.61234410995598,22.507581635459914,62.04996024309989,0.34831629511913453,10.51377011283735,fire
27.214066840126147,54.25165682819757,16.66341292439201,33.31741782992646,53.20073248614572,0.4951200368994952,5.21106060753777,no_fire
19.642725395511185,28.909760753991332,23.224201286028205,26.47968500666514,83.49592854325782,0.7652812415078922,10.811931340014551,no_fire
21.87630816238923,26.50856234381436,7.600142558326586,26.43998565913462,69.94879068892891,0.7541797044091065,10.584577828500228,no_fire
30.934738562786894,66.36182214065467,25.75319555214863,12.615844788269825,40.36380882994141,0.15264214648729735,10.41827420969482,fire
30.257746551165532,58.01360862899489,17.36428846296925,25.16995897544429,46.321048401001384,0.34623346342703126,7.457733830389262,fire
24.607302704036407,43.145104466591434,15.264147200073237,34.659036338780325,60.426770934889646,0.621156695258086,6.750338802646064,no_fire
24.076090049777214,48.398263509342684,18.441323993384387,29.717913091138712,57.78361972723977,0.5505230829139907,7.193245174598638,no_fire
40.64810223060543,38.11618268756335,15.187371894551472,25.97903673192385,75.60821617267658,0.4278195833076437,10.288018244564794,fire
27.853720075279277,54.53765017757314,17.49927175913128,29.62535050383872,68.49736991717275,0.5426213098224741,3.9766991427001797,no_fire
30.451735108998534,37.428986969371095,16.079054252314158,35.71657686739874,53.324402350244846,0.5118522250593069,10.356574210687471,no_fire
34.89329223827043,45.1187782394659,18.766772303291773,25.711310364977738,64.10741001251631,0.4072039365368008,9.774982593569181,fire
26.201781775659818,59.775914260021366,16.59755931020569,35.56851986446182,37.835549958834456,0.42346233473568656,5.034832524616509,fire
34.51990349865831,45.74501381792807,16.486316866841385,18.32627579252287,59.63580652752343,0.3533887791379569,11.401298483384203,fire
25.44165736542527,65.02979086009681,15.843227215405934,27.116902676974554,32.84399518891962,0.3442850775923147,5.76880901164486,fire
28.374045621241613,41.73959623047894,15.899166816760783,37.65889116202597,53.677196317450225,0.5461333558912104,8.152814872669586,no_fire
25.995842337908705,43.74004578645494,16.67779270929632,30.009408062863862,57.581037829688334,0.545697070382531,8.538633895730344,no_fire
36.74885833490946,42.06834918186617,20.04396309270496,25.842308271040668,61.24202667380398,0.36519172359688773,11.669580666814289,fire
20.906217225439885,37.21258178226425,19.86202346834114,29.473106293874665,69.38751131113382,0.6832385273111004,8.99828084724402,no_fire
16.035271518477792,32.51085276833308,23.604565673519428,26.820205738521437,84.971655509911,0.8172611108451193,8.950040354750158,no_fire
35.78234231158599,60.24959569165445,22.706750710210503,20.236371709953488,55.846282335819126,0.24929271948545242,8.353630603764646,fire
26.552769613444084,38.31966155577011,18.811674331143145,24.470527730642292,69.29194673324696,0.5707551786611662,10.354387266370853,no_fire
28.41643038006424,63.3911012712677,20.93724471394059,24.777153133127474,38.44804306483494,0.2914455836773171,7.4903817219198885,fire
27.609522962395946,54.56297803499028,16.503110025906604,32.8788806719458,58.903012042330126,0.5185467830135533,4.3905231669227724,no_fire
23.66838707009817,36.95461614774241,11.4725498093773,33.224120279956324,67.9253777823257,0.7072909181313196,7.03081984609585,no_fire
24.182569010536728,46.369067080567206,12.784963749686085,26.573751132451562,48.26128957915521,0.5147375010195703,8.790296080636884,no_fire
27.46143123536374,43.73120357668627,8.685515927044284,26.043455089121974,70.81620914324623,0.620283938830732,6.008268411912073,no_fire
28.957781342638413,38.62469615067394,18.114046149999282,29.93064008850727,59.424346138763305,0.5169966358158342,10.633674086521966,no_fire
23.915684894759522,38.80514191582796,19.184488233740932,32.66716701982521,66.17710705783749,0.6400503463571672,8.490396843369867,no_fire
24.448491818397212,57.617149091164535,15.778504317535932,37.36672737267172,43.257838574937175,0.5017858511340165,4.101650821577418,fire
25.51709288171527,35.45137884795963,18.392484207626648,26.458754781148034,63.93182833724299,0.5787769048854479,11.378457490297041,no_fire
25.22540382218797,25.217759175758026,20.150845645572254,33.20426286915527,74.7590441374985,0.703318765404062,11.844737007730798,no_fire
34.21033415436298,39.7421122789852,16.7303625587681,21.91043685228855,76.27815085392852,0.4884526805390769,10.056489880328439,fire
27.098982958668465,58.4147448624264,22.72532293184379,34.74334577322992,38.82339298170805,0.37825873070334176,6.936184259332245,fire
30.243464427248792,49.41254196464803,22.01314259315226,28.94258849041206,59.86887242166662,0.4419662532161062,8.333426344892402,fire
29.181786926512004,41.79344030606488,20.55101250588422,47.56502087703925,53.973568165132114,0.5700345097539592,6.904857733124668,fire
19.234170167238315,74.75656270201195,17.121373966976705,29.385344265964985,8.482722339520542,0.28024248253711276,5.145636049827127,fire
20.29487401773126,32.875393215143774,22.33248358998244,25.66378607501843,80.2987936110846,0.7270325260786432,10.098377659324843,no_fire
26.233066925730927,45.1936331516292,23.02587432553739,40.96529755352175,52.798856580311885,0.5424017818075492,7.630680266135571,fire
21.927912220584016,59.72177043534295,19.320681076787636,32.78625014529145,35.52505285751217,0.44088988936776785,6.030156494017585,fire
23.48357536418946,35.66095121046734,22.555697159045433,27.484435738036023,68.69085485120692,0.6170491012538231,10.978235256660296,no_fire
25.633444643831886,27.701845827995523,5.584286143542494,27.18578932980581,90.43911069406884,0.8263392727186667,7.089766309391003,no_fire
26.286486096273247,60.67238953604351,17.593934190853936,27.391815786587223,42.128210538416205,0.3870344514299874,6.219980369635218,fire
37.423357510912325,50.954410328979165,16.749785103223164,25.13924043721829,56.404943337771485,0.31883217325348634,9.086602596740931,fire
28.527401235266225,61.10204561506711,17.107565721053817,25.584732600218533,48.6416135332056,0.38063844168859085,5.738789585145768,no_fire
32.7930079405795,55.07445868147204,16.133601380238847,19.308269495887913,55.34713103781228,0.33782396821790217,8.503627100224634,fire
26.160322124118817,41.21394718652387,12.002612099117385,28.016609970523756,69.72010554089655,0.6331591509655352,7.049372639584789,no_fire
27.06494661103881,45.47000359624114,14.522148776162156,29.083174682318038,68.90413630691177,0.5954083603647766,6.214511722840061,no_fire
23.3885375178073,31.493441748584676,18.88266997207084,32.48807425700271,76.5310743620806,0.7264500732266908,9.215399115276938,no_fire
28.971713647062913,54.16237527819244,13.827515865979997,25.05426749943837,49.75816592320072,0.41512839869239465,7.289477787215312,no_fire
24.74544843415777,62.530371806004496,20.59972210056441,30.8236381780047,36.7805482193342,0.37866074053269266,6.049332503573251,fire
24.038661060888852,30.87921922552522,21.194987547929752,39.63559484105307,61.20996262986107,0.6635755101575769,10.604876639385006,no_fire
31.11890073303088,43.37953058936516,16.607388764685908,22.268522355967015,51.419799173695665,0.38820536051240234,12.028193813505279,no_fire
33.60974337641765,48.677446846530586,22.25059267121694,20.149204464640558,63.66673602962402,0.35903815356435315,10.542621093318125,fire
26.14529069778052,24.26320714655226,4.318235533338268,32.24427597270688,99.990098,0.9205319018524492,5.420263219942027,no_fire
27.63029702139334,62.731587602806655,23.80876669519638,12.828514097905243,50.99368086167013,0.28393319967896186,9.105092818790709,fire
32.58278049679798,46.21820989177267,20.440175496975087,15.943202783708854,71.0793659238585,0.40695432985770325,10.684155940108946,fire
24.737448365062114,49.633582614994666,20.520445458968176,42.05215844780592,50.028286472673194,0.5585023286669586,5.629814639119023,fire
26.469613181148254,55.907249400743495,16.722598582418737,32.85822039619064,51.00269598864671,0.4861592867084367,5.0210879020837655,no_fire
28.68601449057804,51.95117273387605,13.207613933829283,28.102492421321816,70.34361459748695,0.5633366451198185,4.0893492715424875,no_fire
27.84920288538273,47.19584180164462,12.303770454608179,26.476738897594068,72.88896451941426,0.5981605296464788,5.309615333755527,no_fire
21.902789695170917,31.600642778631432,18.51816203924639,29.754085430802867,70.22668462361122,0.6980399796280938,10.46196606135397,no_fire
29.459852510633763,71.43769106077141,20.085643572918293,23.40598897011934,31.173127237293897,0.20973312745264755,6.258103583192575,fire
28.788907204550785,43.47972150951536,20.25002614030686,25.559569502939443,55.71220155437018,0.44573359893954445,11.05946822496098,no_fire
38.33109690489829,43.664975000360855,13.732708944765122,25.18478296684646,62.89098621882185,0.3795084685628108,9.943249218345075,fire
26.74295982362291,30.824694330612573,8.628334020569017,32.17414494948375,98.03946811973455,0.8571226610375098,4.612237105946774,no_fire
24.12805832221103,54.35474100431989,16.77770037051868,34.577935131220286,41.42400583076898,0.48192390210038794,6.23012289808044,no_fire
37.04668950099241,44.82276349965805,15.60458775574507,18.417213282826474,59.59363539247722,0.32384176693290423,11.839240474680409,fire
29.319476484723214,63.3792169649265,22.90683124512015,12.932707922825696,51.61913233514996,0.2665052861452503,8.819403290111545,fire
28.909915586082423,47.8277302626897,18.411365568775025,35.52742791882883,55.742340584249526,0.5051412547717848,6.989799875534011,fire
25.993798781626776,29.914841790752572,16.78179776277044,39.98754472041553,68.57487231814774,0.7064879495284062,9.07742906375876,no_fire
26.54849497741287,45.90430727567505,12.806872098877726,29.420430344295713,64.33000338736534,0.588447783822714,6.238788744225382,no_fire
24.520524558553,55.962553595843886,19.891592204457904,37.68727979756897,34.493686948489895,0.43397903068935706,6.7332845845956495,fire
17.86360875325761,70.59012169725685,21.197758194789134,31.790035838572,13.352705723603627,0.33029253959933774,5.887796277316363,fire
22.481170138355314,34.614319786931404,24.135394279639105,30.21960891398263,69.43850381424811,0.6467521561417107,10.772177883414987,no_fire
35.53572187282252,48.243622276108454,22.576210966573484,23.840597079192825,53.43905254017685,0.2953732854897957,11.671365893587295,fire
22.775214671422955,35.41897115649624,7.017647850418606,34.44341433982437,63.65204375273516,0.7345520339127591,6.808311038767076,no_fire
35.80682666886851,43.01226493012008,19.830312326352217,15.413340820912962,65.820909900594,0.33857569493825357,12.920267309531946,fire
25.612858911604924,62.036616973624575,19.807478911106035,25.934094166217296,33.702725540284696,0.3240647126419286,7.738501411958616,fire
21.21824107693552,38.767783190896075,18.827414053792662,28.367638703001216,66.77587745741006,0.6589232870681536,8.962321025575815,no_fire
24.4258127319035,34.09978820808894,20.690864871030342,29.08182037186812,67.19649248647787,0.619815018347887,11.06488696581206,no_fire
26.020944165549054,46.64469786492934,15.077641167092283,32.42515735154924,60.81505121565189,0.57997079591777,6.2368935670172485,no_fire
30.238916432314657,53.385876718961285,15.258329931112184,20.68944496745229,51.45457445120277,0.37232386028724246,8.76932363733747,no_fire
22.516205900359694,47.813846038338,21.110823014513464,26.27077367933328,63.78221176438994,0.5717686909693716,7.64338194791783,no_fire
22.669692347967036,41.57748537353724,11.506798269034684,32.56132779431867,56.86991542381216,0.6432915307608846,7.202371634273934,no_fire
39.159962393647206,43.35359925189897,17.630533394304273,22.70488099791783,59.896583270194,0.312936726386363,11.994749945300216,fire
24.138491413600292,43.036011310840735,20.25254605002353,22.73373839608368,71.27719504896551,0.5856528810185961,8.924696453826039,no_fire
20.391411210334937,24.285822431165478,24.502240839598922,30.82263256170923,82.93170762003801,0.7831268051803963,11.75148399829152,no_fire
32.545991197822815,50.115813279828956,14.988049637585386,29.519854632164822,45.264253072674855,0.36883683417959967,8.954412496372312,no_fire
32.051812688197664,50.05789127699241,19.931803899462267,12.579700389730167,59.79652439326797,0.32322406435604545,11.711478748216804,fire
30.936901906911785,55.002558844510105,23.732585831443693,26.885453511026654,50.686315335932925,0.34209523788278995,8.826349877723844,fire
38.93499204973632,41.3944314767346,17.680757548162493,27.023588732528165,63.860768444338284,0.37042520460536593,11.023834775010744,fire
32.292879563303316,47.0363934105264,21.636901422382657,20.01092908719244,65.84303354171112,0.39801428332906824,10.471166254634866,fire
35.76094025067074,37.00137743100515,15.93180565089465,13.894215961050474,81.64490670267797,0.45768624978313666,12.032737880862017,fire
25.372185679691935,59.931756025263866,20.082950039617316,38.90097860952982,36.16795985443398,0.4263278421943611,5.088747610405132,fire
26.388414590035044,50.24536915570337,15.341234642294111,26.79291466528824,65.2263463941258,0.5527906832370979,5.833460412834796,no_fire
21.32728896554388,69.97301493241898,17.064021620425248,29.467468488910992,26.676912481473334,0.36491910208917017,4.2499075386696665,fire
34.669888681096914,37.0102575326523,19.624583601051405,15.332170929827404,79.91664985968065,0.4514819798577141,12.587638306076089,fire
33.25403634460371,52.93948265118122,21.57814775646782,17.102955235443236,53.72434576882497,0.28200068412818446,11.152541676035153,fire
26.194149051842004,60.064161201897846,17.271279279231972,23.99234986807537,46.29833051354475,0.39414436056605057,6.502163697824767,fire
29.04524030276387,51.747475578294825,25.866763314647855,32.855566951830305,39.207867069121015,0.33943464966849357,10.384625931888209,fire
26.484611490126966,57.161169095794975,19.982859277858985,34.89134977135093,37.303260494854165,0.39930726509660186,6.864335766793125,fire
23.565467361870336,63.544584965244866,18.63699698162018,26.051992868859983,28.69879556107442,0.3299685778690268,7.439423292135706,fire
28.08948073570013,56.04985734670379,17.708315696847315,28.530454067481504,55.03345129896924,0.45152988018609463,5.8065409739018055,no_fire
29.350732209156046,49.10516083654771,21.259132757728,8.330439199541235,66.13774166525396,0.3672384345325107,11.974658523350094,fire
21.737992442116862,36.83901866007244,20.51464444061232,28.3473485131842,68.20907915313313,0.6544469126909394,9.802735269368915,no_fire
26.44351779369579,54.786618036902155,18.366753766927054,31.835947027611777,46.435613297172374,0.4479965539303879,6.63500053018299,fire
24.597025361065036,61.17237713908065,16.74615459251735,34.738027385140526,29.855835897959587,0.39277055726966215,5.76873488383877,fire
25.20112874317831,58.59339903616849,18.530274796268937,30.301650105216982,45.37800253922597,0.43966181598217463,5.788307115854887,fire
25.11192865161795,52.305899507309576,22.497520658817344,34.979370928903016,42.54672550108308,0.44809362615632303,7.975094099304169,fire
25.71744449935607,34.76156744448592,19.380686838408657,34.123290789298224,64.89494812297563,0.6250088100181528,9.928590729019655,no_fire
26.223717430047856,39.156681624592665,12.78272984879332,32.75351098097886,80.60640792602123,0.7237255150190847,5.186005097397174,no_fire
35.64037424890407,54.29314739637114,23.05250430826937,24.61874825929087,48.02534135683431,0.24907236090349016,10.464091623664148,fire
20.752899320854837,23.877930882335942,23.80755793680276,29.08921231755447,84.00886963638692,0.7781785650458557,12.024788718563704,no_fire
26.28734965220134,36.40507582114237,18.994826008320988,31.192341857414807,65.18886002186215,0.5977186908930952,10.028583646633905,no_fire
25.988922603982072,33.083437331488035,20.033564800423246,32.24375314069013,71.04372535215397,0.6444480668192571,10.168200278631643,no_fire
29.409212640966064,53.07113503587503,17.52420123903397,27.102069515566356,53.688412874719496,0.42466949645157875,7.430641944785508,fire
28.88844391241351,61.0976930203237,15.649572865531153,29.110083676171143,55.16547837418696,0.4423435246110169,3.7055680641652136,no_fire
33.895207951369365,59.86308457739291,21.029927848506965,10.69867413416212,42.21666708943772,0.15248526516013308,12.07446589081645,fire
30.7220262353646,50.77621419904223,15.770169610111424,28.34041902377474,43.63479129573466,0.37308941756896236,9.17237469811332,no_fire
30.072634025746392,60.55935638963551,20.38193045580076,30.01221071398944,38.569957129586015,0.3110815525055095,7.2828051053707865,fire
25.419290584313195,55.896759188958114,19.628716099470218,30.708545695573452,42.68121820437671,0.42473999245807453,7.2204951497609215,fire
29.663961642460816,41.728606920597144,18.484082144693073,11.884906810043583,75.28857534063198,0.47235191000668475,11.62814565202442,fire
35.8016347198748,52.13072729201245,16.222873645817856,20.123109820306517,62.36759126460882,0.3449909128645393,8.65275116002742,fire
39.21253760326288,42.59436614392516,17.218355296535304,25.56122319618379,59.747759882902116,0.3335977979340281,11.522213936191193,fire
27.929867442266126,56.63397772177174,16.079029965692847,30.278144311053538,51.86931698267151,0.4550353027915879,5.316445146414582,fire
24.471513032946426,35.15965734817175,4.814356676209636,23.37278597186087,71.72788673529116,0.6992614094844589,8.014142574073382,no_fire
37.92580444087935,34.64257443915896,11.917561569193932,19.47869729645728,77.56989053163511,0.4674401088333853,11.548510119542795,fire
24.031448050664135,36.95279513458158,23.578884935634896,23.20005775404669,72.46457130541525,0.5938376389162319,11.284950815807472,no_fire
31.399878526601587,60.90458643620897,24.46908596319966,17.988209067284433,50.228098266178215,0.25684052297397825,9.2680472769624,fire
23.57218854066012,32.44154792649813,20.46056490576343,32.15004060675269,68.15715575811987,0.6628624137292547,10.5837872099596,no_fire
36.10240144897617,42.39939642418676,17.50587334902109,21.58341794007906,71.50458304610812,0.419761620069305,10.404620583823988,fire
26.77353623257252,50.928844248728694,12.47182606039939,22.597585837189964,53.222058019734085,0.4686696587633422,7.796382810663621,no_fire
30.454005093506158,52.97151811944667,20.07963253794021,36.52923487159458,49.90307753244739,0.431920535406007,6.532684713767925,fire
26.44259418138551,40.533013679577664,17.519283035050652,28.59798678823426,60.68498781380181,0.5514447237373918,9.674257592736522,no_fire
25.819003762423016,36.56669675961122,19.119207858391068,30.9314150642933,62.35653399015066,0.5860195219890156,10.417444514844581,no_fire
30.047873215593306,58.09010041727261,19.969952465420008,16.103581182893173,57.53182444110764,0.3401850291909567,8.391128567594231,fire
28.260116938274013,69.68883338063412,18.410054736341674,28.096764766482668,34.22269242520639,0.2884629700763751,4.7708399067893765,fire
24.52963984630002,57.97303447910582,16.653484354036898,30.824886867658094,43.48851480163799,0.4550226664028101,5.656870613953522,fire
24.83724382669098,49.26971151755464,12.999282560900879,36.20598418971035,54.1098069835992,0.5886059672668933,4.911459781212273,no_fire
30.673082673389164,54.005675218787005,14.891336907652073,30.500829874652766,41.651669661457575,0.37252979721668095,7.737765185383466,no_fire
29.196210068809798,69.85473335546195,21.19768114142852,21.446099515030898,41.23311613400768,0.2555831507147104,5.933086874389167,fire
27.30380554878735,54.59090043893684,25.71331378597628,37.05522113372742,39.43311282348762,0.3859010325175754,8.201921420120271,fire
24.891455177677262,54.80038343989155,21.729437808920682,34.312819691121796,31.648892637762906,0.38388830251153366,8.743283058994528,fire
31.968471671902737,52.56241496766279,15.944873221748082,29.1365851562744,38.90111435668618,0.32711291183128,9.32046496212826,no_fire
21.859321446658257,65.85400159931328,19.34142961341407,31.43279001913488,27.735322609055594,0.3730263997722327,5.517966092205854,fire
30.32712762679969,52.75362293203935,21.0857643917518,12.927660597108627,59.14066415292371,0.3332444664313868,10.872797913638257,fire
25.737901416016165,49.7779430679152,21.878263625103802,8.311989005926435,69.7582274046597,0.4356477722884295,10.868860225290028,fire
30.752438456731255,52.994224004470794,21.30947313354388,12.962038572528108,59.92499275812692,0.3295616384915572,10.77710214929634,fire
23.416581491803406,18.957068029767488,23.041536857683024,28.970361838133712,86.14658323059466,0.7677079805726836,13.516116607214876,no_fire
25.604794925086324,43.51610749106514,14.950531383173058,33.250418044339085,69.62105691013514,0.6498908666090257,5.668199816957199,no_fire
28.67924803160856,71.19576799266125,18.270239286450682,26.680155175645332,20.281416757393735,0.1920296534477388,6.697946182729687,fire
28.522677339062085,42.16358161097472,17.176383099759498,28.981647703696193,54.69914091835377,0.48695334736717527,10.155754070590325,no_fire
31.6487161893871,43.242383402597085,15.579943509253972,31.25082693758474,50.67592334952877,0.4385104734132385,9.966982646820586,no_fire
27.879983501013193,52.030468380393415,19.52690334810885,32.93061875546481,67.71962092678896,0.5533849636630996,4.5679339955003915,no_fire
20.792153030560357,64.25693791883225,20.358653355540653,32.20962019068859,29.072864398007287,0.3995993871727868,5.7247662988660775,fire
26.033501812372858,45.31999707910781,11.160685982841914,28.00704827259305,61.99765302727698,0.5854877823916717,6.677406579041136,no_fire
28.665710354096227,50.75120324055335,14.07306238866364,31.437198749027715,65.38556273255948,0.5548207809476244,4.6184801398930615,no_fire
31.03621189676349,52.54747813930943,21.54075505197454,29.41197675204017,52.367265658498305,0.3853196626283054,8.333529048610929,fire
39.982774711798484,46.43174016780253,13.832810693878859,23.86881309054566,69.62514099437335,0.37636275660178875,8.610263837571964,fire
25.568210288261604,47.17653946418524,14.49432021596352,37.730146630410225,52.944421985816795,0.5776276308340214,5.820271209965581,no_fire
23.77235345977558,62.81712291836757,15.594134745008336,31.39308087850054,43.58193469799012,0.4633728349078952,3.6298449528532832,fire
26.095354933895415,59.34098117587624,18.708423803076837,25.58677288614356,33.75473453848761,0.32880936280380624,8.508917409140002,fire
26.27801893853728,64.0160800825032,19.840219847865935,33.99706394281678,40.171391675787945,0.3950509992620127,4.388353072679663,no_fire
38.615986841801885,49.879462647270515,19.554536157425336,18.479187056416144,50.758908584313566,0.2144576013931254,12.555390588696165,fire
32.63999940703255,45.29240612901263,15.04135455365546,29.6705066192421,55.90988861773529,0.44083171544909144,8.921291028209573,no_fire
23.052326158850107,65.80315133294594,18.506959116423754,20.989732864297793,35.04692459863342,0.33624364512750493,6.84664309215136,fire
23.678053529163343,54.94388195802192,17.766548856349758,38.32077086889049,48.369181847581785,0.5434236390261977,4.302232520221324,no_fire
25.776301013921348,36.86368337684209,5.0287982203522725,27.523684465413655,69.50432347364537,0.6873638057657661,7.061706586423503,no_fire
22.079355751666437,67.08312930188477,16.087822314942503,34.08873455158038,24.982312909381285,0.3866256935666478,4.258401763457644,fire
28.758138186957,48.451061948570185,20.61369688295566,36.95442173166599,59.3298318601687,0.5217589455170839,6.377511342580595,fire
38.73940461408007,41.08512256834066,17.766836892324076,23.450031747121937,69.88514606336113,0.3851603250751141,11.049113971977636,fire
35.854380918926964,53.902159409445105,21.128874144997646,17.910740486238556,53.251516144058115,0.24574267768495597,10.985411243854731,fire
24.703969196471782,36.67643139894547,21.57908647247407,34.37809843919116,65.63445795210096,0.6276886202823202,9.474054808396357,no_fire
27.940066774394623,57.383857165055105,13.234118705498764,24.5746758054465,49.189657933276216,0.41900573703382005,6.183809937014591,no_fire
20.207387892803084,23.49038422657702,6.125327104560311,35.71308076277505,79.17901926302969,0.9053251864788912,7.51586343486539,no_fire
24.3876041377685,63.999422647496544,17.93432741403952,32.51930242952228,32.776919206091506,0.3837583918459325,5.164590750025201,fire
40.864867941917396,35.998032553545855,16.525930993296708,25.092071763414847,69.65207503839586,0.38361715060364404,12.364206865926423,fire
23.71216765317855,33.93925311843127,20.754094323878437,29.68531471227833,74.32278274423442,0.6741694521550821,9.84225256759594,no_fire
29.382865885724662,51.85692706390239,13.7359268735571,27.95275276847485,49.01570641186294,0.42972363523430135,7.507827503642376,no_fire
35.82191852395819,57.43127737927074,20.8893421965804,23.225204642869013,53.28162065959288,0.27129233679219755,8.568579948127873,fire
30.077972720230914,44.7718741197035,23.14313802843383,12.783088171934493,65.17571071848162,0.37950968903912774,12.979791179204407,fire
30.243370745111065,64.36593687036043,20.42346647696808,10.825811983503515,49.75592949733402,0.24110028551028959,8.862452544412223,fire
17.313436818570988,71.05207703245239,19.391295756599543,31.615133882878798,5.942978887138529,0.3052185788312525,6.415702391364743,fire
34.1220209766717,46.43315730698174,21.401362742097522,32.11258339865776,54.1340802218142,0.3836276720159725,9.803267142025689,fire
28.11326152701927,50.72115033332261,16.312193902049543,23.63071380366326,53.75260227268162,0.4361851395109312,8.542389851330432,no_fire
19.081739858041146,64.13566432535566,13.818172177954665,33.023632383963864,24.604393073929774,0.443782666523445,4.617508034907632,fire
21.716442944167454,31.69134222312735,22.788420264461184,25.72822805620633,82.10639800661956,0.716974358373303,10.486685361835574,no_fire
29.234928700721845,49.112224144364205,16.217991360067817,30.588572068594136,49.71053655174445,0.4451360509882112,8.184840258058262,no_fire
26.71453947879665,60.84811413910927,19.83969260610877,31.506182044256978,40.89026529746876,0.3857022948667655,5.9322934073225095,fire
26.82252268259057,48.3628507053337,18.639103745308272,25.78332312477543,58.452417588349924,0.48787101923768644,8.427535760400142,no_fire
38.717629742271335,40.47987607478375,18.919215394301037,26.21473012444187,71.99430067834923,0.4094027497981012,10.536413548582038,fire
29.76996566879084,47.215852997975006,17.56170391591451,26.202415849018013,55.60721085055778,0.44017238771423994,9.291351793163004,no_fire
25.078143686288115,42.52606923890019,11.280209642309439,28.325110976053004,63.67434882308188,0.6179683870713732,7.149082991532837,no_fire
29.93265045060939,47.89825610627004,14.869608310302041,30.38164335930691,52.026868589278244,0.45766979601271707,8.089594771666151,no_fire
28.10325750422304,66.71838434069001,21.663887606094132,13.15645179138487,51.17663043116962,0.2817049479793893,7.332642378646767,fire
21.51060046251591,63.85173442034262,19.137529173783452,39.39419673611335,25.598436182512547,0.42247372905744834,4.551287028182419,fire
24.536096276687328,34.49413108392734,5.658992608642187,23.192729850455418,64.87250404115333,0.6556310945346311,9.468538675658595,no_fire
22.212410500131654,65.18480964303922,18.528334641239002,28.17254576783909,28.150009948615367,0.3563887185710798,6.298428799363288,fire
24.425353649159717,64.14168594707148,20.544043100473843,32.523760018784515,26.340632535236683,0.33146498053623097,6.625602244412756,fire
33.04787438490936,47.08026572499567,20.072394354570942,17.77339537770294,71.60330227089784,0.41418610953826146,9.893772093137667,fire
27.963669563812864,42.84268048068198,14.909398225710836,36.214883417580324,85.60318172993541,0.7248926056514213,3.155004848176131,no_fire
31.57663352240717,48.647705999835594,19.411084075248688,17.53764404081076,67.83647855741559,0.4131020511089655,9.660699227153128,fire
23.19316194116799,52.19484038229865,20.44207748544079,41.218976592797276,42.26424814410955,0.5262641476571186,5.918737996897298,fire
25.71581130474273,60.78052599392569,17.59301108719532,27.3673585409486,48.48842264753723,0.4307060276381633,5.1746485931094535,fire
33.32656279673031,44.30901099141188,15.025918316308255,15.756020914748738,66.13800751337006,0.40402612413618033,11.023398245497171,fire
27.468519423341437,45.093124462003644,13.649587040493003,30.83652051411323,68.01046056997323,0.6014703499229317,5.933427419354512,no_fire
23.66946189594999,27.20730188732761,21.122601910798476,31.955286189379724,71.9417075193165,0.691767978556679,11.903931051389645,no_fire
28.31080350416826,69.65729964519645,15.427767843802302,14.835754038822216,43.1716015356057,0.27283641102079376,5.890671530544185,fire
25.732420068521453,49.42276163119374,16.445284123505505,36.382356526173346,75.53346792765525,0.6757676273567887,2.512138945143426,no_fire
24.98761432474071,31.16936590871977,20.577915146471092,37.277721296290224,70.08551134318924,0.687334669500135,9.743533611531593,no_fire
26.52193779823808,52.9497424694008,20.47763668238753,39.48088607043507,43.48142650794012,0.4705080561516103,6.357158974344358,fire
30.61167173673935,45.25149690553296,16.33869013251634,26.269006749312645,51.64857614464783,0.41842452960473875,10.346023078180234,no_fire
22.335272525304767,20.956660660078406,21.446203258353783,32.03890849617821,80.59220408576881,0.7756993370652228,12.50196725707684,no_fire
32.59407983079396,48.20337772133966,13.112912927476698,28.30288158747698,49.483622809391484,0.40039091999333865,8.83539043172382,no_fire
25.35160697168944,36.95921517272431,17.697475789388807,30.27954535292884,64.6385833935735,0.6089675920313031,9.740178960761925,no_fire
27.66251899798671,50.27490076204714,15.779771320530973,31.593712136480953,54.116682353351415,0.4988613052214456,6.623348005855179,no_fire
36.54038060339795,43.98702382789891,13.904677549731996,24.332041068439327,67.76478772278557,0.42623445361063705,9.11021642027808,fire
24.584938104469977,49.87880629614446,16.316104711031638,26.115085757372924,47.53580157700212,0.47155478524099964,8.679085290486823,no_fire
30.356726310852668,40.56139475649222,17.191412679656274,21.196296912673525,82.37573432520716,0.5705138633983821,8.632210125235273,fire
24.91428942999794,30.019108521537138,18.673207515450645,29.946477188750805,69.74986443561639,0.6551939315764927,11.43781749858914,no_fire
31.53814644258823,29.95228778735073,17.49619606354676,14.575828235299223,93.0309584479066,0.598499284530603,12.215940094737086,fire
35.08118372048878,46.89368301541454,20.285317692207748,15.566612335169964,57.25056948818933,0.28907020181786636,12.901372077483392,fire
22.41054804736705,45.72825141243868,14.309604276611315,34.531685860100225,47.51561663831142,0.5792635565354072,7.354836759061967,no_fire
23.981002319262153,73.9789838156063,16.700211548254106,20.859904581108303,23.16274937409754,0.2434020472445115,5.749093288917612,fire
18.944269277481986,76.9446594610038,16.5521233135839,22.663679761974663,16.415392649311414,0.2845097416407847,4.661255877582317,fire
22.477975010457445,34.28504265418952,20.26386826103164,36.206106597380035,72.54370183977743,0.7251001440632199,8.21991787905317,no_fire
33.90982085432606,41.917224788577954,17.676260214919935,20.663905212723215,71.80832679738926,0.44864351212259534,10.464530923811036,fire
29.662748482650088,51.81940941529176,22.718762005511635,19.041620464577072,67.08617564986419,0.41866941433214766,8.847375872311686,fire
20.790876200751278,72.71556794972761,17.557747387530586,17.882762328230687,28.865521174388277,0.30263637020392253,5.747155514493737,fire
22.587047597738874,33.91689147140558,22.420413774585104,34.96945124648127,63.590503266725484,0.6539662690680166,10.415788581903817,no_fire
37.49622094359272,41.76225467578036,15.039153008869047,26.560811817264934,68.60564687908978,0.4300149721887746,9.557085645776162,fire
33.5480789362679,50.31134903393783,19.456581558825672,11.249887011280467,66.59418688427883,0.3328771995746088,11.036109833451132,no_fire
27.431857839197953,61.149518505722426,20.912603251879474,25.551428713628695,42.802934958778316,0.3415473623419818,7.249947062642942,fire
24.14891090977546,39.3671432485499,10.268575117824742,29.153349366317755,61.95437945007443,0.6418431832188582,7.885519959067714,no_fire
21.496196591733188,58.26010137736418,20.495277911819155,34.27777781775887,31.28463785840115,0.4299282229072536,6.97161310623899,fire
22.22435551885182,38.449987242842425,12.078290634029676,31.534764151780127,64.58868331847862,0.6919178574950571,7.364409813845635,no_fire
23.969360131239526,43.15760231666822,9.99488149899981,28.184397354901126,58.14843146916526,0.6084441917856511,7.3711856538849565,no_fire
26.73509624020949,53.49398877090928,16.545652381777803,31.462008321205808,50.84663756083177,0.4802507457089207,6.139053946495118,no_fire
27.001707410592356,58.85491602516167,20.20703768620804,30.709968217036057,35.38885296219998,0.3489260432763676,7.684187747437064,fire
24.69149154809839,72.7190402463791,18.421057567306615,29.1988837535083,22.22423502896885,0.2728501628805623,4.83200403456236,fire
20.17849424187088,83.95794502620296,16.782289707389424,20.86955573119419,13.764561091074672,0.21969395104533612,3.4308976476957667,fire
28.5776718325751,66.25585023112994,14.331417344678133,30.090469795314757,41.28716324287935,0.369018867527501,3.550259415978855,fire
26.98362745882422,59.683885684924974,17.3702792913472,30.06076393155704,35.27709232460958,0.35891838095189726,6.980729120774345,fire
26.40240414122981,74.82291443984076,17.48421846335131,23.503599732773612,26.295137668125278,0.2345196332749427,4.902088093568568,fire
19.68833804901662,72.38399976797002,20.893188848336344,28.005909259975923,11.256370366189957,0.2647580088226532,6.676533898931766,fire
27.352438043598823,45.80750549286718,16.845132885923498,24.43260854546602,57.10253810294897,0.48150480957524433,9.450170350255622,no_fire
20.883837940514894,29.8881527349387,23.406428680819065,21.666124080073622,84.80103634528068,0.7204285149567362,11.621508166503254,no_fire
26.02114781847124,36.47517751858555,16.447601472041896,39.140475483612455,55.444865920978195,0.6113543260646432,9.036995865856566,no_fire
25.285857496030978,42.841139166827645,15.269878843899047,37.145575734418365,77.18554645531856,0.7212311233412494,3.895608737662345,no_fire
29.885349171742224,58.7188547178919,21.931774594850552,30.746325029105055,39.15629426564594,0.3176366357945403,7.9208523700454805,fire
24.901270296703025,38.73649372797945,7.964801610096244,28.24864480596157,68.62310609849663,0.6776198681473526,6.926579325365344,no_fire
24.736111385557376,60.93341795662967,22.3147383090119,29.12212506143676,40.04246440813968,0.38075643991922475,6.834691834006974,fire
26.942237244833887,37.35523100336823,9.482409684725184,27.388199461110883,76.32107659130969,0.6798960959739067,7.0311884189135245,no_fire
26.621862059620625,42.64240359435236,13.74848419615155,30.504055425897356,73.09833218566372,0.6465791014102196,5.951857391817932,no_fire
23.102976482691666,31.730139374894595,19.18266616537339,31.86293953979724,72.42044119375427,0.7013691610087982,9.91473469037748,no_fire
26.971040374300255,56.311312082930826,17.50314857733677,32.40667156822479,57.43587517537775,0.506249406033839,4.279642746645042,no_fire
28.76069626051895,54.751829638974456,11.617485241500036,21.120033040033853,58.63946500887262,0.45488050541815095,6.19926337841489,no_fire
34.38572893353265,39.804871574442615,19.720101273791308,19.48602107820161,80.26852198890465,0.4753802817260223,10.663265053275298,fire
24.072963920017898,42.609216402301556,11.106682353311053,31.720169398135724,64.50823532807358,0.6595203078331318,6.043818710678367,no_fire
25.508879775167763,36.87081805332906,18.4127473810073,39.17321450209087,63.93794880792167,0.6541397920222365,7.995910091900742,no_fire
22.2390547754336,61.515270403667685,16.502143968589486,36.32145285693374,28.339447634485012,0.42969011510521676,5.145472008713395,fire
18.315054640856374,22.43761964066199,24.346616727378724,23.450157328366018,89.07109906440974,0.8084128503456993,12.822178996398788,no_fire
33.58410050570758,41.002415264721016,18.511137101883868,19.934324673720777,76.67855569712268,0.47381441827990145,10.340230783473553,fire
25.829889590541242,40.51466050759571,20.01324355790346,29.033780662825272,62.69638888631149,0.5599471727263441,9.728011401795982,no_fire
28.34887690813247,52.37891088103041,15.73054179040045,29.667582245932497,60.80484817637127,0.5086888336075345,5.487641272562429,fire
23.657475920271455,44.46250499179311,12.001254260066702,33.10460125933757,50.396561663235794,0.5849715438684807,7.345277723656799,no_fire
24.013227979620215,30.032476079365942,18.706180132563958,31.400572260565905,72.23638787947252,0.691344953652101,10.616149992415519,no_fire
25.740040496656427,42.15197826182063,10.427958913581529,30.900425988077824,57.53452695971743,0.5957944560453858,7.491258712891041,no_fire
28.943725672731734,44.283016317714385,15.379843279245803,23.344855219395292,57.968762372497984,0.4686769705137053,9.968180525641344,no_fire
28.165218303920927,60.049746613099344,20.545314834714755,26.590258960308436,44.95055970250485,0.3542959550280382,7.068620717835507,fire
31.332850324143536,43.71141961943127,14.64573932853873,37.90254998221774,45.41796425928553,0.4593868644751819,8.819008868004584,no_fire
24.356060759369964,70.84977481504643,19.773574314313578,25.415255972641013,24.76823649175309,0.2656727594443095,6.16927989953515,fire
34.707695952156925,46.977742009699156,13.939052276619844,23.824856298826894,64.62252877613423,0.42437385067367467,8.488883676092849,fire
21.576376744442776,32.470345077271105,19.207047163534856,39.64339474202424,66.36613420196007,0.7364488105655427,8.575705702245955,no_fire
29.939463502938867,46.013610576690795,20.647229013479414,41.748762183631,59.41233905455707,0.5409591934589222,6.210914159294499,fire
38.478288421883036,38.08786495324899,15.374698019149683,17.194783557354842,76.83432546954454,0.4112109271547174,11.884701101513116,fire
27.684154216261636,43.589283273721094,22.49325205070111,41.332828412724375,55.44858034968566,0.5454563899161795,7.754413176475779,no_fire
39.00987260626524,39.22269521338119,14.394528617011751,26.670365997401476,66.81285422774816,0.408849599183083,10.680767906020224,fire
25.04967262373172,31.474842653510226,6.99273869610441,27.573718013981956,74.53696648143674,0.7298133091356613,8.354743173074977,no_fire
35.471092798259235,42.37989867905807,17.15644074516904,30.537041056521403,71.68003956283638,0.48799953430958526,8.16242415037253,fire
26.74760271265512,49.360893473786234,12.914183177227763,29.256564117482966,62.033751828611166,0.5615638653059751,5.555562749165429,no_fire
39.02110656253107,46.92522984975476,15.176096318116523,30.975939067779986,60.740787750094654,0.3759274036265415,8.279330027951776,fire
36.5784532554521,38.64820398991905,19.37848193423482,25.76501094113286,70.10402629885002,0.4301044340370557,11.313496384024887,fire
22.937654305751956,36.011200736879275,8.71716771553947,28.532332600935497,66.97169324680932,0.7023301379125755,7.872266234465687,no_fire
24.305765523729605,65.06715902836017,18.191500199827274,22.660565897485526,30.652980677782764,0.30725733754855034,7.449860211482546,fire
24.88797081297556,58.90636094120072,18.055826818065494,31.844457285170645,42.45268964841526,0.4394716782184334,5.620994280317334,no_fire
34.608246154992564,39.83150594753411,18.146397770692122,25.433980170727374,74.61528844587625,0.48661337123648013,9.815462296286352,fire
30.89183701433041,52.77351978552832,22.794026477786083,14.342781759837791,59.58052973703816,0.3260469232342318,10.914120282344028,fire
24.78129208146336,46.23900132703403,16.286314154865444,36.911925804514276,60.62907150351569,0.6193129358345384,5.448477545779912,no_fire
23.685354891645417,38.41304637637133,19.690647624006964,38.85537824765087,62.04476855411936,0.6569642501279271,7.876301882696853,no_fire
30.41562073485442,62.687476464738566,21.69426163417089,17.797033061564065,47.850486564260834,0.26839522534546073,8.369004193384832,fire
26.64202690518893,44.475377272012224,19.32179091604824,31.649527034801697,56.5689393906661,0.523116092819973,8.722010330062023,no_fire
29.50616303290519,45.33926687277079,14.108133252774998,28.813639936502614,47.070666971898184,0.4379156821220121,9.784345945184851,no_fire
26.502092342905044,56.79359863528882,18.81916014783908,33.98374283316409,33.82659136343687,0.38174938582793533,7.460288551235199,fire
22.452067329706203,31.29432001060483,21.751344397822187,30.00499861677608,72.57041796748044,0.6864238998741512,10.916235777361011,no_fire
27.359510147985226,46.712462286160616,8.124330978759188,23.074062706205154,59.67841324420702,0.5360896046755903,7.2460779972433285,no_fire
23.692067694728905,31.277558049337006,8.174546866628924,29.90838985586645,75.6535050933668,0.7643918606279856,7.781307638702664,no_fire
32.52037132055464,51.7671883065272,15.993524703502992,20.165617728438935,64.51234600842531,0.40838523788993,7.948652318752582,fire
26.613133304902206,45.871656403722,16.105759784154753,32.3935445791713,64.18177038933801,0.5859006275995047,6.2938274406065515,no_fire
22.293734029298598,33.7164273051045,22.263031741612544,24.025659576139653,76.67589055950367,0.6649377049292347,10.997322029793866,no_fire
35.54893343922912,43.849149772633154,19.192718516509157,19.50940413559101,64.63843403192817,0.36276091689220225,11.712328904824606,fire
34.4732571108069,50.60310813678896,17.973229871129714,11.291559001412399,62.37829872322901,0.3036781241491416,11.366438360173797,fire
22.703890132123803,32.95402317354938,20.648421091727215,34.848635192669875,70.33920778830193,0.7023040760244617,9.397383157359918,no_fire
31.333408646023667,62.05515186111414,15.133809465908739,19.139321418976664,54.10703609280772,0.3383870731065408,6.07449081874004,no_fire
25.36723321628901,40.4998870816394,9.891315116203007,28.004278063503747,68.09419502413276,0.6501000114452027,6.966300293034338,no_fire
27.37064785211498,54.99055478162259,21.848017063853234,33.764480802333765,41.36294693396149,0.39682099078840255,7.737235321876886,fire
28.82768862395592,33.03748048213771,16.47847854759846,35.53935182944456,58.34171998146508,0.5726089248124511,10.930676091574933,no_fire
26.358726307130404,46.74220966754531,16.72093340370989,22.615007331251064,57.94651231423254,0.48786886319120726,9.282963064760695,no_fire
24.553450025200426,57.11184647257011,19.025008934848326,31.157907892019484,41.264533060364975,0.4327095832889442,6.6903934390291475,fire
30.739700510427525,40.021600210215865,16.07080933068981,25.180968846171588,58.546441872521356,0.4641958509214407,11.218354786696032,no_fire
27.91025279806114,59.77757433357333,20.568780658274353,26.809011093734334,45.54637678498046,0.36338965105298837,6.987996807449991,fire
24.92643381702505,60.61011651412208,17.733605097927974,26.816283004473934,36.23600393795536,0.37001051883146113,7.08675266368486,fire
26.780592101256534,51.74722659880727,12.420651714240178,28.654174759792692,64.66772450243899,0.5684769904032039,4.439572004600427,no_fire
22.393623094765275,41.55839630384045,20.168584661168232,33.509414029171644,56.81391612884433,0.6021999493277861,8.795765015517981,no_fire
30.234477883881702,63.272800621304995,21.832652427031615,11.967691149882102,47.67616277127292,0.23139880124412962,9.554498189564127,fire
27.515125045049736,40.79730178690308,19.97750759552662,20.555607924720967,63.56373796209965,0.4863888966537929,11.68396698841895,no_fire
32.65077795709216,60.93647199152238,14.40459949659417,26.52740823110697,34.572762459394,0.2627149455506641,7.63852314243522,no_fire
27.889387806173378,45.40717292884224,9.101312145092265,23.408144059628846,63.14362008967703,0.5475242607008335,7.35578594090773,no_fire
35.89226851799373,53.711527902592465,19.344126965096123,22.798614081901867,55.92511654863115,0.3015941508585984,9.153085735032958,fire
23.016997983589768,41.648959167420905,6.862906851819024,25.615799568027956,50.80660574460355,0.5879654421482873,8.737655402556049,no_fire
24.392511341129904,32.97358536037495,20.01787405116631,28.521547042108025,71.51217784114505,0.6480125092196574,10.77157815113783,no_fire
21.63967727253403,33.354396160684985,21.16934697755438,33.11598452197602,65.12034631880096,0.6739501125317218,10.40383417294703,no_fire
25.620581344548086,65.90614628284413,18.995555551972767,9.977698070992844,56.37997368418809,0.34583510646723065,6.655228594521509,fire
27.740608741556272,59.93861344028353,18.469327800747884,28.35564556522412,46.48767990613223,0.3927015494298338,5.973279146717655,fire
32.20171646308477,46.448339957590264,19.653400020782666,29.112945419472418,71.4070307537754,0.5004714375880293,7.30941596578428,fire
35.47298414952398,44.28769612974939,15.386522272189339,25.324753577471704,67.17516324025173,0.43546623723999606,9.040852675297161,fire
25.08163983640651,38.624881988072694,9.419440178310348,31.765279204594737,69.65229914172437,0.6943727598252105,6.333046752470598,no_fire
24.2573282275684,52.11290250288653,18.931796339753557,38.51471082267466,43.6281849739318,0.5103293261191343,6.1914754841161646,fire
31.65265276041698,47.232441938643134,14.312464754395087,32.21661379303581,47.557360670456234,0.4235740650802014,8.655829450844793,no_fire
24.637887332857417,38.850309911753726,13.345011330710186,34.05735906504821,77.10481408296738,0.733339424455266,5.404251536610221,no_fire
35.760763620323544,56.1468308035364,18.3320754641883,20.297341413478286,44.47303105617861,0.22312717572262405,10.405149345670807,fire
35.62999582453871,53.31349550959911,18.236863165002003,18.000081186493446,49.420220255180965,0.2467490168908892,11.07598524652868,fire
27.04289885257373,54.32285135935544,20.875138441129977,4.239645733508711,68.50869482178051,0.37739881757886634,10.497315855178808,fire
23.822106584362842,35.57787835797302,21.962350170153204,24.688325302023816,73.81418863425898,0.6270105489572988,10.813395796137128,no_fire
28.664204576603684,64.83080297096808,24.386595558778975,5.501679025227613,50.41797173964087,0.21059792136712646,10.467057744454527,fire
33.35943180000109,37.58211887094184,17.45177562998689,21.353524569469567,79.354048479424,0.516510513211612,10.461483192388377,fire
27.84911274654955,46.31741012332196,16.076609034934627,26.67328417033357,73.37127777098631,0.5823352949359768,6.274390741281512,no_fire
26.303507973956695,50.434234166847006,13.420474477252034,29.92997843308401,49.19066450733115,0.49452068278606914,6.997865526437936,no_fire
27.75715722139331,59.47322715257668,17.353905407611062,33.926719703625174,45.312004035047465,0.4283816893353021,4.778639683494275,fire
24.511864379258817,47.02248243184428,13.244901979913536,34.80599119624965,64.18507976730929,0.6458402980852325,4.476501189583212,no_fire
32.86757278708945,61.37758011371058,25.010021278959282,16.832075818332168,50.291150651152385,0.22371171978992754,9.687320566168014,fire
25.775654340153793,45.18567174587689,25.89875159956492,7.803740774922894,74.64513832377953,0.44820137579543007,12.595861147707945,fire
26.05354618753217,34.91449831026488,20.171791809920393,21.698142648319315,69.57873634677216,0.5638030778999605,12.264150978389665,no_fire
28.868780213600875,40.728806015512376,17.561869666300417,37.04947307772538,53.212356774380574,0.5253718464110068,9.105748345116238,no_fire
26.61812286691419,58.03098064402005,19.341536463634377,32.344605784356474,48.86111181252395,0.44760263299855185,5.348670433047049,no_fire
36.78143991448458,55.209622161909465,18.31104997921003,19.354746952994756,52.42229496347702,0.24928890539320891,9.884444316196385,fire
37.82809522340162,34.66484959778157,12.014046334148658,32.402144845399505,80.74405575865553,0.5665384009685398,8.102834382096196,fire
25.4498473813917,35.420730215996706,7.9056339506154325,30.412137975601663,75.65991044289561,0.7317332136594874,6.516232284567314,no_fire
29.04894352697189,63.710803066759,20.867275679416213,26.636492118402266,29.388667721849192,0.24241385965154547,8.367320635005624,fire
26.126718831726414,49.67801971797576,16.534400900903723,28.228455553587537,56.84246281493186,0.5131978438820675,7.139171287863721,no_fire
21.403882754364588,31.61093853184122,19.442493630180103,36.402251198111955,73.27662847470796,0.7584958326207001,8.605017921601242,no_fire
34.667393063685054,43.9383748076726,22.70303273249192,15.903838887842006,66.14657050757278,0.34101157161780915,12.915632043704427,fire
30.554120612428502,49.096374713316294,16.707006874306124,29.283695083152466,51.55391119464659,0.4248971903715904,8.50142317892412,no_fire
19.614963681298747,66.36407591416264,19.337108249904546,26.48768027334052,28.138723657289656,0.3764877181835301,6.128021830858439,fire
37.943943606733406,45.24148267797216,17.039436542256425,28.49682171116247,63.54356441297222,0.38584783959294056,9.225742850820234,fire
24.475765334157423,39.016822593891504,12.686324528170328,33.88859802737472,58.82984882404474,0.6357366669830977,7.924721954403129,no_fire
23.670462625723612,38.73396631214713,21.336165393152445,33.21952985042256,58.13171037991209,0.5896314757102077,9.995644502901172,no_fire
21.013514877534085,69.15225902289723,16.609138098293734,33.542870243974725,25.03725159743602,0.390685611888438,3.677422071876795,fire
34.77928086818015,28.83582049533244,12.28342816222897,25.691447205055148,98.04818906639629,0.6812893097268979,8.60938190186107,fire
28.09706883787591,50.5967408872574,18.128655843354018,28.984632938527344,49.44187350913592,0.4353007904675028,8.367574085636626,no_fire
31.578338861427355,60.56804574454428,21.15325459296348,25.86026971034495,45.583189221954115,0.2975748297272692,7.569719548545453,fire
37.36764589061436,52.19175177898076,20.64688099552594,21.025793717288654,53.1179194743422,0.24938509464961436,10.940090468460745,fire
22.67483460426807,35.70291797168889,7.7940596350737374,29.311051227890587,56.58564708919259,0.659163024422877,9.093096392331535,no_fire
30.55995619318221,39.87546469221395,20.88015633177268,37.03938197430635,61.17417760452167,0.5276164051166115,9.139973897695521,fire
25.624759963592844,40.39916719886986,20.868054046490492,28.17869145001716,61.48154585621828,0.5461626776772301,10.294549282391422,no_fire
35.96364630109257,66.80064151204866,21.51863610623828,17.190812055578494,39.161622499184695,0.12330192380222309,9.187212848872058,fire
25.353379640189488,38.48679126078334,10.235859344890754,30.7822537886859,66.23513401135303,0.6606519926875012,7.317959254878615,no_fire
29.342410017030623,51.70994062330048,19.90417809491574,29.913363427465953,60.578824425968115,0.4715084346648881,6.698301023997676,fire
24.349685650245696,41.636585606744916,18.893559593972135,34.027788202832994,63.36055857719152,0.6202941460263169,7.6809686588730255,no_fire
34.24200127779126,51.82994752723464,20.10791798117195,15.352924495068546,58.45379079298486,0.2945576255414212,11.036832549477403,fire
35.052986265177,54.839936815521085,11.711097783804009,30.28147981521724,33.65974607684963,0.2776769807763,8.6213071511563,no_fire
24.411535032857593,42.05555977242783,16.765317072944896,37.12874543336081,51.69841620202239,0.5847090544653205,8.110465551278088,no_fire
32.82058943515643,45.03861084363727,19.870550888650357,21.58959045655942,68.55295131452826,0.4309885011232654,10.046442076602913,fire
35.66896492601245,40.275441415169865,17.609532110501085,23.840048736650086,74.27937219166469,0.4609779864064248,10.120159203060785,fire
31.434241933353125,41.425662921510316,17.39293173750526,31.548392650817895,50.93802861435158,0.43932525470141104,10.797861368039438,no_fire
26.810975239529093,39.64581286127542,5.615144030794454,21.42828940660368,74.88597241781548,0.653150296017196,7.043602138567051,no_fire
21.961973984882114,65.74791814378634,18.329756396229623,29.196502229818798,34.75353747702568,0.4031140267430115,4.831259253363089,fire
25.382416400910213,45.64451045262226,17.498131997642115,26.97371189819946,56.389907434817566,0.5192368148396325,8.892822053286118,no_fire
19.510095764488987,58.96613693728513,19.791733449208863,28.89175490635583,27.2529584460259,0.4055297802054384,8.161745093933373,fire
26.091488169037525,55.67419304280219,14.198849427091202,26.036257756340838,37.74959515010538,0.39049577482093367,8.037120085177346,no_fire
23.272914608199045,34.83027969636453,9.519680895076188,27.608293809158877,67.14087920180549,0.6910434484326016,8.654841467330167,no_fire
41.32623679675477,40.63026161812553,10.743866662255657,36.31424704066432,74.03429054997318,0.4925285706632254,6.483020055071345,fire
36.49080418204767,44.859266923421345,16.74555361520041,22.5823058890854,66.24082842727667,0.3884878649585785,10.053277765564838,fire
24.8789816875137,52.187491779464466,18.355744397728362,39.53251158386945,41.7489688718251,0.500077851171982,6.172796836568299,fire
22.588339604134724,42.74325846605302,11.250939507826093,33.8241015835367,52.03897745511381,0.6236314814419299,7.1848121371130445,no_fire
28.66724853441255,57.48523504200496,17.15078682583321,32.37412383832641,67.39147664012458,0.5354734791199973,2.5971515787988575,no_fire
26.302022171589577,33.873258551174736,18.31594571512475,34.83357035576965,68.07578230310268,0.6472287075250367,9.434644742748937,no_fire
29.32108787683845,52.82410593724234,21.425300790649867,14.719897013699844,63.539296682378584,0.3818187677383399,9.723424055163619,fire
31.994033384482158,46.052900634077744,19.308802564539835,21.478558939754464,69.36779094809383,0.4476849334685584,9.394850986377854,fire
33.00296809614787,55.112596193138856,12.526029490681923,36.72374709704617,39.0710555366177,0.3730651319340745,6.145153076288528,no_fire
29.55024940911495,70.1656726950985,18.572611685289953,21.941804607723007,36.55262977325035,0.24174871944781073,5.901726266780516,fire
18.492809815872178,28.422343226745152,24.35469368032546,30.891787354873063,76.48142006606741,0.7652529420469079,11.070187261164095,no_fire
24.69827897958102,66.02148193966693,16.952597344230323,27.877778451593514,40.75624993995977,0.3951876893359722,4.241642016730903,fire
31.27858189744218,63.51352316501426,22.844831282120328,19.227094091340604,47.325050973277136,0.25252804705356735,8.212930658464117,fire
36.352445073999526,38.81998844950759,14.532137772619098,21.415910885259148,79.50957930541672,0.48704274170558154,9.815054545688907,fire
23.53699806287495,81.4654550085606,18.209860108474004,19.671917573780572,19.6162091066638,0.1934943577435555,4.402332207515757,fire
26.298747272235673,37.17700158053576,18.36768353644653,37.04135464463338,59.204932031834424,0.6020368358186228,9.184956638238878,no_fire
22.403629877685844,38.470862507253486,20.344986900958926,29.310548827383936,65.189144265138,0.6301866004723915,9.557132048382064,no_fire
24.59460693578802,44.92355187347867,11.777725144455713,29.81739078569779,64.28355874662279,0.6284167772313851,5.985459274196686,no_fire
35.003538108694265,51.70248315057087,19.178874960219364,20.02205189451533,62.54243319072546,0.34102150133134557,9.305447765598613,fire
28.32550566910493,36.3490228442799,14.700579037619839,39.24077871803106,60.22527994557952,0.6150992871573433,8.292078443369359,no_fire
22.345148921040362,68.77436579964578,18.754804442067634,22.71302571785006,29.823192791929028,0.31868341340317924,6.223035899811332,fire
35.99240017644724,48.59586693059447,15.554998881956402,22.332080079203735,62.64529923052283,0.371012108964973,9.122038055060983,fire
39.319286145629135,46.90041203436675,17.318994735648346,26.192422310170084,59.083265346717205,0.3199063398598115,10.128390543978634,fire
29.04181507167025,67.31291830668576,18.301480910038283,29.823677467229942,30.972861533658868,0.2764982566607762,5.698461702562965,fire
29.759959999900413,62.59519269554613,18.393003027302715,28.85663808709157,50.623514398656745,0.38218659591653403,4.653068581423451,no_fire
36.0386230754906,56.5147304122368,19.263183518426697,19.778546741192976,49.8878181070547,0.23963185710228813,9.842587348559611,fire
20.93792883705086,36.67931959483796,21.054799930878506,26.585042924999236,73.11579473386251,0.6801157419127437,9.541671656879693,no_fire
23.58010428864679,44.62547426573627,20.632550005477327,30.23038729440352,60.66074819208463,0.5746155878577267,8.258532641952792,no_fire
26.88443707919746,66.33291113557313,19.358983982826665,22.584965554562224,35.870848250135154,0.28738385224768426,6.8888010270674735,fire
29.69929645461375,57.922014700654756,15.836393384092457,28.763494108401282,47.177697756591286,0.3909329611328104,6.1332786562118216,no_fire
25.411802690393486,41.736329608952005,10.771631843312795,25.903545096802514,62.201697949161876,0.5948112982720857,8.115388450741367,no_fire
41.595581034246536,48.97721023756037,19.57568840679216,35.38488880369808,48.17962772148953,0.2633404975864485,9.74029601524874,fire
43.412070799130305,29.922375891561437,11.103178710593303,27.939061638014014,77.0037040741963,0.45303383803179254,11.7712808862517,fire
23.39708938806607,39.652082918936316,9.489345072275945,32.58248408033073,61.26678654360346,0.6743234715522506,6.8382527246159395,no_fire
26.758371799155174,56.70403877959113,18.01347026409192,39.091171878897384,41.73465176029805,0.459023067599153,5.009638450686725,fire
28.523610185802287,40.56091759878656,16.255886284384303,26.485411584023353,60.73977359799602,0.5149969070953149,10.159093258720754,no_fire
26.951293892972572,43.6388247654688,19.248759990009273,29.30721916367068,50.776854020068036,0.47418930260159875,10.411403079716058,no_fire
27.71765855194722,47.03398804486652,9.820624897384528,24.10824599879269,62.62863219247404,0.5429020190780348,6.877304259186413,no_fire
26.610985612502738,40.5033126703974,18.8328347221382,28.889309406042162,55.77275310241783,0.5156092325499197,10.642668598473831,no_fire
30.903750745257092,54.984107757288925,15.026231701547408,24.188463922811295,67.08843200006997,0.4688240076807256,5.184455815253733,no_fire
23.161298342874886,35.0704931889146,8.958445606361488,33.176151829064935,61.32962339821025,0.6974671776587573,8.018436856967588,no_fire
27.4067761331129,57.94504510411063,16.1081089938794,31.581296244281905,69.66279429932449,0.566865325438277,1.9048584562625177,no_fire
27.678349558307605,34.85644614159224,5.4531154918296965,18.748107173754786,75.8937856126451,0.643198121777244,9.133347837282118,no_fire
21.870149313546996,63.55333271062209,19.187273109252438,29.65687759007873,31.314480216946365,0.3890226727604013,6.106322631192885,fire
29.113409869111305,42.72979927668132,17.03104076279497,28.19916063963728,57.8784177701049,0.4904195574562204,9.73462911284259,no_fire
23.643444201076704,36.800580665454106,9.69894695561163,35.4578359345725,63.906784214627756,0.7098914581078017,6.779521127955343,no_fire
22.748824470288824,47.11019988205554,14.948839712453458,32.33135043995014,50.07972363604953,0.5673801531056653,7.221168890558534,no_fire
33.0525314791433,52.721702876312946,23.95088077314903,15.752757863239031,66.06095203639183,0.332361728859567,10.188409225458319,fire
32.170266631982344,40.85586840198813,16.861950042144446,12.109234576083775,76.80039627956428,0.45685634644850714,11.630526474838414,fire
27.411743968326256,57.11382559194155,17.96018403797682,32.84466000167734,40.04682132592663,0.40014691439606065,6.643729807123118,fire
22.819036963409538,41.820972680905236,11.413298633513923,37.833375442305574,57.111445540645526,0.6751463139216616,5.874481698915572,no_fire
32.954586498366865,44.381373096222305,20.706806028774057,27.197222321360623,71.08601412455371,0.47499358715301443,8.787125206720974,fire
20.609423618736912,71.7316839216371,19.41746211979392,32.93033328859297,17.945926998288734,0.3296476835867437,4.57690347191326,fire
27.153628658559096,57.623343647574316,14.735265230128851,24.943798627829345,45.59264093297521,0.4033830733921599,6.763787943171741,no_fire
26.18239859589895,55.6953644135567,16.947659683053942,34.198134764442095,58.32761446821523,0.5390637364360724,3.708208804886276,no_fire
26.29168313024598,34.61948956756042,19.36102867330019,28.848550773158614,64.2474569597609,0.5804944465115968,11.358817922779746,no_fire
25.72411791885657,49.86332580703335,15.47259579986299,33.57823026976314,63.458432852568684,0.5952925794236323,4.591310401479887,no_fire
31.209793087804734,55.52146188681934,13.870346913298794,31.188630083088345,42.93846014933679,0.3779093643200895,6.759501899269991,no_fire
29.095218304936672,50.716407867695295,18.8601661415196,33.40610041236422,55.88807645863654,0.4794923880504727,6.649971388872495,fire
23.179458888039377,46.759860894305916,16.638820874170264,31.2695400045061,48.22787936590782,0.5350259394752459,8.268043586838917,no_fire
28.690108663443088,38.01087777833437,17.70646254204063,31.372995842807775,63.34905543575168,0.5560084072527307,9.79658127565701,no_fire
27.43355555419488,42.35482840996697,8.889837288940306,27.108602468339512,74.16170293046662,0.6486213291043237,5.750551709689373,no_fire
23.29207193309698,51.496427479603355,16.755184691067868,26.47185410606442,41.778718426739125,0.45376502827100496,8.84442993163683,no_fire
18.598030087656475,69.08247563186379,16.38744374241849,36.120645237727416,16.27310216383558,0.3950445638566729,4.023929246387281,fire
30.762917945195046,41.96029083619388,14.20069652093367,30.29149607997569,52.119280004918096,0.4653748204198268,9.974010609287966,no_fire
26.97817579126291,40.29441222592904,17.61458828022915,27.698494404580245,56.97841523323151,0.5172068229814513,10.597989544977946,no_fire
33.74749043801482,63.44773691804335,19.62155169972335,19.658006547632535,49.27085109917914,0.2485070192271188,7.500366066839443,fire
25.624144390652454,43.49306933904231,15.650954121537893,28.85606320922935,52.911559799648266,0.5245805878748435,9.304597540463826,no_fire
29.927484917066412,55.37977707879013,20.70921296482376,16.467820697627527,58.037869198702055,0.3501177185783603,9.24283239846472,fire
24.15477413461732,40.870134486119525,18.778965057133842,29.201765117632252,62.5480250894466,0.5913411217731634,9.107959922311238,no_fire
24.130230928947974,38.770878203648834,11.248307731751249,37.4387113283074,75.92055064913495,0.7678347115524717,4.312332599676399,no_fire
27.688951880176734,54.424480668529014,13.88772999451924,23.451288670662343,58.912704098141035,0.47442981217842406,6.062230803316631,no_fire
29.46189570162471,46.791200061589024,20.794960735726338,37.750665650718055,57.06909613072289,0.5070466734883647,7.194539374806413,fire
20.911782438555438,66.48895755272443,19.631377112779553,38.3328307432095,19.449275868015032,0.38024012278476094,4.879821158321618,fire
29.620160224151473,59.42591503774577,17.143556207771883,24.280817273383004,44.92955708450712,0.3398296337121851,7.281122458957209,fire
31.88297910675844,40.69226709444405,21.99414247145392,38.698038738050094,70.95090415935746,0.5642852933953433,7.468813798187569,fire
26.835500099020656,63.17360929387587,23.274212450942613,16.34656617975199,57.050492314143604,0.35352390789403576,7.0377180021460175,fire
28.291289083881225,51.55273455630227,17.367609033089895,31.52829451838226,60.35812484162006,0.5112722308375295,5.729073477228979,no_fire
27.92462922483489,59.94613119389393,25.789857728327284,10.609504876885195,57.89485859682413,0.30035209903334315,9.951830144344346,fire
34.26075053907508,50.18856080107999,23.275985631018766,25.077924421233448,59.3725348503549,0.34587007443663165,9.861397724107976,fire
34.41163799935427,51.20596824176188,19.499346740058876,21.122701900199356,52.369734578002124,0.2991601830218502,10.699774726771054,fire
36.535253544314614,49.167556458833914,22.31276952096822,22.31659611018021,58.49775318475741,0.2983915875406896,11.05945662654531,fire
31.19700877101607,61.344934594792875,25.170264459404834,10.43264410572195,43.18521095890308,0.16803012668352513,12.02754933486759,fire
38.066485896881375,39.61040183151255,17.643968498712873,20.845758478762804,65.28252470901845,0.35789615307556377,12.684159541582632,fire
18.784484466470943,27.353151959376415,25.17374139601307,27.668198031896292,85.10676957794648,0.7872612086084798,11.096473534372773,no_fire
20.95779926305547,31.70753767696721,21.56494208314533,23.115071302875425,75.35869039922939,0.6813136692760227,11.716894501617194,no_fire
24.50521305623292,49.21381919893217,13.363858047163347,31.42231108806346,48.43374746380405,0.5299633183076897,6.901122845068384,no_fire
25.571791373873978,45.28387168786065,12.958737545903166,27.756032528607438,64.16650231470602,0.5924828019155006,6.744957678602939,no_fire
18.731369057821816,20.231057852410217,23.00300141643344,34.56411054394028,86.14681465987857,0.8689568802017165,11.173513645158803,no_fire
24.453329660494013,62.53588306506853,23.522910779885446,28.517228396345995,26.439856876032994,0.29353865284989955,8.684323776394118,fire
22.776027114512544,40.83054371405741,20.42803202736183,28.50508751966716,72.07749681299742,0.6513103553983837,8.03698499306952,no_fire
26.495869537061676,41.127905397522056,11.091841274286367,31.18292616060301,76.00566666316584,0.6886826728636997,5.272712942552698,no_fire
31.21131924837049,55.06127415896809,23.923754837662305,19.61623320543675,55.21408911637974,0.31682299620131515,9.891873611655125,fire
29.438828138315557,47.77146311121399,13.567286242198708,34.869369489382265,52.10235128589997,0.501373695132886,6.742271344522761,no_fire
34.752288265334755,57.65889099581082,20.734231035943566,25.02826748756124,47.842398151579864,0.26824421817720684,8.704494257174781,fire
20.4968191941378,24.11374202829914,23.01895782858225,33.62148180918452,81.95791369502068,0.8027111896782453,11.00571567282637,no_fire
26.963844685509454,58.30333535240335,16.961339463362876,32.966659174919336,48.47517078192473,0.45740419767307927,4.717637863547114,fire
25.863822769598517,37.802567464224566,7.440887847559884,24.681034820460336,68.94463128218896,0.6485090961076918,8.020673504220422,no_fire
26.645521429032602,59.97375902576027,18.777392749915204,30.47182440117102,45.02478585055973,0.41206248709335414,5.6067642714737,no_fire
21.69141212783027,54.06762081059786,18.71735533501531,44.3438454409788,40.19671607953481,0.56149416162558,4.333258710127495,fire
36.22832647164252,54.68154168988883,19.24801807544303,21.425228843690004,50.30571248470933,0.25448846475095055,10.012602187678961,fire
25.74508765735913,62.11847658204623,17.354687983682577,36.417319788775934,32.35990992993338,0.3940429374438186,4.993597194438806,fire
27.298856476822134,61.11663691140508,19.621554223006132,33.861574464855096,36.24771017064708,0.36622819046347077,6.02170466640988,fire
31.974589839835453,60.68308058847194,21.004145992541556,17.41907380374122,47.667920178314766,0.25135017986970265,9.192127250635936,fire
25.380042309401162,46.37375307277465,13.322359444472523,31.1486997327061,65.19397180249705,0.6171184247957335,5.512849083920123,no_fire
25.112871849054315,38.54772604189239,10.757443149854817,28.710713104000526,75.80180007610447,0.7016894049768709,6.44181199074662,no_fire
27.2614741623787,38.34162575759906,9.649748976929564,35.62698401272067,81.9398684876643,0.7542724924080635,4.066227538455927,no_fire
24.56905967905712,40.42987234247518,10.56983759884428,33.06857464395889,68.87311077412951,0.6940792041202064,5.742388379618728,no_fire
24.570215943873624,42.720226473601045,19.06004009473144,31.50808190811578,64.87153048057955,0.6058593131434371,7.755883488799867,no_fire
25.409151007622636,54.75351773259476,17.702135024711254,31.090424082086276,41.65689033799899,0.4359510897023018,7.241146414517741,fire
19.720442599926564,31.28083897946601,22.670086744508513,28.21626275994025,77.90971087449904,0.7404457212476283,10.36818340314677,no_fire
26.756284758937042,49.88485070958059,14.049198283249398,28.704063178048646,53.81284369391936,0.5038527673203603,6.969337794922793,no_fire
23.342782435631932,40.888136762527324,10.530335114236657,32.19039832048073,58.679834739103235,0.6487219892547957,7.126666752099074,no_fire
23.4373146272803,34.26818362882926,6.8567619135259985,29.624183168179457,67.60215744686204,0.7208989094543885,7.761014125833432,no_fire
24.939851428614205,48.30398997165966,12.558860613734323,23.065036470044454,54.313940612611916,0.511592189636889,8.139409858119462,no_fire
29.09502192009197,55.44031539034293,22.753980940905503,18.81190836724935,62.88302179726269,0.3920686152345841,8.288459777981675,fire
26.08341739815555,55.838176917356705,22.762451965924278,38.07169875122046,37.4466097481858,0.41317000613460414,7.0695007741032345,fire
25.30398133434092,60.83182178198902,13.798116761441026,23.974387749961522,42.79787356663595,0.4059517176271922,5.919648621466727,no_fire
26.4589144905528,48.6422563174217,14.56550447260373,30.452278588154297,62.47715616411437,0.5680509478088192,5.755942657538416,no_fire
26.319147530603125,59.117119789636604,20.120218704897038,27.578151304390914,38.16457974919333,0.3549120696079586,7.800791053133019,fire
30.632282025947216,46.230438038753064,16.154197858276344,29.961644235071226,49.25985758183665,0.42615348896359023,9.497252195573472,no_fire
31.903005952765852,40.049285468796526,15.646533043747421,21.837799493924404,76.12370640983544,0.5269607915001473,9.454225306016609,fire
27.828745592227865,47.58210457831335,22.339532730651406,40.11008718806434,55.82313575801341,0.5278217178901026,6.686189018975965,fire
38.427439877595056,26.23555806150986,18.409434385285845,25.577904886955494,90.16634940346803,0.553318958784971,12.42684112190184,fire
25.647630744067605,27.3294656024133,19.026845407781416,35.06663471590403,66.72117389107167,0.6644623198424386,11.743124789640131,no_fire
33.74307335105985,47.78978006354285,18.874106090322943,15.917135333961447,59.565896126954065,0.32995919681211233,11.710503522488063,fire
32.354649265191824,52.49527866162353,19.548589216972722,19.799279141269174,56.46381547225079,0.3406321489389784,9.717543602881749,fire
26.49237286009334,56.766458277128194,20.131166005279194,36.38869892569276,57.993090294303016,0.5246242644272598,3.625606787316168,no_fire
27.761561692751332,68.77037578297974,15.31935209053674,25.276859061998035,39.4170930417185,0.32805043734277994,4.226349586627015,fire
36.838995189834826,44.20894487944665,19.81017321598787,24.834628363636366,64.09294567969808,0.3690908153092005,10.756624451917077,fire
23.13768605543605,35.94997375310764,22.036808686673204,27.49808154895024,70.51525973725703,0.634754884920073,10.456175252618758,no_fire
28.51002530354429,45.10550604605717,17.685501733858306,22.680217419490592,60.165966640405934,0.4675214703860748,9.962553539857817,no_fire
31.799729852497908,56.78633501712105,21.834807186935087,21.215924889440128,55.04840894507404,0.3246754164825016,8.63145898256673,fire
26.15337227780996,39.80294372175189,17.318756315105404,39.826546762241236,54.16815198382378,0.5923371665021542,8.201597909705157,no_fire
23.889346095798267,36.30238192411802,20.19003086992229,26.917849659676953,68.66991742946837,0.619509416435104,10.459945024782344,no_fire
22.510836838986325,63.98842401485513,18.71678671701612,23.7549509224675,27.58304795841959,0.3234130216583677,7.864349740615256,fire
20.58619535215945,73.06025355078567,17.50592445112876,25.31936300884306,20.904980846570435,0.3067683216929039,5.059103583977674,fire
27.245889767636385,61.46054462774346,21.406270266247024,36.64805165633509,48.931556491707646,0.44401293764416355,3.768636458597731,no_fire
32.3358945451727,47.07971131048153,16.55367780400196,13.916786201789616,69.65603035980703,0.4104957568781254,10.227594031532146,fire
34.85423649273112,58.32790812531765,17.765752219512695,27.02431502345924,48.365831001936535,0.29769454735533274,7.337647874049836,fire
22.570739962415004,70.7883638877374,16.940182848833402,21.76798241438981,24.85808799276148,0.28679747069929573,6.173124813785169,fire
32.69255216727805,59.69952472382769,25.005174428169592,14.193490566704487,45.99660784557566,0.19041879354954458,11.442753654376897,fire
20.38331937046774,69.42150802101409,16.954948681746565,31.754120311391404,21.463341758708427,0.3661298003584544,4.518052500091702,fire
31.122983831948865,48.828536783817256,19.23868024410996,15.167816826327261,71.09728788152502,0.42387226462898847,9.569278404066672,fire
26.52689604143331,42.30412253418881,19.38488858441588,28.74998882590783,62.24224289734097,0.5440903015680357,9.247582751703447,no_fire
27.07147868446596,58.49249738053507,16.136083760509198,35.7321002675535,37.96049765134073,0.4184547614315169,5.411136811941557,fire
25.013789199278474,59.27625840708127,16.127770780168778,28.788798282275177,50.142745908222864,0.47195795051156514,4.680142993634769,fire
21.035241751481692,30.032564274939517,23.939563453610756,32.62149891295727,76.1835658350054,0.7346148397248582,10.456337623668853,no_fire
33.791747227071255,65.72331669065719,21.59051035317256,19.56578232891982,34.72654324658044,0.14804749293032024,9.360380711675646,fire
24.40020615887319,36.93326250559606,17.519037099154666,27.058319710552894,64.74550483865711,0.6047651695311358,10.30773867161772,no_fire
31.042239162551617,50.83165908713784,22.937247807547507,0.7373751726803532,59.269121515314175,0.24177366183118015,14.768632557816126,fire
23.24761040325837,29.536580645695775,23.174349408114008,29.8547790495925,75.64430945627645,0.6873145866693058,11.471093017267512,no_fire
24.288244018921375,39.82413172314868,17.849272831661107,36.625728366182855,59.277723585098634,0.6255801724775785,8.037149283849226,no_fire
29.864624705532698,56.63252950688528,14.831712247949733,26.292164594488337,54.85873723130248,0.42551865753625284,5.792799621150527,no_fire
21.49022491398209,64.31786130109779,20.295819923717232,35.28131435473729,17.636778475615703,0.3444925292309686,6.76659650693481,fire
26.856603675239523,43.11210054653975,11.941067772408326,21.994343419318188,65.14797267496077,0.5548807690440226,8.583704599337558,no_fire
29.893908125848178,54.642829983706875,21.41883575462344,30.025292310141623,47.81450717077227,0.37562813548084323,8.010324309568109,fire
33.31159722226406,63.69284890026523,23.14812621676738,17.148067432642627,43.89973314315235,0.18789991583083673,9.48031591565561,fire
32.083079713517904,36.97764315047601,13.77738236473556,38.413883925971525,50.33347060360626,0.5023835496744795,10.055504333847823,no_fire
23.650342116231634,31.215788856586997,18.56595532770149,25.458410901318032,73.22627354554065,0.6628767452421465,11.380163536594779,no_fire
25.510317423859277,63.12415859034495,18.315947662396393,36.227827643704906,29.072816973315668,0.36955903460828277,5.371184281910371,fire
23.408208652506534,34.18023646481896,6.786169890930503,28.929975678879572,66.04446097800391,0.7089355491653107,8.160118344895327,no_fire
27.396493223231175,42.4372602979129,17.043709180931845,25.308997289705324,63.08633661524145,0.5278385555256706,9.495249496295004,no_fire
27.00686322508113,62.76718807529407,23.35692760877843,9.407981573333917,52.9908891734408,0.285640192322252,9.406537704846679,fire
25.315677028586265,59.907404055383466,21.2654728914892,33.92979550350005,41.132234102702554,0.41714082539592046,5.752141313460473,fire
27.67495914672806,33.96042935401427,19.265751770091114,34.26487659710191,64.85192360535632,0.5994049436798177,10.401184713876358,no_fire
26.99917253940649,61.55049040307658,18.544441285645547,18.431372836234925,40.5008144361145,0.30354533161329833,8.540765853775916,fire
27.529100068805054,42.89466415417256,11.288719556073827,22.861058400994363,64.75241006922019,0.5524865468315288,8.465398749602988,no_fire
28.57862379452493,64.62242175041662,19.68639190904813,32.61583391896596,36.81690974527707,0.332708313950863,5.286979043713183,fire
23.32758756735769,31.29528557754396,19.79680330769499,30.796777417210613,73.8722692662907,0.6971019719096876,10.246348789526547,no_fire
30.563526869349115,58.32495506605321,20.104773333772638,22.15981609626068,44.84764540414442,0.2977533624226825,8.890790502777339,fire
28.01741716617758,65.46890796989716,17.038628612943445,27.739439076833925,40.20994834203795,0.34292301718560075,5.000822668002777,fire
25.560606575272317,70.83089013099551,21.935965980552467,21.65787275107488,30.95430425839472,0.24637722592956987,6.749961199443864,fire
22.169713664442362,50.40540812913643,15.709001050088673,32.14884482055427,44.91781665368326,0.5325035230833983,7.049428457412149,no_fire
36.03574702620644,43.82426970801397,15.981407862314628,20.8617296822343,65.96471746786864,0.3902923611907137,10.598928295105994,fire
25.34312719626667,37.86496293438117,6.774896135929484,21.95721871071099,70.56154452929694,0.6520817716260985,8.177718394125494,no_fire
35.08311478784594,45.90597484052755,16.00645701363234,24.96518437182756,69.27516313864989,0.4427422999639998,8.372677744229687,fire
30.761352841866916,53.51130767747665,21.01743462857961,13.799267045235958,59.44339288561442,0.3322521363267659,10.42864050105643,fire
43.40968195835889,31.70937498534357,10.987839113549526,23.734751005963297,76.98690871956228,0.42260153798218925,12.143946815730366,fire
29.010143972350974,38.463127190806965,17.573274070590426,29.90449201636859,61.84993654256975,0.5332570896428686,10.226205821814633,no_fire
25.912831673382875,49.95477972591921,16.842491528123723,30.3151607819681,52.11114789748842,0.5003080646491854,7.303933098157789,fire
31.187091119004165,57.381545217384016,22.975914918475905,18.214553444602522,53.85662952075817,0.30009521340626,9.466179386346694,fire
25.460722278432954,32.69508369318804,19.62221896220342,28.755451460871356,73.78427159967767,0.6493978401175817,10.533187299834278,no_fire
37.47725288301041,51.164054043548475,21.44078344262251,26.17337543260768,52.84657695822031,0.27643454869284945,10.307207071222452,fire
24.5057752749862,66.97914466364159,15.815226085694233,32.81116868177824,38.07775095314982,0.4178399573016341,2.925790984909129,fire
25.52786081352111,48.35679175470061,12.606088960106408,29.02605675537303,55.8887474095857,0.5483789723702666,6.606700103310996,no_fire
31.303353222860377,58.39210878450554,20.258565504333212,11.957234394540967,53.79068626042774,0.27222275099408744,10.03322160993266,fire
19.347825091386,27.749119681607546,25.520593011614356,26.811976038845888,74.94338447682847,0.7135057883278533,12.816348117567381,no_fire
32.25835107902901,63.28171189876299,13.105093363670205,25.163120933670964,30.440094612516752,0.2381433100254689,7.481164341909,no_fire
41.448381966528444,47.90413729007351,17.05062133903504,24.304584599558932,57.069398128104375,0.26405844197340866,10.770771657466824,fire
24.285767256251624,45.12614113921725,18.98934419708805,30.084362852724066,58.77146391142319,0.5609136841065785,8.158034893411656,no_fire
23.52320916523118,33.74163674163716,17.968783070015395,32.364168345345256,66.90217275494574,0.6689796418301506,9.767772423304837,no_fire
29.413245572878008,43.921074309046716,18.56857178461032,28.58551141352463,52.06434952152945,0.4435313298711387,10.487586535754481,no_fire
28.866070029252704,45.204255726905814,20.18670717276396,43.96054519236921,52.42646869196627,0.5364640814480754,6.748554505359765,fire
18.532642101186262,67.96608866880011,19.080710519865136,31.55444372227824,18.261410871163555,0.3659467396401294,5.702539470225915,fire
26.093874361020223,47.96606875363193,13.03128535211823,29.822002301298177,61.92215876820547,0.5772886911351858,5.825478240246877,no_fire
25.680893533422513,58.04803692911413,22.200285633062062,36.44658622457352,37.237741875577925,0.4051455647536988,6.591530154873941,fire
24.10974554801918,35.85216624076867,18.94531848265698,34.88253615444303,60.28250172725319,0.6273854142919777,9.773458139476675,no_fire
23.20902072785266,71.49944478135644,16.798042480525446,32.03107738910018,21.882361188019427,0.3234593627267117,4.0761684891509535,fire
27.455672352427047,66.46974626163181,24.80898367049043,37.89193265543589,47.60894431276537,0.407623835743652,2.8185787303631487,no_fire
33.85174399130422,42.99827793629517,17.281505017292908,25.59982672460041,73.59982595490936,0.4896590650127828,8.62449139243922,fire
29.125591281637423,60.106966584519355,21.395857461822317,21.818212032447818,41.304375070920656,0.2847238406295679,8.998365713772271,fire
25.379212034195955,36.413824538974296,19.332096068308523,31.15953614415223,61.761014931526596,0.5898088791225873,10.487165503973106,no_fire
28.899152719462975,61.34369131011435,19.8874835287047,34.10758107917792,39.71957011905099,0.3612405429669661,5.653667912572241,fire
24.58755306007682,45.36023601413977,8.22035195710351,24.281605726664583,53.11979971022216,0.5511953313536767,8.01335274696096,no_fire
32.35268298358744,46.765720164581666,14.472964482751495,39.99950695091996,43.719391691872126,0.44047045805839935,7.708085891681666,no_fire
22.984617376195438,57.96556902063054,19.93377058387208,28.80162085652193,41.28576674232114,0.433817009769022,6.93535030230399,fire
25.51773467125053,56.79871801256968,19.215481435041802,29.360234328446577,36.9376695606615,0.3826739690257977,8.014925720135713,fire
22.3346986959238,53.21564331965941,17.81867470598801,35.41078825614935,39.37068073871633,0.49925987917354303,6.683691229892,no_fire
26.709514657972406,54.222312009378825,18.994749502816838,36.39198603761473,56.63650427075047,0.5274134216730128,4.430490899440261,no_fire
25.86202120817381,45.73547425055399,12.550944449703385,25.08756942579944,57.60750160148996,0.5359694057215756,8.135638838004354,no_fire
22.72444216362253,27.20906442901131,22.29217055142553,24.895289191847134,75.29400442504453,0.6737545199556161,13.15452557002926,no_fire
25.09665747888625,49.285713765002924,16.914232178939642,28.3271711925514,56.909134356122344,0.5283376465846475,7.172998578043989,no_fire
19.001254002321744,27.10505690895614,25.103100538832305,25.58483689168709,86.19214876229175,0.7782330989655053,11.510420058230064,no_fire
32.60948361284123,57.32112192202884,19.04477281547865,13.268263889306688,53.45503091396536,0.26913089006126134,10.044889713884615,fire
31.282470553548148,43.608767374084124,17.26267944012469,27.45886553642563,52.14209689639946,0.41767690248863415,10.81332013914086,no_fire
21.125812767408114,24.168339045805887,23.516378283952918,33.18892768848787,77.2683867512699,0.7613281164607273,11.97067767927368,no_fire
28.36621659703429,36.98948401574227,14.57797251714402,29.5212964143779,60.247968170209205,0.5530611813187934,10.30187605998338,no_fire
26.218429350600708,65.76577026805079,16.621066067379953,35.370981566039944,34.18371138062599,0.3850826051236032,3.703634180266336,fire
23.012752758773317,34.28792114696209,14.341877981013651,36.69550743039004,75.66230775740424,0.7724186899958994,6.464215222591382,no_fire
20.48788924052829,73.94709235411048,19.183892831071816,30.00661276650999,18.90314468991031,0.31394646996977604,4.332060148922136,fire
23.23784502266454,35.631385837960124,22.690540987927186,29.63549445452064,74.56450008663778,0.666292199045639,9.620630508789874,no_fire
28.253538538546675,59.88648537476108,16.296814911389834,28.7431128218426,49.69741082301493,0.418363323622401,5.036604445787378,fire
24.57097050572026,44.01673292902795,13.554687848088882,36.011408317145246,61.09615766058995,0.6415301109551412,5.693127647848215,no_fire
39.47112035390637,46.86721538118118,9.439194549622375,32.024550340062845,61.76810754249034,0.4153532436201722,6.750618995797374,fire
37.401476046805804,46.80240712907502,13.426504662423717,20.32734195333597,64.8354656138054,0.36722314155653624,9.577028842010865,fire
29.466085695450477,44.832413037205114,15.635081041439506,29.211195157727506,56.112226347626695,0.484055160609496,8.839336046335253,no_fire
16.84007063988777,18.210861272146698,26.796310258986967,29.71737504545047,89.95427844001813,0.8714504072962619,12.92333934497705,no_fire
34.94717759227649,57.804410960525445,17.455377990133034,31.265494344865154,48.0750841313748,0.3243464224592875,6.518392824276684,fire
25.78241147277072,58.98105651165564,21.472144882725285,30.075334749476113,43.56489548039372,0.40113194583298656,6.685757753941013,fire
25.478931053340403,38.55835173622877,10.08780062513159,28.66468497998026,75.49391205851572,0.6981375804600356,6.402326671020088,no_fire
34.19361566174564,56.65674577910195,19.557165592445838,15.68188369258413,48.504511512044395,0.23168305962991045,10.756438838717472,fire
38.23899305131094,40.35175233836433,20.27655995897515,37.729315227208566,73.27813725128462,0.487808659452593,7.957859498375833,fire
26.48717647389274,59.78767661628781,17.561473903004366,30.291547727724573,40.454993829452995,0.3953373182343799,6.103235321657048,no_fire
25.257236969279568,49.65161101547987,14.282084543781556,31.732600248547932,51.388043482107584,0.5306848110477045,6.549897726656458,no_fire
27.026214400779995,55.173601388379055,18.808198399485676,32.352655989454085,42.52460423834172,0.4169988743711924,7.141544529085665,fire
28.037361656558986,35.98313861241117,16.738967781312468,33.12187960033503,63.368075793952904,0.5879100971055053,9.748121602928327,no_fire
19.813196247501853,20.243010119472643,22.4950685013214,37.58553608635102,80.25080271088954,0.8416127332046752,11.3830267093289,no_fire
40.75553341939753,40.96932964454906,15.440475928577657,24.235408040368842,60.889695989440334,0.3236580672107227,12.013879000314338,fire
36.7313028601749,44.66271458800192,19.224124584565626,17.873501963588286,68.16836650068187,0.3523701165652875,11.474521360426756,fire
24.898556141606775,42.202422405451415,14.125424554495067,35.162262931557954,67.46072922630853,0.6686145956127258,5.69745221705085,no_fire
26.758347386784724,53.213015636518506,22.587895464462477,33.69996717005194,48.82137978785628,0.44779954515173315,7.295679221003949,fire
36.18836091159086,48.58586145471307,14.305503577178293,19.91054345639071,59.35154621186067,0.3419265350231463,9.931079272546956,fire
24.071256070443244,33.514223755873836,19.52336329108148,36.3548347288322,62.99213657233515,0.6552786943829165,9.90216935554049,no_fire
21.434768802181047,35.15091123518559,21.600767456116895,31.639128678956443,73.02962884259034,0.7046819732285352,9.06384104681982,no_fire
25.575263120633664,32.681537515944314,9.333695435234922,30.820423863474705,86.9039756142468,0.7944752209188193,5.961900676667658,no_fire
37.524354683557085,49.47084823768097,18.207172637983025,20.844739844597555,58.934986905466786,0.30024123422149707,10.501347889185949,fire
22.283675855813996,76.62854735898291,16.386223341454556,19.50070907060334,17.256098749342662,0.22171019538596493,5.786067019982828,fire
30.017913976528412,54.45923817839264,14.528714474382834,31.269990949244452,44.60793922907569,0.40451436939827595,6.812885231596563,no_fire
25.254308718279802,36.99286573416127,13.278118405163426,37.292096878139496,71.63697336964269,0.7191417363403854,6.131717473387259,no_fire
19.7294459324075,71.33273148891301,17.64731481181973,29.022773537863035,12.88483210965731,0.30151579084928276,5.8574135622945915,fire
24.586007490876035,54.81822196445614,17.214287663168417,33.48250071474634,36.144401984155316,0.43489329259643483,7.267481027247758,fire
28.013789298491954,60.79754210164373,21.158995489298853,34.37363404651284,56.9399126484797,0.46654987635307704,3.3757317669064792,no_fire
34.55984064323653,58.58921065154925,22.31255842991369,22.377921305504962,52.691287131511324,0.2699645020709969,8.609151961508047,fire
30.130231820963147,44.1103412066532,19.359512172546285,13.330231002588498,80.09080437870416,0.48970170986192446,10.070825324719689,fire
30.234222136309207,55.45603315366549,20.454965227607406,31.1089401491129,49.697117702093216,0.39130796040632193,7.063893067322749,fire
20.403065973986703,76.42490601852177,18.605791556683254,19.62688816674333,10.950235781065341,0.2026553255530003,6.9674630551484205,fire
19.847389041802668,57.85177135716846,17.812671655467685,39.44923980100053,32.66411879654571,0.5112332428458033,4.9153574375341424,fire
26.412582102655453,45.1943532976227,11.150387494460931,27.031079270943685,59.142212394193336,0.5581803621888057,7.413264456397197,no_fire
21.85627539041725,25.041907129546267,22.80826385688048,20.489200534665095,83.58185891998292,0.7085165511471165,13.633687016019575,no_fire
28.011835198325375,56.616793734255936,16.50916603674477,33.095588177526835,58.58379333798781,0.5065006964838038,3.784364263689329,no_fire
23.570178214707774,48.579061321468586,15.144994996204657,34.57750599773353,53.24978931055654,0.5817680039221513,5.917591102291263,no_fire
34.281046118993984,49.21346151512972,18.469187269074883,21.842689682754077,61.71285783983308,0.3693958125207272,9.558886864712342,fire
25.67910213697897,48.750542208968085,16.653912306725022,25.064639528732858,57.6731084083302,0.5066235275119588,8.007698922708892,no_fire
27.139996312276978,57.75895192878606,26.324756562169757,11.338074009536387,51.764872653791926,0.2850294645638486,11.397295725708004,fire
33.18065022071619,56.87822128522876,18.363153782136926,13.034528768892526,54.675504732393996,0.2712275492257513,9.994051590739193,fire
35.71109418048529,42.5760396300348,16.583637967517312,22.586690095960755,69.88197300630145,0.42766978143607887,10.107660033977178,fire
30.725222225248928,52.753849533882914,24.35475970766574,16.16513820298587,56.64098726608609,0.3143001033685684,11.242338769747878,fire
25.14942115049389,60.07445153936365,19.14177015585898,27.040305014431816,34.147624926479054,0.34958530447780345,7.8438691716545,fire
30.403722356415326,68.89267642904558,23.43304224038723,15.466896079805945,39.02737708803276,0.17753466896354514,8.58253944793612,fire
24.035488775261882,40.62756254155303,8.795323932531232,27.60611861229506,64.48147595051043,0.6532648418410458,7.136957643748603,no_fire
25.648651135688375,40.831205483792054,12.33562737679917,28.90012634873079,65.67934029356884,0.6227198826546638,7.565946320846657,no_fire
26.44877156597073,64.98423350759094,23.63176014368344,12.031592832323913,50.004348653745936,0.28589839577234344,8.51347430061177,fire
26.046520181118648,56.9383231441288,25.3616610101096,14.511354155270306,62.71768992411695,0.39029257042129406,8.96085353856,fire
23.936986343296024,40.36684393100259,16.04274125094627,39.81677567400784,71.50632068717537,0.7283058102499849,4.8929113221338865,no_fire
32.62877462620942,58.42411614032049,21.682050134615366,13.555122565622314,48.80330240052638,0.22609042641050572,10.872441146082684,fire
23.193499797848148,26.78703793122819,8.62441798828467,34.99910480331376,88.21210948371613,0.8834466574073503,6.224432442935587,no_fire
39.58220935964903,45.05359980380665,14.27656950516067,26.68182450474054,69.84031018988317,0.4021904915655275,8.412416210486771,fire
21.446315127689267,23.74228815465476,4.192317260431849,30.19429922461765,78.08541814718704,0.8570680881490393,8.626672090669613,no_fire
34.619615438365855,47.58895241341075,20.003130119788107,25.226172449296012,66.40185982177425,0.4071227147357795,8.979952665418796,fire
36.110270607394774,43.83503770981643,19.233299213662114,20.438715210393163,67.47758590511894,0.37590903527279956,11.168710433856175,fire
26.74262428883535,53.30722075733898,19.31510421318206,29.362442248485486,48.44435760154817,0.43785837741088685,7.624896588929916,fire
30.352101025139607,54.32079363121805,22.537427335794277,12.090746774994471,54.46773282772842,0.28869662947760255,11.562975506933183,fire
36.98214863077745,45.78067560980739,17.067334917865548,25.210709861242766,64.53703700046859,0.383612567080316,9.53831427380738,fire
28.77600371984169,40.33523415785454,17.52424310723365,22.727130450851075,56.80411577489041,0.45895991262256136,11.981107645803284,no_fire
37.40673900885305,37.373858922862404,14.710394400753415,20.99228104131713,76.7052029604657,0.4559120234606917,10.97172904005117,fire
21.513790732037613,69.44129954285667,19.91526140196747,28.021366248880458,26.998179347840946,0.3396521748508644,5.335705567811097,fire
34.15052103362072,39.02089005381137,17.046350790343357,27.236564723413327,78.71344685632953,0.536265767813795,8.760436897257824,fire
23.381291288880462,56.32327225811058,20.795563752597523,36.75974721347508,31.25849016828264,0.42072686914085183,7.345226013325979,fire
26.155886695332445,22.065545141633176,19.746718049692497,32.941971828972065,74.09508885188437,0.6950867344110883,13.0558763584158,no_fire
29.957322490962934,63.95597488890145,23.253581662980196,16.926924458394986,48.586324234376804,0.26130552653792566,8.32172645539659,fire
19.062941941034207,24.216856370381468,26.044657122405734,21.573427883612062,82.47042947891866,0.7338195285758764,14.118729508818044,no_fire
30.090911295562652,63.801150642383305,20.11312074178998,29.607247128835574,44.60161462895999,0.3348286377148204,5.390970350868986,fire
40.208647115625,37.86566658788067,17.40263891663693,27.688212630220193,71.99926041157427,0.4124606605252652,10.916770513157687,fire
27.968586055991658,58.75814265494414,19.044418230341883,32.204502921648704,59.230195498756984,0.4845049417768251,3.7380743999633945,no_fire
25.4913951019006,53.836238446054054,19.517265103900332,36.07896045868276,47.26679719394705,0.4890683719283318,5.954255334664933,fire
26.288825494624085,56.68709636659857,17.116947874520193,33.043529902612384,49.58999749713999,0.47764962677639483,4.995481992987812,no_fire
30.326742065719987,57.545002915482726,19.25380423969451,29.970463363257007,49.72464012964906,0.38435896465056546,6.409649483630842,fire
33.57884491577255,35.81247824831414,13.140832269321832,23.573054503856717,90.03751717611546,0.6170403603354795,8.058364168662663,fire
26.206870887098138,41.729183911314166,10.302354605048485,27.704796342183666,68.31964517479972,0.6312565417966665,6.808598856839168,no_fire
20.11925430427873,73.33851766666369,17.750933700659544,27.235809212848523,15.479391460551307,0.29305689404788915,5.317297646245051,fire
29.56969424598323,42.88534903337394,20.2008362501222,12.876001091930817,80.34366462508547,0.4950189345918095,10.633443494350542,fire
25.487774834005133,79.14602818829813,14.901811702706343,13.115706328786008,18.76856562805174,0.1446420505493734,6.346727892937483,fire
34.680642099850985,50.73469710876432,17.78353704638765,24.587942202460216,58.070045272657396,0.36002999572925354,8.884683850131594,fire
26.11618963554055,44.50678799110156,14.817860702423099,29.975602217994158,65.98643284398204,0.5996127856240002,6.682348906050977,no_fire
27.567790834498908,47.06867881293445,19.801365252879787,11.931034685736966,73.01754932164097,0.46880937652335974,10.232581985671896,fire
25.810892955400536,44.19262877043241,19.114537107217714,31.134751641538013,57.76201084727202,0.5409351495962251,8.598461135460004,no_fire
29.34020057152457,51.809361910150926,18.401830987705345,32.5328385789139,51.85579686984054,0.4475377978233131,7.031498199014365,fire
28.262775602382124,51.25362641009701,15.453872617708068,25.806525122880277,50.55818637183079,0.43320748733016035,8.18004596453404,no_fire
21.016531182026007,19.97631909335097,22.600608584671853,30.293761670172927,80.35282381554117,0.7789866383855162,13.319365854055588,no_fire
24.373293546729244,46.165221673125785,20.470726224135863,34.22053715160477,51.08405975183982,0.5307863824217249,8.331638059180149,fire
33.00828676533121,53.06926082966787,22.79656926228087,29.315215480917722,48.90185579071237,0.3271961083636992,9.233725060294226,fire
25.615722825096544,63.86143821627623,20.603406829071364,35.72685953571538,24.585713315589086,0.3243025901943122,6.410939129332231,fire
23.65645183207822,35.356860045097264,10.981086001861332,31.966445308517223,67.28629311909432,0.7032893355260152,7.822026993484214,no_fire
20.138093510497967,32.579639971055784,22.035668258706423,29.268649414695396,78.40111528764245,0.7437321131113783,9.558658355806635,no_fire
35.37035160785553,39.71910289683973,15.795557147371786,21.596537236152685,76.66869312863624,0.47698996423524914,10.038186140206747,fire
28.117666688335415,62.26872188858087,21.23417085997846,37.19639683864388,53.7381939272768,0.46020465208978684,2.7556393698578243,no_fire
33.71746548190863,60.455059814495144,18.886475011939993,25.75266276873639,47.90309478264131,0.291712434004225,7.0989776444784995,fire
23.81394627350919,61.52513872909664,19.684431512527876,35.07269952630388,26.924346359962815,0.37186823827319954,6.526986497154629,fire
29.05987780116412,63.77228097609358,17.438198135400704,26.52826735057424,38.677305741908214,0.3135702670722223,6.276965041074642,fire
33.92442963660079,38.095661068328894,19.386050665654825,19.976544330916276,79.70978407387715,0.4887768591665803,11.047918960188554,fire
25.213773060300984,54.03149717772705,21.226706115740434,40.642439778402064,33.83171696508424,0.43579149777617343,7.1470932531453055,fire
23.13149834651412,63.65219580137034,15.76216757158335,31.722498205471975,41.04248408254594,0.45746608637163594,3.6091027607241877,fire
24.264395236878492,66.14706713884173,18.2094056213111,33.879379872686584,29.24795331578199,0.3668308474405361,4.72409400697288,fire
21.325649856818195,38.91166589917289,20.703216992866395,16.95625890364829,74.75012056251472,0.6195223393817011,10.780405989450378,no_fire
24.29403974067872,43.73726654601508,10.527903862606227,29.00197587624242,56.6174372573968,0.5954266365507872,7.379706572841492,no_fire
28.79436716387395,48.29066872375823,16.357616500610632,27.900687467403245,54.79779568027141,0.46485980512496156,8.286843266835973,no_fire
26.241089488618226,75.90975285805759,16.994963169099588,23.808074468237145,35.62089587701543,0.29096884074563406,2.9813979422103283,fire
36.94329206385622,41.95533794734409,20.13082280958825,23.131903588689,66.88606623552906,0.3768352072079509,11.542286137166288,fire
20.99413422289824,23.984853219248635,23.54444584157871,24.81134949038785,84.77234989413972,0.7534786358314232,12.840391607473936,no_fire
25.539733367886186,33.538674535876886,7.358849667260892,30.361116342497816,78.3046388871262,0.753227638451271,6.6382793295780305,no_fire
31.7474927912458,46.462797755986756,17.75096090393684,14.366072069317475,69.32927725843123,0.41486299106605046,10.544007156134455,fire
25.566625430350328,67.16804609583737,20.65001217982488,31.48145938649693,31.92155017266038,0.33040995904968856,5.248280860006791,fire
27.11685484527433,63.77126118492477,15.366679898814954,26.56825813800218,35.67465537995381,0.33804485347833046,6.008237557802557,fire
35.12316042953041,43.681288016768164,16.139863781225465,19.61222954407952,69.42866894157726,0.41494045683640923,10.3310958687021,fire
31.37992824936318,52.51710867478708,23.935573957544626,16.131387740366293,63.695521103871414,0.3469806941300926,10.285335278666144,fire
24.582687058692244,64.62009326016418,17.733386974354076,30.37645899806148,34.29257565960668,0.3754922212700608,5.219316599301397,fire
27.241437908416103,40.24292579355371,18.45582015450208,34.68089607411657,52.367899048605736,0.5261568648536962,9.900213380027182,no_fire
28.44085146835663,49.906934625196186,11.288614770273806,26.967170941488344,58.24515958893529,0.508964214642813,6.352503397778433,no_fire
24.443239630085834,47.22501227202365,12.341283905718738,33.01903269927032,56.83684374308626,0.5993189191955307,5.706705764808818,no_fire
29.7631354530481,44.28146149339011,17.70829423871897,33.89631448527544,51.11037552986366,0.4701313321459722,9.154466540568265,no_fire
27.305559399378254,43.811113641820015,19.1893117293018,14.343480703766415,83.87626261338136,0.5610232819133222,8.954926731353831,fire
25.41432316501264,56.51776653161863,15.76159532691167,30.97131346061976,47.476649042746544,0.47432072673782044,5.433105627485004,no_fire
23.83724078488693,60.84475408959227,18.11046910088819,25.90972414296892,39.46576477938765,0.39579813492445565,6.675516497687915,fire
35.43308448860154,35.24624585193585,17.21225949887846,26.29936803280558,79.9259435351189,0.5274566619160165,10.218591241922145,fire
26.079745171258555,45.462146166484516,11.813100629024442,25.300218666033274,50.79784994809773,0.5009849602958499,9.05249027935355,no_fire
27.470699073100064,42.06461094037694,11.514783774718396,28.042207722054595,77.76174258930655,0.6594344168575503,5.658541487351118,no_fire
30.46221633993706,54.184168710780554,20.525774714018944,16.816880798124025,64.78789462033832,0.38648701672353647,8.58401226848705,fire
26.658855416551653,40.401680117834545,18.72560925113103,37.25483682758821,58.37640759303227,0.5824922026108631,8.347638989927209,no_fire
25.231154271570123,36.51076302946343,19.210940374210413,25.327971901251356,68.13899440262341,0.5918650465702961,10.81261764303041,no_fire
33.41531577978409,58.15976248354511,23.849855371518622,18.46163268157032,44.36260083918765,0.20807682004277714,11.04832816085368,fire
37.66955282904442,28.993877927554013,16.113595300490445,24.47980933788834,82.69381678966377,0.5218518160068026,12.3076423272488,fire
27.398719523593517,42.53802528738686,17.517582879902072,35.05650241606718,57.016313781823904,0.5514567343739194,8.213635550149805,no_fire
25.500431183927198,39.440733802661164,17.565699266064634,31.653842897576396,63.585396836279834,0.6034326791434481,8.774689753348635,no_fire
21.95618744865282,30.976725414233673,23.78979407332463,24.083480363019856,75.59756108946785,0.6627725534981117,12.300150499451465,no_fire
24.394541811706,49.544652382307135,14.510262683032849,31.310215228365344,55.42742109156162,0.5624589471589817,6.016592273237621,no_fire
26.936028438102117,38.578050665537624,10.77036769508262,33.12495091625621,79.22253071792794,0.7210839219640237,5.160882950578365,no_fire
30.037109650063936,45.37109287822349,21.685282400630566,31.673626310441655,58.57910528517791,0.46774525616618506,9.09441138141998,fire
18.84398283099079,60.50919413261556,18.88389555213281,36.24896120529098,21.067630532616295,0.42773321535606385,6.601294860380816,fire
26.548761012937067,39.01298222411222,7.651419101003723,25.82089080088039,75.81363886797863,0.6793748158135797,6.493627535383126,no_fire
23.411914120937112,65.29479002148341,22.858033306393295,26.262880731041097,25.006455569244384,0.2833412726698745,8.247168411395196,fire
24.00965598881797,35.691136063463645,8.14193747323875,31.161610794244414,66.71571719340555,0.7055834130163199,7.43087976673714,no_fire
23.527880984220097,37.462627354208955,8.897095256049726,31.3012089855894,72.23247262022764,0.7352642561505365,6.1105097821127705,no_fire
23.699078429659416,44.84688386057252,18.84463750234053,33.38998919057993,55.97678778002546,0.5761779439669941,7.788113733375665,no_fire
25.644417743478837,60.36850096822471,20.037673436368486,24.941824703952324,49.21433781076547,0.40750003509174126,6.266777450862293,fire
21.767411652279016,30.42904211944063,22.70683824821547,27.97033044772752,75.40761309374878,0.6965705822744441,11.353462955707764,no_fire
29.50382536225166,52.85650457887435,14.60825555118546,33.65652469636466,42.968980040329456,0.4217360005659068,6.966392234638751,no_fire
28.37387123268912,54.459823835892905,13.548290937932887,32.41842365476193,44.633262499114515,0.44200210086921826,6.113251932413785,fire
43.51546027191165,48.14325627194381,16.72431586403988,28.55913311815379,50.075351484139816,0.22191235054266453,10.957676146455439,fire
36.56738337867296,40.59417345530055,17.220202829029542,18.2379968928486,71.86285104568624,0.4006110748726406,11.704647837552452,fire
27.354032296916962,50.49179478272528,15.983135274342496,30.69772404822707,68.09765254876598,0.5744026396870996,4.698294626712777,no_fire
27.15784393102605,41.85701003186872,18.81561580052854,28.263443190753133,63.87445995251027,0.545382284636405,9.227507838005621,no_fire
26.18206194350581,52.30461025998913,16.82896467014548,29.45378501765683,55.32982011910393,0.5026536952370559,6.30684093932885,no_fire
25.5396269858796,52.51743156222099,16.36676385566202,30.823968171564008,51.744462657817984,0.5027866484974532,6.266682002060637,no_fire
22.763070845273283,29.46742026146893,3.4428635454706162,25.366267302508717,66.63822485425455,0.7321095012704795,9.610441408770413,no_fire
25.031970843498435,46.0015254743293,10.556941122510484,26.289675059809703,55.832688415422325,0.5568328194594057,7.499953813368641,no_fire
26.50761654672066,65.05356273022932,19.520033280592234,27.86930088446729,30.40258315521482,0.2978031355136337,6.8718673843042835,fire
23.581104544438286,67.20328148097099,21.57993945780441,26.325753765259044,28.730179845732824,0.30438350938615893,6.822811028062886,fire
29.518560546771894,51.507089028065735,23.024374878540126,14.050670057539145,55.85508337396055,0.3258687574957545,11.799834836120114,no_fire
25.0330922423018,59.11831440482361,21.35261111160371,37.64656255194891,38.84513317733855,0.4333155819697902,5.466710608094961,fire
22.242275279001092,32.05108373832117,21.981506871506635,25.89930738151926,76.26833163001808,0.6812753341165789,11.09376849826344,no_fire
34.988712348326345,34.14484616434103,19.304494097240774,15.185988626881047,80.25732758111337,0.4574198145626909,13.466394848518924,fire
35.508788507670076,55.61475613117345,21.906095316739776,19.370020607481926,40.27755947712596,0.17806619155296438,12.13155038423502,fire
23.133596251932126,52.51669885163736,21.23273690537744,39.93218522656515,41.151170444041185,0.5073828905600559,6.435513938624491,fire
41.78208854864052,30.400694773650557,14.127813985406535,33.56855251679996,83.46620481388533,0.5294748392663717,9.786441057944215,fire
26.365068117140353,41.20393423317971,7.120758175758981,22.12289640957637,68.41054782331172,0.614751933748068,7.597257596069703,no_fire
28.7445395647981,56.64889014112937,20.335554695561267,30.472585453513936,53.98399984840894,0.4309581834836838,5.967260381856167,fire
25.957067649545166,35.52926299938103,18.63679250276089,29.692408382658705,59.04078158912343,0.5633313902544481,11.441747563213482,no_fire
23.064005259536245,39.8587616899827,19.86632018557673,28.25001018616862,62.16001337828797,0.5958262964095925,9.791248197540973,no_fire
28.461727652836842,53.77236214229703,16.373668390793203,30.35183779086113,41.138210281183504,0.39353422591115866,7.93623631990818,fire
23.713336024257433,75.58261645065326,15.913773281036164,20.369442916866014,28.157993910764276,0.27255940771239967,4.407236046849663,fire
26.78251620054883,31.782196243080328,5.255351263260073,19.69440683187877,73.796192256096,0.6601889240541017,10.0480775292976,no_fire
35.922462388627196,43.99846720676946,22.167870457084994,29.60915980887947,65.3403238877147,0.4061758275800396,9.915069992424826,fire
35.97546173895628,39.13430854162493,18.52464364240697,31.811912172009343,75.22726365205885,0.5091184375807319,8.745558099241986,fire
30.136074611069343,59.47779699265857,22.06096625359449,30.369548656743547,41.79762100485369,0.32353472242653325,7.435720804333858,fire
28.705208397775326,58.58044060291324,18.20891595596601,22.828082347049723,45.6463163759052,0.34444713284232903,7.88278908217611,fire
20.35520000960591,31.54905117168619,23.410321193019833,27.82218213442762,81.57450495809901,0.7440099442481463,10.075185023652942,no_fire
28.69029705501923,44.06514432362758,23.39516848445346,34.697613287385025,64.63966008614621,0.5340712709486399,8.101871824568894,fire
26.193874719120533,56.7795474152355,16.918455667931696,25.9224673155961,46.811653990609265,0.42005824529617886,6.961372185072672,no_fire
31.707815043267292,52.72527497925762,13.825997148223658,36.4357021725702,39.84570528224975,0.3937335519220142,6.962933028198943,no_fire
21.883143747117053,69.19962071270362,17.630724946670618,36.71963620073505,8.42226047722542,0.2983432232031832,5.716630548332971,fire
27.96358786313172,55.472371437506126,15.80675955672123,33.970268470635325,61.639862822409484,0.537023731739037,3.3439220178887723,no_fire
22.097940217794047,35.488357175162335,8.980783681579927,37.177733360178664,68.84500724680335,0.7790298325041813,5.713672065571537,no_fire
28.745240424804198,45.87065164313974,15.977680711032006,25.7337291249607,52.90783268131059,0.45032443000462985,9.754635095903184,no_fire
21.115139823822,61.510976890759295,16.96307533972008,36.756070405783355,40.31204313327479,0.5134806913359802,3.224970086373642,fire
21.76116828426448,40.187484051163494,18.429264777076895,35.767688220031516,66.01168008047102,0.6911329634423327,6.903958925704971,no_fire
23.317329002730673,43.56129863073926,9.370120330213762,30.69484485026508,51.03186258642579,0.5964747280134766,7.4923755481858345,no_fire
33.364210323284134,56.273260003241575,22.889787357261792,25.63186431765544,52.984786268019775,0.3125663867403267,8.519431538030165,fire
23.521338078869398,47.27451806233579,19.807155438716244,33.68560148444318,55.53978562358412,0.5659550486624054,7.184944305547004,no_fire
27.028346018623772,33.968763308084164,20.95317522929706,24.840448873144865,69.32604461198858,0.5654559588116689,12.17911432851882,no_fire
29.408314544788656,53.33184878312247,13.909705524409661,26.191009677823804,69.33355268656761,0.5271558478542409,4.4824474910221035,no_fire
28.67189520760142,49.01390713285767,15.632599839641273,36.77448138569244,72.34193785640916,0.6225161975492364,3.2513141807888855,no_fire
25.75914430316424,51.3248703021588,19.334086249927182,39.92987053466618,60.94122046942156,0.5935875059914313,3.8530703602689536,no_fire
25.579659792908807,59.540646858918365,19.238646301036436,29.05214292747843,37.59458183872076,0.37591389819274085,7.122106568457999,fire
27.638504745559562,52.50128311143969,11.128483273579608,21.928308742847683,54.169457014841,0.46055358020077325,7.138981826156794,no_fire
31.83887373314508,44.23348807575407,21.32938789321506,38.580462839646785,61.49126485284,0.5054778061706343,7.608157909467409,fire
26.997156424052417,49.072749181890345,19.06420577492829,27.132681626710706,57.210665998485716,0.4822953105769431,8.185803866016293,no_fire
41.947004955823644,31.698167687211466,11.629237875648894,23.42415284303856,75.41213111622497,0.42985528643284665,12.388560357822417,fire
28.18260810847698,53.54912576377251,18.15894558325336,34.096712992125575,67.88728139726338,0.5609828031273227,3.5383793801125196,no_fire
25.246635469414166,34.14862173453706,21.222756718911054,22.433417859370614,71.81476418892869,0.5888206474827895,12.123644561837713,no_fire
26.382779985977834,48.690314086626614,14.03885554659907,30.95304508934658,62.31992063040442,0.5743811172350568,5.526435750392034,no_fire
34.678620344112744,34.11901847250197,20.374156273388415,25.287550791784838,78.78948576315932,0.5105147834641279,11.548530352467695,fire
34.568318774841515,43.24255993459886,14.859892201934594,23.475849843914144,72.29077787591558,0.4719927582892992,8.812942025912957,fire
37.1215064664344,42.238567751326855,17.430048212854864,23.081951345466816,71.44630941227993,0.41450144962850927,10.242053570156044,fire
35.634439370904275,43.302911787751285,20.17957011498718,15.988323482397611,65.84687514768119,0.34202386130515217,12.741229793021832,fire
27.49251258987705,50.942921925512834,13.7135560692827,27.29231496703833,66.47825609524259,0.5541550938246429,5.114998011184786,no_fire
25.99602060502307,41.253270321656174,6.51021457693226,22.871938675792705,62.27362566533532,0.5939742007217497,8.1349111115024,no_fire
22.43000431943915,57.466893514476766,15.60154524738964,34.46999204699436,39.96687117440623,0.4967627912888848,4.991031820028553,fire
32.0955105436374,48.67893107531256,20.316604977489337,30.46277076404043,56.50207458077715,0.4169962814087857,8.607804427489652,fire
38.43008097413789,46.275558800801804,16.607586572912858,25.2417584267033,66.74795336959643,0.3760175525745204,9.145448734494133,fire
28.87543895158046,37.337957943423774,21.224578777969914,10.394119241397792,82.12930520246302,0.5089781951493801,12.845026538633832,fire
24.75748137131798,38.52566081477313,23.24482364491333,26.971854423274216,68.47713639789114,0.581877981961102,10.527376501937233,no_fire
30.494588422337447,38.76223178949431,16.643382240022046,35.542326078065564,52.211354734838885,0.4969528646760011,10.25834469675893,no_fire
25.555908920882977,52.954662613458325,18.87607013182297,35.66394560641199,40.500226302653495,0.4537822046557044,7.204257720527062,fire
21.080379513959713,34.14536750355575,8.38729980232532,33.19975851184652,62.75521559048375,0.7424058325964071,7.695812761884171,no_fire
25.121776701271273,42.5199485287655,9.472371415865604,22.18137440403033,44.10371802795498,0.48004937349126797,11.077198244962094,no_fire
30.362116173874604,39.63731893974227,16.510236284714093,19.097406041240585,84.14008662878356,0.5737586404534993,9.008477771596608,fire
22.733193209095944,38.806127274809015,20.587984873295007,32.81665892173436,66.12479434266723,0.6500269629149973,8.599973224493073,no_fire
27.51715050954062,50.59269102549803,15.584420735619934,32.99508365537264,62.62619913721925,0.5577014047875728,4.88169848265088,no_fire
36.12684335951643,52.980298132281916,17.94525218680499,18.798115212908687,56.76134396361944,0.28807620201408035,9.921601587132248,fire
24.098228676845203,34.70649789005305,6.032699521914026,29.930224517195523,73.85395462669916,0.751645285374803,6.542552702681289,no_fire
25.966477534336057,65.74691638377269,18.261888810016384,28.651531705830745,34.450033554514455,0.33888994399336514,5.531775584550496,fire
29.016064173966218,35.34595649525633,15.869284316999725,32.84514366830993,58.61316666069057,0.5518397658653673,10.666817811361266,no_fire
25.511774975043423,69.99230885081151,20.033212098401016,27.985472037232224,20.454599089836407,0.24114600849481185,6.700990042621631,fire
25.43323386584811,41.87198604207022,13.227413401408217,31.390510468794837,76.14513108065587,0.6919938661086789,5.273440847695867,no_fire
19.216226932720488,27.41306426493211,21.600220505109036,28.447557265750202,78.28681498273454,0.7683034180787602,11.20567937070268,no_fire
25.230054445614,67.85707667144001,20.46830132364783,16.7853882997835,30.503925689434162,0.23513091624915117,8.537730686165736,fire
30.619766659192546,67.455849352812,22.21285305261321,13.230945114990716,43.69408294112151,0.19761245597576502,8.641159424034662,fire
28.670556532148815,59.78107243059371,17.05604392398767,24.184935222467203,36.78539183762292,0.307273177256316,8.243342435902113,fire
25.36320986474165,39.776217116004375,19.954728592436922,24.822984962679385,62.49008136697052,0.5418566884309508,10.88976706500163,no_fire
27.14879601172786,34.13212798069586,9.249831137285913,31.850965261333343,86.1180805098033,0.7696423700931874,5.570880813615445,no_fire
22.72284850691898,28.291957851721424,21.722086080104795,28.873611138594658,79.72638064272135,0.7237841409604069,11.115359523781931,no_fire
25.46899989129981,47.9971036014998,14.86461454014106,27.997264190731762,53.86862131252045,0.5192529928728835,7.727717557386018,no_fire
24.433795410097325,37.701300957674135,19.210781268772507,33.48678288860308,62.76194197606681,0.6211723324185825,9.23583684834028,no_fire
19.558933650397236,57.25301185950501,21.782157544443848,35.027909318655276,30.28306516727975,0.45297737445540603,7.279204583410855,fire
29.784737491229716,62.109628363424946,17.898689787700228,23.277159752273633,53.701841256279806,0.3685351423895896,5.538762766242595,no_fire
35.20173219290152,60.008991008439395,20.988100290084862,15.573694326568189,45.380511644739684,0.18099755530331535,10.606371655003061,fire
24.489293162341575,52.797499268452185,18.003593659366707,35.14810028657657,46.76533122066571,0.5070707873072726,6.119295776201457,no_fire
26.261009470952775,46.173619535266226,18.12355048192363,34.44469706105905,58.345576977933156,0.5585516139046278,6.965124524663574,no_fire
24.853956016666835,52.120253018793576,15.575518911500579,36.259078059766644,53.68900246157813,0.563449848565595,4.594297087487062,no_fire
29.190253917978364,62.66884198182022,17.131157585094893,33.75520312473867,34.42536873806086,0.33763095514700936,5.546315643372983,fire
27.155179000575323,42.0388323244335,18.44691279777103,26.83252281855919,59.996633630012525,0.5164555336408916,9.992531721381406,no_fire
23.48284478114219,38.43717239304178,21.449512328291995,30.013759070704765,63.55987724304989,0.6030047853790654,10.027010605601523,no_fire
33.227996405138214,57.51950575906315,22.260915106881264,24.119508894417546,49.64621909875381,0.2867678813030019,8.808688043618195,fire
26.63509879592361,56.66164184915563,17.428938285354782,33.21986648408313,58.66890519476913,0.5226974681813938,3.736517968645426,no_fire
24.322909152411412,67.57585998823058,18.23645702146222,30.119608252468666,24.29124335944306,0.3107284410705577,5.876699790835311,fire
32.947101622701034,34.959330340749666,16.260464853533197,15.796406316409827,84.84620934217324,0.5329276555315159,11.464857371259056,fire
28.608231421868194,57.777392290924325,22.140367363205886,18.666011555016066,61.10365764214742,0.38566776953467286,7.6382564906239185,fire
28.15035762331812,53.643936961024636,21.454130869078575,9.730398776109247,63.036385043112645,0.36292821484802207,10.530940035406962,fire
23.593020089246025,59.946786249103084,19.81289551812181,33.76572320657655,30.468933718811396,0.39041155809859346,6.808913604662455,fire
26.50682974319786,42.32471559607504,12.418586581891635,32.58847601246434,75.58355530072423,0.6838640406338277,4.909550414106024,no_fire
26.8334749484853,47.23619624550227,15.874073068762762,31.931576764003935,62.238438027775885,0.5665064465947893,6.22984266818954,no_fire
33.39054672079092,53.6567481789093,18.64272598200222,23.21054802642807,62.495812904929274,0.3824245006221992,7.617624100540678,fire
27.108367800789484,35.732968947933585,16.005707474931256,34.91072489015712,58.17341884231831,0.5887468249802633,9.901233530440015,no_fire
22.913316202645074,62.86609603674263,19.931743879986787,35.135941302330444,31.250740781708533,0.4047846936200374,5.373551943559667,fire
34.94009252222989,43.142634324275534,19.20833990196649,14.52025043008186,71.19909046639864,0.37932172161903954,12.041019766993788,fire
27.59647097990349,47.912209578812565,12.494687008034735,32.274333512683576,61.802199647018206,0.5728491814603998,5.3860362295844215,no_fire
30.754525664382758,56.46750851776201,23.12408182106729,13.84872990381737,55.561868869939744,0.29050526619446404,10.486374493828267,fire
25.862458656497516,28.454921655454765,18.41145790778046,29.640011476438637,66.67005926469712,0.6277316065157079,12.538403547166919,no_fire
26.20150097930277,55.46957600617533,19.76279959370191,38.29022261730481,48.44079042071511,0.49297331434837843,4.895795359601852,fire
40.395507658452146,44.02152922875733,17.57182384269341,21.448674715000504,60.79495800588346,0.29030395893362937,12.092661771700438,fire
22.537788149038395,42.32288490904851,18.58106488571073,34.20189805334937,60.675216209012376,0.6332368581164338,7.504343110797855,no_fire
32.16384170434263,52.208231673789356,19.04049515823709,33.44973390797225,60.58134767046453,0.45531767939740975,5.923745194314114,fire
26.142887695078517,45.3380171960372,13.858844958568195,41.086944441706706,74.44374489726539,0.7191637177120809,2.408201226110842,no_fire
26.145435832135707,28.297394890312077,21.91967269991302,31.665288196365093,68.19303023932967,0.6245084705961474,12.679311014995605,no_fire
26.30303637672597,59.95878369226958,25.600496650488243,5.758460271686589,51.09027266832164,0.2572031274140889,11.808926309137505,fire
26.64389390364684,54.14898315247956,21.199426066406033,32.30021387807911,48.13328954311885,0.44252959612003384,7.109539884286225,fire
26.755061619905444,39.44699219659176,17.233445713071248,25.084015531446965,62.29719480517276,0.5385791359345798,10.576452662183799,no_fire
23.45827360685316,48.29248946728109,21.141239595121487,27.15350799528297,58.866700261839725,0.5342441490225128,8.146166361587408,no_fire
26.736821188868674,38.99746422460689,18.362282897146954,27.69475666290935,63.256315487304335,0.5550819955957366,10.214423577929857,no_fire
23.51145726864054,29.3408548980758,19.54442931722496,31.272242530359083,69.41327489594993,0.6791530796624854,11.3936888376953,no_fire
23.463674221561654,35.70175568183703,9.1705721318973,33.100978253700404,70.36389028680775,0.7401493312259961,6.586068454634064,no_fire
21.974044306886306,30.932918529703095,9.854035657349304,33.43754466044427,72.76849164897537,0.7868318111006034,7.626896666011092,no_fire
27.418987228482198,46.41913760416527,20.11940857361496,12.590803439954167,75.0498397609283,0.4864170189928662,10.036365193338304,fire
23.574849200973762,34.6958026297789,20.740868515647342,22.5700547902397,67.97891548212245,0.5943750226315856,12.153233908962976,no_fire
35.428681622472766,34.81164403501309,20.400683424069015,13.961652359524988,82.94530612461018,0.4500623072710854,13.429791720660056,fire
22.123991555995545,27.112918155670396,21.260194880429303,27.53097096330241,76.88525887932609,0.7143294418106974,12.043155007363255,no_fire
26.461983138697256,40.552235874478725,17.523939930161742,30.08702739858641,63.54298570116974,0.5763612571949455,8.906942370564437,no_fire
18.22204340736836,20.795030392094343,21.38364479337957,31.73098491471579,85.42507272161626,0.8628089313350782,11.339397943373175,no_fire
15.280262400381252,14.227051495645481,25.541065197726766,32.969167313135905,94.13442339613457,0.9565212873687656,12.358317929207729,no_fire
22.39235116466974,41.12127532908518,10.693534643778,34.78719989089269,57.628490945012025,0.6715426618007605,6.5141112269477395,no_fire
25.317812332517487,46.28954377842285,14.221598435395538,30.805852256706345,60.70935780436076,0.5857371409479752,6.462647224615433,no_fire
31.416192669813928,64.19327324787679,20.29550517737422,28.562305528475704,66.71227894275941,0.43034256086579953,2.4619771135871624,no_fire
33.51670756214388,63.64195081917943,21.694124328484218,13.805181919362164,45.54846740366843,0.18193882151893587,9.743362165634391,fire
35.30688847802956,42.294789620498676,14.925054521288038,24.411755225092964,77.19421382709852,0.49650863291369507,8.292211595537914,fire
27.816297718727007,29.445893733808163,18.082238294731308,40.418649257884255,59.30087547373529,0.6237718145545867,11.020278403828545,no_fire
30.470565558730602,58.683104721803545,21.920640896279515,18.12101631510712,51.14259476511168,0.297611109341722,9.14945821519611,fire
20.629476562920885,29.608332288091674,21.62465582764897,25.24153607326548,78.5161912901991,0.7224911663975908,11.402979987394659,no_fire
24.743331793507473,39.45901021664391,18.977343116933927,32.516357352850115,62.34525421455156,0.6047773783027108,8.949261988141638,no_fire
27.452982250688848,43.022422044707525,9.546055304719719,28.484123125011177,77.38055060976815,0.6692623619614102,4.886043041677095,no_fire
25.175757018748012,69.44514210942413,16.49763889838373,23.603616034952765,30.86074112354764,0.29938481930639627,5.555967912271148,fire
24.493711768861214,80.23755996607878,16.741993014436108,22.13584091577816,22.971748249035805,0.22537359927940284,3.552788268606593,fire
29.056249293337192,37.55106273443883,19.03321735207309,30.949503202838542,55.95297861138974,0.49996030611390685,11.463925904422286,no_fire
30.648267729544152,47.01227654799226,23.955202159560955,34.90830491403816,61.75255554640796,0.47879292855152666,7.918026835968321,fire
21.346426054000446,68.83703931138533,15.683404657637498,30.122326518544263,26.572791046352762,0.37932585853342426,4.189191243611217,fire
31.40871891330568,46.41463146804135,17.262166179712693,20.037174527339968,78.24717326284768,0.5081777812090054,7.787461321343561,fire
21.210682435399896,69.2931157185962,19.869915877487767,23.762599040034342,26.724036921723368,0.3167670497467422,6.354063179236582,fire
38.68006977398043,51.26468469952957,18.837525594808795,21.964041811328062,52.49636087819634,0.245380019667726,10.908316970185897,fire
28.686291194113156,60.1703541667291,15.032330769144142,22.042945556131162,42.922528272512906,0.3388959437053851,7.279697022925426,no_fire
28.191911197230436,56.76778764100092,17.842947736609197,25.06388653907208,61.64588118472769,0.4627137417373392,5.441433513386942,fire
27.469994856240927,41.26854600449688,17.831507469768844,27.357365981786927,60.92096751025379,0.5259314497537282,9.894911161272356,no_fire
26.67388777292065,63.2015232723339,18.701428146415843,32.83217322983762,35.26722349964908,0.3633395596761543,5.454406925961578,fire
24.492146108337863,41.80913446980035,11.784608322131904,33.63158916480777,62.238356629774756,0.650677238752706,6.395821493907853,no_fire
22.85062905502611,32.69714811094054,8.038413064695696,31.18906123048041,73.09600694172698,0.767484556920841,7.264745500420108,no_fire
22.99076955789408,67.84188853333804,16.923581301860004,31.696128604518798,21.349934775152356,0.330855568652126,5.402945104187005,fire
24.021132553115184,44.1997042431187,11.427795889619665,28.245074573534428,50.6413744385007,0.5547514448665594,8.440996274781883,no_fire
29.15220894252425,47.72665136815665,12.35143316052002,23.1316001140401,68.57557909202926,0.5320675703535339,6.733532870131172,no_fire
21.991263388070642,70.39600469788495,16.155285216055304,25.00651388375682,23.39671645502301,0.3130710593140873,5.523588242961189,fire
19.577590772385,23.199976515593427,25.556748701815387,22.780588822500512,81.34026997519518,0.7329883726645694,14.300399907230439,no_fire
27.28991518858421,36.30394156950179,20.546619402261893,23.427473692519875,61.67806799165107,0.5059527883671135,12.832961534341548,no_fire
30.320253208444914,48.63268246130659,18.088747777727583,32.3776414422907,65.10789752122824,0.516724441873766,6.198418961962158,fire
30.254496546952296,54.49828864730965,20.48524474581996,33.79982361613925,52.10623935715125,0.42369152801244775,6.405096701921323,fire
23.242759507011137,38.1599373156339,12.487470156026255,37.10400455130695,68.78041381324223,0.7333349967841816,5.781040149796303,no_fire
40.038178761619236,42.19092216121099,14.15929072153768,27.31910245915503,66.34710205943395,0.38829432401033326,9.737124300957811,fire
38.13929424160088,39.46791897053104,16.1803562184292,23.444638164277357,69.00974508842894,0.4028582603535205,11.281024073059903,fire
22.36232079456562,67.417148320159,16.958114331964644,29.368972138476845,33.31645337188731,0.3936926165827582,4.23157429688734,fire
22.342708342527942,27.86283419653923,21.87691237028287,30.764342914039467,72.37829170781683,0.7003076310133072,11.882928751325418,no_fire
32.69130264179099,53.2237569655571,23.902155793129207,29.413897010838593,51.27425917019673,0.33890330856011885,9.002460154588213,fire
24.135025179493752,67.46286134840736,18.544799501980634,36.01066203130694,23.379409220981593,0.3436027323384494,4.7301227283523115,fire
31.778494920677115,61.43188084001024,25.40844511772735,12.95392583069783,45.64439942357803,0.18723059643192638,11.185396051545519,fire
28.555458520906484,68.42724066102643,26.25998876194238,12.35363426735682,42.2652180653587,0.18843333608188464,9.31909512323883,fire
25.225219122949994,24.884530111653717,21.359442194067146,30.521681121225622,76.103015955009,0.6879558617772958,12.627416542407378,no_fire
24.501752339277683,54.209472173368,21.151678081529706,33.27097549248394,46.18534371399277,0.46962413089933147,6.8526668564087405,fire
34.49917212167068,56.318097157917435,19.615385922386775,25.542354083994255,53.25407787763403,0.3157416306720508,7.946511544511219,fire
38.267362301194375,44.626882222469064,17.954614664870405,21.99122933989143,65.60055678434712,0.3483457806088322,10.856102442044605,fire
23.85407557101947,39.33653061673989,9.772656106284508,27.800181472675337,61.17404435229976,0.6364209192847179,8.17710810248495,no_fire
23.20140323468891,38.70082557605606,10.481185880568729,33.32914868547671,59.04348230904603,0.6661965256367948,7.48318541586791,no_fire
34.54150709282928,47.26806298738515,20.157617474502768,10.54185997204727,69.0095949937157,0.33140041129924136,12.103263038951804,fire
30.785403730927055,47.20933886584707,13.595155652472018,15.879114846899528,67.74398192669372,0.4520678011800926,9.178572568326048,fire
25.916500002251205,52.81507731428614,15.61674419194545,32.42674881608095,45.13672716647515,0.4737426487914583,6.669241052486477,no_fire
27.27269272188744,40.37716487841844,14.988637713774565,34.5518039407581,53.78595842176388,0.5528166068286461,8.947363523708294,no_fire
27.126928138875392,55.720288603832785,21.953657115696362,16.597056824947494,66.07490752246471,0.42934715822545766,7.800836879305012,fire
27.016587608272726,54.76638221154437,16.940951599940288,32.17527732321966,54.91479324536588,0.4975138814815876,5.087988296314228,no_fire
26.600110443948015,40.62883837403567,19.2819079006467,32.981048906107006,60.15972394516227,0.5628534343028644,9.106038896925114,no_fire
34.00087766772904,56.120522956545415,22.721055501195515,14.821407274940515,49.15525321653762,0.21572426052758376,11.674842158369442,fire
28.474147459145097,60.57342001722425,20.078040282515857,31.500358050847936,41.71878604740365,0.3634979717098761,6.189194174800916,fire
25.440978425059384,50.08366931846547,15.36815339476286,33.685974582091404,53.06828812042774,0.5419813940295065,5.9682975862021665,no_fire
19.495457620735934,57.648835377722264,18.277940003144383,39.226588153398886,28.449563639194682,0.4892904384425257,5.704421923293522,fire
36.28893372393489,47.85247758082136,15.944460901290324,22.929731273934184,65.74253502439853,0.3874145359890232,8.888770781113772,fire
35.74375244131978,60.11404311049607,25.405885392403416,29.22876515966832,39.00883409321722,0.1960791378364843,9.376518616836062,fire
37.1580082600496,41.59594691952546,20.92821661922172,35.48190761281612,65.4772937835862,0.43896944390042675,9.218431761030653,fire
23.385610632518834,62.95841420272383,19.478515940470036,30.776858190969296,30.301843287372566,0.3677070269541087,6.456356993510783,fire
25.41790932573901,36.40994478387976,18.352627975543584,41.13142546368156,63.00536366268201,0.6640718043664156,7.805232296334469,no_fire
31.976555701901315,50.67753132776107,13.780747815171999,26.178388120790547,44.86624235345779,0.3598175281136127,9.26948513196882,no_fire
24.321540543356775,68.10304765357164,20.68876501647208,17.241009173433262,30.750457979989463,0.25089202531132454,8.240658459823173,fire
24.531804752128572,50.78045769449737,15.53892010798484,37.72159891452043,55.61548849032765,0.5920022077074063,4.351645251971623,no_fire
25.24114862815608,50.48872491059855,17.813380060442242,30.770723729754614,55.13805132539705,0.5229349889750474,6.6953251213384615,no_fire
32.84337836450248,43.788326840366096,21.232045463114716,22.045524393870924,70.50182034322555,0.4398194923551998,10.346707980204725,fire
24.601972230902692,62.6602780677547,20.400339663297487,26.84577599425216,33.28356017845682,0.33724507175843,7.378324756258803,fire
29.459010530276554,52.00444828746899,18.75809654941602,32.67732747154339,77.1690379831314,0.5858515539762628,3.2920370038432005,no_fire
31.053519842922174,50.90426032764171,23.416965828646088,13.843920838787906,63.39098282894067,0.34331467860198234,11.220777174483331,fire
26.079624062782468,71.48496007838337,18.05234975853906,24.249266978686897,29.161877489327484,0.2657741618088697,5.455296463509579,fire
21.825889358323934,64.49436236123016,19.09222698821997,23.617027984028663,34.81216813685961,0.3696522310276342,6.653445149115938,fire
23.064695550416367,22.63054694021274,22.556496701376993,31.538113578211263,78.87217483696554,0.7410275957774015,12.66815091890247,no_fire
24.426815122250147,44.598320910605,13.789099858718359,34.40487751026091,65.76471828938939,0.6568607813307596,5.217729449505641,no_fire
27.894170918197588,58.891307383240814,20.27509070464557,29.13837666814992,38.561061276229665,0.34314225472570165,7.702193607406708,fire
26.105570320286198,53.730867398372936,21.801892942237775,12.312756704732843,69.14645061244808,0.44135981840634597,8.802292496493653,fire
27.602904847683767,44.26847948918275,15.328217518655414,30.782807301960553,54.587560274050304,0.5163368964620445,8.565047234036378,no_fire
21.391744913670873,67.2787961769468,17.51512743012286,26.511211072291896,26.635615924767283,0.35000407750271834,5.906262245644767,fire
24.221776469011054,42.754909377248495,11.066288190188379,32.01552869845719,59.50238243401193,0.6309458377451194,6.679325065205256,no_fire
34.56551095332622,53.098824338731816,20.464114710217842,21.739034920693594,53.35077247448127,0.29539147966274876,10.030688849156371,fire
23.082171018556835,40.736871938769006,9.967858195567088,30.39291024034047,61.55853511115552,0.6612402429580722,7.009980133568861,no_fire
22.77850129943976,33.21346057017351,9.419595582864352,30.82923695609031,66.03348200416129,0.717239943503611,8.506823438267972,no_fire
22.403441335803343,65.49451462329684,17.1556118002234,30.729909725229568,27.241764376143188,0.3716028658248082,5.479021755438224,fire
36.24199059010742,44.10030598396564,15.719798388342952,23.841575707343086,72.9258225502698,0.4455651810091538,8.769262364065877,fire
27.570299847387766,36.98837373129521,18.586554598209265,28.93491718065884,66.89263298422061,0.5749391508905057,10.19787199127702,no_fire
27.99977066145975,42.45857085274115,15.901070920922498,23.556219805529796,55.699387884016936,0.47322098349805086,10.82214593609473,no_fire
25.842762489975726,53.710203205878045,7.376095279554399,22.643800475115036,47.61403824779905,0.47371533665293736,6.514402602045571,no_fire
24.26616515563787,38.85955102481488,17.95923002833458,32.677337947078264,62.943929696983275,0.623834865177517,8.73573811922559,no_fire
21.100035608215194,75.24786647674193,19.839737123357736,31.82411496333543,13.14830866009724,0.27653773982633767,4.567082815107765,fire
39.407567463030304,51.005987136051374,15.250564568866498,31.48610628393365,48.25377137922968,0.29186230301493044,8.76268692871634,fire
31.050922466749306,45.45485059622365,18.187642071448327,20.183086068788917,71.16612683313942,0.47191922088222404,9.25423947047776,fire
36.82351594574843,38.96776483043453,17.423513233715912,23.781128433872393,74.0407229999365,0.44676245086518795,10.706229703679538,fire
35.71193767994846,52.17597595930917,23.17895954494334,22.948359825805397,57.619076977154236,0.29636947879682896,10.149434498484947,fire
27.75404109638543,43.585426527113555,16.753828715271307,26.125247954241797,62.61075038531406,0.523518602420916,8.995987815450595,no_fire
24.678616574985444,56.17051435862123,14.5296023549051,36.369974129744975,39.47562196983523,0.48223765995200446,5.120468160476003,fire
23.331948135775356,37.12931099248053,9.475542510167307,32.00307940673716,63.437048818195265,0.6907897076991683,7.449556452198198,no_fire
26.742390045622454,54.00497050115692,21.67372998289778,29.67966991739538,48.29383677889834,0.4232513595041423,7.849666532907946,fire
24.72303508513299,40.145763864596844,19.271296212868894,26.334600037829173,62.03781526725567,0.5612599960566091,10.257842777676338,no_fire
23.217731737184113,56.91383191845355,20.047665486306954,39.775130519539566,44.17621053672314,0.5170847806239482,4.37418640456264,fire
36.53251237888769,45.62922276612072,16.102341400183317,28.762393677901052,69.34459889955615,0.4454254966223979,7.793763342251761,fire
29.73662979749113,63.56464072177752,12.729308280549366,21.12357633897097,41.30099837359838,0.3127485293279237,6.296036847632254,no_fire
31.96480550647832,54.498987707012844,20.180221513454693,3.668800542155253,57.38077448388589,0.2419363641251183,12.736002570986205,fire
24.2490470943818,37.87447987065801,11.983164424343288,31.000371976567685,70.08369052248781,0.6913981066019297,7.116452059110817,no_fire
25.924608169678457,62.490355210933984,19.69712987189236,20.79289872058747,43.69077615110792,0.34277372904741665,7.322454904125338,fire
20.595593970014527,71.57074981947422,16.758137654094956,29.20538977643047,20.60877398447309,0.3376167080823431,4.528555886487602,fire
33.885219337642056,31.555394394141565,13.012290948594796,17.075334862883214,92.4597494167177,0.5979289397465479,10.57887020433406,fire
25.19821717766043,53.40229512611596,22.478816893018486,33.302313433208795,41.69879561055977,0.4287405643453985,8.142384738367877,fire
28.377157304933103,40.078577565911566,17.342409174824898,26.415923619140223,53.71886975134442,0.4723468450857866,11.576196870401418,no_fire
21.35924858307599,27.832833088040523,21.756594508577468,28.77863657729793,82.87066439991084,0.7621251322898475,10.6426485115864,no_fire
25.172759129076738,33.58344629359688,18.293538848676228,28.58030066698701,68.23752537510589,0.6268954701193357,10.786222866212675,no_fire
35.313001439346024,44.24605268994043,20.83945855434204,19.266801238943245,65.33488928185422,0.35791295013109203,11.854828875591776,fire
25.042953161349363,44.99103717212461,15.860149213989695,32.97348625502157,62.43101034888414,0.6068862667305699,6.4358183946306315,no_fire
27.070100223141868,58.84376165653545,17.55383745482876,27.675075971811477,50.651931957689854,0.43011212347481204,5.5819930642467535,no_fire
29.68191398326538,38.48266837893135,17.395201371653574,31.898528969004836,58.84200287495065,0.5198319262381905,10.257963884384171,no_fire
30.21128001881519,52.51742979236707,23.57889610550979,15.582241859595547,60.4493178384516,0.34484117539008086,10.656361254502196,fire
24.22560848267824,26.382779165437263,0.004732,22.430884893577424,76.69603125262962,0.7770049307894937,9.263212835102733,no_fire
39.056822775333465,39.64290368873304,16.897433250338775,28.162172850322587,67.71672035153696,0.4066721175182736,10.605425277705228,fire
29.926650591070608,42.92787210589215,14.915872713155913,32.64760572649288,49.83301651785313,0.4728421686117699,9.495812338824228,no_fire
32.941410593358626,55.41557958223353,14.650261496178999,28.50292608325301,40.81427378083246,0.31925103102724595,8.126223379371966,no_fire
24.970028293982274,43.69651792999221,21.467522193527913,26.77679973852799,63.23931567764851,0.5445161498440431,9.337671997871745,no_fire
26.523521824158976,45.76609206106926,12.565617151638152,23.172348776822606,61.13621127926353,0.5338049742948754,8.13936141143091,no_fire
26.197063261980365,39.06098873422127,17.920703723139606,31.708124120522537,62.457688424936784,0.5860475401526353,9.220370883704197,no_fire
21.907389064488815,34.41066783893558,21.58645986599967,30.107524264335375,75.57078060772,0.7044511898084647,9.340553130016751,no_fire
25.66806072905603,39.06003966735197,9.547220737144851,27.922383130270678,71.90075522290842,0.6723812505228366,6.853675765392223,no_fire
27.963047005501103,36.009825361382575,16.0817117960886,30.879262646180763,67.31360068872154,0.6009345484639328,9.524681919806993,no_fire
26.161440980352257,55.66366452232556,16.124630985483847,33.72362852040785,47.80084388520445,0.4823669440694079,5.203808434532835,no_fire
24.218232606496805,43.31981578717472,12.082309171846592,31.094989222218743,55.1315915721777,0.593279128312235,7.569759063375972,no_fire
39.24882623641591,50.36610534492759,14.353312722774785,29.38807394487372,63.90851856504871,0.3758594959209803,6.929809500820401,fire
31.932425562197263,44.8317440005726,21.230908943190304,15.676088696320294,67.4496341413922,0.39375883349627794,11.805484077612507,fire
25.68383589344345,38.69635144736753,10.12087253089632,26.008195766847688,66.01418020597558,0.6248717276742408,8.403694208640001,no_fire
34.281600707561786,56.85443800214182,18.04492843400844,25.13566874422532,56.4712899533772,0.3422229620223445,7.0310474158888026,fire
21.513010100132405,58.51513343386003,17.321460220532096,38.89886655621607,30.523733221980827,0.4721312537571271,5.267345679240593,fire
27.150549648294756,54.99971743148295,17.55461860506831,29.598413248075747,47.57508254726609,0.4341195279101109,6.837984724365481,no_fire
24.340466693438813,56.3082482288159,15.84689872222787,32.505042846777364,35.07253594020554,0.43042030508088575,6.8494735864251135,no_fire
22.963962551775182,49.07372465816958,17.548455236729673,40.82915634524937,57.40258894047069,0.6375274358761129,4.1325300433059295,no_fire
28.16863447109874,53.74153723860189,14.792907481062283,25.857187280474736,60.57927855880584,0.4881660185410398,5.73822192064414,no_fire
33.347242961011084,48.63865875228461,19.255945252752518,22.45059246060324,66.28880680130007,0.40964498012967915,8.967898068759407,fire
25.227669133348336,39.047511194873294,10.835769539822168,27.009156563718726,68.31044151112675,0.6455988403060915,7.810985064578039,no_fire
27.2334937878704,37.51941695481352,16.746990844856292,27.784915180426655,63.05908114744554,0.5606596388035496,10.422536968175681,no_fire
24.643189367744455,64.22484302341763,18.748607756235337,26.37508733248992,42.90505504148962,0.3930345743997084,5.220485983175704,fire
27.390636478457743,58.601485359110754,22.576664394723025,31.56040348501575,39.726871209800684,0.3595239880197918,7.484356789174547,fire
23.33888088756865,39.90820488136414,13.79506273465197,36.326366438189545,72.86185103152826,0.7374923259922896,5.086800677908671,no_fire
33.147694725916246,50.550970905699245,20.892965396475493,21.251420087516898,61.832576369571484,0.36536501097628243,9.60751585794786,fire
32.02009579361379,50.058547401271326,19.167988603671287,11.512088785992141,64.71429909816872,0.349076308740271,11.065448935312515,fire
22.008085651637103,58.63816460881965,20.79547679913498,30.021200830055882,34.92311131340721,0.4133983520386333,7.4271624445778786,fire
27.84879712427508,59.70107759845024,18.05025704002784,31.47347982084855,46.46431520279324,0.4134875337625797,5.260615669036873,fire
23.56214575798263,72.65421165933827,18.829869644014877,26.015179907826596,29.58982673861533,0.3088481559762216,4.4325463464597155,fire
22.914418880482458,66.1776254746533,20.38685602258546,26.309292475699277,30.670799780796887,0.3348578775353548,6.526142395836458,fire
26.38677518537335,24.748173042702422,20.648758560713656,34.42853368840099,66.77668629260064,0.6473186678242207,13.15460789781325,no_fire
24.979159108608243,56.6251928197843,21.764023770016554,29.83033621371649,35.299245206665425,0.36994423209716487,8.670785430856526,fire
28.205233486421044,29.358805870708505,19.271570890724785,30.039591808277738,68.82505226054941,0.5999558177804105,12.338812338702198,no_fire
30.231336330123632,43.928290612676776,20.84001165240815,38.59940072386139,60.162934763603346,0.5257553136439849,7.57562668942567,no_fire
26.572334994035216,42.01153969193912,18.68606362022456,30.225149194988,60.71973633066294,0.5489718075904573,9.084448322463075,no_fire
29.74029610180199,52.807421807193904,13.845585995649955,28.062855189004424,45.26924644446299,0.40087732427420625,7.801970451933426,no_fire
25.001356454963286,49.506666731535844,13.667879422873467,28.01275109799436,53.1520631619745,0.5252017339463269,7.028221578033156,no_fire
24.0256586573178,44.919335224524204,9.960772509833914,25.50547042541753,52.11006951152363,0.5524998377424576,8.314257212045705,no_fire
38.5165436918048,31.74034519327811,14.241458337773912,31.76860347759467,80.6258766420102,0.5465842743804912,9.770452291154857,fire
33.128953819345725,49.078945037453224,21.138347548109174,31.53920169554804,49.941235314950305,0.3656723107369899,9.514042611678448,fire
23.09155480295522,34.64594860046816,9.527043914483182,31.00006605172105,69.74142696354802,0.7298911775995403,7.525795495958318,no_fire
26.599600030787773,63.563059844461876,16.843310102539387,27.949506221561176,36.8189682414129,0.3526474872459233,5.830523434316551,fire
36.80481300648795,55.8279846865517,17.160043213877824,21.598363364843397,52.366231237686456,0.2676735481626076,8.936673508970127,fire
29.81000285809405,61.807435149454605,18.623357641199625,23.67436440963953,41.40775055110432,0.29833259873633255,7.515301681982582,fire
32.82575421364883,43.40245445691049,18.923145433191,13.115548276927584,70.33305939053844,0.3981195606714026,12.061252353125827,fire
21.04120217697897,30.062803117970155,21.24830554687235,31.070608222173178,72.66580577737774,0.72087420962587,10.753683816832039,no_fire
23.06824318551232,31.10936105810492,9.22335672710834,34.36120300232181,69.74238709957667,0.7625877439336337,7.819092578222411,no_fire
37.00684277575928,49.30527388475838,15.703312100582682,18.267792502961672,63.28196052263922,0.3313825227899245,9.905988035641627,fire
24.22137997672457,67.55369592392996,17.14102038688101,34.77110304052453,32.632870524593535,0.3944275175647269,3.335467791445326,fire
23.08226723049131,72.43541148856085,16.96111033289477,24.690087331964065,26.905454975718204,0.3042553439248372,4.743056560064075,fire
22.29219356497205,68.35766422816671,17.885883233143968,32.116978186758054,21.84578282535977,0.33958722388262175,5.1761702755456955,fire
31.768221054459993,54.44431660072203,18.77799951986085,19.498894908833073,62.48408974620221,0.3804208307195484,8.029801893156902,fire
23.838716070666003,74.50828624522987,14.6687849067462,25.072627797939408,23.656630097529927,0.28500425669885326,4.086093618315568,fire
38.0162244379315,35.92056345857472,15.756433032885262,29.511444803269352,78.70092700170694,0.5089082508803338,9.48554614465008,fire
24.00184080234525,43.74190867755635,10.853136915873053,31.873928313435695,63.35431327669132,0.6534756371980839,5.751681703943921,no_fire
34.0883957084488,60.7957251983229,19.7805113499276,23.02040506746448,48.382086569752964,0.26568928527187763,7.788208244445946,fire
18.510750973404985,24.239158505507316,25.020365863464132,29.89076320202133,88.3761778158308,0.8328659623382815,11.031941695498343,no_fire
32.036809036801195,54.619848163320654,17.95302717423963,11.861498874442221,63.661537791467275,0.3398199959390623,9.420958809025251,fire
26.604059317558374,56.565949923005036,17.65859202781362,30.932739694920215,38.368353835847046,0.3941049249073925,7.334084622241576,fire
22.8915419921192,34.59036908484332,8.510486841276832,30.596069530686105,67.9237592422124,0.7262837625120269,7.662387367045132,no_fire
26.54390981747387,34.66196300892767,5.73746991908897,22.275006097823155,76.83581141474886,0.6861669033323914,8.150307519214055,no_fire
27.208714491717554,46.94805423664077,13.962430345851525,25.626396199919366,68.64574861793967,0.5695550789681112,6.475510144565465,no_fire
37.4867089321402,47.85617207882615,19.79023747947492,25.24509509502916,57.50431181245693,0.3152974427273092,10.547272300927496,fire
29.475207559150423,39.89486524457284,17.315317870189272,27.370469856614985,56.8908058822778,0.48039652348487466,11.090710024436998,no_fire
27.925329144987007,52.30071661162653,25.16474008215234,35.362700211174854,50.70917152187249,0.4387418039205621,7.6314045090551685,fire
27.878413876700996,58.97452775529415,15.662418199287426,25.191919487311942,43.89437909424175,0.37552013445929133,6.818387336214998,no_fire
28.553157668353112,49.642348208425986,19.869833104160612,17.860913822903502,70.76180436183635,0.47104930627721825,8.5215522947946,fire
40.51329235234735,42.71157359391546,13.46822048030264,27.792590917093158,57.845232275789925,0.3391924459743614,10.633597267842907,fire
23.27404917992392,34.346272759576934,7.9211381000182834,36.83025780476548,76.65728364080265,0.8124738625475263,4.942943432865608,no_fire
33.08086842736522,52.43153443282752,14.092913475439275,33.74058117264542,46.271893026740685,0.39176765991679746,6.973046889978264,no_fire
19.070201636602768,23.87084596313555,23.638424030716948,34.24534543166314,83.58544338697672,0.833947481421361,10.637150557222013,no_fire
24.453235922428078,62.3612379912128,18.193178397963006,21.29192098419506,41.99365575141607,0.36742672146918587,6.980790399170603,fire
23.65762199433567,57.30338423756719,19.597697833019748,30.14614523540664,41.59326162983354,0.4376840918374865,6.813063625302455,fire
24.564319058296324,35.12449172505769,11.768258544422338,32.471141552997345,78.20111847755403,0.7500926093464908,6.459920971191516,no_fire
28.30776507542994,55.027688029921194,21.50279605244805,17.079426623074305,59.430292086168045,0.38210658446194495,8.957476905771909,fire
23.72081199509048,67.81536343943844,17.181011449455774,30.866047694358855,26.990889271267633,0.34499411695235266,4.9240793852602875,fire
33.773243161800536,59.4763593970315,16.85301359575345,27.35708118123053,55.17480563011479,0.35621091156956985,5.547330593191028,fire
21.28446191666002,66.96292393339017,19.8610064195746,32.45908646279404,23.434260367800608,0.3578017298985299,5.592149051443661,fire
26.29980366705953,53.749343002420446,14.553486218662226,33.662885076507486,54.94052363810528,0.534360572501374,4.464771560114239,no_fire
25.001763997875297,62.880009148495574,20.047351704027832,30.308740899928797,41.97293299870695,0.4030208287815278,5.207359070370686,fire
21.281281685099977,27.066413639145914,24.006768626082046,21.373352044059814,82.88990053670615,0.7061489567709416,13.057961653294399,no_fire
26.319281027675757,43.60013938324674,12.574982095378505,29.89942014144906,73.18122686885145,0.6520560966364208,5.481757191932416,no_fire
26.1758146060158,34.880123470567085,10.107165465197664,30.95434039765804,82.86530326203425,0.7532321486655751,6.066690749716475,no_fire
37.67695049127488,56.661121725984245,20.625714363883,25.979049994675375,44.74073622399913,0.21666619128363032,9.63791282734963,fire
41.435254423846295,35.02141853443378,11.391055196957204,21.783957452570107,75.14101255096521,0.41807928951115214,11.619629100955153,fire
24.50698233225925,44.69418406197457,17.104174201424403,38.907892819264305,67.58585888856719,0.6741988446725431,4.593997051942587,no_fire
27.085413225699142,45.419197488545876,12.363145408294352,27.99178371315793,69.22097363316449,0.6028916760491347,5.9809153662683014,no_fire
33.59706999813033,52.11762470436612,21.94346646250594,30.8034138658174,50.59754902140561,0.3448092310172212,8.845440354887064,fire
35.39097312296482,62.05462638823376,20.034991976720487,21.61961340304452,47.60985696689224,0.22835387381350766,8.05168995839074,fire
33.32563908001329,53.30621437676946,21.239662780294022,20.132909942631738,50.99109928881337,0.2854846893414167,10.678111453917019,fire
26.93472504920321,40.711169031510835,18.618797142696184,31.653124320278216,60.472954038528975,0.5550308983781306,9.24431899797564,no_fire
22.304563930069286,36.70602110886338,21.319931758390073,24.52498164598576,73.33090674499698,0.6465449109117714,10.217857664956721,no_fire
36.80827938572807,53.72877290352879,17.43872624416427,27.857904646560176,58.385455264938564,0.3444067020321191,7.339789718282329,fire
36.674953786442615,45.71735782599524,16.392477728813716,25.761667789608037,60.248365258231374,0.3717194793782192,9.879823491622329,fire
37.774622285487176,36.02675293871209,15.537096368226566,27.447364227581584,78.62818825471236,0.5002349369238798,9.858415351415827,fire
25.934109089678167,50.93741005480294,21.14956712546542,41.58202733670222,44.38306650320528,0.49891872568971707,6.448487053249278,fire
37.30514707153482,48.828988212241086,19.549926360864774,24.9496892390472,57.498099128235175,0.3148839257235395,10.22837682247796,fire
26.372178600266654,61.78615957538827,15.677987149487777,28.945494780584877,30.836746475707066,0.3403969336699725,6.776420740627109,no_fire
24.63225664963148,60.32117876767532,20.272453327870473,36.80260172103213,29.887841667157307,0.38690522287075674,6.313429309981682,fire
23.50902342269926,32.46544006648107,7.010442468808434,30.29923426676905,70.97056614049535,0.7469125745277914,7.729461786377171,no_fire
21.575951474998767,67.99359242499088,19.85456003694979,20.87666486570336,36.31880937669893,0.3507393398504385,6.066692256748619,fire
34.493106023021035,55.07338653760678,20.030333008235115,19.309002130641314,49.618270569592525,0.2575942136236753,10.40569205728816,fire
21.928757981119816,64.98076774175499,18.377600251576673,31.57409690859306,30.441624855645145,0.39606900646811594,5.171648698995969,fire
37.1109480021303,37.64173431470135,15.323225733770634,22.324190675995784,75.69374137236402,0.45861251790392227,10.817765579742266,fire
24.052832278099118,70.0359252410828,15.348516446241295,17.538964602053984,28.709760472301813,0.27139222809137276,6.684846325455338,fire
27.601116796151935,60.846619934961055,21.25393707874429,23.490601281950145,33.26306208715044,0.2715754930989487,9.32495171492757,fire
25.08964933875064,65.36032639262638,21.81236569668157,21.32654828885935,41.14067565029249,0.3239963211451864,6.989131420741335,fire
32.30699775035627,57.638733100774544,23.737267089608956,13.586480431688042,48.541445835518964,0.2196777320516048,11.547624944502369,fire
27.116040560715795,53.81781875317483,15.997830038424548,24.70381050011047,55.282186406182426,0.45967669330631683,6.873279085333899,no_fire
26.35729951908715,58.10641299994181,20.782622920600335,25.80905985229005,39.399057310346244,0.3491055275409758,8.496157279908056,fire
18.60071633627502,67.86910279336897,15.411455479006323,28.467789422916603,38.82153654805365,0.4826859053576021,2.6429136911675,fire
30.086588300315366,49.90837584477627,19.73241677485617,39.607217823911114,59.32191488700689,0.5196935432130944,5.293564667411304,fire
28.047089543955952,44.11811129676734,22.156393094930095,20.478833822506097,77.63658578169414,0.5350081020013115,9.092959392940948,fire
23.07040393413908,70.94742589110237,15.405964610416499,28.468997815794538,38.35839795291336,0.4053047140742817,2.3290959373046505,fire
25.903492929136178,34.96210148445216,17.33865803101252,29.975966111359998,61.809207078802025,0.5905655641175928,10.867700744938485,no_fire
23.781585839551454,40.5640613679419,11.269093230720362,35.87812783601296,59.71079575670329,0.6674887035245842,6.445127564936934,no_fire
26.556030823782905,49.50301878326189,16.49598149865632,31.898013217756606,57.66736295391073,0.5349938151782111,6.278440063054038,no_fire
31.61891852274713,42.303663789730095,21.08678366363226,14.234866713680898,70.43122075799789,0.41387390142553604,12.4359580820895,fire
29.338781831061066,54.17432407481853,20.98241583069825,7.436062186626692,56.8227705772364,0.29748801145447523,11.86770330699206,fire
33.12144268881556,54.18291442391765,20.09317524933625,20.893825120140733,62.67884012623459,0.36307540569516716,8.22613547555029,fire
23.226326820105495,66.29673528711358,17.931004810071542,31.41280938301653,28.429308487598643,0.36354072693731365,5.165039241385474,fire
42.10800112833746,45.49270527845515,16.00632480941388,30.384069529745883,52.56177190106137,0.27956046480197727,10.677825897243554,fire
28.42534508856533,48.707950514828426,10.553248664318012,25.695724613480742,65.04249285795326,0.5469339325655196,5.869416568812792,no_fire
18.700984837791314,89.960415,14.897554995180924,19.185518556720282,0.9063106002101676,0.15386025012265847,3.1892757146192157,fire
24.453962516570524,37.61080150052953,8.089998956877,30.147871397470748,66.45175248675996,0.6862645523170741,7.136524053841644,no_fire
30.52866122913485,57.610286215087214,21.63935519785487,23.086403703502754,53.31848324006168,0.3444341689059677,7.977152590871538,fire
30.57329609931031,66.28445263203699,23.620027655260216,22.113087861314494,32.9870096999025,0.18857399464229552,8.842614478269088,fire
21.874512631759046,64.03989970956826,22.425580788544572,25.451296229570566,27.979711524258025,0.32375176227584,8.097692808818179,fire
26.70595179180998,43.11011611647589,16.326423023774836,36.98293092033908,52.4175323224815,0.553425734309744,7.918272089469422,no_fire
28.2251819180011,47.74138757128368,23.749396520889377,48.21330910290906,45.2878165689013,0.5046714002769452,6.67534991785068,fire
30.84987208017686,49.63341383287242,23.699136195445295,17.768685098575187,65.42235007671216,0.38396987566187507,10.45689723915229,no_fire
25.135021236556412,65.06822608753528,15.631352413795629,33.13102230634896,32.47240629494288,0.38535868650137267,4.339206850206501,fire
23.70134685045894,41.97835521983304,12.014053050344161,37.99372405408951,63.27003664044245,0.6935739710255151,5.125447599158152,no_fire
22.041228106116982,74.20072121966875,21.576744199985843,24.427586891721905,26.789042616379714,0.28554777426110467,5.090334129376937,fire
19.888770144279693,25.84842311267498,24.55569549018126,32.69465879594305,78.14555493036461,0.7708793216154819,11.46784055064347,no_fire
33.22208787409493,53.98919269634217,16.255558964093897,24.09549218299197,53.72863381802939,0.3544336909465184,8.07209802617184,fire
27.700715820192254,49.65202083449353,17.245994572032345,29.261640380984623,47.76619573135229,0.4412837877409966,8.613428694612532,no_fire
22.334905515484433,70.43694017269314,18.73703116310319,32.97917411580382,30.66617211062975,0.3830769582080125,3.1946642936336747,fire
29.580603710209445,39.603569470083514,15.29611989433325,26.830452119289838,58.400838182116644,0.49656970948610357,10.672381641858284,no_fire
30.322904345743005,57.35975838840494,19.5171043928813,22.050633966500683,45.20783026214056,0.3087450020153958,9.015438274269949,fire
25.40583106920087,52.77594462490576,17.770069431778577,32.341126796842396,39.81579619395967,0.43846159148282376,7.873438833290508,fire
25.319460107222277,48.11597851397319,11.228345162877108,24.801520207134647,52.296756260511316,0.5137853341629831,7.867092923264034,no_fire
29.24500768890617,49.171794251102554,21.93393096391428,31.593075222204376,51.889968051295185,0.42974064320646305,8.824961368829875,fire
26.206383085548925,60.418249986283584,17.443908317450184,32.04477906664967,44.06255093099896,0.4296137896674829,4.9015134015264925,no_fire
28.4610827339633,61.583171409621386,18.106778182388595,20.99454748392941,48.775031347125434,0.34660807060766163,6.824809668961415,fire
34.38920849048099,38.17937877089978,21.27089614206834,42.41760902207415,58.17161537727405,0.48969226952390094,9.491642599108495,fire
33.41728054346848,47.65594811682362,20.451744384951322,14.071758882516054,66.83913880800053,0.35515745134950844,11.395314756007764,fire
26.129849172418503,41.33723398394571,9.665044303013822,30.706230485337105,65.72610311956586,0.6413742940305833,6.480166398784649,no_fire
22.026465036014017,35.05226058436796,22.781168347453523,25.470110433310257,69.32474385995067,0.630049263211943,11.393891887970561,no_fire
34.067587879781904,53.877838898221725,17.006350112081886,19.331410840361734,59.48765171183954,0.34035026594928786,8.629566363014584,fire
20.215105243565283,72.25023538948683,19.388158665652906,26.24906068872423,14.750729314083824,0.2747576241705889,6.361357538194129,fire
20.66248374406289,22.792169767257995,26.173941157800822,23.284016422869342,78.60697735661634,0.7021720068641304,14.996841,no_fire
30.96093240050516,50.01832500654395,19.145174106386687,22.198962084417843,65.63355827345167,0.43677601737669136,8.331887835507688,fire
32.04074649575418,42.43438875147143,21.980185237479752,38.966943052012475,58.10056763433616,0.48696766646517425,8.762277332764953,fire
33.763230486870256,56.93950270811426,17.601765641976154,25.613127923462923,56.06732187905951,0.35300928924534686,6.789021180726494,fire
22.91486368666096,29.486072222305857,6.971463357394845,31.821752942914475,71.04647954393464,0.7739930866041154,8.23490245143765,no_fire
35.07913989938809,47.78889405159637,21.837683479093762,22.783602855028644,68.12076392832087,0.3833955644970355,9.675942571544748,fire
25.8396070045354,57.50727130884735,24.00849435092939,31.69416375940605,27.332035475428796,0.30855498929180314,9.726280364128302,fire
22.723388479767173,37.084485255706426,19.921789513121265,20.671060428584738,77.15478757100426,0.6449120610129964,10.180725388158146,no_fire
25.85831878403029,29.01131402334882,17.323249886044458,37.97586339438775,69.59244469629225,0.7009547263917004,9.77706319932647,no_fire
23.482309724313314,33.83642222631335,20.793545793896293,31.073320391297223,67.54424792495801,0.6483071784160288,10.53283742209817,no_fire
28.61317659233829,66.27620888104143,20.81848358076166,29.950446732047727,35.250226461695235,0.2956705054505729,5.845848158519949,fire
16.51123367695094,21.680345034748022,24.948582040290493,31.805606157487162,91.0309919770792,0.8967763202813139,10.733512551714119,no_fire
25.646626311692486,33.6175213762097,19.497111044184603,29.638048529143912,70.47744172483935,0.6318298389862804,10.520452805393097,no_fire
37.568011032917504,41.40267454974689,17.56609500663806,22.95988033378986,73.69910318999172,0.42120048817033384,10.2955928157054,fire
21.947360400077507,67.35935145982278,18.225294268770845,30.92133809912716,28.54387330254035,0.37551436638289,4.808772521589133,fire
36.04200865537723,57.28830614542268,18.791465518317604,21.374842743401754,44.330354919560484,0.21905411792351356,9.947082918453797,fire
25.733569497862685,56.27757956927337,17.595734449586306,32.0501141773778,39.706512741863044,0.42265515384381735,6.840156220093844,no_fire
24.640960340911583,62.385718409742125,19.332179242187404,26.385237948524694,40.32403597823419,0.38025396801180283,6.312698545652053,fire
26.604686626018083,48.52259643689705,18.5255423659806,23.69697282642734,54.98895789147649,0.45894459340845123,9.314308754001631,no_fire
34.74164794442579,47.755186968770346,17.43686125182905,25.030519161069986,70.42253545274097,0.44122312735528796,7.851319653036837,fire
18.865454081037058,57.19911396826599,19.683612707793515,42.69333250424122,34.52389677274495,0.5472497775466225,4.3659617519736305,fire
33.67382510267424,51.271506254259094,20.52820006636358,17.33529700074172,59.17952253015282,0.3184699407358078,10.664125697813125,fire
26.143489392205172,37.279612158428336,20.065034168049763,22.06320204180007,69.23422118634583,0.5569975899169877,11.461265626453034,no_fire
25.13266407115346,45.990781405527144,8.542699639125882,20.818330477753996,47.417527739291195,0.48596926435336807,9.592599108014708,no_fire
28.107896203313846,50.793918637129124,15.30943669756274,34.632930265451684,51.04110918843831,0.4952881054494512,6.171278003483623,no_fire
23.602256050118513,60.93032587847381,19.493912771880083,24.18825226913476,31.350985133347688,0.3347585172584433,8.503178248144305,fire
30.017327350704164,39.500202391126265,14.920009989993181,31.753034274090567,58.238562154517744,0.5223166756912463,9.57511797933091,no_fire
24.58943201284127,28.602717598604578,6.6003690045994885,27.12346243524082,77.80000084466376,0.7622520566502062,8.753298922607701,no_fire
30.23434139360626,49.39027081825952,16.378369167373936,26.84311936024456,50.30976907504116,0.4086095509944135,9.039844124768903,no_fire
37.69017022364146,49.185841842356695,20.834776431555056,12.726915465373471,54.481442414130846,0.20762116633128735,13.699359382709465,fire
32.49206225219756,53.57031128835287,17.262945620193022,31.207123861216218,55.94585745982167,0.41722804932759533,6.355205357240001,fire
36.756832201480265,58.81306359209094,20.406711943300046,21.736552549431455,50.398868582483544,0.23104424109193353,8.918159953763073,fire
24.42584557818951,31.9355203094987,18.994983031289248,29.900224139549096,70.23411786667748,0.6577739420703073,10.763612884245367,no_fire
31.93198988905925,62.766568403485934,15.941806662630823,20.69611959655784,50.17997373852232,0.31050668097656,6.319451255469511,fire
23.855735342134178,39.024986187347764,11.783750528645065,34.0256115686895,64.62774516918259,0.6835618595711106,6.759540391407481,no_fire
25.454577908733324,57.08388899577085,18.928243255046493,33.63484657917975,41.327929155075275,0.4357398342823071,6.221344432935779,fire
23.577002334153235,27.715301326079842,24.322479238482554,25.150985047952307,80.6332875070467,0.679288368426185,12.69123326689404,no_fire
30.4909289940826,64.0473079364509,16.269763767184514,26.387560353764805,40.867213144872316,0.30979681267302506,5.84492013315078,fire
37.99280979604152,38.06728081153165,14.837221700759251,30.274792139480763,79.28612494383052,0.5168398724292793,8.33630500358862,fire
21.51483690992282,26.099492828991917,6.126274074190795,34.73119880419129,72.18889524574851,0.8335067284355397,8.1138576024696,no_fire
36.98133219843835,45.28442536265773,18.446594298294077,28.441118264220957,68.13105442003673,0.4171336969143032,8.715142701900653,fire
26.71442888880533,48.99817931673681,21.19727206939955,18.10874993901684,77.10310949130549,0.5294131849716389,7.766845615796225,fire
31.61347013075763,45.06883577640846,15.45503949466456,35.036397423033165,45.52432992198809,0.4295142642707603,9.237457861821971,no_fire
17.818800900539227,21.810255520705542,25.804934868169852,26.31503949071185,92.76047535889225,0.8474496183678097,12.06065065220857,no_fire
28.632564048644493,51.46045465845559,15.849184774718037,28.886739095888288,58.78305649315256,0.4900863887803905,6.324386517743246,no_fire
34.54569826859204,43.360461899614094,22.468980722152203,26.615724825916327,78.56871710499561,0.4820723445862449,8.734229587417706,fire
29.95144336829,59.04645718701248,20.66907539248469,32.45006248279977,64.08796759061423,0.47344952721197336,3.4858032438817284,no_fire
29.43455700373517,36.67449232535779,16.935594043095907,29.37506894668071,65.47955134951489,0.5525952218638877,10.309359123087006,no_fire
20.81906238978793,34.660407570457096,22.330757248463513,27.74543425526174,80.35607645102127,0.7276766631013944,9.108219876184982,no_fire
35.76392401581505,37.71775294270483,14.677330560866093,18.925224582853204,77.69817915512776,0.472280123073053,10.960750628179575,fire
30.99317153854586,42.37739383035188,16.35347650916197,30.358449792017495,57.31603883604272,0.47770972008721035,9.545213752133916,no_fire
24.989328055334695,31.370328778867265,20.301554150575807,32.054837794014915,69.94281814535584,0.6550550133262729,10.845016915439036,no_fire
35.90742808570355,45.868359767577786,22.367586562963762,29.638314094387383,59.95974424038896,0.3701766755667399,10.14231037752971,fire
24.967412404873237,36.66512078863615,8.032339954188748,25.64826946649541,68.69394636660533,0.6660801572537438,8.203431810999247,no_fire
24.27910149869664,24.50607552246658,21.19260318635328,27.354852046646446,76.91614808807675,0.6888613842659088,13.194569560625679,no_fire
37.75906116146395,40.520296670356934,16.071090677129344,16.665992387529514,69.52432529207424,0.3669501768304608,12.354114993150205,fire
25.391748550719306,48.02484995528974,14.606183348730195,32.95901719148685,60.766793898452974,0.5913889238077299,5.492593037400968,no_fire
24.732062344047236,45.44621515690518,9.999398884413853,31.36757289253249,57.57109623377307,0.6074405566658743,6.092977935909888,no_fire
27.546486105265657,67.9292413178502,14.150297516725802,30.620537510357224,39.90085637895851,0.37639132023542476,2.917012705782604,fire
23.787290409295696,42.9667399621853,20.737373419566246,32.54879854232262,62.63995036568822,0.6009631416983803,8.015203936770314,no_fire
25.08952589603031,47.700291766662374,17.551811961076808,37.24688176562682,62.44579078456129,0.6155882175295273,4.944127513916262,no_fire
34.472373766816204,41.2961598114182,18.965532550711597,18.707101637873695,72.83868596187642,0.42798862664398873,11.312249785448289,fire
27.969611522721884,59.64697432987646,15.631506102438873,21.37117441876864,47.71516417089393,0.370121999469219,6.924809460182159,no_fire
35.765539464886366,46.12167475871617,16.718525120338125,15.062687525357726,57.84627052351162,0.30213144404348125,12.514795611415314,fire
25.432793253349047,29.595773753143,24.029183859305927,31.64120421687121,68.95390005885253,0.6232987790484672,12.505827341813315,no_fire
32.127932048686205,58.52073709184245,22.9515468650221,14.799540153030625,53.63717737740795,0.260651292818494,10.04232558714344,fire
21.180834870474555,62.118502842814124,20.057799434799893,40.11810756097089,21.09013851776947,0.40594689104905185,5.756268591469722,fire
37.97371002811485,52.057185511065796,19.090023415928194,20.234908565847363,48.63612090474742,0.21984696839638584,11.579374871796634,fire
24.724775309426484,42.31263253972507,18.641378859126657,32.105013734406896,57.62839614054604,0.5702711140596068,8.750300481845002,no_fire
30.10549393605389,58.02155614396327,16.15545054998146,23.03428505684111,45.65022888344309,0.3385107506641012,7.769408808040096,no_fire
26.83230582054878,48.77088846055857,10.419207494188788,24.97096714745376,53.9914368468973,0.5048104356063441,7.401953746670066,no_fire
26.15005419289586,52.95128371506409,16.832542788663943,33.516996336635344,63.441837431353584,0.5720976895914581,3.9625823673307146,no_fire
23.6627497121489,35.046418102888545,9.738331886624525,28.92486469004923,73.17295110806708,0.7253675112458013,7.491367263534455,no_fire
20.48579252793207,23.029864641103103,22.46101779715883,29.419660333675672,83.50711856281262,0.7916087861349923,11.973378273281408,no_fire
27.193956779323045,45.44042370683074,9.39304379583631,21.75515423490829,64.88750518818189,0.5555334243506778,7.435893001629922,no_fire
42.71225584252083,43.56926186530866,16.423377784067085,33.93178235252528,54.593571282940005,0.30684441136365337,10.34861105798726,fire
26.563754919424632,46.36540209067124,8.653292664178714,23.184477604137324,62.69796417815039,0.563362351380259,6.890400941580653,no_fire
28.771706793503494,58.451359644754746,14.877573641945874,28.116401960266465,58.9199681558825,0.47065769992382456,4.050581277302004,no_fire
30.11259154796439,43.00323534032596,15.86949891523903,32.90203534405715,44.46336724273415,0.4357801108335222,10.432628405539633,no_fire
23.40861403438722,74.2963279393098,16.440591892193034,20.576843086990912,26.880046060406702,0.27163191388705377,5.031128037862116,fire
30.268474930879393,52.363521859237224,14.065951227389503,33.49143516355301,43.09688738854237,0.414582114110458,7.132841628501556,no_fire
19.485872860199784,23.494441211096074,25.62481464209389,30.365400961450522,85.38569860947356,0.803053399784533,11.863498935732219,no_fire
37.130553927881806,34.43034163337292,18.879749771870603,23.059233757720424,77.56666237453247,0.4612593103415211,12.159043544067357,fire
29.11957214510239,57.36110259033222,20.24155566715089,22.175031169802125,48.755383254928915,0.3430257776222674,8.452808532307447,fire
32.914067544735445,49.44197347221068,18.069846302970326,11.483885118965055,60.360888125382154,0.31934746571878225,11.801115499459451,fire
24.55067050022005,40.65248301483822,10.806175050035826,32.431032081249235,62.63620142525231,0.6534500536595051,6.785678007276552,no_fire
40.148251034587844,43.792547895149355,15.470236444100113,24.67224525050705,60.46822798985712,0.32518505604560677,10.992919236115588,fire
26.162771189293473,68.26950057016977,17.470069108906497,20.558867403254958,34.4417780072445,0.2833019110391938,6.446546601538519,fire
25.458240121674095,27.514714364005183,19.03763066371398,34.10124841127568,69.80572660318455,0.677976783983602,11.427459637066613,no_fire
36.93598205502323,51.33202140301398,15.630493815498479,28.482596205189875,52.83892238543818,0.332465947049733,8.417983566612486,fire
28.3012936363871,34.56765028036797,17.711659073118465,34.93569619100262,58.31080752352262,0.5650976938851213,10.772808203437416,no_fire
27.063310849357226,42.40126681238141,13.34539872580815,32.587486359517484,78.3635881924748,0.6855105582885415,4.746957200141134,no_fire
31.22190078528938,49.02560329521427,19.830167273718732,24.874172033512046,60.87712121956224,0.4215955876881055,8.91667374561447,fire
27.61893061900409,58.009062040861565,18.056728084452626,30.476666760133163,47.9041788498944,0.4233305595433126,5.791084349453842,no_fire
30.09639217798221,60.199686772917104,14.137340306191797,23.88392776321378,47.29766088564166,0.3590818777367172,6.202612542322855,no_fire
31.902787977715043,34.472149674220006,13.340380617584017,38.7339302128559,49.96131117848144,0.5143581413660162,10.72389812915875,no_fire
32.86247447976293,46.96554974848203,19.4636018688723,15.081442233348845,66.94684139758779,0.37797639669960253,11.08370293437692,fire
24.6479868617852,35.88957903775568,21.0658043073431,25.363749490531358,69.61876216603162,0.5998510205135683,11.099115097011227,no_fire
26.61592711447314,43.99032930313581,11.369410487297872,24.619112098049794,66.6636921036453,0.5842618152948535,7.319620258321655,no_fire
19.270010845583222,27.271767486974515,22.578867410862586,27.985363873903758,79.27325474849562,0.7647917831579798,11.426590087135917,no_fire
22.219166394005136,33.23052629698823,6.921083078584411,27.42776802043999,69.26876282737318,0.7371113907512457,8.202276001616909,no_fire
27.94779797395082,67.01224378940255,18.01622759524822,25.013271387130626,29.611323667949605,0.2576667077797996,6.894998819853073,fire
30.60575142712693,54.1979525999962,14.806914780086064,27.382741939278077,50.004763346783626,0.4008755210747608,7.134789371437311,no_fire
29.54605678777383,61.5912622623852,17.330280082012845,29.256857502084408,56.665604296260575,0.4306768911379305,3.7373783448326097,no_fire
23.482235847913742,36.1819497099683,10.094970146946718,31.406050212369575,65.10382114788058,0.6931176035169955,7.796914752017742,no_fire
29.083304151814584,59.21686558360679,18.653831434796928,26.643725919122133,43.38982051219705,0.3456068171130247,7.278041198186105,fire
27.057407769579623,33.11990674451971,16.570076325586097,34.544863068786384,61.95502605137399,0.6122111749398489,10.3789677309991,fire
24.047316710854357,36.608573096534755,10.612754893563086,31.13167260268168,72.72092449741079,0.7214779887163818,6.785699028687344,no_fire
36.65685976578449,46.968939018981146,18.63562952804983,18.321839542737315,56.99766585262093,0.2908676755657942,12.144449520118126,fire
34.43310709889806,47.96491401008906,14.325598034246838,18.713232715471175,66.71256216807718,0.40337097625653423,9.085778171411775,fire
30.591404437449956,52.43874785100974,10.146147640056359,16.757081386039722,62.72056396170512,0.43828623153228086,7.281839883175127,no_fire
38.35576934892389,33.183734750683385,14.989275179785956,21.78285517111718,80.2811305693895,0.4765300338974688,11.795072145970058,fire
24.67805354566198,67.89882125317241,13.755251624686249,30.91912990257246,43.91794840177291,0.4457977962054264,1.7917085784463747,fire
20.805718825197154,28.746468639961464,6.877362078141624,30.997564875974778,76.21266249724003,0.831720426527192,7.593308290937341,no_fire
24.004505078255136,32.371681257522326,18.232291828461513,38.606998316570206,66.55191801333652,0.7009279011522327,8.942231901372597,no_fire
27.989062774356015,51.45305424272145,13.120093962195396,23.092221582434053,68.11345577956776,0.531868557503967,5.619337021345243,no_fire
25.557728848450978,39.61079995443171,11.86255297293203,31.79438819811836,70.26116712843199,0.6738638859579635,6.502268126864527,no_fire
26.166179622214386,45.34713216503215,9.661965333630093,27.085637879813525,58.14481189415778,0.5649159515937794,7.150025769394764,no_fire
33.22970935412299,48.61672785749799,18.8232054622041,24.830264919324435,61.88594108604778,0.4041487761668391,8.968738541411323,fire
23.292427893061607,38.04677030273845,22.24030079734932,26.110699257630372,73.26601338881927,0.632320226871957,9.760950848569198,no_fire
34.649913000254365,52.94270044905183,23.380387687470073,19.471951534055886,53.135608610898856,0.26211979088214554,11.264111666497083,fire
22.874604036766744,60.03487018446765,21.1795426796961,32.222555059944014,29.332978148288362,0.37685553836342317,7.495651070816376,fire
24.589258922509323,56.92486388434,16.807929572860473,39.465415727523016,38.0668713940121,0.47952788293073273,4.843560787768685,fire
23.084514070491522,66.93710002991192,16.884467619517917,27.781955919652535,31.85895214250417,0.3666464561000237,5.048907533432736,fire
25.057358645429474,35.599587159463184,7.153984170594495,28.721396111658155,76.18874125067663,0.7339246645402586,6.557724636413853,no_fire
27.333937351996738,56.35782117433867,16.19401746452244,30.293143765983107,56.558971199689005,0.4903356545982672,4.653011983769191,fire
29.71408820913186,61.79746284687252,18.706515779743768,31.920573297432117,55.69411028971841,0.4306882703328644,3.515251805338161,no_fire
26.145835875589786,35.44853463713628,17.548946025410626,32.26518067398191,65.58351400305173,0.6198056390678652,9.704715059943902,no_fire
25.902874567345883,44.21836503358551,12.896908114555778,37.074011453525756,65.3575244680116,0.6555318847519924,4.796467823117454,no_fire
28.51358925834369,36.96665291375746,18.164036366138927,26.523077972652143,63.146235071064154,0.5274466584246993,11.351987488262147,no_fire
35.36463395372033,47.10791738358728,18.94481153149786,15.832305282338046,65.76149025118,0.3414732185654049,11.270081736081975,fire
18.958563918676592,74.13692028334717,15.085533887716021,29.767994435263915,20.924706053021495,0.37005753801321156,2.9517437470668297,fire
19.242442811894065,64.99692929182426,19.326609140695297,36.49272483701948,26.438231417433105,0.4385977367627143,4.459990545393999,fire
32.85280329043073,52.90366746902774,20.848988686596424,25.223162514393763,56.00915171880459,0.35571705146660015,8.747161193278256,fire
26.588663631785455,38.69909032580205,20.677895020697203,20.211166467156055,66.04428305072955,0.513513429194683,12.093304344381172,no_fire
23.25841809838335,41.742484221811274,14.787076742444032,33.13234213105136,59.610629990128785,0.6337470145135202,7.38835754055974,no_fire
18.733128383389346,18.62061943349729,9.647895539382038,42.77539132090801,82.60614788765909,0.9830084687880627,7.492261835361083,no_fire
14.062810424176375,77.60537288263609,15.648322271965585,24.34402134188504,3.9904956397074733,0.3014458846468932,5.040548261593987,fire
33.74251314632742,59.872456254326835,21.87120113691707,18.687875386368464,39.2137858847306,0.18272944955713152,10.831464879194268,fire
21.713344134871292,56.67785293403445,18.700875016261854,43.871436614146866,27.83739853789281,0.48198083311754625,5.427384704711427,fire
27.383607711664077,55.89403913689442,18.13784804337727,21.958430315198584,42.060903025880464,0.3463229279073238,9.279890408131944,no_fire
34.20915279764307,41.617684966187284,20.505700514272842,17.359747192914565,69.410753671879,0.39439190730182655,12.315760804555438,fire
35.835715807106965,61.73005060821433,22.373194902860547,21.477614569708486,36.90387947461558,0.14804409271121127,10.324123754198515,fire
27.21978627704215,48.49378511046251,12.73591056170941,25.90743390281959,67.591021395075,0.5682231690392632,5.811876378850379,no_fire
37.36803802250899,56.911235523097844,19.532529173841134,26.781709306411123,45.3857967442234,0.23560660004761155,9.003955441959045,fire
24.97222083512537,36.68669546080534,8.011542923866587,25.980828339472062,63.12160635974354,0.6369276074957138,8.938381504087952,no_fire
19.92211122215457,36.44661664552741,22.22406256945909,30.687399622354928,72.36409997055823,0.7103274121425722,8.891831292297528,no_fire
26.04499621899821,49.62510563311035,14.069922060688949,27.203343259718093,52.87578579967843,0.5004159666780311,7.444447504091209,no_fire
24.32891851655932,58.782447875683985,23.57903611632092,36.87183515376232,41.0824997751623,0.43933877783438763,5.798820391903699,no_fire
27.530194517773968,65.26362257499935,21.011933835094325,24.17342853317747,34.75657445481511,0.27464478390018693,7.468451777110119,fire
39.220782720708456,32.3230211964901,14.427895143723775,24.35322946808253,81.67240295843229,0.4931117951992079,11.272548579705896,fire
33.455373231566085,60.45736176999635,19.945873748391293,29.443941386630236,51.331743771032194,0.3315818566712303,5.930721972435587,fire
25.7704034433065,27.316746272486263,20.08686165419618,42.139404417171065,66.90405734943353,0.701526189180967,10.332035629848752,no_fire
25.638957971629914,73.28052590582408,18.29758446835061,15.764274641370209,35.191546269508464,0.24692784035765228,5.936015866620826,fire
26.21646958220652,33.36808196797277,20.551062830243986,29.313310240196632,64.82904187054164,0.5841873346213673,11.809522929380837,no_fire
31.57170879628495,50.56506816150183,20.616655822435693,18.37518768302493,64.10579176200226,0.3851971219329988,9.65746726467647,fire
24.021014445305582,74.38740709587272,17.589641026104367,26.983148557410836,24.140438950939355,0.28008941979132207,4.256899975097286,fire
26.18339807745302,44.66872775904781,12.571300506217867,34.120203752499805,71.80349771773174,0.6697591047042368,4.350389626942342,no_fire
25.447355000371353,46.02030622597512,16.859502323920147,30.848358359329875,53.714786387023146,0.5301434821290325,8.147815276914999,no_fire
32.47108839336483,52.609683841863045,19.492725345006598,20.299824491253137,60.927880596315184,0.36704239335455474,8.910784727593477,fire
31.342401855130447,50.919684724558024,18.692107806848707,40.2926073186496,55.14643771916391,0.48525566140339615,5.3774381760981065,fire
25.423787970585206,35.78863718783475,20.086430511975735,33.275166902848625,62.197538248505296,0.6020429647716481,10.301903345378513,no_fire
28.352244879645614,45.6101815752281,17.264736686010927,31.988363498105176,51.23546984421639,0.478909073504408,8.863316099367228,no_fire
24.268044029603892,62.01523852823422,18.82812746067114,29.536567357008916,30.753811325074604,0.35578081420368085,6.960321606210253,fire
28.206411250928053,56.88787214186513,18.838272801455503,21.096426628555665,51.51385661167036,0.37486020802760067,8.024795093403824,fire
25.479318207812696,63.809339279556454,16.11772960098991,31.702107410941565,29.92268037457944,0.3576298210937912,5.59857731643052,fire
23.94128314142253,60.12960786035434,21.225499785349005,30.832223051857856,34.080827146607376,0.37840823893293324,7.239666344885519,fire
23.482560009371568,41.70682512185751,12.906383081546819,32.888101254419965,60.0014101389836,0.6422183198339406,7.0304598175062205,no_fire
26.389073961407075,48.95924931818941,19.66997033283252,17.10749179539923,60.85194084543424,0.4460465634044879,10.040234626387164,no_fire
18.68883568492538,79.27153992236568,17.919257928825914,21.917988034788944,11.521856329476616,0.24189066966519276,5.063078962457325,fire
23.136005419842164,33.54239782994601,9.280452473675464,28.199097280043606,62.91998095025927,0.6780236282141698,9.485696551336659,no_fire
40.30532599105624,41.07324490946117,15.035556841559071,32.8483589502151,68.96122462965634,0.43130460781462243,8.65828055284204,fire
21.147575401478427,39.30363446570309,13.02371298594965,34.15395867208114,52.22881225815272,0.6471266903207356,8.364705165690888,no_fire
25.33720097875372,58.54453302608371,18.127795751745868,27.018137110342504,49.25546377195378,0.44140466626570235,5.9215320347506735,fire
25.55721982357626,53.33364271478658,14.172189494788425,28.44946327934303,52.1485960880782,0.500658486680257,6.029561284746984,no_fire
29.82110219879807,36.2828406009163,18.270886869627113,31.936050646895602,57.62712642706296,0.5120399490151617,11.339177019694409,no_fire
35.80006328152206,51.62191288002987,21.77014882743672,32.83747824141883,48.11121956082406,0.31316708570242413,9.16552184447761,fire
25.888288785619913,49.747647169036455,15.245719847582539,34.36442021584592,57.60326179092742,0.5665951272392948,5.285547865674479,no_fire
35.441177302322686,41.44970420461624,16.074833825821315,14.765938172698988,76.68978344642159,0.4271615374508495,11.12195928260311,fire
35.36025033095433,40.4304733157075,18.95186604187184,17.699137062088127,73.10200224396364,0.4124236048433556,11.901278268719079,fire
27.2852811886566,38.76539018663594,17.759307763461862,27.923872701950415,63.82363830502785,0.5557045699867509,10.099227736926498,no_fire
24.12060962345939,70.51203344727786,18.27826699570541,23.56715916148642,25.01696768787547,0.2687517041681381,6.3179916350177905,fire
24.74086676970242,53.64148328390708,16.190428454447268,28.44467063511978,47.524369029002834,0.47417627498232845,6.930789768457165,fire
18.174663006498484,79.66985658994587,17.930422327031774,27.49771376485298,10.513093986865918,0.27748575232430184,3.731090856268424,fire
27.22281805698727,35.75730272190654,20.518094763126122,43.518858728466554,59.48960678702348,0.6214818399156339,8.687534824890415,fire
23.61351140848827,66.6921933287559,17.948904251504874,24.463094011519107,34.71292265377724,0.3485183425668833,5.768388878427195,fire
30.89615257773257,61.98551529659106,25.032238491559987,19.13432519436395,47.06953706432795,0.24752528413063274,9.173925983078812,fire
24.555725646231508,37.86861851468248,20.307734855592667,31.700662765265935,60.06728947041462,0.5862461489108949,10.24018443460922,no_fire
30.2448711544959,62.77948298030711,21.88160785328834,13.558839660006093,54.909656804987,0.2827314380930117,8.290712793526888,fire
29.93430642315305,61.20091309655717,19.795285806328312,33.07700564678169,56.25101041714031,0.4329705398932418,3.618733759200559,no_fire
26.17386832550175,40.027818614039035,18.71896374094926,28.52196237731522,63.22018894664907,0.56350203855558,9.697479160277702,no_fire
27.36573109781002,44.44517356023577,16.893134973026232,28.674084670534178,56.74475218170486,0.5091472372021691,8.975108917302096,no_fire
27.40670175812118,57.7862010522296,22.5491461899559,31.347360602971605,49.37956066998398,0.41441268021435035,6.3671759588474846,fire
34.95592003145144,38.378272976159224,16.186807207155134,16.75971070595153,78.32372097626859,0.46365076640446956,11.36526555783875,fire
32.50889385959593,50.7656187106012,14.636792537062762,32.98303249546715,44.65176519622922,0.3878196199413181,7.958893001923643,no_fire
24.833839287441357,45.558631360953356,12.852201402897508,31.85976363492837,53.29092388026169,0.5679659066752007,7.193252773706686,no_fire
25.164524805212032,69.71659921339813,19.640732912161926,21.199003450914287,25.86655722314545,0.23741133618997348,7.424052151051516,fire
25.019243429428798,34.87890427900457,7.67556281471983,31.56556980523385,72.2908254211906,0.7292706389418764,6.814310017540668,no_fire
25.79812743366139,45.261642453315744,13.861815689358776,33.74808049841697,68.00540024227871,0.6427036567354181,5.027253497567901,no_fire
30.204373154637132,41.68817194503798,15.869401553944732,29.456493791325762,51.66865794270283,0.4568997512103134,10.597819392096294,no_fire
27.544506556817613,44.51510450156479,15.305854813505755,29.721779817990242,57.07632585521679,0.523998280525487,8.350407122137119,no_fire
22.526446046798064,86.29991750906404,15.805422889096507,25.617922183497125,10.105034170531718,0.19322127779785406,2.2373183885517745,fire
27.210680473401123,44.35529274600172,11.711570672933435,28.8547643641684,66.36261351094488,0.5971128055806789,6.424392353891378,no_fire
27.588823327096502,42.03683978378491,17.1487355568026,32.18814480667855,58.534601472098196,0.5428002192913494,8.758998604676506,no_fire
23.784174411940082,54.915668483508895,18.923715729893548,31.95681158803179,46.866198906553876,0.4870747482445763,6.2587602125784105,fire
22.883740576866682,74.30425683081879,17.637746876997504,21.455149499106977,22.42905557912365,0.25292294728555276,5.665292606771026,fire
30.630176179667,48.68946779174415,16.006489312160163,27.324401845877887,48.92057170879202,0.40203107766275176,9.333934276956443,no_fire
30.09837042270685,55.68436646962813,23.49893601628778,9.203793779897397,59.73096984795297,0.2946162421963541,11.18292591901801,fire
30.854265196877385,58.332513434042525,25.42245594757575,26.469680905785815,42.12477117963883,0.27378941522033,9.463265637571416,fire
31.030804807483324,71.31459224117602,22.405209453633404,18.62074134240061,31.546079101999997,0.14538547357261328,8.049903187948113,fire
26.01441472094282,44.98304452836305,12.900921677983476,27.12305773577942,69.82686630363263,0.61482751308789,6.200027516399669,no_fire
25.653332814335055,62.432704349153084,20.462169479622585,7.89079619407399,54.36585600831382,0.32191547855030134,8.863364720817367,fire
27.69829328632464,48.716775536150706,14.100084326720815,34.403966400292184,47.72702309436765,0.49413888164138053,7.067970372520805,no_fire
33.211315778093606,47.15194282060948,21.051513295841282,19.785172368163106,70.14309229867663,0.4101645378696093,9.852386612796167,fire
25.285330399744247,39.89282989410525,19.403990972062964,31.012173471323564,56.63346791715237,0.5516695186904816,10.16339884508459,no_fire
29.899592421787332,54.98205311943883,17.41768971918626,19.110532818969222,60.916213588308636,0.4035179970090831,7.635875393405833,fire
28.58230573431106,64.19766470259476,22.246976378307146,15.751082860990827,48.09674600637817,0.2769304784214588,8.187157680630838,fire
26.794273729706738,48.84458953202662,17.585920159564274,41.71803737842869,50.55040294884467,0.5481411578351514,5.540897821856347,fire
26.263342659014377,37.04753852991483,19.35183619056713,27.816154697478485,64.96018370142365,0.5719221442934697,10.70626511578504,no_fire
26.223174858393225,38.52369170615423,19.198908432794237,32.008810478661886,64.93579415137046,0.5953747627877006,9.232240565264485,no_fire
41.46432168248535,36.96551941829563,13.729410538419843,28.324179012671713,70.946755428215,0.4158687866996246,10.607022971579259,fire
29.802574197879302,52.94246807075841,13.679639738920482,26.057688923703942,60.38423760354897,0.4727416713758038,5.96354382846985,no_fire
34.757219801653534,62.18824585056272,21.39851245608619,31.361859164843395,41.13340173998021,0.25380586541429656,6.922745591193775,fire
25.441928321287165,59.34529757405615,18.899294111770477,33.45195204826804,40.907621326750395,0.4264477126384657,5.591711586814536,fire
27.893770346361663,52.536011014287766,23.565778235767517,15.8276961096726,64.74296006710438,0.40490084989670777,9.642544834278336,fire
32.54992635719677,50.679618627735096,21.14468861027295,15.08260329920562,62.9162640731038,0.34007307624513394,10.799573475582568,fire
31.45269648654839,45.497338096946336,20.21637084310617,7.095101626537796,77.42771942472139,0.4074842025036638,11.816248165720694,fire
23.412396624446668,53.371217832943444,17.68312569420233,32.53155851091562,43.89039995956873,0.4909971829840555,6.747899477006326,fire
24.700771867269907,67.47150323551546,19.693886016940937,25.52492276902168,31.82593903332297,0.31043256252776474,6.2170229794074094,fire
25.463111475913088,64.78703132996077,19.557293897159283,31.42431039958062,34.971233925579504,0.36157243663905797,5.3302195283109075,fire
20.562029671139786,54.42492192758746,21.341532594281446,39.64834883179361,30.80029090874838,0.4800257597889865,7.0892542320487495,fire
31.81716117528671,47.58834232654682,13.239200421083952,31.083560166081956,47.78871112490777,0.420697916308334,8.563471417288678,no_fire
24.664588594162204,54.622343948477805,18.119836808398116,31.562306703869485,55.86698656145404,0.5274677305314239,5.065026829906833,fire
33.56048799262004,58.67781966587992,20.518150796282814,28.82867218961793,46.36061116507186,0.29982508222595466,7.5127687025180325,fire
24.522689876779637,39.39095058484969,8.217618884831008,21.884206339742363,71.3055648333499,0.6553693786626746,7.789023589199841,no_fire
25.383735861849345,47.84220868350167,16.240548888968895,39.89482729836805,63.859015587977694,0.642933378403483,3.8422052334894694,no_fire
34.13503933580651,55.48084406220771,20.091771809138933,21.308972518131313,51.36362765005837,0.2836811127334264,9.52095007399861,fire
36.83644973592246,37.72760242763685,18.245752167855002,25.697980670137806,76.32435014443453,0.4698518058821344,10.501705787112677,fire
24.450080824513,63.36843879812385,16.69294790665789,30.31379136911047,27.797483106179868,0.350202545340163,6.355518295560607,fire
33.71451257996705,47.48453002114486,18.945664007173498,19.616410073375313,66.9159434186415,0.39500926809859965,9.88297065583387,fire
40.12858937249675,50.54671181365396,19.27490105532775,23.895833610141196,53.057613174675375,0.2384098125045569,10.900447155848452,fire
30.220910327587656,50.43163800048299,21.447714219911475,12.279978553685726,65.28341539559757,0.3693975272722085,10.92322276981825,fire
29.68776295888934,56.10148788890028,16.79782743537722,31.73248250352571,44.50638706654603,0.39394502406237863,6.629968533244611,no_fire
20.65221253118036,25.655607903904823,5.765839953560666,29.475856010591553,67.11076589084874,0.7884752711632705,10.02280514887072,no_fire
43.52621889644165,37.16401700770839,12.171513454900401,30.06745488429186,66.2086682340662,0.37813556761727146,10.7910226369922,fire
37.80024890485129,46.08409623323273,17.951248230393546,24.333219028732113,58.4298933708998,0.3257598461536186,10.842663371835528,fire
21.004889038010845,29.61102448738707,6.0726741617604425,32.57750796239698,66.829433427378,0.7884053898899384,8.192958480395765,no_fire
26.073821544979246,57.64689874957898,17.933866056211613,36.54682920189297,44.41084854042727,0.4662447452409678,4.788345538199254,fire
24.51552877412411,32.226680564387195,21.252141487087293,27.619685167435925,69.97460518439156,0.6267423779923027,11.72418532575524,no_fire
21.696002408398357,31.51661575141082,21.418519734054996,25.408857934913545,77.2863937207894,0.696803982781554,11.034598329719413,no_fire
23.81719083583924,33.17685333877721,8.354963900459135,30.141910793008666,68.54506136626838,0.7179359059382209,8.221947180906499,no_fire
21.73539910948982,28.943757445708055,21.539667068806093,32.76933703094233,77.05593247501996,0.7470639692367727,10.229825937777568,no_fire
29.984716140054545,50.25975030662451,15.188350879806945,28.293689383578513,47.85188159136244,0.4122037862183575,8.503206204234338,no_fire
30.20023380328309,49.09117575037318,16.713833076587647,27.358471154531284,47.37283634307807,0.39471927551215347,9.516927721220238,no_fire
30.1876575778618,55.897707315297,15.546205700953129,27.098505981828364,71.36188956535564,0.5159944744059877,3.6030124343810686,no_fire
30.86193127032053,54.22747245592508,9.882473221693012,12.996146988037342,59.848384228759954,0.39142862851949767,7.978808274205929,no_fire
26.616968017238914,52.60189897344071,18.69330751174499,29.465062151467485,47.419689963180865,0.44019513028977275,7.830067477074656,fire
32.11556424836026,47.76970786825042,22.04671925844564,20.058314829511527,70.50393104351497,0.4226535251815518,9.599814547587961,fire
27.70409397200262,51.55818962802901,12.77061933416631,29.417776536395923,74.10733114115875,0.6108444957671653,3.131095342571004,no_fire
42.712678895093546,49.605146058524625,16.09955545350367,30.66517484827795,53.96208789454253,0.26842373756873755,9.188229727896303,fire
31.63802398338432,52.6977360937196,20.596217706866483,25.764948976206934,56.16977725981506,0.3800943320143977,8.446104699696791,fire
20.225104002020988,58.16543095984491,19.590131903331102,38.98016513506044,28.119371718069715,0.465951000672618,6.021225543352891,fire
35.64414670348485,51.06001686464329,20.109273462514686,21.296637571140163,58.72491113643159,0.31433964041846224,10.065513389521579,fire
25.132222592339005,53.69163690544323,17.3149400664549,29.950547618047505,46.688507990172376,0.46631841254755896,6.982510994645215,no_fire
26.18521967163793,40.09417182140652,20.153803952897743,30.43542606654425,63.57235994439521,0.5686215912782309,9.488892654061534,no_fire
34.46655832417704,49.06892212713099,19.654418702871816,14.81624726466271,64.08068388484732,0.329576380922992,11.150946366889455,fire
26.514561044469765,28.906956295346234,2.063310639353625,20.099468221336405,84.18783693351892,0.7514707669015206,8.631742832790668,no_fire
23.323336383610194,38.167561276017324,21.382565856939284,21.258995637245906,66.86549275497713,0.5704932116478441,11.606856824391208,no_fire
32.37482059800364,48.31215093384377,19.944358623132604,17.483410307800437,68.83328747214412,0.4042660376892878,9.855272656685163,fire
26.96144171533499,45.759408447176654,19.212521241586597,24.964800768176886,59.743309181634714,0.49166129146008136,9.401713481040133,no_fire
24.173388185314693,42.768167806132595,17.801055184736725,21.986804728028332,62.06872075792958,0.5440148095629954,10.026949587752897,no_fire
33.53456472879905,49.3037010516441,18.77136589318675,14.604121810814918,61.17169434711568,0.3303580580032744,11.239961119906631,fire
27.079092295529513,46.21862747679333,12.08650333627176,25.93150648778043,61.9515257985021,0.5488782179467901,7.212138440530784,no_fire
25.341575963343928,47.48839810467845,14.644984979686734,36.73169958667662,67.10695508542511,0.6523818809957023,3.8615069746948074,no_fire
21.99609819236624,33.132657063098506,8.458866017797444,26.793732467681128,51.2855981194299,0.6269793658545719,11.328773352041699,no_fire
39.05667182240476,37.67734609412062,16.89658820244848,27.862265140179804,77.7386596633567,0.46630429569823195,9.826467247932126,fire
28.51818360109362,52.52435609973206,14.755953268762635,28.344701774682317,43.46158779878102,0.4061016548073813,8.121402476413747,no_fire
34.95236318195548,47.7651422245757,18.219830695161946,28.014579329091436,64.07849291279751,0.41651503935429596,8.291272154916728,fire
25.12045555943589,50.47580878015357,9.379399036751025,24.31078273939782,41.548563910452195,0.4579046697182893,8.38986635902618,no_fire
27.972425809338315,27.62442439692817,16.93400844658558,33.48352287752473,67.40823453798701,0.635371333232799,11.784377362578708,no_fire
22.087237770809082,33.178209958308415,22.136097713116705,28.318098759007935,72.16160300604875,0.6716638191652031,10.792364994812988,no_fire
27.732405615625865,39.94022882910607,18.489211589140062,30.669869114180454,57.59151989955313,0.5237664818314463,10.224458210660087,no_fire
32.99046420407435,43.829324088184265,20.220714304305524,28.721036409063153,64.83141474227054,0.45326932655560676,9.438097639006777,fire
25.970064207320235,33.33953405433786,18.304575238792626,33.26562142693916,64.09053399714459,0.6215926771546978,10.507731994391236,no_fire
25.583133349929607,43.47987914944514,12.552061620139645,30.22961491081231,67.53164741669393,0.6338697351404825,6.173028934578934,no_fire
32.86796409282714,42.07719469595834,20.913311023857595,22.181778618141678,74.37992432600541,0.46855650476814475,10.228183883355591,fire
30.099235384541753,60.02220638489004,22.009029590698646,15.499277426341747,52.39412147380995,0.2896488427284114,9.107176182930058,fire
43.320643795531055,37.92000036770018,14.550242480927517,35.426686923615456,66.58754423252424,0.40067344220149165,9.733753623563198,fire
25.802791745137576,43.021851391837785,10.088955910319397,31.880656154435975,65.36998206548628,0.6444817919633403,5.766723632565676,no_fire
32.806106238924315,55.60578255651269,22.849923657387304,18.83863185568335,51.949058990286545,0.2748017807679042,10.367263315241013,fire
22.10201566270031,71.3343049760342,17.77976680292021,35.275542534354024,14.333113802053978,0.31252099224461805,4.553192092782569,fire
26.303531747082005,50.6244072455046,14.731140876711837,29.20704818206364,60.05782464521737,0.5426839572952065,5.777491188150791,no_fire
37.69853113557126,37.88181714930502,18.61016581262122,18.989636357432985,68.74802620703944,0.37025396441808944,13.309981308761188,fire
33.024614791571054,62.89128006025882,20.919031079230326,20.801831557644885,45.463476663840126,0.2389483876375624,8.15390679506316,fire
37.92271859635844,35.50619503935852,16.598722932750775,26.254794208784983,76.90339688942984,0.476129663060949,10.799797446103552,fire
25.74197168253181,47.83034797922156,20.686955603234058,46.074801159292136,46.090058395641705,0.5504936995845031,6.034844652685721,fire
28.109621447136043,47.31919670122498,10.4933801853978,23.674060126396874,55.770540030215315,0.49122747266803957,8.093531912958504,no_fire
32.93607322233632,47.1069855164385,14.203089616085979,34.25427874254792,41.09144567243488,0.3819481461857145,9.33201490676843,no_fire
24.80944695228098,46.23441388963285,14.85687731687703,34.15810454843853,68.57753974481868,0.6546715414821189,4.612527702760694,no_fire
26.78453888704222,40.75256881392497,18.3184845142912,30.90423020431642,60.646697676016316,0.5552224263751597,9.293892208904458,no_fire
25.07081462774676,46.99565205859362,12.901883778417533,30.078212521820486,61.717807736626455,0.5963497905229689,5.94166693350299,no_fire
28.158646181013065,49.89259294652338,14.150960723966621,28.42235210241842,64.38511025257627,0.5398571684827762,5.683879237475874,no_fire
17.497027861456985,74.87988476709693,17.952624720139443,33.29236804123526,15.972812080265038,0.36714502465824894,3.0407303417190055,fire
27.11443066630953,49.7844185929863,18.500914153969696,27.470043821153762,51.91675825502786,0.45436588851067156,8.557395248223596,no_fire
25.58862563913896,52.25017018679755,14.04402315219125,24.806635068359203,46.93391146516947,0.45199266889597767,7.963189535943209,no_fire
35.2340520826008,58.15169521460905,21.162761147917564,14.407025693197621,43.7691915108343,0.16825539574569792,11.750517403043762,fire
24.049742768365448,42.05114622224268,12.159883375187338,33.59159013342042,66.05667519289888,0.6755332212766874,5.783299315270371,no_fire
43.37370437168144,37.40653463148007,16.45669118090313,28.771995467682785,63.83646562898204,0.3332341308957737,12.248717088250642,fire
35.88547676389959,51.98879931036306,16.545996158600193,23.42447628209558,61.908407135095814,0.3602240524181145,8.085342835967664,fire
27.709596243294897,40.98792647012239,19.29841476952688,28.807718275300715,60.167412615167116,0.5193356654519508,10.105370877583733,no_fire
23.59226047012522,31.083982588521966,17.937252768584468,29.879819108974683,69.27868387732916,0.6732130155041254,10.845285620455419,no_fire
22.241528458975814,70.43794828813608,19.03080533137204,27.812965575046327,21.823184895756476,0.3010237906013372,5.738931389747596,fire
25.934006541582313,38.95236605510812,10.048475207459928,26.211935438860696,68.60165896643171,0.6366444062618284,7.911433067767191,no_fire
25.794783256850693,49.83402290168887,13.901648085350189,33.34904278257285,60.92309926795963,0.5879121201467149,4.704434663972052,no_fire
28.936795895267615,57.961641171618325,17.28770302210252,19.823367202347463,40.37616683624918,0.29985871801644415,9.387631934759428,fire
27.78009056999911,52.72122044488775,21.11793229120457,32.1085159861942,48.878944995030274,0.4329873375412835,7.639155260160568,fire
27.88862503697047,52.57979595656033,15.439553071689328,35.514031268956394,66.93232756777572,0.5874309900126573,3.0478931378451137,no_fire
25.02329110669951,62.32865978653497,18.33497649009847,30.357848920322194,26.262068604655912,0.3265474865540952,7.331466739677648,fire
20.575657424034603,41.94904698379585,21.920103765815043,27.97365953897466,67.591726428641,0.643779724062322,8.479316821797587,no_fire
31.770252306083414,55.336009021616036,22.434764842185796,15.590114419604113,53.5840162158882,0.2822979148731773,10.732280556397034,fire
22.029610854966478,51.10477703253811,20.382038802572787,0.26565178373730053,73.30084443058914,0.4656748914373068,10.952966651201537,fire
26.731763385789293,49.48953170495463,12.135479478249463,23.84869836474094,56.517298887771084,0.5014350789411782,7.407016439249634,no_fire
38.51721820740799,45.615788302523995,17.66284690520879,27.152376703263577,63.91619905556744,0.3663613999973596,9.570312725391508,fire
31.675380092581122,66.41331066004865,20.943164281754928,24.00268684259637,50.26969418020706,0.296135927920281,5.398430241399695,no_fire
25.561119207747524,38.39995119234347,10.86294347201338,33.83853793774929,70.49680429712434,0.6970285527839315,6.173960750620521,no_fire
31.001252259013135,51.167385059542994,21.563331168359767,32.11701269748903,43.985346505778644,0.3593571833309848,9.390215256621898,fire
38.65798205233207,48.98773717299264,21.20235886191315,23.24055231086194,55.33816510824538,0.2618971431870831,11.423799842852594,fire
31.711626279509765,49.486428022803736,20.186324754618347,37.59362263502063,55.335847170455764,0.45914954552323933,6.7980937530549,fire
24.249838552456566,55.0155980714552,20.06642059172132,41.80182013596444,35.89497671790357,0.47303143800197595,5.882833772815042,fire
21.35947076805511,68.90760764668401,17.92061008326108,32.05081406246255,27.522715624534342,0.38314154653766835,4.057793127653305,fire
20.723111921759966,68.67410251172268,18.02685843333673,36.94546855945419,14.64834911810612,0.35097828120086083,4.840854263213446,fire
26.211360052280103,52.77467972564911,17.23850859210813,30.661509931790732,53.622752030546984,0.49649396592532274,6.220339557338652,no_fire
27.826401360909717,57.3251974186429,17.18182734774281,27.480179664953162,47.59250410999588,0.4068340912563487,6.589789463830058,no_fire
29.488173455287175,59.07413125782432,21.93967092021944,6.945192941854139,48.466904519310035,0.22644353931900754,11.863965547808835,fire
25.124072684772845,32.127069095038536,19.56526262696008,30.738706822346117,76.72156003369412,0.6850898401473302,9.76738362171723,no_fire
28.729854745823456,30.97161321722395,19.90187672745336,33.94924379492157,61.837799610682985,0.5692753507492812,12.156225615043509,no_fire
21.89815644689208,70.80261779298169,14.168034521677047,26.37724748073389,32.92091863177855,0.38690302098287715,3.238259565115493,fire
28.35841230118439,61.7067477828394,20.757383783249004,29.802898832305864,34.89527075487023,0.3093488814936992,7.35149461453105,fire
26.408149459324207,32.097766999203046,21.479618277795993,31.18147528372475,64.66913130527384,0.59008585376227,12.03327333097639,no_fire
26.60993864558677,34.622652041564336,18.333378101631546,27.709101991823474,63.66957529085498,0.5714522039480638,11.53113256701393,no_fire
19.222665917965948,74.87668216136258,20.024245987158764,22.772446555820473,20.329193086110255,0.28822407520535376,5.495910869849482,fire
34.76702171133732,54.66382769369885,17.268771316647296,22.181592510414504,56.32562437865256,0.3263110071261853,8.337860609349013,fire
27.52843678076013,61.002408052673445,22.532526902750813,12.753387409169422,51.43638718791556,0.2996576992824998,9.32795420798176,fire
26.29590418095959,37.835890728940484,7.426330273923903,25.413800534575635,74.39996799766827,0.6772046631752604,7.09182197685888,no_fire
17.459310504235763,63.26741788773256,20.9343195074248,36.579095225711825,17.035489047350787,0.40824263388124005,6.480976914502696,fire
16.170182767019664,76.10934082637124,18.226520048723334,23.682237650654116,15.974690424540496,0.32207075224285764,4.737469391054677,fire
24.60375656922986,45.54556932652406,22.37016589141715,35.05667552596583,47.43847312674699,0.5026843672192638,9.30956320264253,fire
21.553357777735513,63.12488701383889,19.14747020547873,38.84752085247004,28.541262350096385,0.4368390565771894,4.4842359985538875,fire
29.693458387102922,49.84939345508752,16.321021551082485,28.338969793156853,52.340746093896996,0.43643092405561146,8.16250110526677,no_fire
27.25253238032547,47.902940385734894,14.72167694584138,30.521059862614692,61.50402626306201,0.5523261696548964,6.261959755037536,no_fire
29.480392411101043,65.00836521155296,22.350623076028274,33.507805300057136,51.70618080863019,0.3915784050572139,3.447520596084901,no_fire
29.54411377595396,46.16066189916937,17.514079836367785,26.585207183918776,50.95998947010047,0.4230329362449864,10.186842249645252,no_fire
22.942217652749616,34.21296168643288,10.2222519478127,35.052089220030965,69.97905552449718,0.7557780311075746,6.823196544740123,no_fire
30.968261095719797,56.495359072517374,21.641664688292497,26.71097883433924,47.97616072684994,0.33356867739479984,8.348559447294386,fire
30.51450998821646,40.46043378156247,17.490695596618735,21.176066621292673,82.98248373737736,0.5699594744890619,8.664594582119758,fire
27.580352963275985,55.66486927025231,14.718205705265193,28.421122035325677,54.027817581535814,0.47138215077863815,5.401074545420503,no_fire
23.76151972488242,46.97105493982153,15.248494637879563,31.53582084648406,57.1013634923852,0.585325221528096,6.614123681354119,no_fire
25.51676271648468,47.09481146711633,16.464853978426426,34.370221300983935,54.076386141640924,0.5524636984958585,6.86399097065843,no_fire
35.04789033801693,43.249105702598726,19.777090978993193,17.04988931951078,67.84352982170837,0.37104905116393305,12.05433748181146,fire
24.310649757966615,29.467292610711105,22.082567231046863,31.958194788788433,77.75661399559955,0.7030418233935349,10.610248461731661,no_fire
26.596123493528072,66.33472767796147,19.952959678739763,25.484657444202178,39.54908234028408,0.3268440173606591,5.764078736160738,fire
35.212238962991805,43.38556443842337,18.376920494978926,21.713715338636536,66.97085310231876,0.4006115668140191,10.790566842666129,fire
18.31413621704749,67.07288485785624,12.413306852706723,33.32705262693736,31.736568602772774,0.4972866882105462,2.15038455909124,fire
28.12886071667107,52.24232531662244,23.353960839843623,34.475438540891446,44.936757884486575,0.40864051534772794,8.350381338752852,fire
23.58589998563457,28.707589323304052,21.345313637120544,26.293373963799112,70.21513542189717,0.6426823975566707,13.017310766003888,no_fire
24.93871413937455,54.17923601163547,21.28012381707368,39.85686923748241,39.447488899803076,0.4657309760785408,6.425930285992107,fire
34.04693984034227,52.91504634101723,19.00546113017495,14.729663661815765,50.436588733006566,0.25218059999522013,11.755034689234634,fire
34.248337834847845,61.763336195749915,19.19272515628369,19.50482380919114,52.985308890084795,0.26801791390855845,7.505493504673822,fire
27.715941100132003,39.36998982432031,6.2418385789384185,18.833620530284062,71.85196683684167,0.6036131389757549,8.433348894979696,no_fire
28.678704396931696,40.86451860091749,18.04233937895007,32.55703568717275,52.400348103314236,0.49247888519306604,10.292924035897597,no_fire
23.86005563536921,37.42114892107503,10.645758620248767,35.29606147648092,67.84062082934335,0.7204541189197939,6.2671279091401475,no_fire
27.28720612760189,41.27490177401284,11.33017918674915,28.11417791419647,72.98120406776279,0.6390637761046614,6.536827030746266,no_fire
24.252699775500414,63.157020770150524,17.025494174423475,33.39163699859299,31.88765758305385,0.3938430816628584,5.154394514419319,fire
30.055078756259338,61.13173788822037,23.283052387182753,9.621380837976742,44.50997776858145,0.19903145896313965,11.532418384499508,fire
35.539484614731705,47.23921181413179,12.03951014187554,24.438136858383743,68.79539489270249,0.4496414210570256,7.3585614932625685,fire
24.125217893009058,47.28788436154814,16.458305214727403,36.750000572364854,60.96136031187737,0.6260540799494614,5.0473181987455416,no_fire
35.99892721797048,50.16314861197158,18.220979152581258,16.919287000827595,57.7078845471561,0.28962932507700945,11.16013892526066,fire
30.331193554167147,46.985076923935765,12.216994684927855,44.701511460672364,58.54456015034461,0.595500306255083,3.61420308793323,fire
25.31316795140188,42.7640662563463,7.206363486902602,24.14255188324557,57.0467149766056,0.5745597080116795,8.183147481192433,no_fire
25.34460470896743,45.529699887027746,18.283145429957052,29.688778936476808,59.21791069666332,0.548256467175222,8.04804542533063,no_fire
32.72293002133198,55.696377617792024,21.448592226717256,15.255581183032994,52.97399056876143,0.26744169272814533,10.704243137182935,fire
17.62376951085723,23.31747301618628,24.298293251576155,35.54393210548338,83.19280907850097,0.8589720729917021,10.51676599718899,no_fire
32.300915420362905,62.07680022185575,22.276761817927827,16.423402091548958,46.947524529545376,0.22499845474529306,9.394357069276362,fire
26.552823760416725,55.24696127034525,12.467873412844348,25.71855238581665,42.890700318730055,0.42178152117607515,7.184850992391333,no_fire
32.363994806433965,50.40276449499609,20.680292748628805,20.927212552540237,66.10182502300411,0.4005637936069517,8.9482584903502,fire
24.14407695873334,45.550576968257275,12.354049515214706,34.751214813722,55.769292510500236,0.6130580605840017,5.964727813807354,no_fire
25.962407304232553,70.35081344222606,17.741018934422193,19.345098237554595,29.951743743448088,0.2463116160544106,6.750760309376533,fire
24.208905902758744,59.91873318527246,19.69739702072285,29.245524569068134,39.80479859580376,0.40615543473073606,6.540939876446368,fire
26.25541427256502,56.07785645266598,20.774124402726738,33.5463479513376,40.726815710496815,0.4118208091460804,7.153255423171557,fire
25.834269988532903,39.717413364247676,19.605099876031876,32.17666238991125,61.53483122451272,0.5775159403151049,9.345406757753283,no_fire
23.236619914797704,32.60154890961124,19.96211390899193,32.72726319401846,72.01480195560097,0.6955462094878775,9.679018690172857,no_fire
23.294515004487053,34.74581451226037,6.02539470020368,30.38262140833144,68.72396621389605,0.7376090817349137,7.071901254484114,no_fire
44.99011899999999,41.33036479637299,13.011270327618629,32.71204680948223,56.85745582954815,0.3041889138661764,10.60101336191903,fire
34.844927902011385,62.97832581041787,16.61559377321542,30.735746652798717,49.569832160163685,0.32178400623611547,4.567193965006246,fire
29.45350185103454,41.95663185079124,18.37687739773407,12.35082241120377,81.41675994664858,0.5127203749988393,10.492033867087809,fire
27.518245798677654,62.365846925955054,21.95123838220516,29.518391684361436,34.99468966576197,0.3118222299142716,7.329518124131586,fire
23.92027970391602,48.18302839340582,14.947212545485858,36.42738549177677,45.58502016845096,0.5473868062488628,6.755224634839739,no_fire
25.887795727982486,46.026278530250906,14.54755790085394,30.95616006484959,69.15837205080665,0.624334032195363,5.412328087868362,no_fire
17.132486711019006,20.925810634020575,23.350588049308836,29.9092960811478,87.58146254171588,0.8678393626161742,11.667512147940094,no_fire
33.603122563169904,46.16963013066278,16.199007585642388,18.89925773910793,65.55633369816984,0.4042828316936732,10.073906848966901,fire
34.09287355527143,41.06855555732254,16.32869949396174,30.059485801762882,75.70350592548526,0.5364810081114989,7.737044314430432,fire
36.285687743457714,49.430600963658165,18.961355012356332,27.67238006921422,64.54518825184762,0.38829069768523533,8.10490796184206,fire
32.69152696252331,55.301718176983826,21.162437849657728,27.498695941203074,54.456365904204446,0.35522061066122335,7.726732115168971,fire
21.37162195845717,72.01187613422182,18.852776793163915,24.35491938214098,26.502524218494294,0.31539119856433795,5.1839375185681815,fire
26.637356895207876,52.6730565368474,13.1773366140095,25.550054843495793,49.854054921168,0.4613265020645115,7.18420603263014,no_fire
34.25144842560087,62.44889487284283,21.31861828992869,12.767671425264806,38.02217743745965,0.1278446860399581,11.496238963522508,fire
27.02206639243221,32.7952109055781,16.971073816372225,32.267928191018214,64.99471461480472,0.6141134707098626,10.639375844021778,no_fire
25.801928419063767,39.05724252509003,11.333534980687723,33.32383005863093,69.43829375822823,0.6797618070631721,6.370152799881454,no_fire
38.58546100516625,36.271800842954434,13.024767385454753,30.4558533251916,79.72676505247357,0.5271515672137903,8.502528583073458,fire
25.953935052832747,52.74077809567078,17.573118466022574,29.699832769684868,49.57110399666273,0.4697626379076054,7.0865260531867715,no_fire
30.34523899355696,50.58376837534108,15.337910706298583,31.263323388209113,48.608933809765695,0.42782111242066617,7.684018263596703,no_fire
26.628513128424203,34.02754206544514,16.749163409089437,31.27335799354553,62.538595526746704,0.5979581599970278,10.734837380096327,no_fire
22.990964899898486,31.717965157042592,8.934710926974097,29.045920609159296,64.57393817849325,0.7017154628369917,9.53925760538576,no_fire
23.686557743663826,43.73010092905196,18.20434976857527,32.91885889945486,58.03733183145865,0.5917710600412418,7.8137602519130684,no_fire
34.99738275824545,53.77555259316057,17.890123073940753,23.830182792084575,50.73551613284875,0.3006105170216207,9.231004391073823,fire
20.773808601975556,23.849016998753356,19.93544500376956,36.129825947486275,81.02188194976193,0.8277915240965465,10.035362685160978,no_fire
22.402418240046217,31.477953727911448,6.147993389337827,31.868695695776193,65.44723336089584,0.7499475745240629,8.166794404576864,no_fire
26.95329540779853,46.1615432915373,14.782323843591211,36.13168497059107,79.73358682944232,0.6982243105108401,2.810651081193194,no_fire
35.308218754939205,60.520516149912766,23.220285103331538,14.038986981784578,44.34335413563401,0.1495518426936532,11.43612025991986,fire
38.506469062714416,44.89924475357313,13.17171194398365,34.31386402807209,61.02934610865528,0.4232640141634471,7.623562123778213,fire
27.02414258965349,51.57010119449828,12.378531693634496,28.504428712796493,57.09844370377098,0.5222507995116507,5.672014025129657,no_fire
31.890822061586054,60.28235768544343,22.41082146464992,18.678638032233394,49.972539826961324,0.2661853628476392,8.977129909495433,fire
23.25767174172517,31.701222618439637,8.923525118274947,27.72410867999243,63.312904056719425,0.6825649984799254,10.069105065015975,no_fire
19.05599289646677,66.94470666295344,19.024289602717875,35.66358302067277,29.898190872144234,0.45205947419548864,3.425823180962732,fire
25.368480041530706,50.06037764086713,14.79273803036664,31.84966842261207,55.346730977920785,0.5478263656610751,5.930870709424717,no_fire
25.193568302737305,32.91235415539249,5.771165376639977,27.861655034039533,74.60111550478285,0.7330832321244598,7.578259953495643,no_fire
29.339696915067687,55.457547066995474,21.7744555184641,35.19799280000881,45.53678186423125,0.39901941928982615,6.893212632009698,fire
43.07734503426052,33.8795058943206,15.261200305390503,33.758791484472674,77.93436869270106,0.46429283104284075,9.858278441117527,fire
34.86768344355148,46.629920807544806,18.167954656155544,22.924564050231794,65.56894694632918,0.3978160111360432,9.585904990459174,fire
25.879590447940362,57.13443207893991,17.156754116623166,34.9922579711121,47.38460600462145,0.4820647520906193,4.681171244420113,no_fire
25.949856946672142,62.217152200812436,19.739003192230108,30.70733056006481,33.62079768294957,0.3482356244679255,6.624269427525244,fire
28.820594826588945,40.63619210436595,16.984481380563313,29.126235123694144,59.394184109320015,0.5150106971468051,9.919797177248453,no_fire
23.559184982435042,65.93447871789444,15.597126038248533,36.90644144754242,31.5770152464951,0.42512620142070207,3.1020524296369008,fire
35.024077902529505,53.20089960288493,21.882400296361887,25.75940749414447,57.30507545738068,0.3271639436439675,8.850993514477373,fire
24.966777714138942,41.678056677585154,10.813234165367243,31.483013050062322,76.39790372924926,0.7156178751697406,4.702262464453908,no_fire
38.853486900370996,48.214129543634954,19.033801340467452,24.40307213102937,58.832213852803335,0.3006386633152727,10.455915149420521,fire
25.67142185205969,41.18957658758339,7.78965256964875,23.941326723233722,61.41423142447559,0.5933098747597066,8.262727114978873,no_fire
19.575996612738912,73.87293594290226,16.908490042236355,19.924430449934846,29.36130619575568,0.33685008769837677,4.5294596591674425,fire
25.385960130832526,31.56940480326299,19.589938092555343,31.83071422008239,68.78548701307412,0.6449142867946673,10.906672052811622,no_fire
34.67343748237207,45.362765084778346,14.457651023687635,31.127890550262546,48.34118223077689,0.3805150846781056,9.832477477369011,no_fire
27.690677916016096,53.12175230977847,20.484889760699325,39.90750406611266,43.470211406621175,0.4552170771154266,6.365687916809004,fire
31.822753178657415,50.652059580353736,14.566860582601123,25.566989959198064,48.085262438429005,0.3717839776084631,9.089154448896023,no_fire
37.54841657409152,41.391453552047565,18.20201122373308,24.224189046264996,72.15513194682033,0.41701527348963324,10.367799413212616,fire
20.187035969272564,26.22191095161521,20.490271487121134,30.693814188651544,77.0942179432462,0.7709384649698048,11.143338712096039,no_fire
32.33504159637657,45.81359819913385,21.189905109083032,16.148466820099095,68.93236220123265,0.3965894569257718,11.20871510411767,fire
24.153511811726542,47.08554342359932,11.377706961727421,26.311964381737766,47.860229200074215,0.517601395863174,8.377722628006584,no_fire
23.13896003803214,41.35158475745179,18.94538657189948,27.8782925859846,63.73747025757463,0.6025748153910295,8.9799995863628,no_fire
22.960378622100635,60.25501695453798,20.67332420661089,30.809623093353448,30.222757416029825,0.37413651797072006,7.523618109733821,fire
22.59941849216205,63.63688363623751,18.716668610385664,31.730624297211513,24.993170465451186,0.3582206985813749,6.533927643244608,fire
27.591680004255636,58.179827373372945,14.804704414921309,27.691601172080826,54.383204959913435,0.46130653494778245,4.729237249114593,no_fire
36.420750624151836,43.03389825780826,15.715818445595875,14.37087476006266,64.85879914534908,0.3416570993688903,12.507261350230822,fire
18.415836093547718,63.08042589568464,20.788087152381532,41.92548200230531,23.68511581443129,0.465939864682606,4.427113706426921,fire
28.59196221828421,51.4139482946682,24.017044194964953,9.96183491819712,66.24022982363846,0.36678073889235985,11.323672238884383,fire
20.633853220797786,33.92477445423083,22.057673144867092,31.932856872541265,73.46155999044502,0.7214936938191219,9.313982851515375,no_fire
29.55518798035338,51.13333765341804,23.165311238566787,16.957869471186214,64.55246155973487,0.39234334049806163,10.001518007316042,fire
24.859166949449353,37.63519096762949,11.141320905809911,32.70126810721816,73.95246515284249,0.7201867990924304,6.135124578427978,no_fire
28.527588864564283,44.836876862209934,21.772823287216656,36.58167698622585,55.36515685337289,0.5036909263116811,8.422815545318048,fire
25.17847453440318,54.65350571086533,17.82588404268037,34.22915146134215,40.837567177195176,0.4538854884434728,6.665911883646919,fire
25.696206902889536,54.81288521964122,16.2969958845027,31.941726013404576,52.85304042249052,0.5077912049214752,5.115228176440781,fire
26.824627753021076,62.50389190243932,18.371048349340075,15.141110136920675,44.07161554872231,0.3040727333505363,8.405373012677723,fire
23.607721898507588,30.516512349781312,20.79108464529083,40.050894998153176,67.80666942282238,0.7128805926105688,9.50810461183116,no_fire
31.3570181167562,48.79938358080916,16.708835440106988,19.160325372869004,74.0720594668754,0.4768519600300203,7.715764764441021,fire
26.853337865602704,56.1423704623525,15.28512563405157,28.216383356893342,46.81821082539968,0.43589986961581145,6.380086203797714,no_fire
22.634218031098143,48.19101765970967,16.301244689749765,32.233063696126415,58.25983251005269,0.603415745644571,5.960741090105072,no_fire
38.117484403835334,48.287057378620204,20.050489459127217,19.957151235333832,61.60716074982309,0.2932685760152082,11.162644826473988,fire
21.987787628824954,66.95112221820906,20.724749035011634,22.53883823376267,19.812533035121735,0.2602336635908423,8.694349909252923,fire
21.615310069180204,31.765743632852775,24.57228060627122,21.820050960525084,78.09379037802438,0.6609855940199016,12.319416618266263,no_fire
30.019261551761435,66.06971743017507,14.91951801494033,27.052382375689263,51.51348145794873,0.3830078717539389,3.121458956723455,no_fire
27.661218621993157,51.76217162052001,22.13195396347769,7.066311890777783,64.71450139664168,0.3641521125063049,11.578256775154376,fire
25.086689948918284,28.065947488680237,21.4009660973777,31.157899956640875,71.49661126074857,0.6592684177663948,12.12925630974762,no_fire
21.54036824403404,36.218675947561096,10.32025970500954,29.46543218848102,53.46579847782904,0.6432812016576497,9.733302407076575,no_fire
25.280226268260584,30.48334158729388,17.86483936612572,29.085022967690584,63.83346294199563,0.6147262025503668,12.238753493761463,no_fire
20.411247487513585,25.746038829033886,24.688623594796447,23.4613312968962,85.69619616543251,0.7474005565186128,12.612898277603481,no_fire
24.815997716723395,41.93216213836578,10.808339413933034,28.617659272592398,61.91157247966053,0.618199030400346,7.396857662380845,no_fire
38.69772145137881,41.42211183214803,14.348328877444558,32.049124148046324,72.77679050730823,0.474683492516653,7.803333743700271,fire
22.166908096966104,28.170142185262854,20.131726773472266,29.96448768912276,83.00894288751735,0.7668975903652708,10.006315844907103,no_fire
27.582165476405816,41.92334713437427,14.953781750321113,35.339964979019854,59.649507492906515,0.5819671968707019,7.4389079109840734,no_fire
25.968919597543547,34.508213460468326,19.933214718223518,35.14292623391669,65.38652078975193,0.6278215123427608,9.8537067700629,no_fire
38.99127956462292,40.60182187313784,13.641829261203787,27.062463815987297,72.47497277811904,0.44395004185764253,9.15025027163527,fire
21.0296470450344,67.26371848277407,18.74672428566704,32.64116935473064,22.040788175683858,0.3606389794543416,5.388575955902996,fire
31.721145465014636,60.922967956075,19.347212143076298,11.360596291802606,48.607856474312,0.23172118872437378,9.986726661345012,fire
27.347216329899087,28.398288431079127,18.74088817532428,30.115066285445778,66.13006653924353,0.6038137439775533,12.798395623862266,no_fire
26.876333089092565,32.2645658051525,18.252655983155186,32.83740108510514,65.66994525848706,0.6175319621077535,10.830576111706876,no_fire
18.873750642251238,53.55679987067445,21.64469909412578,38.30472138353982,31.57631137894442,0.5016862410616676,7.397744639863936,fire
25.08122360006609,31.88860423283946,7.15171676362841,27.924660364746533,79.32506891956123,0.7562930020741894,7.472515127615472,no_fire
24.759522036207628,69.41142148132896,14.532837679116193,21.872500120813577,35.5981750935182,0.33295308524133876,4.793763256114597,fire
28.12211528369637,42.479279957742676,17.404601684375862,31.335406982476872,53.29944518079365,0.49752814378316396,9.712594818760964,no_fire
26.1340076928608,44.11663460796157,18.198803818968084,25.12602662913019,58.64374487332534,0.5092285019438714,9.726964514063198,no_fire
35.088091727674566,62.645585492452724,16.79360915558374,20.391469843448743,47.004693519556604,0.2392330721378827,7.506393807360056,fire
26.523498083457508,39.333420598810534,19.123691943869026,19.04273870983313,66.46739069087732,0.5169702743024801,11.758323752696178,no_fire
30.762262022807622,51.96734726166238,24.03477844193464,17.470634332581017,67.71103813415202,0.3879130536072733,9.497827898868078,fire
30.596079051813362,43.441349127176636,14.302678323919126,32.02544709336679,50.62025987742327,0.46562669610133955,9.319228409865303,no_fire
28.85327454497628,57.960922382111946,20.905451507251275,28.109273967917535,48.924829172586136,0.37936454820974375,6.972572633816053,fire
27.841984699668483,58.487870463073364,16.90907704752952,28.92599385899531,47.67643156078524,0.4145131864209385,5.8154248207947274,fire
34.17097085084911,42.77608477844818,18.36365820801173,31.348067390919514,79.06179279758268,0.545566097659202,6.838209923845409,fire
30.079266756494537,39.349681152095485,14.779298977977957,36.666559879626796,50.883691613196184,0.5120333117914964,9.555334039223913,no_fire
28.285069863463246,53.44749486511739,16.017322356903545,30.233997731436293,46.83358389445834,0.4303072929149699,7.127774435645671,no_fire
23.406773715143935,45.240324421413874,14.680820512522049,35.93486895113601,52.32965043963705,0.5993104631925484,6.691884565214439,no_fire
27.248734102799574,52.74207390435612,16.248027711988403,30.561948742111234,52.920419595140224,0.48242015684931455,6.288536749002392,no_fire
24.935141294157972,60.25246427392513,14.804379468093822,29.708873923348275,35.21230447637626,0.4003286433301235,6.066866875314028,fire
27.458927777068265,37.41673534527287,18.88389631068267,26.173075080341558,63.62163113816084,0.5381579876774182,11.227154264742932,no_fire
18.33091598617814,28.508870742690682,24.252652389239955,37.174657625150914,80.12723982058121,0.8275782243078673,9.01337055432509,no_fire
37.23555109951826,53.26235067062396,21.483190815782837,18.62289303408237,51.46673896860391,0.21930986937238567,11.552857707204593,fire
20.854324093294537,33.05085258405961,19.3671954346123,31.032305497173997,72.12189512010086,0.7232730505053404,9.459672057946959,no_fire
28.46385090994705,65.22851917973013,20.26901241859663,24.2844821663654,29.253247792722775,0.23508372309874404,8.235701695617445,fire
26.765877678343735,57.862453658317904,15.733338816312632,25.36272269009812,36.19057530467975,0.3525781639478126,8.136605655038922,no_fire
26.761703974289055,57.689999702336564,14.99934026634676,25.04549605170664,48.51657489687437,0.4244909784734329,6.29018955177842,no_fire
29.018177308649353,64.7816045477255,19.008032022852515,37.838681809238075,53.896971524419854,0.45793242086111835,1.4283705719309017,no_fire
22.568879384856483,69.69486435449127,19.939603147292242,24.39546585573588,27.68972700480486,0.30442483867816095,6.136152364537523,fire
27.165499771168086,53.679460153175086,22.0377326709462,10.074705655190842,64.43615264233858,0.38403280033318643,10.223452210760824,fire
22.302427462999383,32.06901902131534,22.268166873389454,22.24894957282397,79.51009978790982,0.6740742514304003,11.519536561591911,no_fire
31.24735169327577,52.59210725631277,20.359021402432713,31.120898933804853,50.207414324936465,0.38753979969549235,8.022555793154213,fire
14.694835324848363,18.75412063202689,28.335453433941677,24.708820165354656,98.70658809393545,0.9106633146104697,12.645855724120494,no_fire
25.872939175225426,43.217603641103665,12.64054093704226,30.83738903132429,69.10446510026605,0.642352376835047,5.943251265128116,no_fire
22.888752122386727,62.70410013507504,20.24532905310587,32.8242274664361,24.601708418275535,0.3521050528017435,7.002338262761699,fire
37.00350578424275,63.09178623341275,11.732331734345037,34.00128714204385,21.55891149660793,0.18147180671389262,7.170564091990385,no_fire
16.846144273490758,82.07377015179945,16.485136056329072,28.34063924216122,10.21491641668667,0.3027535457599764,2.3224854617992854,fire
21.221739799804133,33.38389208082012,7.834262379693463,30.583154624261272,58.30349655906768,0.704388251621948,9.102010039696102,no_fire
24.259218079330637,36.27568480450145,21.322832991417386,30.874660766279547,67.95881451157211,0.6280955695732937,9.952115780480199,no_fire
27.369874860582154,62.309736575330646,17.749115490285067,21.858844340918278,42.42372222536403,0.3327548746674468,7.105572608037617,fire
25.02645332575754,45.53874397391816,13.692511652845806,37.86530421773805,62.681086565395745,0.6502317561099944,4.634675472863154,no_fire
20.22207348699059,15.667214563076755,24.156794566994513,32.11191963346576,88.36149501688773,0.8495821182867043,13.323719021901672,no_fire
28.66294448359146,55.859139686382434,22.051134135170397,32.00173575438107,47.811782122312664,0.399199782788487,7.131596404610567,fire
24.22805577796821,44.903970245155335,15.770424714209566,34.3134150697774,61.21284120453606,0.6212855766523355,6.205067401134042,no_fire
28.484790470378552,57.27779828660188,12.785682745442774,16.781618372609728,39.78917077224296,0.3126304467107249,9.379374893722071,no_fire
22.646187540176072,30.10071528795073,9.680037359539282,31.217024960128278,68.71637983749295,0.7435969853918001,9.058016652601394,no_fire
23.88564445526713,37.37481632688355,15.270020147422981,36.711731162162344,68.47207578655156,0.7054131364666905,6.84577927732827,no_fire
34.09543354845266,49.48206743855589,19.078439727754944,24.174095960144488,65.4852340303821,0.4035011726199406,8.482746953793901,fire
31.669011070689805,59.86266474803175,22.678835690810804,9.432795278363212,49.91016072424053,0.21111680214009784,11.277755266055559,fire
34.4383055188752,54.50183977287287,19.69596572267551,25.358577503192848,61.39954498540236,0.3656035372689235,7.378758167882407,fire
33.28465017235341,44.87177002754434,18.70040881978565,31.58247084994289,62.95848038561798,0.46231114028211906,8.43852347987555,fire
31.895360122084103,55.41292221787826,19.628396398631615,17.39368959368039,59.15027186630754,0.33911501354739193,8.89322896853714,fire
34.1679506546565,39.88940668375527,20.04888133827686,24.25044266512971,72.86213033223456,0.4646423884586287,10.671421799006316,fire
27.34412753358829,53.57930475510538,14.381778168561704,30.64423756433177,53.127964849882495,0.49135157317248385,5.587805904564989,no_fire
26.087671201845954,36.60837456453659,18.305623435785108,29.26272786446038,63.59566877609273,0.5832356501746078,10.469815693493652,no_fire
27.699161170524807,49.7188403093522,12.012389188670625,22.02898488619175,50.45263779860332,0.44184462619474546,8.752920868771346,no_fire
33.23691739983928,43.57707944466492,17.20855722210998,17.93248224283002,69.4122652714364,0.42643851988033027,10.723993235477613,fire
18.427975988578844,55.47698557752348,19.855902838210078,42.94852107602949,35.01264364625051,0.5617576821559769,4.7649167688036975,fire
38.244620168077006,37.838947172506195,19.00376572966816,18.377155897274832,67.25118301440158,0.3477424949500062,13.843316173482181,fire
32.89603642758955,43.51744073269012,16.54960211647022,20.16427149494374,73.59229125913023,0.47285239116161515,9.426257810428881,fire
30.060525115984632,46.34931951596869,17.975606054535678,9.268570214218267,75.52024981918079,0.44186409551171923,10.659594055757749,fire
29.663598800137077,41.35497146095955,17.418840908548678,22.264900866553326,61.727722838923455,0.46831012932618277,11.132033789501028,no_fire
29.239979446753136,62.16363194734076,15.889534130225659,28.684628245459113,42.97361172924646,0.3618598420682926,5.359023316761155,no_fire
35.3759268482023,61.98999311243777,11.287031373446506,36.5823622976419,21.508362678853477,0.2270730050833509,6.621548336404643,no_fire
25.494342101052865,45.22383065267769,19.927138143143893,22.768864802987064,59.691238388689975,0.4967661498521266,10.039223195291406,no_fire
30.600879896747482,55.0260867707546,19.697016881633406,17.9650347219408,66.95716185570667,0.40630095700062785,7.572421014954226,fire
39.37900465137193,48.97844388299964,16.780670182813637,26.639686607606816,54.46997334411336,0.2934634725567168,9.93308249696359,fire
26.520408185528826,33.55055362068752,18.731050464012455,30.093338472618285,67.13976173459126,0.6076571726461308,10.886028673561412,no_fire
38.774723286928364,28.125597549806947,17.39097503910754,28.686860997508855,83.88615863356264,0.5331710932814889,11.862010806905712,fire
26.345006826057812,48.40359083850892,13.026748074654737,28.579604128733738,61.86250938133056,0.5643186958135792,6.013224545186752,no_fire
34.168636911751875,44.775275217364566,20.64778125520711,18.09079970194718,72.43042241186261,0.4070332095073225,10.712737092004994,fire
25.22605083315259,39.72511182770445,9.273692798812895,25.496087473654836,64.69725149179561,0.6232819465930479,8.144068984468067,no_fire
27.712327622699807,53.10388292541842,11.91047650846497,23.715817254673553,52.62163612119447,0.4556882857546457,6.937819829711494,no_fire
25.61479643890458,40.521870912670764,12.599416054327714,31.567391590928953,72.32432271179314,0.6763541223673286,6.1215209003248185,no_fire
30.97854124210981,36.981421811653064,19.463281989668022,25.954487882008195,56.38829539456093,0.4417382833371252,13.085665022769096,no_fire
21.67912541610312,29.58697803587336,21.52833388250368,34.7563992595726,75.41449095079139,0.7493968198542498,9.797723445967792,no_fire
23.136705897566888,35.987415016656534,18.209438827149146,34.68831484455091,64.18954239388397,0.6664786506140543,8.910138561982556,no_fire
24.61575715449832,43.8428916002763,8.024616109171017,28.53068505775283,64.74098257437994,0.6476209909605097,5.769101167889038,no_fire
35.72874738357008,44.67105552588997,18.416164978082378,19.892774950325528,65.35433567258286,0.3688062767965101,11.114460348893184,fire
27.71013788764295,51.39297877011177,17.75944955319793,31.166002558031693,69.65890519980033,0.5678922186787385,4.495445074719262,no_fire
26.129593573183467,42.54079076739107,8.854006174533627,24.376802203159038,67.96707149927695,0.6159937736861192,7.049469389158566,no_fire
27.74719359571362,39.232162368122744,18.873571062217746,31.057851278084318,59.196820488078814,0.5346275523528102,10.208930499933118,no_fire
36.2021589967604,48.91737075993849,24.847803665514576,24.76046141620137,62.95552004956017,0.32933863480862635,10.41073164948605,fire
25.288176892914844,39.35083870003501,12.248478215976121,32.502846641928734,70.68550880531447,0.6831032462160487,6.405010297481119,no_fire
27.24693621145844,45.5543105786537,13.750726947728495,30.064935038741226,53.10104740640414,0.514588548828827,8.154453028374945,no_fire
26.42619231004057,40.324500956122726,22.78709264173608,19.981256471074023,65.11067028762152,0.49246219007774394,12.186997904033644,no_fire
18.87823026862378,72.44555003870728,18.33371319254906,26.90924330726965,17.19599567801562,0.3180986470676952,5.380680799706989,fire
31.835047458704373,55.627699651155396,19.252876265142763,25.936633163456698,60.18395748319906,0.40062973411004027,6.615877312432739,fire
31.11835733471041,61.62067202834736,24.42101601860766,30.254226437478344,42.98310799874408,0.2951692383019745,7.232934701900915,fire
34.70838768780134,36.162740565296026,20.156337389823832,20.108531504203775,80.62604951160642,0.48381856895155056,11.772522405324514,fire
29.558205529808994,42.91296911526575,15.324805328135362,42.151339153139915,49.103740486632425,0.5310668095830582,7.45528609456833,no_fire
21.348876421743533,84.82504425996216,14.233198050222871,15.704552790763929,8.165861931815076,0.1513633697485793,4.787652519909342,fire
28.354168852651615,42.61364407509426,10.850366751798752,24.607061131634566,72.85124684562643,0.5998025264785295,6.977586441452481,no_fire
24.441191804716638,46.717005612628526,13.689728641692655,31.62907937296634,59.13933549086557,0.5970591427884968,6.135629697073445,no_fire
24.67264573329891,43.21738533753336,9.76846395383149,36.71114421387099,69.43975253293478,0.7155154809088147,3.7690893625433053,no_fire
25.56557097581934,67.0374807306485,26.345435842021892,5.492138147208543,49.71624163632032,0.23516705985867917,9.858278529927512,fire
26.244703077382187,39.80818817147588,13.142026284970047,35.873447727230285,78.86396367124561,0.7292020251528228,4.594169576781878,no_fire
33.438145497927046,58.88124709487083,17.449108720838346,24.155016160699173,50.74503211550547,0.3145552828188867,7.210446836840341,fire
28.272496593221884,38.53093632585197,15.794449935350487,28.96359071418559,56.01304240315844,0.5159208888450071,10.805400512980976,no_fire
25.957381194229235,54.17442752002428,15.144571641028296,27.630690617126586,48.35392306715045,0.46035659221726644,6.768601011918241,no_fire
25.89693163315321,63.22237794732264,21.834003503046773,26.10865086846469,42.09617613972069,0.3528257153618217,6.547038432723793,fire
25.98654091248396,44.44323885320142,18.15199372931807,26.971584336494548,61.217392123104375,0.5367183640045523,8.787220255509,no_fire
25.97676827203307,48.48885073432028,17.289312175786804,35.76670046985582,61.00854972381054,0.5845221423294378,5.309046052365151,no_fire
27.652050028616486,37.09884386792697,18.70220262065297,30.750815059215533,61.871603785764265,0.555927035620505,10.520564268264895,no_fire
24.895301140658436,56.26889946341335,16.299851606577523,30.92423588852827,45.76427928774982,0.4696690516941194,5.820001765165689,fire
20.91411060413928,62.33913045033114,16.533454703819007,28.67727679535441,36.71996603481312,0.44629645874981605,5.232027737476916,fire
30.715963355536896,63.19607000271539,23.616652761802488,14.866183242671669,47.57567964995153,0.23146891265456773,9.369565740077677,fire
23.35726636774728,30.089008931732323,10.51813767754409,36.74725861677686,71.9752902161588,0.7808390556624911,7.581023780479896,no_fire
33.43141274237834,51.17006054505123,17.275983497526415,19.49451542752315,63.678456019340416,0.3800889917467132,8.813489399273635,fire
23.71137472926216,62.14978753872791,19.445904762951496,29.508033503923084,25.706097813194056,0.33160949909457815,7.7237508096809915,fire
22.61449254018397,36.25090580665117,10.990657645610714,31.28936013612455,63.00094562266478,0.6880657357430213,8.1837719381185,no_fire
26.360883449180907,53.42571087849751,15.046477368785629,28.85132700434039,56.15496036985427,0.5082753258821042,5.6106891855364,no_fire
26.53473616830271,51.54541620955533,14.818841010331184,35.10459961968348,67.28662177794747,0.6134516131327012,3.106490499242045,no_fire
18.97528735153699,72.77538392447651,13.0799182857316,27.004163320776176,24.504846787575296,0.38812873794020986,3.0746628526949973,fire
38.06176156502225,61.92464965883316,18.890743644316718,33.9444223303161,43.58979345116382,0.24996276287669572,5.967783584322384,fire
16.759744095765885,57.813654270712334,20.485076418863965,42.09943954062145,24.836960249778283,0.5142118748037807,5.61849892146796,fire
32.6358420265738,51.31035740743246,20.71357243173962,10.884377539971638,62.75403034371501,0.3125524013066462,11.508575886473894,fire
25.144653701961253,43.27535972899359,11.324354510339097,30.59219119385359,61.544663493034136,0.6168705095147158,6.718904168867304,no_fire
28.89804424417091,38.0535268177798,18.226134704405982,34.07184740565987,60.17031856076753,0.5487533636379309,9.76852386619645,no_fire
29.456785291773535,58.84274659920095,25.58398456076995,13.784345128019979,45.904085976987055,0.23439017285774782,11.508556286582495,fire
41.715598926921764,37.32536939103952,13.091096944556705,25.743550181771457,64.99809277186755,0.3655033551121405,11.862734011820926,fire
23.523184990184603,40.28937248704077,22.0412629781626,8.865776789054053,95.71683965252275,0.6423131599703906,9.690348352250897,fire
24.47188890543778,39.6745256606549,20.174282842847376,30.51302251061918,64.7553553537444,0.6022244171089985,9.20265247653728,no_fire
37.94060923137093,45.38327722126789,15.070505821841111,27.600489366140735,69.85550603678266,0.4268438968161725,8.037787901344092,fire
33.16789741121685,52.313038834466596,23.27325062695809,18.549406632361478,64.99415223011702,0.34717879692522013,9.704843083102714,fire
25.282388816125398,54.802513744024196,21.972773367718002,37.04409672129124,38.03429047223993,0.42942430223859174,7.275829313692503,fire
32.147914676686895,45.937411273584814,18.069320899863982,20.342761174856633,74.24553387830778,0.47323718255903374,8.732178026776053,fire
29.537455419382496,55.85117958598826,15.009655150255597,27.17709833175029,63.99554736732661,0.48816019679519107,4.4847728503524085,no_fire
20.928561314361325,26.190267565285605,22.030411571287722,31.863433748081235,75.95993400609369,0.7518921752424443,11.478457896277975,no_fire
22.783104229667025,72.90320139461542,18.918435800086613,30.490800070679665,16.269055622328693,0.27248565381013645,5.199992127294887,fire
24.85201261423713,25.775476441578355,20.207465104824106,29.01913898437747,70.588437412973,0.6575893366678787,13.206529681664101,no_fire
38.011311932155756,41.93078057346629,16.90201985458654,28.282651051408912,74.01597978867943,0.45199738975887455,8.772611480501837,fire
25.143694337723886,28.513793310518157,6.13875717576377,31.63063750101845,88.68850330158597,0.8460322663788726,6.114332372435219,no_fire
20.842137001339303,69.56743449653196,19.17318297590964,26.97518090377674,23.23381049706696,0.3260454640215253,5.843211735283526,fire
36.16549868750562,58.50355429539613,21.407562326315666,23.301991291986468,46.56441426933947,0.2230730834389762,9.354330583357298,fire
25.811290451049743,37.03254866819459,19.423868457289355,26.36336779523788,69.70594399221974,0.5957971972175593,10.299319498298862,no_fire
29.66653849652765,45.49799596899432,19.821210138093715,36.28109440365464,56.04319121317295,0.4983403601329398,7.921142294163619,fire
25.996888069674398,38.45272728845322,11.516498040977973,30.433128998030067,76.1479764793992,0.6970181567116802,6.305359341102796,no_fire
23.14033261370699,32.27550930962692,22.559016336880614,26.805792493660388,70.74566223297185,0.6386327513877139,11.872195511903687,no_fire
34.70299756186378,49.5389518335772,11.118397806617583,34.24112078948211,34.00335328886417,0.32737674322179644,9.186927544060113,no_fire
26.781660974146114,43.21552078218048,10.245937428227174,26.789044235051666,74.41669506718696,0.6474479475192987,5.7089386756248235,no_fire
28.74054896310362,61.33485221905994,18.714559327622762,26.313858661138443,42.7815915990594,0.33911802349688636,6.730171312319353,fire
30.284897907379325,44.60845956332024,16.607722870026176,21.602095727077394,53.31757070821931,0.40373641554214973,11.393919836601508,no_fire
21.930861849326288,35.71130950596654,20.391239646838933,31.99241465266268,70.46045550578864,0.6906887076883954,8.99285040374112,no_fire
37.83497701918104,47.30907177068717,15.72675208197793,27.20210378485386,60.4675035667621,0.36424782751651785,9.021307040448237,fire
30.756669505838452,42.41707428699523,18.530052738694895,24.27831492843593,74.10854795807418,0.5245433887438071,8.884305482641157,fire
23.72598503896615,38.09732989700022,20.074088160006635,26.332873449358804,63.742331402740554,0.5864846376947772,10.698855640660621,no_fire
23.72740391260825,32.306967781609,3.1636371700066945,22.489253013839367,64.26427429376976,0.6804647134493618,9.783926778998422,no_fire
27.694663174540633,51.51837823673462,12.306122931874556,22.80551053507105,54.710439871817854,0.46397665266606347,7.42969560858798,no_fire
25.240012906938592,47.31600756468697,16.379045853935345,31.973141697544683,65.56795066605565,0.6059240954306353,5.593764521693606,no_fire
29.297921855816387,55.77335316459539,17.075133759354408,25.925302228609315,53.2143879372784,0.41161845171916894,6.793994741436942,no_fire
35.44438632798511,40.549650200617634,14.44525394313802,11.288049760717024,74.78429924967067,0.4067929428557143,12.148513921626401,fire
36.33216575626017,52.074952506505326,19.661641903072187,19.814574864503697,58.492111380252496,0.2934409594869442,10.114176593999638,fire
38.195583728229295,35.26577575866276,18.750930521887998,29.605241860511548,70.68401781506647,0.4461230988694786,11.515829847439745,fire
30.81692903370101,59.07654448662274,14.016876081222756,20.902069891285883,60.98807974881044,0.41025546657200235,5.302392051346336,no_fire
27.375596251788156,36.294410304736324,18.553238493739947,29.211073271943377,58.82388957837173,0.5364380945637175,11.514108113220871,no_fire
25.32199259879406,65.7817937894017,18.33866792865935,31.93841745732347,33.7614085697865,0.3645393889524338,4.79363233303744,fire
34.537791603067056,51.718144315610175,22.407099156618745,14.563312208493102,61.95018920317986,0.29163866104228453,11.26597901074218,fire
19.101609435485457,64.29292796748855,15.712139870514772,35.71157498488846,30.245354135580893,0.48028428849738153,3.5193314690236392,fire
36.62722719413386,57.72758845999219,20.808892218389396,30.333099263092983,45.14939840405462,0.25770053244334834,8.128316713317965,fire
20.615995750338648,27.61328613401437,22.557152949322653,30.82462415656201,80.06411435689662,0.7660942901488146,10.724478411117486,no_fire
20.942458116873883,18.479780171400783,5.227013154620321,35.248348558527866,82.94330346112457,0.9315036282353713,8.585534570489724,no_fire
26.359970132784774,46.826201669687094,11.119105720546072,30.2762749478015,61.934330025098795,0.5905568347168437,5.716017389368831,no_fire
21.271441652860336,33.6486892569017,19.450969379758043,36.163747613574756,66.23712222371705,0.7139473236021787,9.028355635789216,no_fire
25.17292766622889,75.07732879731462,15.447347113545762,25.440408437500903,27.344101360676945,0.2819986517779385,3.620840874547568,fire
23.799923994798153,42.850638343597524,13.604739970753737,36.63795785717027,64.1731551649004,0.6770126075141703,5.374889383428775,no_fire
35.08419948609016,45.46869112886115,20.165811173331555,33.74345445887094,67.91020900318809,0.46653154789136564,7.573395869503246,fire
32.27066037665662,54.90719493486098,18.5931920230854,33.47044582885971,53.43474432303681,0.40910191664687373,6.026874586468042,fire
35.13325672369733,50.924513961353284,14.346581311032756,30.93007204869116,59.06708633744476,0.4180434433534537,6.548941856706387,fire
38.2268553966317,39.97721848940749,15.646602659596509,27.054365324442816,64.67081446245795,0.4014791274384231,10.824993563028306,fire
23.110591004590763,43.50219678348542,11.390292048821753,30.760482309979352,52.59331960938183,0.5970078656417739,7.665684124274426,no_fire
33.17712826142636,45.056061634287005,17.437903560274773,18.458663386241522,71.36679119069758,0.4361811459158698,9.880056407874044,fire
24.47406163271485,51.3728365414304,18.736785037296766,35.512026703803386,42.44344706497836,0.484928260204775,7.283765836125422,fire
37.893440289495786,34.27134630398395,14.656804398370065,32.45618746054478,79.29185197903215,0.5433285399649206,8.99971865056937,fire
28.113330424632302,54.93947173131153,15.745827058191306,28.799509947097327,60.48050089904575,0.49790630402891334,4.884747044142365,no_fire
33.69759572050309,59.40263248238597,18.603485746317503,14.069719705940214,49.8803046620656,0.23484492965505552,9.77393936873353,fire
28.48879467183241,53.87693471743444,17.512461163082747,27.95645728911446,60.1416624711644,0.47769942332293397,5.895331788735464,no_fire
27.244436041198988,52.98661938853125,14.317597586311882,27.744651908887043,61.43856251731573,0.5233193758092977,5.192633447849424,no_fire
33.12656946213572,49.031736148007084,20.688134721766748,23.672843412200912,66.68166401252962,0.4132627143373258,8.775572950187858,fire
23.004152605805338,77.05489869913828,19.61033113698884,24.570635011486946,12.1253198718495,0.19375060811273837,6.0192011385793585,fire
25.686991163059325,36.06422372902553,17.389616088992607,33.43643104281516,66.67987749757538,0.6393224465615741,8.97934895860625,no_fire
24.331528065139008,64.87913838908386,21.371768876831705,33.05942330142108,35.78418086343275,0.3822320357457062,5.034592458315673,fire
21.883465723117496,23.08683481953983,24.608460873122937,31.996914786467407,85.09944493187335,0.7830439340506643,11.771254578851629,no_fire
30.896595585996444,49.637375126557984,20.65102245597405,13.80884257948643,68.6396946195507,0.39451495568725997,10.25377927371224,fire
25.707727731602578,62.90373385985781,18.003399047650138,31.03967253242705,38.58569262069331,0.3900355548167598,5.19411160933164,fire
28.356122927777243,60.70433500220557,19.789642965193558,32.764905736563904,42.12695652866755,0.37675134860489556,5.718477615470405,fire
41.09087903695908,33.781137418453426,12.974314594182808,32.45096324219296,77.81004447886161,0.49867176569774935,9.455064251282941,fire
23.775285949187214,47.78147318968743,12.644008324085272,33.57114149533458,50.36866454344708,0.5731616140378514,6.328662730644776,no_fire
22.165439572774375,77.4029114062611,19.13941582048634,25.628066714324554,9.264218441297942,0.19859381638950807,5.872304998484216,fire
23.28796282531883,67.97695336837663,18.433170098853168,27.79330127000062,29.863855557918505,0.3405956073294285,5.362614527163267,fire
28.805383768096284,57.18143079500733,19.9459864770355,24.480367455858982,41.32050485208162,0.32262934899885504,8.97114060605278,fire
22.524315122576006,66.69757978309046,20.41018218911827,28.160408816968125,28.882964755868294,0.34061878100196985,6.14850327656528,fire
25.877466145213468,50.235562416265495,18.172576389909764,36.9239071232196,57.34371318996684,0.5627363765377855,5.196128581845638,no_fire
26.225554083206266,48.57886711098102,17.326168537253217,31.848060107990595,64.00561109728145,0.5727450188427864,5.78230807148206,no_fire
22.641348450872897,33.19551429774976,22.68917055699082,30.874328114804975,67.40726617889054,0.6494208700690003,11.09191617757276,no_fire
22.9449595061506,47.59900409918049,18.557032270534037,26.657812499960944,57.1967032448624,0.5464880374184587,8.112192423136342,no_fire
34.3165260432463,49.172855992561736,16.993541655005853,22.663667016833255,66.4425376060806,0.40924845295837137,8.377098873179328,fire
23.916371632349374,36.46960993647651,9.707257087616458,30.81373533099243,77.86880221649602,0.7559752561429551,5.934324258537343,no_fire
25.483545322223083,47.73204258821414,14.9231809729938,30.023448534108358,60.1459870846539,0.567199499066983,6.434120126578015,no_fire
37.13656692748426,45.76354064774455,15.504339455144775,13.188583185818798,70.93749238239538,0.3515144402163332,11.058918651217692,fire
25.26411889929488,53.8372162811913,22.36971530530825,14.867453204264736,67.04926543081575,0.45440976985619536,8.49498788512639,fire
28.408128279104687,57.465245963178475,13.351218990428809,24.933909255286533,54.267301935240845,0.44182055623056604,5.414095789822517,no_fire
25.92513722444285,36.39214763643855,19.58206270192253,31.961260475857397,63.98974474928743,0.5977635779292128,10.10770399226931,no_fire
24.47474534945069,30.981995779124723,13.57807460920218,43.63317062935378,90.84066448428983,0.8924054088962861,3.7243496677437267,no_fire
20.714342872596433,39.106621640891596,22.499144472583826,22.633419042783395,72.8400385568973,0.6421974354415299,9.989137931819412,no_fire
32.9171988234481,61.64722689233561,18.44277369393681,26.14071487964478,51.06011541668201,0.32307005295124136,5.9582799305382546,fire
25.94160600054239,33.003449043468564,19.999567736752635,31.40017323171559,70.87416940763791,0.639364852305792,10.399608506422611,no_fire
23.84777601446543,37.847984134170915,9.79577669557952,32.05665549397615,69.1816920744299,0.7117999699669799,6.496788158225991,no_fire
25.87636211348472,32.689791793935875,18.405307450762812,28.054045079131207,68.83565378307613,0.6182855882202138,11.225377446050596,no_fire
28.13633496491048,49.82861690713494,13.733152768048358,24.75948753635292,69.44492384630726,0.5483463380070412,5.710111852965144,no_fire
27.0836181866323,59.08862489778687,16.97774662554889,34.55540531218232,56.34396885690065,0.5073649103669701,2.9581856736470513,no_fire
25.578362815830957,51.497399361393434,13.721323468417621,26.368046587496625,47.5327432173055,0.46916816310201637,7.686998974122079,no_fire
29.88833409750599,65.68526121573244,16.781107837149516,26.938664026428132,40.28545533359457,0.31146805964754243,5.304427600981844,fire
29.678313940393537,36.47119110194781,15.88083309391593,27.428856298336523,53.504285792449366,0.47650990046794583,12.399719557827185,no_fire
33.4500598120503,44.17764345284793,20.260891922898804,21.49472523154213,67.33243567353954,0.4142556281847237,10.693013694146071,fire
29.448916869339964,48.729124294329324,22.064421787267463,38.53410738632376,53.58245753315306,0.47986068017340044,7.173599492777636,fire
25.089643663060976,59.99023097056191,20.80972471528697,29.392017989120856,40.249214795607244,0.3897411642487724,6.773999048945288,fire
39.81307424615275,51.73651532012671,14.481570290133105,27.07071775937552,60.542663631647315,0.3296994370767474,7.624281246278968,fire
26.69948505470667,42.2121450445229,14.476987646710011,35.92247828156956,71.51875966317816,0.6672197273539302,5.239631615550236,no_fire
22.09438951402121,33.18336705901433,7.257673659513895,32.50102243081899,64.33118841482458,0.7410571968655286,7.831559525274144,no_fire
23.07750913632225,51.200031599081186,20.568314236587007,41.070010350140016,39.932490194286565,0.5159606876781209,6.627494872756273,fire
25.56453331429342,44.99807438910267,13.988392790680056,30.75518293402559,58.24761281549916,0.5728480160129427,7.23627353911456,no_fire
37.34564431427992,56.72007912383104,21.361449525216415,27.06921603087544,44.66946776782153,0.22350325531527615,9.489184027808085,fire
37.31267755384216,41.40603029070228,16.564171840865452,30.652787332718816,66.78527772839456,0.4400510676204932,9.295455807173141,fire
29.06084141665088,40.839048567027405,19.41490235592036,24.493577534405325,60.36563467273655,0.4732103169878222,11.326127410846556,no_fire
17.473678625792328,62.44192770145813,22.11082676610232,33.403640962345484,17.758656631068053,0.38764440898478264,7.622010256795301,fire
28.668639225164803,41.8979108087882,16.381549340918625,33.5317498473005,57.174473282935715,0.5323779299398828,8.678983639534046,no_fire
25.965294123990603,29.63858789223543,8.591651816276274,31.756514458290084,88.71767438005878,0.8173068606269756,6.351247556088908,no_fire
33.23851325335113,62.418349518252285,21.95224041011851,19.850326937173342,49.35160591496724,0.24684647380923294,8.19915538148826,fire
25.068676908749715,45.42214168832865,14.168932895428194,29.090651244634323,59.458005967073795,0.5744185267742239,7.2758725612011625,no_fire
26.08419962403192,43.80291060564397,10.095859718070784,24.445555027723337,63.480027824378766,0.5812360243958039,7.547484158202249,no_fire
22.070519307345936,29.337415611020724,20.311237809696177,31.131795301666546,73.07959326459154,0.7157462778680224,10.852765909389607,no_fire
23.834177245325584,44.277368520583664,12.620947412858145,35.67286042046262,57.66785924574843,0.6359405478336895,5.895386646865079,no_fire
20.267934240528767,51.41857094763857,18.459163707873646,42.264357384197204,41.08082253320953,0.5833836116505141,5.2840930022022645,fire
33.24577408326319,43.133697387830324,18.901276890230452,17.685099994784068,71.40737669296787,0.42721442536064735,10.988716476122347,fire
24.14398285490725,33.58450508227453,8.93381446878761,31.493788438131897,63.7898560247481,0.6903523351213181,8.648347034736512,no_fire
23.17456770703842,61.72042172368995,17.88806774364807,29.023120605796027,35.392376258480965,0.40114334675548313,6.141036521717435,fire
25.321311911460732,47.900808036055196,20.737661876096514,35.49841419002058,51.473800818910014,0.5205438409445367,7.60797909998594,fire
26.81495956589732,70.96440228495219,15.900144492486124,24.923762583800045,27.384598751010255,0.2631367072003664,5.373267874610924,fire
23.62966213142296,42.64349913375604,11.899502005971444,35.58298374988734,59.10618579668911,0.6551608625983272,6.047717073391995,no_fire
26.58079512854717,44.20891647541549,14.432348671274434,29.85189309719922,71.69796492050196,0.6270045283042527,5.9451619570236165,no_fire
37.06506559113151,40.20780507073818,14.418130375964921,20.41901302059824,75.6949598677223,0.4457618329228402,10.234791756143368,fire
24.19755835678192,61.67427673784323,16.99802862487071,30.804160486974727,46.115254607341974,0.46244654141504826,4.1137689243113345,fire
28.15865688411211,55.97641644259407,19.214687206043624,31.010043071627305,49.01238608034741,0.42357433585857385,6.475839020545465,fire
30.998926554619818,51.01347105446081,23.5335503625029,11.88255403220602,60.83281395442927,0.3165980541293302,12.032336468727717,fire
30.30980181244357,70.1933535571892,20.308239368845598,14.337136956419839,41.352205694219705,0.19971737992529737,7.407502753674519,fire
34.75059379265399,51.186734635571185,20.012750871535882,15.323307050143306,55.71477990168315,0.2737784373622914,11.703257022527671,fire
24.269558697482196,46.92346689548057,12.166261002298036,24.14892816252037,47.70945110146587,0.4973724821972133,9.133142631492964,no_fire
36.185530018572344,46.03670471298483,14.40178753515055,24.320582367443585,62.183051523005894,0.3916722242751858,9.335599327983946,fire
33.85769601504007,62.41621202592067,23.453704756852318,16.99172846545558,41.21512512514841,0.1654509784267898,10.461235488473735,fire
24.381979291187882,55.651641331396604,18.042172101456003,36.0893953189392,36.571644330291036,0.44942828394075723,6.483976688251803,fire
29.785701607502414,54.273122203719936,20.20898857058562,13.876098786236003,58.256622414302285,0.3432575505388869,10.037645685978084,fire
24.535471357821706,66.97770589996934,13.992141013539312,26.52513007174337,32.37165876876435,0.35698630075111176,4.834240772483011,fire
33.437862746159226,54.53760383691629,25.13196735075741,16.54500386176481,57.912732150479734,0.2740465089239121,10.92787615311322,fire
27.86447639259129,37.86690890640059,18.616338151628856,33.97226227247246,59.18020084390401,0.5561693471636449,9.939666096335772,no_fire
27.189600241450705,36.6664995392497,16.7118923422865,36.045597537546634,58.534412586627816,0.5899435630971797,9.447480769045967,no_fire
28.645594774768004,43.652217204420054,16.528200253028498,29.2119971152926,53.23561844151393,0.4781140017598078,9.720164475949392,no_fire
22.204791234591646,72.65036854162135,19.171102396304217,25.355022854390004,21.298803519202128,0.2764770244065173,5.697088340134817,fire
35.5491081250171,45.523350783805625,18.979616483921877,19.133771692874937,61.86937266034059,0.3415997007290087,11.624907430878975,fire
25.97477957170456,49.68180042476742,16.28680131446482,39.567867106758904,57.256748264255435,0.5898457636797594,4.391343553669794,no_fire
22.384133594857936,58.537422022639916,21.508418746126267,30.300605247617266,34.381491707744836,0.4026039397416194,7.677192094973575,fire
20.67580747788804,30.11922079446948,21.10037668382017,27.39907508313705,77.08826549570448,0.7289274874322138,10.847857375102777,no_fire
28.301330344786226,60.28828879954351,19.741441549748952,30.72098391587588,57.73328772847634,0.4536763212254257,4.002417778380191,no_fire
28.66848977836011,38.86933204030373,11.098859315697066,29.4116513456781,87.14927120591597,0.7138854339371115,5.058238939087539,no_fire
27.109717287828428,57.087689782687136,17.052475658809126,28.07315443126644,53.03991378522419,0.4531031364837632,5.6008095821685,no_fire
30.371442101048867,46.19692021443426,21.12726562918188,14.87727286816144,69.45666544358126,0.4201239965912117,11.02102293000764,fire
26.90172386102923,39.045018543973725,22.489525568070658,8.288412473720417,82.53272569327072,0.515392558300064,12.722358764085884,fire
31.968990780563566,48.60614562840472,21.328133552924875,31.42835350341283,50.55912409120467,0.3858604286590736,9.482737859831508,fire
31.84882111492927,68.35234129422994,21.364534840438736,30.09836419455745,49.35637656558793,0.31865511346091147,3.6192582114573657,no_fire
23.389116028558583,55.09506662837171,19.06748648626346,22.797898597382556,54.59750101247104,0.47788077228092896,7.147159316005716,no_fire
29.922850692994604,59.49353019261703,20.400973567254873,24.608339923278074,49.298792336128585,0.3425428587834133,7.270447304650423,fire
28.057488381276684,61.34623030731855,20.115323036079296,31.378706552986657,43.94198349288199,0.37906572536793054,5.592361253761759,fire
23.469085467034535,42.06172736043436,19.50426301990018,35.16484915678615,61.601949336227555,0.6258737016264855,7.551727936891221,no_fire
24.418128055066063,67.02292336210725,17.169365272341164,21.645657062057435,36.41104128647561,0.3321967483888278,6.00494541288341,fire
24.79611985673938,57.69098203784914,19.106620400591957,31.831004215709076,35.596030976970404,0.39948431952489566,7.236117826238944,fire
25.401720385834132,47.674462087085885,10.985017770894697,26.5535248275737,46.45088838025027,0.4933566925960627,8.427432695940372,no_fire
29.79601573349716,61.733558482864765,21.707025786173975,15.575077738835457,51.09998572762464,0.2844925714771115,8.626124083768264,fire
32.20761758983518,55.32718563167306,19.40765312725428,14.719902275623872,56.1943691689199,0.30279017238960204,9.968581707108902,fire
21.104172386372923,28.778834522150895,22.789079074226585,36.99682153225809,71.64158317562178,0.7455630095115298,10.286659331951805,no_fire
34.81946414743281,49.44567911905344,16.709549911515854,16.80711299124463,59.798210691092535,0.3289985916703648,10.627370066533421,fire
25.175613964619146,68.74271648888902,19.558995144972982,28.191694069148976,24.698986554289363,0.27738961057531597,6.282173857104705,fire
33.6129618406862,52.06498344272691,19.431634784312394,19.45308998410704,65.97684479350198,0.3749188716445277,8.677942151440162,fire
23.60182039037584,41.39408654509825,13.213972572301719,31.69157248049149,62.37497030578289,0.6453355351544343,7.137640819077633,no_fire
29.476737424809894,47.836003380734056,23.203768644185235,15.201174924296787,69.96166311650491,0.4216210327541044,10.66402033516319,fire
24.246920194187005,36.06117125023749,20.480815982275463,33.536612400205875,68.63269608898896,0.6541589499463765,9.128231026834948,no_fire
23.402757658920102,64.0344769115204,18.77215649522329,26.214254692703427,34.95525593510686,0.3663191092962272,6.328110094453772,fire
18.88354322120108,30.344805478338543,24.4615666728002,24.482016128260376,83.24877019164953,0.7515712698160386,11.00691139722894,no_fire
21.978116866566562,26.808968933744918,21.212384127184997,29.21888155601788,79.64888880657601,0.7436005083879886,11.31411488399442,no_fire
25.65178579971532,42.48025012415448,10.432673179752669,26.59393766964364,65.66305824098504,0.614898114433017,7.167586987785343,no_fire
26.269382037069484,46.82699351209317,11.99075248099906,27.170917513165712,55.78464790274426,0.5329943292596915,7.5109528058331945,no_fire
36.21288199876298,48.2282750332127,19.474348537375555,28.902753670922245,63.115723854055545,0.3892907405412239,8.517121348804448,fire
25.708354744488076,56.65256780032931,18.85080946494458,32.36010259140253,44.18877028554501,0.44168254107432686,6.249425796195485,fire
25.47001286499434,48.93755463269686,17.77137876913546,32.332899884042014,50.07980371779143,0.505396059553481,7.601962760054661,no_fire
26.267810995520236,52.226155855396456,17.418075752671115,36.143418889958006,62.40951231436803,0.5794597359410065,3.882652044104711,no_fire
28.42474665228845,43.75301837967719,16.028255172559152,30.95245963230437,54.63258717808772,0.5027228683210802,8.94477883288238,no_fire
27.030359693077305,43.57452814702491,26.450467986530164,11.755287299328707,77.72646063725912,0.4725697038389765,12.035421750902522,fire
31.896392403173742,40.154729059144984,17.78369275928782,20.603577202210424,83.89776022660776,0.5500906872911372,9.00943922082331,fire
26.393404777294336,48.59370896367963,11.866689329720339,26.947309312486603,58.85151189433918,0.5428566510597221,6.5333669536762455,no_fire
34.41577881037871,53.73016296513677,14.739213968197724,25.946791307558254,57.157050930536265,0.3770295841617499,7.063858072369233,fire
28.225025221099376,35.09775289768817,22.532700788963197,41.706552688538615,63.80838043333067,0.6094599710516113,9.242495728089136,fire
25.37120226146363,44.753112756398025,17.37103033359551,32.84529447961649,54.073247421957504,0.5461686487965784,8.139662804441487,no_fire
32.33551142108155,56.617587016302025,19.427043633025352,18.168408428692224,51.80215617381732,0.29413579138865653,9.429475072165657,fire
24.56650028738855,41.522861692894914,21.279333175814894,19.47943942264834,66.48758250767705,0.530283229808317,11.142593392859709,no_fire
22.08611925279226,31.75341110819987,8.861279357481383,27.31080239076887,60.63883603513444,0.6826504283144919,10.369741982794036,no_fire
28.4602403968523,48.44243856872755,21.5238178760909,42.43042646428059,49.197408164801296,0.49821465038327756,6.766150020877841,fire
19.98386938103404,19.354268796994795,22.235824840249116,25.40650101184298,87.88578447503848,0.8099320844046158,13.315810923599447,no_fire
30.980430835824183,54.36150044696649,17.22092773350173,16.4757214011837,58.90363422786808,0.3626098586710443,8.844270881667075,fire
31.415539384746207,56.34467854772582,21.4466603862873,18.602797375101154,62.348069974282886,0.3584838558926274,8.163686607577123,fire
27.96397085043963,49.422900886099924,13.839441972978975,32.3845054997812,74.16701340874432,0.6253330663917844,3.3860040287273834,no_fire
24.086146835371586,59.18925262649218,15.14511812102093,33.423474298563164,44.787264540535226,0.49061797462867673,4.096335667079259,fire
31.625633868217424,55.36432998350847,16.615990610605593,37.902429825324354,43.82166791352056,0.40280351634271155,5.771050978340279,fire
34.82456602074731,54.37709642651953,15.30113004928525,23.321006045980358,50.99374083746307,0.31501284394557805,8.545155746059766,fire
25.393044572960633,43.07016229192428,19.334059145961344,26.71708902533865,63.454648627217104,0.553289168745668,9.126251283495757,no_fire
37.95687710431068,57.65550438332741,20.11213498759619,24.00258846146275,42.900430093252936,0.190192849512761,9.974841020002843,fire
23.640146569883683,32.365216106758396,24.165423417240973,22.03502750612476,79.66085773587986,0.6417579756983971,12.035217879575123,no_fire
32.131901445369394,46.992951605488,11.49274130371312,40.70488845663643,41.466316808341055,0.45239771983694854,7.143748564681745,no_fire
29.510348375260534,52.479575820548874,14.141790872064208,27.39772490732944,62.6488028579903,0.4966655731914719,5.52745266926494,no_fire
28.61963335567443,51.547662889136944,20.662748200306304,33.91646221241534,42.68952477482611,0.40296121585506595,8.530332940585863,fire
31.935740193077,52.41110160389911,20.12229123615555,24.11271924521433,69.33937748871871,0.4427146062068881,6.915544011036275,fire
33.268698909690485,55.12010999010832,20.58298880372242,23.009233929322804,49.27907557686733,0.2935713418622454,9.53895432882514,fire
28.68740603283498,39.42567319661188,21.241224423541404,27.7546350597624,63.39868590696742,0.509192008473117,10.917142803143411,no_fire
24.644952688497842,43.481218563456906,22.55182950802078,21.813398321977715,64.08492501058291,0.5173940509150913,10.611004357617256,no_fire
38.574281197003515,43.748949994974026,10.141676180119177,25.025449441108247,66.69589707574436,0.4170639822226259,8.66386858317775,fire
27.778873350607515,64.29399665215949,20.780172168134158,23.615567169246297,34.74914808662884,0.2714317843609124,7.89402806920264,fire
16.86245451335054,36.27849378750146,26.71537150787669,29.00513447067135,80.67372035001064,0.7659807745232479,8.642839774488355,no_fire
30.685586890585775,57.273631786366906,21.408001177009055,10.099181330406742,53.073641225562234,0.26211558334990537,11.085671847076288,fire
29.33394610310901,64.87448414407673,27.28508003576505,10.339052495890945,39.60995189605935,0.15309379205664503,11.638453939687931,fire
32.92529825481263,54.684076511970815,13.196705599312692,26.232147557940813,43.06357205310276,0.3284705952814949,8.242169299600546,no_fire
38.8312010693193,55.7046008891421,13.842280900869765,24.176058887514166,52.31596093671014,0.27313142048116956,7.962400139617479,fire
25.10219842387017,38.763996439086355,19.43466154144672,25.9989502475122,60.75835985242317,0.5491683294986911,11.053664255266225,no_fire
22.959736840635003,33.52994610887444,11.429300757003341,42.100343461802545,84.09044117110923,0.8732417762885727,3.594510324429116,no_fire
24.06677920108055,70.50506890673363,17.2679222650134,20.196485103754608,34.42133780690724,0.30718963897162893,5.487725618964679,fire
26.933640099622338,40.756262328875565,13.347531590747758,34.395171127974365,85.48932430405915,0.74308054289896,3.789935615877606,no_fire
28.502458404016977,51.339017441835935,21.222480668725062,28.045614168481684,51.31121352944936,0.41371820299359496,8.780292840481625,fire
24.02456088543446,73.4259248480954,17.56754964805343,25.591625501395338,22.33810230415021,0.26402053455541435,5.147877029346221,fire
29.82896302292692,51.01219934964314,19.446033387024237,33.258332505201096,53.28829872519827,0.4488566436173539,7.196512399748376,fire
23.112357311184915,60.950152270793794,20.48516677966013,31.72959033376133,31.70326472580956,0.3851126405874855,6.850864043322914,fire
28.39472727241819,46.954328973960756,16.852137172694622,34.37934589809927,52.72193038857185,0.5002587217683159,7.580022571064243,no_fire
37.02040283634684,36.523761765443965,15.606110019017152,20.53526768072057,87.45887875734054,0.5161068905934301,9.900362534882163,fire
22.280807820695728,67.90529269698118,19.400096151940357,29.240615143584098,32.37485535624205,0.3731684898022186,4.749625704067463,fire
36.94641470698805,41.753683523057376,16.908464751111104,23.49846092953934,66.50444279485839,0.3963960619323353,10.896672106442212,fire
24.17684011751363,36.90719923886222,20.412574527201937,25.195651762668724,71.76167987913517,0.6188761596981094,10.292556052037774,no_fire
28.08784542097516,43.26440731853401,14.19761223100738,35.43632389626202,79.06007902935134,0.6845733048113987,4.0305666385161745,no_fire
24.531759739463013,30.26570844131176,21.079380366497578,36.738020511539,68.12082897834027,0.6792608407464498,10.492136884696379,no_fire
28.49508988672588,44.79170594288655,16.387174852969647,31.28123757771192,53.8951194434487,0.49465933587480393,8.730019095775825,no_fire
18.80617085174059,52.6333313718212,18.06892538623555,40.08987822725697,34.77703298527359,0.5552409456583769,6.0439417015164425,fire
24.707346028823366,30.66659800355245,20.971153729835144,27.280556718055855,72.8091702059545,0.6435539401423962,11.851398291896292,no_fire
29.44579520538766,43.74608460153739,20.710390124378694,36.482870683323014,58.176806291444336,0.5143814336738421,8.280573867541936,fire
17.556872792173763,61.933219421621985,16.580220237629213,35.624194041200056,26.53497890856681,0.4832478645794734,4.818406731690155,fire
34.58833408306866,57.6085871706255,10.217207887373375,30.744315755364678,39.516146241219815,0.3215049012724374,6.3821346356524025,no_fire
30.984231161744262,53.47451224570905,22.62089167163269,12.332029716161852,53.43555614381961,0.27683408885200633,12.034951483474547,fire
28.419956575131007,67.54470165221474,24.13124918963167,11.190536836041787,46.18245231095466,0.22004438896355358,8.822960726664641,fire
41.66946013176485,31.19170159732124,13.781403607466723,30.66253482812723,81.26270639181509,0.5005855568288775,10.438461682023004,fire
29.92650317556455,45.84276118374258,19.065831266460695,10.308387453593095,77.31428889915384,0.4553629545969195,10.53066888879474,fire
31.137999380094946,52.29815064040393,20.64921942288533,23.67383796796494,64.38399741628433,0.4212955277106583,7.78732600027211,fire
24.74006639466098,41.00568308744121,20.350450007076002,23.94288255299399,65.50677052448698,0.5568682237103525,10.251859661216095,no_fire
27.417351270904394,55.343510473731584,21.3446954002756,12.172243335170482,66.83490667633787,0.406327969141896,8.739500006185137,fire
27.032133447475676,31.46161651672962,22.32836956434477,27.6355756823637,69.74587102685055,0.583914383779508,12.56988377866263,no_fire
25.952487589258745,67.28060161262458,18.326592705078895,30.152671069056087,30.3612283776954,0.32098736522008564,5.30875414943871,fire
24.931832055115883,38.15577960784958,19.11441929661277,27.608762409315634,65.2860282554484,0.5906263540357772,10.118950427331958,no_fire
26.68038846633877,50.21770527933279,13.379728097985945,23.34639164639993,53.819750328185755,0.47467362301816546,7.943635093307905,fire
26.89955996685334,59.12033666110365,18.468823186825993,31.25698278899938,40.79608440763034,0.39362187198433274,6.2929718279090405,fire
31.45085639021491,52.60768150288361,17.84347201848842,15.892268118599597,65.48577508023594,0.38997575273506485,8.76625055635337,fire
30.200060146245914,45.196388958506915,16.3252089932071,19.287956386182085,72.10684449163114,0.49589760088095153,8.89443690702924,fire
24.215932572986283,54.89911447479261,18.099666316885187,35.36459579710755,36.243604832419855,0.447256016840546,6.9305433792238595,fire
30.02506996168543,48.74246102301424,12.641401855398277,31.43404649408621,82.86688041600033,0.6463930140732177,2.5659850340358625,no_fire
36.42766760910439,41.98435640370006,17.175645929848816,19.408632423431687,72.8385912138026,0.41192206815649796,10.81628710530915,fire
31.438501248854074,58.04200512239838,20.572323622728646,19.53899934277377,53.96201485204844,0.3175066293646641,8.458470729990488,fire
29.042994256888306,49.297004084704696,13.963058852816294,27.126043107675184,71.41723100388002,0.5607541858200873,5.216451816600795,no_fire
24.85093087930612,31.369639983163268,10.106116066611143,33.93201999532313,79.15440362826624,0.7802487045824373,6.874883587873537,no_fire
27.003829611100002,30.14632598352286,19.79840918474124,34.35917563863412,68.66100659451082,0.6385644660218139,11.063396654536959,no_fire
23.628152542155007,36.8878058306359,18.558616097151187,39.83309413070764,62.683105620595214,0.6782766036112553,7.798894124235059,no_fire
21.812185998779157,41.76254150781543,11.077665382346659,28.564329833063326,44.692495316193764,0.5649428517470261,9.653222688343005,no_fire
19.61788070661092,75.77406764483102,20.452096809605088,25.068195600854317,14.388103130190066,0.2584118836617364,5.699948694756396,fire
24.670162247027115,50.44602600394819,13.001664595145145,25.6946140760691,44.43486078114619,0.4682072034031206,8.360878650003945,no_fire
23.823432503749153,41.167835165414296,10.007780246635377,31.574617318313926,54.50347629117099,0.6166514587697507,7.749622800267109,no_fire
19.91154130473746,63.141483269314946,16.836769956579122,37.249786129074835,26.685202248011137,0.45441461185429505,4.408232121298228,fire
30.362995907175574,46.617422549408005,20.528588242604837,17.44115437164904,75.14642099951668,0.47046072005799044,9.32782639672855,fire
24.504884791510534,38.69918633933652,8.41810026283942,26.139836971017875,60.96230474984985,0.6249041630584495,8.596952727492814,no_fire
20.845607268256067,58.485659283187985,21.80480559151696,27.665687585168097,31.40971766604965,0.3908182216629077,8.593043570162957,fire
23.271780050237872,68.07830379149861,17.257928156341954,25.83245642298979,42.811385986811125,0.4077761225622393,3.620143761494028,fire
28.093446938612388,42.16906812771583,10.096286964945724,30.81567747935724,69.89113841719036,0.6314016655311776,5.931561637794598,no_fire
21.473966693594726,73.61817985794099,18.373092358809526,25.03964930065212,15.58712208321224,0.25542993528323876,6.033493488753197,fire
39.216504050785744,42.38236913803799,14.191498077520722,29.27982049912805,67.27000715320827,0.41718105644495945,8.982926544389324,fire
33.194798425846315,48.933227089969265,16.238148141671605,19.75596305888492,71.37598346277684,0.44053655493828203,8.083457242810125,fire
22.247058559574803,33.86501700085846,11.429568856138289,40.66922068029295,70.3627837033339,0.7971082147106097,5.745475606715275,no_fire
24.201300917025257,31.518543449622733,20.155297690414844,31.992521155427266,67.62775130809278,0.6538678082340046,11.015320094605116,no_fire
25.310143146799973,36.19008003608129,20.952767932875094,22.218365876540375,70.5637776298526,0.57555624314871,11.65388731856852,no_fire
26.16956615937273,50.79215719867911,18.3316101827016,17.765314353044616,54.74671747136362,0.4220714269516632,9.887820768391737,no_fire
33.579964402628015,46.44939436927599,21.448935732172295,16.559321275096927,65.23024933113345,0.3566513658527989,11.680307557957711,fire
27.00288925700834,50.68006112414115,13.09093146052844,29.05238730741735,52.50394446694103,0.4984834229953301,6.657470634859237,no_fire
22.786903161846336,32.038858774935036,21.875003754851505,32.91113384422594,75.17764738112034,0.711399298331864,9.694699012833146,no_fire
36.17719029320166,41.704652137814676,16.873274827291286,24.021459151267695,76.84093812908385,0.46933271964499246,9.15469441558237,fire
32.81062345419234,60.53200194414231,21.163306058387928,12.54886795912829,43.71494531688057,0.18592153448228332,11.093258182224268,fire
32.04800073492822,49.753464697495374,19.64893412156704,20.05140957685527,67.00488701432799,0.41268645118149666,8.963772614455326,fire
35.74775787903674,43.91465778425284,18.03465792557313,20.111903297312356,65.8712206978838,0.37708240512959346,11.152282510119022,fire
24.93389430274401,37.01837437791363,11.282780045215883,30.58271506404497,70.35149135099294,0.6865575411393112,7.39267809964829,no_fire
35.89619490136917,44.49579707323754,20.388529939886272,18.855299600262086,63.449646659741106,0.33808607865062257,12.131376083637667,fire
22.122369754365344,73.16819768640113,16.86343285807712,16.364044722907103,25.34234125437511,0.25648984383691364,6.505485033131192,fire
34.11753304809842,52.128568576558365,16.044684974704435,17.86427730306153,62.96380145638869,0.3603495680313038,8.819231929592283,fire
33.42614844133151,44.029094334789605,19.77583533897544,10.274699664482293,67.46746794448013,0.34873700336553215,13.199645626141857,fire
29.403607677165667,46.75436508164697,19.60661340577871,28.04320474393202,58.549279287665435,0.4628189362370906,8.964697066592354,fire
21.876973677540832,40.09884133242267,8.132225312269952,27.661290353408724,47.79697673450744,0.5975632841400775,9.322073025936279,no_fire
23.76157239115831,30.718671347637123,21.848785879727842,32.24928690115596,68.35818061529937,0.658333721340095,11.404145572978932,no_fire
28.21525410710148,68.73241247248207,16.722328101780594,22.053459383155936,35.73304274493723,0.2724606666482484,5.8836267691391235,fire
16.310033690674075,69.71758166234646,14.353209627118092,33.92524853627974,21.76556150886338,0.4563629221962863,2.7734825671988492,fire
34.46566734341494,62.124981707650704,23.08063274233059,10.930270584171273,42.84481561210868,0.13077210931113048,11.714286729955102,fire
32.25259167916367,50.31934998602944,17.93222159257524,19.322384447221335,67.11820398018689,0.4142745918840818,8.597480802992386,fire
34.656086957863295,45.29202302661723,17.37331760884576,20.416768763846996,66.74016710851444,0.4002095632384762,10.223213175352383,fire
21.5116017725554,28.990117689414976,22.133961925715433,34.68620491790821,68.32623239212083,0.7098125787873553,11.156952674189341,no_fire
21.552514350546204,70.75377688705458,19.141115295538928,25.976593659348318,15.378928070121935,0.26222179914938437,6.9412397288787195,fire
26.212831266808248,55.92570304894524,16.37047799289718,29.084548290375817,45.028739258999785,0.43502393598279526,6.656556926827695,no_fire
26.3314952543941,56.80772270108005,17.381520172637963,36.268381554557514,39.40341471420128,0.4381552524883287,5.778773874669459,fire
28.18000432559862,30.570362572112316,18.18948882327201,31.242576055876984,64.89149445529513,0.5888408167198258,12.020512195928942,no_fire
30.755016364016264,59.38802793965796,24.445146965861273,13.51647591256397,48.969523437966124,0.23579438656993007,10.878080007688926,fire
28.706701571736374,46.81502449828305,23.036992766907677,15.226104636224466,71.41014125569794,0.44509619875915957,10.632304615798162,fire
32.571761918918355,54.17911369555404,19.327216165728384,32.86018441388979,41.49109146419603,0.33159162523887786,8.359988824775602,fire
23.261461616262945,59.65300947443025,18.129825389866767,33.998528685421874,35.4376152211073,0.4353027832216629,5.714808765611544,fire
36.72605048918726,47.68397326008065,18.50914682246985,26.58267731513715,61.75495198945801,0.3667358165559098,9.292412474198736,fire
17.048006821921263,72.72968303252132,15.101673941193443,33.812169036155176,20.98883464442703,0.42774372536724264,2.206082048249535,fire
29.75034722696306,62.26026832747175,21.719189614226384,30.45376929452136,35.86945622901015,0.2910155286087386,7.27303683139325,fire
22.274178070139243,69.02109269795055,15.655775367941795,35.2665757429842,26.803523355851954,0.3985276161902582,3.031160431868511,fire
25.00143531760267,39.87105348581866,9.219165579455687,25.416898173599233,52.47029534656482,0.5575564174183747,9.877569840104032,no_fire
20.387061719139794,36.159824852572655,19.539955815344015,33.382857575803015,65.98689584865643,0.7010138699139665,8.798499133300881,no_fire
25.226735094250344,49.81430548729551,20.436739604280284,41.419093810925006,44.52847726430921,0.5164756234645493,6.5779513654516535,fire
16.737112862609955,62.52166179302661,24.011427519860234,38.36001240927046,12.657368790492232,0.3895147996717568,7.509823850551784,fire
24.3496957091668,26.789664143599857,21.400899015365574,26.023988619643895,78.24262777245353,0.6795143242122852,12.62610638334103,no_fire
33.72357961595468,44.64010450318567,18.406990848100815,14.810585699296327,66.84423321458934,0.3754458435211411,11.8009296702801,fire
42.98313005382029,30.437334372202326,13.663438095109605,37.79133875567514,83.48937276439138,0.5406766997129275,8.86326648434335,fire
24.810441393677802,45.264940703642665,11.167853802401817,29.888500940306088,57.651095941947126,0.5911468533125056,6.738295667493638,no_fire
28.811157953853126,68.9472804560388,16.642438204148483,25.689093906124246,28.6163540346041,0.24626286789573534,6.091258455643715,fire
26.707917585567124,78.49322873536849,19.670170072080584,20.719691383002314,22.167291828263387,0.16669296095692582,5.4789339307211895,fire
34.65419371573469,48.06197484264844,20.877246644949714,21.76982169829334,66.54632872191407,0.37947249638791236,9.792941573287754,fire
31.918746822641914,53.25188330965605,20.933858168871012,37.50878887264642,46.696529905227784,0.39250700504666036,7.070195260838144,fire
29.21900880880862,53.17656628564538,12.774516373485833,24.67799967156351,63.17058278302335,0.49310775420190844,5.524047696664392,no_fire
21.48843490765114,30.58492450326735,22.72281122900805,32.35940365681394,72.35541460441995,0.7104381504578601,10.708110529633272,no_fire
20.234344670423695,27.31524746726429,22.46391365982717,28.476307876485876,81.82508902155817,0.7683652594947332,11.029692039741473,no_fire
20.916087737757792,41.23799736475043,22.08000705225582,20.9437059130733,71.08810668103754,0.6155177139756205,9.891359225998908,no_fire
25.213228848985956,46.194395191918105,13.748290593235303,31.18652786529207,51.90858604170708,0.5433988456136714,7.589633243642557,no_fire
28.40851945068212,58.0566184550797,17.54855208414354,33.2778220469561,43.45405807567523,0.40696312969276055,5.786792949179083,fire
24.91629439482479,36.831419269391354,11.50662807171854,29.148588093355304,77.59443151132669,0.7176563202965298,6.759363612567659,no_fire
21.830830422440314,36.439513188821216,18.20616871850747,31.58917340112058,65.61131225719186,0.6733422900085859,9.091029792291161,no_fire
19.49398614109085,26.6013060939358,22.061761148672257,39.27705872336639,75.12990911173021,0.8134401737588615,9.572704554890334,no_fire
33.55713423676526,54.756337679896845,22.91596485642193,21.687515474252095,54.76908709779083,0.2991032118105166,9.68355879676596,fire
34.68941918760332,39.18910060496981,16.29787626175748,22.406034483911775,74.160087155394,0.4765961121049856,10.405864639503271,fire
24.419174000964723,26.005939775606723,20.396190772540418,28.724366133286022,73.20425759798152,0.6751064035046119,12.795628395361753,no_fire
24.652297119393587,43.80673254039421,14.368478246778986,30.324945652048356,62.323718190258994,0.6075759844860547,7.072903753826126,no_fire
21.923062163252833,43.29743968713268,19.60094015544561,29.94482199086756,66.24241510079867,0.6384086923919647,7.483273385565228,no_fire
26.265596793179554,43.977623853436285,11.819148715337342,29.816000293592072,66.51297799732463,0.6183883213463126,6.196337371808352,no_fire
25.19085177076788,41.431063805442896,22.08604931346803,20.518721212357175,63.23866060590019,0.5047895371114811,11.667785913280202,no_fire
29.412764092779884,62.56219396704006,21.91125817303877,25.562270093510616,31.936614268438817,0.24158755222993653,8.87815301792118,fire
40.2551985440163,27.811011932448874,17.58450154022775,20.12895220902431,80.85723885668612,0.44061391500574354,14.623716978738722,fire
21.350403420936814,25.96642638180256,21.95395512748192,35.1272770620377,70.5801156482045,0.7368702890876384,11.633355728589992,no_fire
24.755187053731895,44.220718056873224,17.52082816602024,24.144134742958634,62.458913662756096,0.5486785196726585,9.02578824544963,no_fire
28.060128575733856,56.73254186059181,14.803324688971097,23.343903160619284,50.60752367181159,0.4100609517871273,6.815961143732825,no_fire
24.639779800005414,59.61882936390188,20.634556631963616,35.170175631901444,33.372433291960455,0.3959332074987546,6.478522974319952,fire
19.56042392855015,25.496162699887808,20.661047213036174,38.25107500943517,76.27408064588346,0.8237017717828266,9.707299793205374,no_fire
40.039931921051746,47.24144397631906,19.468441236907953,33.389393709698865,55.487056524398426,0.32032847239516127,9.444808041573587,fire
36.56089266178735,37.54693188401491,12.951413610508276,28.926188679604742,82.63951325841872,0.560997487572328,7.725113213827593,fire
32.40615106214682,40.42874340743337,18.86322919449441,23.70873047739009,73.86090645412341,0.4985449726793722,9.985099527307288,fire
26.12941707102239,38.129650325282086,3.2263741854350196,19.437359607892766,58.97911709227748,0.5799216278243357,9.737486885509693,no_fire
25.381964891132384,44.634996700198016,17.30009830643811,38.4527708925045,62.82123063558141,0.630676991340964,5.581327435144509,no_fire
22.620604296927176,38.61758676336663,12.596784561471308,39.402880302943146,67.05953435420543,0.7453743539973139,5.297045425148973,no_fire
25.142208372835526,47.26264453226001,21.465734451266453,43.76459767353492,43.51284759892065,0.5275583906009671,7.213065101788705,fire
22.610266037327307,35.66123556575446,22.166556104263655,33.305763943097496,69.46899090881888,0.672931009160618,9.321077241370258,no_fire
30.102652760011292,68.1762645465497,17.89074793178267,13.152748918837608,37.599032080105424,0.19407555304975788,8.341397600585157,fire
22.561774252539724,35.20500046531305,8.896054945043746,28.517231442005126,57.34498227362649,0.6550408827781429,9.541852897400117,no_fire
28.297577020692565,30.05701844584091,19.856457928803536,27.369460156489414,68.8569666874105,0.5767976961251895,12.861570733904117,no_fire
25.068785474999302,36.64013567569761,9.734355392840731,33.91634209513861,79.2204787591855,0.7651162345896789,5.127713366336555,no_fire
23.470552803673456,34.48281247373865,21.299370275035724,29.057473902931513,75.18475850489538,0.6739994080898477,9.767891489421041,no_fire
25.150728045271343,46.94007242708783,14.16739954724824,35.36289693225526,58.13269046813696,0.60071662157554,5.549983788223615,no_fire
31.209478157501668,61.139187832404716,18.02038863685526,29.955583242972608,41.08907262684087,0.32022256755993234,6.392230608865559,fire
28.124182471518406,49.01472604353884,19.180301752315184,38.50264248985108,49.924035805763275,0.49501434490034035,6.837974607195809,fire
23.819984113013607,53.559657516064604,17.613362619693834,35.65856356796146,48.06593038495529,0.5277013475514305,5.39148920596799,no_fire
28.04687502898529,56.530103226919266,20.326673881868345,9.276712872545575,58.39352176104758,0.3343921793769371,10.141153368469338,fire
36.52193433663173,42.558076965718286,20.817347639074946,20.050155824953684,67.84895771235033,0.36362866939170113,12.004864034754187,fire
29.09492150488657,41.80531258559441,18.32722236269155,28.71168559515938,50.58231510303795,0.4479236487827317,11.261995719057975,no_fire
27.1800368545676,41.96869690177564,17.77459784914921,31.72567419647343,55.76465594999271,0.5269919678207403,9.37317299759742,no_fire
38.71200530121908,39.91269373675911,17.74671803851969,19.347874565254816,66.01250241107878,0.34163383786599194,12.933987084736223,fire
26.531094262404174,53.97704978283332,21.733981618466,9.845311812981535,68.10771841063958,0.4135754914540029,9.488434855570352,fire
30.31481502464489,54.82573717778142,15.41408649132595,23.79538960730557,61.329291917418104,0.4410234816391177,6.177782201747576,no_fire
38.98920068752861,47.74125057399576,17.83630925974404,26.352485236823497,60.41120845522349,0.3279239162484291,9.690377602169093,fire
31.157894207711106,46.33792063447844,19.965389387089957,16.317815848723004,71.01883737681796,0.432591510661129,10.274124127549452,fire
26.127425629691107,44.97478293582127,13.548445348142367,28.302460911379253,61.59129594791007,0.5705803362732136,7.29872382445149,no_fire
41.889575334880284,51.65971705088647,14.0409522859296,32.94236773089713,53.014546381186776,0.29602426811661176,7.595920200075569,fire
27.88990916269133,67.75921645059775,19.81173375407346,25.21677858151365,37.93219558001273,0.2938354991138406,5.75301701478729,fire
35.06159725732085,42.207617842547464,19.283997626119113,17.62918601273499,75.57226936049906,0.42347840148604476,11.012175103265527,fire
39.56192623647917,40.71912272862301,16.98062608235855,18.646636276733656,63.70935829704346,0.3140304833423475,13.129731658912801,fire
32.0364790347755,49.13998399080552,19.880648219174592,30.570039404954215,51.58221126198587,0.3922849781324129,9.060676263939106,fire
29.772596911203415,58.563306982662525,23.175540576719047,14.759955679733512,57.20913056688601,0.3139981460780259,9.23805669270851,fire
28.156648840339827,54.953077723867736,14.865994068830135,29.255711818133364,50.002713769377365,0.4465351976599716,6.140859853215214,no_fire
33.84919746971714,50.00415126758509,20.48261434594853,19.236399023156494,57.804018974638,0.3237158953286221,10.850126491124305,fire
29.951407972021414,49.23716986357773,21.786875726753692,40.488665813090975,46.64378378754935,0.4459404591536066,7.593570445218279,fire
20.539656105157626,80.40915400541743,17.591938079882897,18.608262581691655,17.328387520980808,0.2251141797158201,4.785787501897265,fire
20.847114951643885,40.10358814070891,12.170684733109063,38.760972241197415,62.65383366709165,0.7415160868652344,5.28670764388694,no_fire
18.628665744069096,22.646664516560275,22.606138636705683,30.16262562198701,86.40832777003936,0.840287877311614,11.275476216332773,no_fire
23.151421795203348,37.654653499409186,8.138365559629746,30.029447475897616,67.70512894998531,0.7115084847339768,6.798006837031652,no_fire
34.02598330730825,48.216898762154756,15.71303552497881,18.77000666742079,70.03307094185865,0.41954868563252595,8.740430387094705,no_fire
36.12123254164383,44.426548633338044,16.417896361921997,29.05614603822101,69.06493181590379,0.45322452563337795,8.164379455934574,fire
25.675909166383644,40.14156639321508,8.59579578462674,29.551948135061334,64.32381723624712,0.6426086794060477,7.048624468588127,no_fire
23.27479777206809,45.499748000642,12.7992579497508,30.25293750357825,60.16811197820034,0.6201310477501165,6.344454066387504,no_fire
25.15784381471611,47.64935796460449,14.90537815244767,35.41748668655937,57.10361534117893,0.5889236781845681,5.618870363298161,no_fire
27.571716195777203,51.11830993161868,10.201761066712603,25.96020884262443,48.52695692871581,0.46425392926642267,7.281257450272749,no_fire
28.16851287244975,57.48316751735538,16.15542062242617,24.812340638488134,55.28600782392039,0.433824616065431,5.847518269149861,no_fire
21.456177832903364,32.53824596767757,22.082331331138672,26.811542395030475,74.49446747657339,0.686788076529989,10.903494070158573,no_fire
28.45198251115935,55.53537585657355,14.178556379156975,26.065791264204172,51.8966144880813,0.4353359382081869,6.3038805162528515,no_fire
25.010766590338832,37.482344346663666,10.245340995393907,30.9578071079071,69.12431331841478,0.685702391287738,7.1290774305300735,no_fire
24.342710324780853,28.079789554506934,21.077643751441272,31.87490824549544,72.99927294243334,0.6850718867756658,11.568293235817949,no_fire
23.396575402214616,39.40864124250233,17.942466333105152,30.507232529606902,62.97297864902195,0.6220123081350044,8.933404322030803,no_fire
22.71581585240709,61.37709202686996,17.491969106565985,31.42469240512858,35.95403103656332,0.42932671918995907,5.4688385527391485,fire
23.126621193369314,34.31916243232111,8.401296651799907,34.541611057430316,76.38189071248087,0.796123971383107,5.601224553246236,no_fire
32.98010832348177,42.44394995965412,16.020883492066726,11.740037740139696,75.36911053178464,0.4351130167570957,11.34887688918115,fire
26.43177809531324,54.38883080905106,19.819424851944515,37.70661509232164,59.26387249867448,0.5491547946956337,3.823438512413236,no_fire
23.61737106838434,30.627681234411966,7.894227435885975,32.45163510971213,73.94578727062049,0.7751904801816771,7.586462119044859,no_fire
16.716450397500402,79.01693411407375,19.880030531512936,32.52849482294957,2.470276361621665,0.2757763324352918,4.183303969081276,fire
24.52356332406424,40.07956458931703,22.214430912586067,22.856896524939987,68.9942576852052,0.5644403668788824,10.650185465464311,no_fire
34.4378291053251,50.27572674059289,21.607487555841175,17.524651438363374,63.363559469113795,0.3281064211577234,10.65524308742879,fire
25.919424698381974,44.97156669319165,11.862613803593467,33.32280794652278,67.39845419293574,0.6473753455750801,4.900872369004024,no_fire
30.56512070083612,56.25426697563442,23.264422331781216,8.430218608251323,54.00633254919591,0.2506156015313097,12.036668077533992,fire
29.03589709771739,37.85685757054796,16.246881224603694,36.78883951966587,55.00079933269542,0.546819520581884,9.567960865941952,no_fire
38.90832647243871,41.09821962503588,18.08711508356901,23.763236949378374,66.30875020453827,0.36264980740235786,11.591285059678423,fire
22.798724464512794,33.92980541834454,21.06026338482637,30.536265149686976,72.90082733693882,0.6833116964046195,9.799780883471772,no_fire
19.60907752503479,78.90655729496903,16.054643314916646,24.52897212770687,14.183665133394406,0.27132129165932994,3.916011315291574,fire
24.91487977210297,32.32164119425134,19.66411210039393,26.503715256701,72.00814804208353,0.6343088790676963,11.368595213792231,no_fire
24.845651613870228,55.33841064773368,19.91504039630489,32.922956832748824,36.270823765130515,0.41098886631565973,7.818172542956809,fire
29.943345036774822,40.73395987036964,16.87158737837902,28.381282422946345,58.45433860174341,0.48881169146838044,10.327389904026857,no_fire
26.452151706104996,47.18324312709751,9.461985347477995,24.529018795905635,62.16954325886795,0.5634625445726126,6.552230369144159,no_fire
33.62386430264519,44.01763184353052,21.04448425363421,32.87209861178216,67.80668241384372,0.4810269008951075,8.242893455203951,fire
22.565214156246974,66.8937696779117,19.041547948067574,24.248036486355936,31.680452341734355,0.33881337513158627,6.289690038445421,fire
30.03156478361747,48.7601645688507,18.155422821286113,37.57282185115414,46.64556009461117,0.44921077855668057,7.659780450802698,fire
30.24793781966922,51.6576203716524,17.73075148130713,22.000843368001554,53.54023149794649,0.3822347294314746,9.239228612172859,no_fire
26.552441960336424,59.28324043489822,17.43767709735575,34.30511800701948,45.11832099501239,0.44758823781075363,4.635049412524422,fire
35.002146790951755,47.12722491045395,17.660681215412996,15.53521066698689,60.437236912888125,0.32267002435461645,11.796665406712018,fire
29.80057861172107,65.74425530813647,18.14906139755723,23.378884670665812,37.72554874681618,0.2680712806545767,6.761194106605435,fire
24.407690894370592,39.63022938453231,11.498724168304026,34.46005118476307,71.91664021451055,0.7189192030632372,5.4042636733820935,no_fire
39.81202007708943,48.79791080017094,17.737789831111858,24.65582009992398,50.97705590522239,0.24997700593881828,11.225096568318898,fire
33.34579442079548,48.908468715405064,22.40028347380946,23.81278205946255,65.1505999734115,0.39258486846067353,9.401326062711057,fire
25.222620953176317,59.98721346358576,20.681761239683535,32.442389657765474,36.83713701755714,0.38840818063176313,6.5666642739327115,fire
26.80453781844764,58.00437796177066,15.480407782022379,30.015893249992722,46.695454092719054,0.44093029361938074,5.420640532624008,no_fire
32.67940245016343,37.58704605422594,12.635007473732204,31.1932766708701,50.41529439498072,0.45405072108452443,11.350333429303813,no_fire
31.607218540496643,46.169042301909,14.585759628113713,33.82202000086166,42.35822051901676,0.40641434626950396,9.44623254427983,no_fire
22.144401851884027,32.711536672628185,3.7955897070054503,24.004879832757915,60.87427027724237,0.6896363423243497,9.723841774872959,no_fire
24.37675461021511,34.17745323788563,10.226214093745162,29.949729459905864,73.82310123443507,0.72428053829684,7.638662745797176,no_fire
37.87339643964812,45.64294598438565,20.197397858347205,23.651320383874634,61.27313485043042,0.3243705021550673,11.207604110601924,fire
27.35796812910575,56.37758125976006,15.553847294741683,29.074872547095765,43.8424853884318,0.41485775057407653,6.67140283158455,no_fire
16.914089851545246,73.042084377399,16.691113311804322,24.535732802303816,21.938914982394067,0.3671007640694538,4.4212297601897,fire
23.674844477183953,31.71047855058704,21.882386995762175,22.619260826748853,76.8043357951418,0.6440613435509479,12.053371213020293,no_fire
17.376364203017914,23.65924232589974,27.739544974421648,32.73130347627341,89.46910746948271,0.8591629604415432,10.82429503580822,no_fire
24.782156020476336,46.45636841327743,17.72227313060809,30.530619700493055,55.5584558622007,0.5421303441736565,7.9013552164919805,no_fire
21.187765572052342,50.798270529311864,19.79281743794067,36.30913522186912,40.70805485493773,0.524391279901762,7.317725469678264,fire
26.094068865438864,52.49576385551839,22.11815468208331,30.17768543327948,48.436953180878014,0.4382929584077623,8.20432432236246,fire
24.372446168580133,63.88287668851633,17.4187718566618,27.49173287107056,37.388637562832216,0.3818480491341309,5.568485478153449,fire
34.485736720061965,50.07731994610887,15.778080069642519,21.57800370195687,61.293036747677974,0.37579578093280697,8.862230900428498,fire
33.23073760246092,56.60382640909498,24.69367980939272,19.341946729684377,48.661972214697364,0.23967144588265704,10.864259963467308,fire
26.15112327285399,66.94189575885876,19.185476538437122,21.7552897397585,36.913239441686684,0.2983176121173108,6.59422039946053,fire
23.452018997907658,47.16226345152309,10.816505978807829,27.978956086796554,45.16073057504686,0.5263749935496629,8.153160359826193,no_fire
29.35419981817558,56.799339220987804,22.09904861874265,32.736645022777296,47.843026817013445,0.3908350877392311,6.759959388573068,fire
30.943443264377862,53.188584311666276,21.299686438692927,27.826419451746215,52.717373906242045,0.37845424031525954,8.37767104347741,fire
26.768671987311922,44.32838487766169,11.152121629878502,31.160617102670194,72.07082011387475,0.653378895330301,4.880927924581346,no_fire
21.395200168546758,28.86798474011051,20.915923881008087,31.291310369039817,77.3012683836415,0.7481573071964138,10.380086226732788,no_fire
25.694722781632734,74.11040545692325,15.229728635433434,21.00715082563455,35.208486080029694,0.2945950354915985,3.816932465384551,fire
27.56924209203624,61.1951278721653,20.67579001945516,18.044950260077016,53.68294302619203,0.3549667425661014,7.327726449222243,fire
25.769980984249813,43.12854723176957,12.195694696493486,28.12021653041067,66.32437445439882,0.6142391416103188,6.899817211581622,no_fire
22.9167992764267,36.904682781107624,9.52574173406495,28.985546356049323,59.74869768069043,0.6578222510883147,8.715304130883817,no_fire
23.556343484186016,42.42091767136941,10.717385234527274,31.729248297449754,55.65698567550546,0.6204706379857912,7.25556275177536,no_fire
27.88026866723329,56.988630056631834,23.66239926325838,17.261420905836708,64.32610311814729,0.39900720620595614,7.963048599948145,fire
27.888270638637877,32.511485707154016,18.70553415349326,28.719969542304437,67.29085758017214,0.5825937706752632,11.694178307575266,no_fire
30.587310619256844,42.56289994729211,16.727953933829852,31.62344157398188,52.02819467991916,0.45929708058807994,9.998669375703939,no_fire
33.77219959776859,47.77566679611219,18.095016865708434,15.953058792625555,63.195732439595176,0.3546950747489947,11.010060455243812,fire
19.179760317584567,24.930615037373727,24.317961933847055,29.540293592161277,86.04949208509602,0.8099440434013523,11.176161955934894,no_fire
34.89264433026888,35.364369519385846,14.779563478225793,23.13792764435686,82.28902201483406,0.5429947891326342,9.971516244123658,fire
21.070803440759768,32.31360291269702,20.648917451687407,33.15510354343887,69.94594079419623,0.7155711047155038,9.829309928222749,no_fire
25.852928075041696,50.942943828352,14.134701731922469,28.53188906339149,49.82756277677467,0.4905021296355837,7.152745478076727,no_fire
26.53522833681515,51.08171970970251,11.050605669753885,24.33333078997003,47.95496656227884,0.46144281292191586,7.791163246796801,no_fire
23.249633672878865,55.31413135987202,19.64111839914616,36.55997967056141,38.76400870477172,0.4730081084137084,6.345240237423895,fire
24.463922030900836,35.72474810451429,5.156339014715137,22.966901196788232,63.47913402729745,0.6470920026031639,9.214834074851366,no_fire
20.586875871170896,77.10186926769926,18.863973684788515,21.89511620909049,21.45485269815764,0.2695375451108216,4.75723077812969,fire
25.79501360847984,42.810461826074814,9.95480228704826,22.34235463439137,52.45812541442814,0.5142218150662824,9.907791837846931,no_fire
26.26746619303366,32.80814586242907,19.048552723446594,37.95731689740157,66.41749488873691,0.6565082867187706,9.45210141360809,no_fire
42.55001192063823,36.582168726620424,16.409519819304276,28.435412234326208,72.68066444653044,0.39544815263844335,11.163920328228745,fire
31.431899900421538,66.24712956295167,20.248818381818833,27.62620792603954,55.14704511096716,0.3541741074165175,3.7171122141644948,no_fire
27.311610200039404,32.551611985878836,21.53237623215391,38.29706677714204,62.33178538001237,0.606334462056195,10.727145804561657,no_fire
24.305370503035277,37.27812073285772,21.89066035849551,24.039265766347167,73.24138297287625,0.608367078688854,10.552144311464088,no_fire
33.889969334188066,57.70750994368319,22.269115819428812,24.979551482538444,54.0930251900397,0.30663425313772513,7.985741708844477,fire
24.659570693372146,38.356793362888396,10.127492888460209,31.550642097568545,73.98604875399937,0.7201616569903029,5.921709825082431,no_fire
34.728738651067815,41.92756391131484,16.07314763307142,21.693290254724406,74.63882674778174,0.4681180862941962,9.578086072654468,fire
24.266474343126376,34.619539363089714,22.46097178878494,34.738541921496676,64.1904592521073,0.6287718022631343,10.391736481534457,no_fire
29.285373712771147,54.174812627438214,20.161298585912352,29.325664259463974,46.30232708636321,0.38050100767151973,8.195773084831691,fire
19.379592863750823,60.058012117333305,17.640981912897665,35.55350578637111,33.3787589947871,0.49292839829498364,4.899234011253933,fire
22.658000007473248,32.49923152993724,19.81272690158962,38.21089925592936,70.6338503324629,0.7317211667160093,8.542025538254654,no_fire
26.15301010077592,44.630166326763685,14.03735272994411,31.353888652702203,72.74755070467215,0.649770087023781,5.167214940903593,no_fire
35.97933557781618,48.46667653681244,19.352862399093077,25.82441988696164,60.50155643964236,0.35900950517283126,9.47804509665185,fire
36.0911733565205,44.672119367785925,20.293287750669872,24.61036115535002,57.33687768278046,0.33686777788811717,11.657229517488146,fire
16.15065887690515,23.854720540256658,26.86714751331226,27.6175245056749,83.7387620581046,0.8180213834576322,12.433825258152579,no_fire
33.96960836747641,50.184578790954774,19.274674548465455,22.795560813580654,62.883280785493774,0.3791455736432472,8.983230582394699,fire
32.789096016575456,59.432930698253315,20.883016702976985,18.962486310017077,55.48982429282838,0.29678649773589205,8.1687185450442,fire
25.323508931455734,36.125110054422905,7.998772229305417,26.104115751933733,71.12636028116297,0.6789188784661335,7.954125571045185,no_fire
25.16506324254764,48.117180765758974,14.720366134236722,37.920520832025325,61.03917809353272,0.6262649694979756,4.273107860615423,no_fire
30.476151157972595,64.30431268536246,18.176907002405713,26.538421253441435,40.89579129686386,0.29922288608333336,6.1254539247044715,fire
31.24752012124088,41.09112602525305,14.335686085531721,28.40911096746472,49.40253535093167,0.43280164173362246,11.182021074209604,no_fire
26.02680999427221,35.18101667538306,18.8447145185824,31.249764851063517,59.080376077345605,0.5719438208278071,11.242436362187737,no_fire
25.875737797333457,34.07186548034961,19.044393204611477,27.86530188467522,64.13734461916485,0.5832863217440135,11.653773817040936,no_fire
25.999546394933688,52.642558607569114,11.63325090159106,23.80331364255299,42.45364359369935,0.42761831473601897,8.274613814719373,no_fire
20.061161326817068,40.76498901398294,21.768891180719766,33.53248598278405,64.88331304945228,0.6749890590035941,7.876456992099101,no_fire
25.436183739046598,33.46710618148299,21.401186603099262,26.012394507554458,69.5548726179444,0.5964422459331022,11.914916086674214,no_fire
26.397452906570255,57.8750528517253,15.376520064117821,30.09490928663585,41.21857979808843,0.417755062574349,6.1747742112805035,no_fire
25.04712664987067,62.56890974126452,19.21769895498607,30.15078323649699,31.75902898881488,0.34986184843038926,6.681166375339148,fire
27.480801136076934,49.525727009984976,13.153031403743398,33.080569922791106,73.51476941760919,0.6369461790675432,3.077802359828233,no_fire
29.396825476163023,50.943290141166415,14.739222293471862,32.8483679219842,49.111886314397815,0.4571449589069014,6.873506219835006,no_fire
24.802972244272823,53.60099441232842,18.93843666939576,33.504761626802555,57.51191722568029,0.5446993700168972,4.8948865120902125,no_fire
24.306491230557864,56.18320029707661,18.75801442649546,29.669004274456157,46.719850617054114,0.46176283869349083,6.436413863781159,fire
25.706865033086604,40.63152165078208,18.04841167734885,26.741324673694198,62.44863083413878,0.5573240866430729,9.822237355308417,no_fire
25.09851912887722,39.6853043766518,21.341553130143907,29.225639522585467,61.656752378333984,0.5606522474611448,10.2854453823214,no_fire
27.290409122207123,61.10191831067149,17.877110205392206,28.31113419715317,44.13738375569355,0.3862597885018909,5.770262914481575,fire
27.2915086215813,53.35631316828673,15.847716716996443,31.817933740574375,67.14293004739905,0.5699573586588301,3.6243711850205815,no_fire
21.6248820818994,25.313968240158363,21.86343871974816,27.665471975905707,80.35381064391505,0.7433741670190501,12.137799531139331,no_fire
30.09339343558345,45.893129193366576,22.94181671370677,36.59485025405783,54.146435111779034,0.46393193101778996,8.720990706733522,fire
39.88189144081558,38.965214157933886,14.552466683283981,20.14034013374047,64.58238522102114,0.34249425551152524,12.748907986023774,fire
32.918222828102195,54.871673098490476,16.65628611482206,18.10601831062102,53.95192222940152,0.31814296458788793,9.179317737391761,fire
24.995886393193313,50.57867966976188,16.24298275905504,33.58380997359771,50.2817890747478,0.5258698364914661,6.368936786478908,no_fire
28.466608111346254,66.00581315788948,18.87312262803059,21.57587959324449,36.55462138835991,0.2651510828094814,7.237481070217717,fire
24.138021788238145,52.733265527818546,18.410476063964463,37.10303276417254,44.27165608659751,0.5082861369204821,6.095953695424903,no_fire
23.35001575591106,70.5384826495672,17.55714883856616,32.39815856987849,29.524198687805853,0.3646191017085852,3.352439486137171,fire
37.14421500579762,45.409258861578834,14.139540895887048,16.481516734986542,62.14081144089657,0.33160701557712824,11.42395412123195,fire
25.57823204891085,40.00456656713814,10.755192455249578,31.44229048599964,69.44740901141824,0.6722349951694444,6.34525725046862,no_fire
22.555948927538694,26.84795891691376,6.781570356854829,31.606851351583487,79.2978876600556,0.8325102778554363,7.8247072042073995,no_fire
25.473389032149754,54.679233294243645,17.57990073663809,29.563427465878313,43.64357711582063,0.43753439110502595,7.306467501214919,no_fire
31.239574766665868,58.876884376776985,13.034602811024888,22.164195067671844,61.852449689059824,0.42298430694326417,4.797523249551561,no_fire
25.8547166853007,29.845855455935087,21.347958465712704,29.786192783139768,68.21917563357813,0.6164132079323508,12.450663603614636,no_fire
23.666889527522628,41.06913642183382,12.046026543551942,31.87867439328912,59.68023995262444,0.6381776452195118,7.357898901606017,no_fire
28.56338225329635,63.634381736480975,21.286262089796157,30.71678916715905,51.54119763582252,0.3968906656023333,4.205819260403391,no_fire
26.177434950835416,31.40868168583675,14.807951006189885,41.60681203707027,65.37524966022329,0.7034377168066155,8.303783124834759,no_fire
30.762887978990396,53.465728963035545,17.993528832754244,34.18088039911985,55.19292596870032,0.45323418472241933,5.73454607898438,fire
22.956999077896665,61.94262350029925,18.577272811329752,26.911539951853985,36.23369259525863,0.39128899038483106,6.548466532244795,fire
27.67269040094001,35.68155393112642,19.377595170813958,30.643106617853764,70.09787325923051,0.6009263924635933,9.932374951714774,no_fire
26.33517675041529,31.236090994395095,17.929180119597216,28.172493807969083,67.47311124459917,0.6113218772825475,11.827287717349886,no_fire
28.76623898446589,49.426213546081,21.845666158393794,34.72772325112475,54.926518540774076,0.4732174473961061,7.489294827775649,fire
27.177673672595766,43.77262636241274,12.235353096033023,33.61017946623237,74.29875525895912,0.6701911727522283,4.451312447515333,no_fire
28.89513100980827,41.21168334655244,17.670920998668095,31.391862381504577,57.1284971551746,0.5097258975661415,9.702969342903655,no_fire
20.574448770435502,28.085067262525428,19.243804300979704,34.85499855909654,76.34384125964544,0.7891365446108871,9.485909295037418,no_fire
15.1828416158326,19.782870444638778,27.0006601873647,28.337279100104062,92.37130636516719,0.8955519196021677,12.19806606833854,no_fire
32.08676785405574,52.885872401422375,21.739705312063773,33.16408501271407,55.14328117990933,0.40653349896876145,7.1357881298156,fire
34.696067936685616,55.4483731542465,20.61520710050609,20.041291401446184,51.29847365250781,0.2640965745539115,10.020170404156378,fire
34.294112807633695,48.27135504428131,17.4284367356128,25.75501541807913,68.5651947938239,0.44062815283670403,7.7301720854020495,fire
26.60838500784532,51.764542585940305,21.693452917530898,35.542347631353586,39.528412403411174,0.4186386366019118,8.497593635868482,fire
31.26699405225818,52.8553051760767,20.007302047232777,9.489964780404998,74.61423684520383,0.39059581276604616,9.24815623367033,fire
22.768784906465804,34.53498713216708,10.613249790395777,33.834678472504926,70.53359449477438,0.7507087476101015,6.977724001681654,no_fire
31.76324633067452,51.6556164515917,23.553335022319402,10.651009044453534,60.57733369810343,0.2942698031666708,12.255690346766565,fire
28.956791479207723,55.583969992469804,11.746722170868228,22.275367473168412,59.331199205142354,0.46001223736804964,5.6179285188743115,no_fire
41.651042007213164,44.93314496851863,15.617741848291027,27.26142633107221,65.7575884332664,0.34463045446715834,9.485278077724407,fire
20.19279820710709,37.76685601285875,24.2044915841143,21.48389232846739,74.72653506356552,0.6469971520680715,10.696063612496204,no_fire
35.64288018541433,40.98022108885469,15.038123967539384,25.909696397714274,71.26465632541883,0.47054180517836647,9.313674727888158,fire
23.79092614800706,31.872830187107308,20.758246722633142,34.958733069046566,63.40709885521143,0.650295849798805,10.912981324427118,no_fire
27.85819883284144,66.80461995706062,15.498970673776713,22.943171147404776,31.626673479242598,0.27273506111571094,6.5957370919479485,fire
24.530576100774383,39.66798824174137,8.245615847250495,24.144496959102508,61.59696796074577,0.6140248549047003,8.6189471625748,no_fire
29.986572260537194,66.12734894373905,18.02849320306033,23.717682310464426,43.26773721934106,0.29812794897148087,5.742107033879924,fire
28.66250596938174,53.26242277432458,14.853767382336109,32.47543781435861,40.42534092865168,0.410091553385839,7.421191324251167,no_fire
28.54269418069001,63.018458401833286,19.380836968815732,29.3796024634029,37.25209324901318,0.32168402986529354,6.413605782965001,fire
31.96721024456798,55.79362522759935,20.024488025155502,29.002026392850226,57.92713188398566,0.40013419258963734,6.3708411910705545,fire
34.46684641604592,50.975626115900724,19.657898834664966,21.402369921677508,65.30964079799324,0.37226584133495283,8.840992992217792,fire
32.590579016575354,55.731412908291915,18.635052298927885,22.0057554560547,59.69875089513915,0.365541076823307,7.531578020436358,fire
26.838645753172027,60.629044165679204,18.439369068361877,27.749633288550694,43.12693836081217,0.3818053223380476,6.258232067319919,fire
27.834515591146204,46.23124768944702,12.507684654602668,30.569403333917865,75.03346969338334,0.637311747900325,4.40115264131519,no_fire
28.23664572814614,67.20501107848621,17.800283961329843,19.888279573731218,42.299518914379874,0.2932732664986472,6.1350841160276,fire
27.8201168864377,60.56374132702463,19.3298296871582,25.67432414102253,51.02751350273203,0.39349873908410515,5.913540149790301,no_fire
32.96632693055102,54.59436345964639,19.41856301952235,12.857043987011577,48.72881335967001,0.24001848372090334,11.840018107366348,fire
22.35718101211158,67.67263094016481,15.030291809866899,26.148206172331598,35.8497202060321,0.3985196688558829,4.108665253061215,fire
33.288213377480815,54.07485941639915,12.583822403283229,31.02970395680696,39.48683242064415,0.3381754378340851,7.779733508745976,no_fire
23.60396051306499,62.327429629994256,17.71068698578979,30.59749897655758,41.54923037077704,0.43844441248910004,4.69576201519138,fire
29.104637814631488,49.37288123936274,19.449959682932523,29.607326786704057,50.5583018448665,0.4260314443071642,8.869096028049475,fire
18.378499555405305,30.763981478817982,25.880022366015,22.949927850527285,85.39358377179171,0.7520853699188883,11.140682772295518,no_fire
24.176005484072835,34.442154080095975,19.986945065962587,25.27252358160924,69.0825925045587,0.61356834652125,11.371192112153889,no_fire
27.978281737546382,28.776240071988,18.78993511434221,28.969950756704428,71.86422037627116,0.6181055619740419,12.190917962623448,no_fire
21.40942497882966,64.82030303508125,20.78008506427797,32.33060468397242,23.449185443957763,0.35566609527152787,6.519034505668453,fire
30.235549426946836,52.867195599508406,24.61824378171931,31.530145873534952,48.3996069295857,0.3692552892615495,8.871501320300258,fire
20.976262160782525,35.40157137909293,23.902022506793145,28.05743217432233,70.08381251325505,0.6584987823030388,10.668400450971982,no_fire
23.738005841519545,60.71861334666933,21.41000905983297,28.064913070547505,36.045214634090684,0.37251230980464745,7.409723608517576,fire
22.081740244411478,37.68301605426573,20.00734720451122,29.108608862432718,70.62972169541862,0.6683181477311138,8.938488464609135,no_fire
29.2998869161804,48.199694370814626,12.537614881420168,25.047388512082662,67.95446822236744,0.5359443704568231,6.291482000225953,no_fire
29.75677278499571,62.507630749987,19.200291316110377,17.303833201536275,43.97977047666347,0.2685619930234906,8.493642168919536,fire
41.859808208443525,44.988986302221306,12.342657715929619,34.89751569593317,56.32355795184818,0.35530898650705345,8.4347782381195,fire
20.889805482729294,63.565566691956164,21.275104243989844,38.79006741414675,29.23216756865973,0.43652844380495703,4.6146052427129,fire
23.74886467173028,39.36595084823013,10.877491256232355,29.15633583134861,64.30889861072556,0.6574279405489338,7.612412943655857,no_fire
29.809420737666986,50.08733888142024,10.495151479258952,23.589462803819462,68.05228348001313,0.5266861807991176,5.643538927542727,no_fire
35.78811535487759,54.15252565205202,23.396836241273196,16.49062206123035,53.63549213127232,0.22604081616935653,11.646997179421893,fire
28.18444867057527,49.96033060435971,20.578607741563257,36.4104092188867,46.66591543361198,0.4520542593537814,7.8016095094071,fire
37.22529796338999,39.37790232756622,14.975459945108351,29.28538818052254,74.75966150435018,0.49235115837276555,8.736411785700014,fire
29.55723340338417,49.47734372981725,13.901352882179207,38.70315799314557,40.90344276080918,0.45415158414087625,7.050784037664908,no_fire
22.640342491073646,31.05748996964576,21.256300145852133,36.94509859358128,74.2424213265759,0.7397668776677353,9.067394486014711,no_fire
26.60403381134444,49.42068576459039,14.528444363195373,31.676374926745893,60.835063206888,0.5624171673477857,5.478225888343114,no_fire
25.616402688507485,48.22448081662347,14.00092147683946,34.09082404771231,71.4185970064041,0.6577778044820677,3.498316525190959,no_fire
28.48545055584147,37.92019220426667,18.133193452749918,32.056619384336734,60.697533647229605,0.5461973704090788,10.12203746190976,no_fire
29.18146178521901,54.97708511105462,19.182968557452114,28.996152760131146,46.261744534937435,0.38332415497789846,7.798761387317538,fire
26.836611879912333,44.429331232215375,17.952637489137757,31.584811674664383,51.46339751002557,0.499380976654191,9.241462885212504,no_fire
23.62731858968924,45.92736421284705,14.190175490945908,30.95785120241368,52.55451909627216,0.5673024635466057,7.510798510806665,no_fire
33.53385626313057,62.087247884331006,21.53970333568574,14.731609924100983,47.331468225528866,0.20258102135587053,9.735528870894793,fire
25.48993552827823,63.83550047682502,23.53843325545712,33.504620727178946,34.15455260189075,0.3487793695792285,6.12393936493769,no_fire
29.28582392602742,58.81834867639674,16.440655933505717,26.224288336808414,51.582241365539645,0.3999516553571344,5.852420268395534,no_fire
33.14919367049912,48.299353730799254,16.394375432561716,17.795835015243018,64.29216864194414,0.3901321038005022,9.810683442280139,fire
26.370447554785205,36.19729998666293,17.625964098094993,27.49418838584741,65.46010550021973,0.583569520170854,10.628549621602076,no_fire
26.12074570023362,61.73147042988795,21.289289099406258,32.1820063852119,35.8011402114921,0.35931708963100684,6.4703576400701195,fire
32.32456906920254,43.36407829070822,17.28931877029862,19.83236442997093,71.66953696378353,0.46458536605287837,9.914709471543711,fire
20.87807476201285,36.51128245495086,19.701634067085305,26.48485172527955,75.00499584257507,0.6993642537593421,9.045135072851375,no_fire
26.8850122272646,59.1940058660699,23.867468591226977,8.703106262197089,57.9962330013402,0.31783192060361387,10.068973146639891,fire
30.098659503831765,46.82798464267587,19.57394555913709,19.127037828450703,74.28773021425222,0.48511012737062226,8.760385622896507,fire
28.345197283128783,39.53203460811767,19.383462466578443,20.830408233260496,74.24175531622404,0.5425089977916526,10.438164165248732,fire
32.56196517282498,58.41950260391623,20.02571136618994,18.224495829450177,50.28285612759154,0.27418841776113834,9.219904659754048,fire
20.638727940835423,75.15782214648209,16.869656797215352,30.4705673196059,14.845496615106532,0.3021501677746635,3.9654990743194287,fire
24.94667343811407,29.623842711641426,19.615501353194762,30.88247372687566,68.31204001313031,0.6480330882078897,11.765248813320063,no_fire
43.04622383769379,24.97166590318954,12.978876102524456,38.120523372386565,84.70463454143814,0.5674943865930219,10.226199572937567,fire
22.294976781027277,64.00020250348989,16.102821389483598,27.118583116092683,29.97658754623966,0.37629027256919634,6.149379087138315,fire
32.620521199167854,45.364900812351266,17.296358474443213,11.715593517617915,66.9666292289838,0.37779838127830806,11.878035525848514,fire
29.033963315627158,57.821182623414074,19.55269781469403,29.897887637996238,36.07814312749858,0.32417285065195905,8.238983202499279,fire
23.83961687666845,42.17885812997734,13.327885893027787,36.29626065665303,75.36821874420393,0.74046173549921,3.964083179900137,no_fire
25.66550168610885,57.1446378509374,19.233041088240363,31.860757955583644,38.25542905490569,0.4023884934635591,7.157166039306706,fire
33.64359243431893,44.439435624360186,17.768094038503396,27.53467415560287,73.42327940438254,0.4970359404907452,7.816955517854316,fire
19.490513224259992,34.31879646950597,11.760101952552423,38.76407634741051,58.00426733053964,0.7538144801682665,7.557702210681169,no_fire
24.50025143956671,42.1727800126467,21.828739682656046,22.806858354052192,62.925712320647534,0.5270450946535024,10.800356343272638,no_fire
32.57036324228618,41.91749744146169,18.38035581606661,22.95668824867953,76.1955232828599,0.5032793053247586,9.25598246221537,fire
28.782449693400736,53.877637734315854,9.258615973195093,16.607362754753964,52.7021540624503,0.4094154289566382,7.89886272026666,no_fire
27.970888907555956,40.846507219670826,12.993347090603654,32.51601718380894,83.00945020188215,0.7038980392527812,4.625748687909791,no_fire
28.830199824880186,52.314088896395376,11.225347333468388,20.14966418011219,63.72828763503684,0.48524863408344454,6.380836375912323,no_fire
24.768736763964988,46.73953538851687,14.360029982628717,34.06450616662635,53.51797689870002,0.5718726631279286,6.5833123335026436,no_fire
27.89379966926188,55.83797291943539,22.896887140827186,15.268521022057595,57.14994325200427,0.35381910245431464,9.690116563599732,fire
30.913065221766008,43.62313716340917,13.950467244084889,38.80742677379753,50.89751217244089,0.5062802113320308,7.625991568230425,no_fire
38.86311592683532,47.90718589670912,17.30262809277549,23.000273771750987,60.99666860881373,0.3148799411143264,10.192813476870588,fire
26.131008592573966,51.47085120798279,11.13092903169682,29.73884164744868,52.548399630096135,0.5253202927883731,5.705205433118145,no_fire
31.17552021993562,52.60381824474749,21.821368528689785,15.381398360491135,64.37107673756839,0.3613055383707051,9.854939175765857,fire
29.68776274574352,44.169742253334704,21.099857985337284,16.524721276048947,77.70510520155698,0.4924349146253372,9.976383469626395,fire
31.88376987256776,41.73590964947631,16.422908554629526,15.787711127934273,77.81601161006762,0.4898965490226381,10.21876723021777,fire
25.235758031469942,33.926863018007424,22.84698995478753,29.526096701998505,67.28691086695223,0.598863797384488,11.571540753491803,no_fire
23.55293152845882,29.059559772728033,19.520997111768832,33.710269049486634,76.12916116625932,0.7322463672649209,9.932004016041342,no_fire
22.354055375666118,43.71549855928727,9.74316452016845,26.989824963566512,49.558786394975506,0.5768573168908735,8.461916774179057,no_fire
24.7395355416204,43.57754323291829,14.083549321912118,42.31053590693713,72.92022790208713,0.7425860254933059,2.773124998537998,no_fire
27.659006225604244,51.88769257144263,20.607137961322017,37.228244597261416,40.71536806882323,0.42621035059561696,7.807175711586141,fire
39.13383774912937,39.527059476093456,20.028862938060907,19.25417799844128,68.76751626706057,0.3378678292631639,13.213628715849492,fire
28.252248277332303,41.05035088187832,16.742680601997435,30.638750013452213,57.13212192784586,0.5204999904019949,9.643713017231661,no_fire
22.420467869526114,27.42802579270285,8.391279624602172,26.975372291769208,75.96961935539052,0.7760063069837726,9.519208712745522,no_fire
33.2624623008071,62.22233781917703,17.87251709194937,25.370675250198268,36.8756528188829,0.2354627696856578,7.97021320336495,fire
32.61823453243619,57.26094078594089,21.076990950986435,24.442666147303534,51.20682322170667,0.31424038723560715,8.253284484403926,fire
24.600038078132087,38.51847035501094,6.6664920998386386,23.70234861263909,61.193002820306646,0.6203732544891079,8.824338543804538,no_fire
31.833982716535733,44.011517354325434,20.0731471897802,17.527069911758797,76.50374897214246,0.46649926556969173,10.04770589883988,fire
31.000476665465737,51.630496448308804,21.553529728214418,25.662680624199798,50.72394395481903,0.35571477235137583,9.731989888900271,fire
25.56577662606471,56.25988775766854,17.391479993560104,40.30393608568407,40.49947690684315,0.48224608719381945,4.761232325561871,fire
34.00838177064281,55.88177078147794,19.685326110573794,19.029140043798517,51.11442112706762,0.27126252835591147,9.850933646625709,fire
28.862830742009088,57.853169532452185,21.70725992911567,30.904481385159002,50.51093817961607,0.40110441817522086,6.300314408643946,fire
25.330759730837205,48.94639138344118,20.808217982008745,38.331252827039265,44.469978691399994,0.4955519120344385,7.669404622509027,fire
24.24622164247126,38.871486908939026,11.790510394384707,36.96126050598056,71.29772775738641,0.7337838419223963,5.202791521201297,no_fire
30.416257310084934,54.02987223839436,15.864865214054383,24.38811454643624,67.59080811404317,0.47780438814104825,5.482055939994426,no_fire
36.40250421827406,37.96659494440729,17.228113707314694,24.003494958229492,72.07646744679218,0.4472750330794464,11.167616073247627,fire
28.34952413571261,33.21804895461085,18.03402519101873,34.037923805406145,61.442692527729434,0.5781156585319567,11.025585546803615,no_fire
29.456569503025214,66.07749753938312,17.227789414647457,25.69546661011657,37.94560970861122,0.2933464989482473,5.8461339879316006,fire
25.222941588655026,36.939097931416,8.017844617212651,27.37692511158831,69.54429015855501,0.6771508386833169,7.623415741415377,no_fire
32.093761266287146,58.54265713932638,20.23247309417835,12.457598931452088,54.06102121154797,0.2648467066044543,9.93162349715466,fire
30.440580594536428,70.14921171922897,19.466753720538627,18.77278542899157,29.656209217495864,0.16493920797819966,7.965132124736666,fire
29.76664299575962,51.85032330829307,19.213910784734274,35.47275363308799,54.99420926840882,0.4722122495925124,6.10794202796773,fire
23.443354388432414,40.96550650914216,10.940448986736007,30.663789331945477,56.358130632366624,0.622095013455078,7.896665492244407,no_fire
36.347042078537605,50.33292947846343,14.956838992213113,21.629737353923876,55.60282767139973,0.32069623865286134,9.686882810786239,fire
37.29377888147381,38.45927632314768,17.467154832577616,19.06626455649859,70.40671948465288,0.3911767181456166,12.565056115992972,fire
29.65334517955521,34.67255349467882,15.527308762723527,35.47178221144856,51.327394892185815,0.5217518085828795,11.367098877498309,fire
37.37998975605007,36.26504400455847,16.747378655849566,24.433562472576565,77.74397582107773,0.474625071004825,10.809472921993516,fire
27.7874395097872,60.15526654592627,22.042271899432837,24.822213893564438,39.39415211496159,0.3087002177146646,8.527740944781709,fire
30.21710087581618,36.57638109861355,17.37073735618358,28.000537145392308,58.04509335667202,0.4884669750949746,11.953067212916785,no_fire
23.09767545332027,65.27486530506526,20.064234271976517,35.253863096350656,31.263236729691734,0.3955132387461058,4.624423515145046,fire
22.761699628328405,36.53807937302321,8.017374625636243,29.970849894378954,66.03582847921211,0.7113357395965934,7.337660356133682,no_fire
32.533475518570825,56.19491730268332,20.649612530799754,15.98865045272118,54.51450093138803,0.2867859363091949,9.953000509108824,fire
24.882278968917134,58.94101824950188,16.176438005260703,26.529408668604773,30.895498918911773,0.3526466713943055,8.140798275517982,fire
26.511277115055737,45.56071433132253,15.39099469661007,34.556680492016774,74.42579298468694,0.6633151797293253,4.218450880215837,no_fire
25.216869743712486,66.50674163844305,19.158970363045377,19.537764532571423,36.02811229374873,0.29477655401906044,7.24280586812448,fire
29.61120086420658,56.20273954719674,21.285830417059984,31.24998966186317,42.293073579172486,0.35306211171689944,7.975563343949068,fire
26.77527520868849,52.96594897859863,25.519767009246806,0.012623,61.547638489594526,0.2924880950955377,13.88144141000041,fire
26.235002609936366,45.65549473202515,12.826469612123434,30.090512890308094,59.91195569756263,0.5730945170020063,6.777749985783952,no_fire
26.125430640884048,39.527948217584765,9.55885045757066,31.591292283379858,77.6850287062597,0.7194939744438971,5.069334341137168,no_fire
27.08494828957237,61.87439849957791,22.410623809382823,28.048189657384913,39.425131228115546,0.3325672296669693,7.21066773708482,fire
27.65121904189891,39.20547861811521,9.911260427900983,29.029926794477902,82.02198828667228,0.7039633835599639,5.405006862372924,no_fire
23.759778363268328,56.88597751396297,17.315583290541763,31.756653871408954,35.79688211745071,0.42825629578110114,6.961759765113056,fire
34.915355777518315,54.42827109832062,19.659262400879747,24.576500757027073,53.74400345293205,0.31117085856630355,8.76924416566168,fire
31.42325525879352,46.571467395867444,14.854261001135805,26.185201727470165,49.406997786042794,0.39839964866761374,10.068200874879352,no_fire
22.90242135464791,39.206828667045635,21.097309167152854,30.002082192915175,58.49599056976503,0.5831651112460936,10.37635426585518,no_fire
26.984104648781905,57.86105246778297,17.011432359418276,33.749167453609495,54.78279368867795,0.49822143981563916,3.7619663454268326,no_fire
24.548101797188146,38.20653443419067,18.083380875786677,33.54128687901876,59.69115064251147,0.6078519086749163,9.290916942848733,no_fire
26.159045399545704,41.172918669813924,13.221839781499485,34.410498848345725,77.02567047391128,0.7068819851697348,4.769632990414663,no_fire
21.473487952088924,31.11423464373528,10.960552549508972,37.50448869273167,62.624169942204034,0.7557876944026458,8.295001362697256,no_fire
37.47524480433601,45.074796886541904,16.6564688023983,23.799336658295953,62.95046280457947,0.36293710617234604,10.304149005304854,fire
23.8842482693421,48.340306895563515,19.935093659301554,26.477330972765557,61.99911962426103,0.5481967718263705,7.626759868660471,no_fire
29.735248110769387,64.16161242898488,16.567368647548058,24.929936007550417,51.24482483051991,0.3680285694005353,4.573081044709101,no_fire
28.290725215855645,59.09666723549253,25.0986322890083,9.857727789086669,52.036390543653255,0.2637784912964211,11.165498315271904,fire
21.949348870723995,23.490370334687306,20.080722420909503,36.765270596590675,77.42429186628561,0.7942441300757321,10.725490029245123,no_fire
25.45182137551965,37.45973364462754,20.201450684131185,27.178201061971297,64.86747477926409,0.5733846236135578,10.80429269960233,no_fire
15.011519086663919,69.82827495033598,18.156269212804105,34.06781536922699,21.120110990654204,0.4503160115195738,3.4295225638054907,fire
25.598089732895318,41.68017866892448,11.869239248738914,34.17463231970039,60.00560568602148,0.6249652939537891,6.809804190276785,no_fire
23.245607795939875,35.65283899037802,9.294521249102845,32.8127564703459,72.61286271368033,0.753600142554085,6.332939548533544,no_fire
23.604248182371784,59.77597219499053,16.43169146586357,30.19686553026693,35.892583434349554,0.41870980789403806,6.170880240187967,fire
19.195287061322375,31.090015804225942,21.834236924770284,32.09608253476597,73.90928656468701,0.7554328053511747,9.877457166629783,no_fire
18.571613391277072,22.490406786006407,25.758744538781713,30.958791052994126,84.72804473251189,0.8186037305246257,12.050259647541287,no_fire
24.4385000044636,34.445519325707586,7.553376857988793,30.654606169405845,78.24962178786764,0.7675077242495221,6.179221208596017,no_fire
31.583783876039277,50.5688472591507,18.428752591328344,14.089204400120334,73.42256870482181,0.42334601210767914,8.80704595043013,fire
29.561347024343625,63.291314890288604,24.225223332175332,35.16456310494998,24.858326778059997,0.2439666512188052,7.986763735856931,fire
34.46485184740529,56.570066815327166,15.86739640817151,25.768658681718865,51.84292746620466,0.33106842724510444,7.223065421870713,fire
34.17963350627173,41.692931964878,16.917798528605005,16.1261944732779,77.74627942688932,0.45469626425504295,10.58173441435125,fire
22.97499640829708,79.10343372653684,18.371674136097003,20.813688237456848,22.479540840559373,0.2304810448149393,4.432916690554446,fire
20.73772493592579,63.382506311749964,18.1996817414437,30.300108287961848,22.537661946660407,0.36695818024591276,6.944942307015816,fire
25.079304033421753,42.3952645699019,18.40310803136828,27.772342694223912,65.72038288318551,0.5845194750047773,8.525608397821198,no_fire
22.72151164451798,46.905592382253744,20.745296591236578,23.91488786029218,64.56844980098,0.563065861307908,8.312143852261457,no_fire
16.02484502845211,75.89865981609289,17.964620173124732,31.92406127068618,3.9349947932836677,0.3102296200540548,4.607661461178061,fire
23.413405011116854,40.26841727626386,8.669812933842769,32.492866188324506,60.45979596928824,0.6721342770066765,6.6087318049004855,no_fire
25.265588044628096,45.01774462756103,19.072220557980355,32.886971816012654,58.53602331101571,0.5622930252369063,7.732626093812862,no_fire
24.121582598208985,23.505136962226373,21.437952351044313,28.602483931458025,80.46663755600679,0.720148088789279,12.73511624966264,no_fire
35.84221891741416,52.15506764733057,10.808550144138913,34.63186458100007,33.78767988658765,0.30636315762495003,8.378119245445985,no_fire
24.014277177547655,35.440584900883266,19.173665322677238,34.8265184878013,61.78412305880771,0.6366479171481805,9.732308453447983,no_fire
25.621423845225017,40.42566640551664,18.230970909622496,26.493388155024643,64.93488169638336,0.5704666644468299,9.605634900657991,no_fire
27.174333793204703,38.04954333250919,17.189937721979195,27.642609209789907,60.690368361486605,0.5433404827090342,10.720462778745489,no_fire
25.621221983959202,50.32657147512313,18.416808919863914,36.70829767091895,61.44420156471655,0.5864920768311304,4.628440422032585,no_fire
23.370207166280466,32.6162415943255,7.0224744604565545,24.797323217239747,68.20299835753902,0.6987237621540099,9.340646188576148,no_fire
25.258482914935986,35.53550563398396,4.965752183670217,21.25909632693111,72.42531357536664,0.676392751378508,8.416559940727867,no_fire
24.94271926669876,42.169759372906555,19.22915644404586,27.546450865955567,63.16529240101758,0.5665952176650708,9.183493053602337,no_fire
21.67085228328645,34.99548246457189,20.92671987088285,30.7941404017426,71.32409932679231,0.6907346560217018,9.449361278061767,no_fire
24.786358376976978,41.591774232799374,12.267535106819677,31.695734770841337,63.61697666411923,0.6397265528766996,6.850443742893961,no_fire
32.11587394242644,58.822754181088555,18.83806495739084,20.934640681347528,48.2791238961521,0.292347800888093,8.449536476210723,fire
27.897268302350028,70.21280618064516,19.809616519066978,26.332464306540416,28.798769867276633,0.24284322533063757,6.056616984137364,fire
28.25884061902912,49.38933676441748,22.17362315538579,12.802695118234965,67.78053703324362,0.414386751392012,10.656040263488102,fire
34.05747374082649,59.7207636604238,23.75339563173627,16.32582898279093,51.803224146242734,0.22322618828025084,10.008194340403154,fire
38.99180798046224,47.79165425495947,18.482218920568407,18.826589710489934,51.45058753674133,0.22688672518595154,12.86741470231074,fire
23.224694608782997,40.59892840877727,12.934265696690481,32.486913243602594,61.5371260875341,0.6550084022384473,7.222786581865989,no_fire
27.917250499884805,40.008895237184035,17.669938129797508,29.284985144932694,57.59772347407226,0.5170494901772555,10.372114522880368,no_fire
21.31446714986874,30.279866361978517,20.581212221616738,32.42021949739785,75.96597005549033,0.7470293203100635,9.781933653092869,no_fire
25.301594641631013,39.836392112951884,19.714896850018224,21.577934831271786,67.48221545305184,0.5517707083884184,10.8222375975499,no_fire
35.73873455752485,40.09879462127448,19.116583408752195,25.57339187618917,76.46218521303783,0.4746000284655544,9.784185739398069,fire
35.7557860409553,34.6782128607902,12.746054154815694,25.29138073490319,83.67868564656459,0.5651638409064718,9.17713071639252,fire
24.55916021042478,37.3781161234223,9.926383098522582,26.135751895193383,67.62397483758251,0.6561337234153362,8.36588559332486,fire
31.450257852675563,48.76537328984364,14.861378192443658,29.998746357811363,41.02228681745303,0.36876546491808476,9.727774732575243,no_fire
39.043204049515836,40.701943932418146,16.70814374200346,26.66030216427153,63.48034911516202,0.37201660646276513,11.19462350554909,fire
25.541678448009407,44.857758146241835,11.069920872309432,31.252988113220447,61.97256304488641,0.6146665173579349,5.99562076804689,no_fire
22.03596675226989,70.44847830169344,17.781931842841697,35.352063319610366,16.930163389529827,0.33092673172209514,4.42818995583209,fire
26.233043819779958,61.62799311200081,21.355318413145696,38.9485091724635,48.65809214749317,0.47170909760683855,3.076808722199319,no_fire
28.348108332900043,63.07835774286647,16.70442988077898,26.427454419578844,43.36235644151879,0.35596452375295656,5.5794529874974845,fire
26.187909049127168,45.830384939755746,13.287057461149876,25.87043354086323,58.34477589089668,0.5355519678439752,8.016255016538151,no_fire
23.563232943652324,69.72591032166252,20.219928607596568,23.99703245416368,27.892578096519067,0.28656778093801555,6.38256931072222,fire
27.585612530857023,31.534022827921746,20.100271687208156,28.43666583645516,66.46969748513,0.5752033700520743,12.448723480280893,no_fire
17.645479983590754,64.26058101302351,17.357707658286444,29.020275168853864,29.89716428619484,0.44873463363760824,5.273345125881777,fire
28.662159298734213,52.528293892783026,15.511030346527384,25.944199322059298,62.67154573557279,0.492179938119397,6.018112183073117,no_fire
19.557665855854687,16.540471994372098,5.4250004619138625,40.26061615709659,85.14499274052963,0.9997589999999998,7.582207285398172,no_fire
22.422298896112324,37.72389129115672,9.041631093625831,22.649100923837732,59.85657548191363,0.6269235830795539,9.726444453094318,no_fire
29.594950434006655,36.956493000495996,18.186094613490166,24.351751326356023,59.872897384958975,0.4794087856058227,12.490124027957155,no_fire
27.1483868584041,44.44019321698059,15.915092562953067,33.00118543724282,48.16298602709955,0.4970086547406605,9.00940432139892,no_fire
36.76867488814359,48.23191525220625,17.0927510705724,20.499154400089033,63.708784023558266,0.34597879390432945,9.935478759095243,fire
38.976941068968245,49.71721555509251,17.91101032903446,20.41032856523288,55.702534810628926,0.25890122298198937,11.133990643807978,fire
33.62295836877741,43.788253887752234,20.206953558228584,10.495339686670986,72.09285646971117,0.37122169796647914,12.661691452558841,fire
26.854844219057263,48.20474253107608,15.625204680324247,33.73891288067744,64.86210452487424,0.5909668790562311,5.065594141441841,no_fire
27.7813969454576,58.52139599327967,19.087086387394432,27.859025636061265,45.90610195258028,0.38597653760525574,6.764860483102294,fire
37.573829233211356,52.425176129196856,18.47582101184253,19.62431690958329,54.69344375775819,0.25852425797019674,10.523647657797314,fire
29.340212649327515,58.905745822362206,15.504481829020975,30.29998833640972,52.78705823152904,0.43653391731984603,4.516691566084081,no_fire
24.207102400158668,36.62362993518329,22.32910255014609,19.814044412969412,69.6002879086848,0.5623232774199588,12.352450258169629,no_fire
37.360007466821216,38.62502938954077,14.207223394227555,28.264063256311715,76.34893455816798,0.4994490290492234,8.834437683340553,fire
29.54675147085238,48.03865349308359,22.609644552131012,36.379757774196825,59.12339952191005,0.4947077333701829,7.202756910258666,fire
26.53010986598087,65.76421905653497,19.375510336394978,26.923824931664516,33.25083007125529,0.3064491839547827,6.413717987488333,fire
31.750208066841314,52.184710344571144,17.06028002695322,23.66160569571805,62.91047952459561,0.4252372763900253,7.3668984796558314,fire
25.546431552466473,48.135593462002845,20.198611435478302,24.73935747533388,60.04082312806118,0.5007026673740067,8.663558221093727,no_fire
26.442018487285708,42.38120717914525,19.62781569688473,28.76751428888571,58.86122552940875,0.524885452564051,9.757623160865903,no_fire
21.09892426272019,59.522584090167456,19.91876587906162,23.970679691150533,25.79975365665965,0.34085916645530845,9.574114756199423,fire
21.840744891791058,34.85554451345375,23.955816296806773,29.089895161942508,70.57603081860658,0.6560060654358904,10.662075106746613,no_fire
25.463884164068332,32.944293786882966,8.544222902348727,28.436743594821923,77.25878608989952,0.7311716336855238,7.6675491257412265,no_fire
32.027999942960676,35.72045602032043,13.952197976558676,35.93553898089875,54.12300859954287,0.5113915490084381,10.500409089694012,no_fire
36.56895872178504,57.9530978866963,19.26972435611761,20.297080459501224,52.84179225915408,0.24757118894229665,8.898975369258466,fire
25.20934515024685,32.31160918577246,7.654775170321601,30.06984558960135,72.76183355279208,0.7268784779459483,7.934956183108885,no_fire
31.930354132013957,51.518169771841684,16.22356231355671,23.95286690585688,59.14731602625019,0.4100179986631332,7.916278389413787,fire
25.238721338026785,38.88565528927836,19.32726216610405,23.140036890652787,69.49094162464115,0.5785507576325598,10.380489935623121,no_fire
24.091233805432275,62.63690543871351,20.57612065250139,33.08592558802965,34.89194686855726,0.39174524687507706,5.678713181272855,fire
22.305300199144096,69.66307862985096,18.96047534906186,27.327204297326563,31.53381122536044,0.3539705129058522,4.660471242457012,fire
26.978112532703374,49.548394599780124,14.53338773201372,27.430434943043654,59.95644964260049,0.5251124795972933,6.5969456853506205,no_fire
24.278251316140754,40.3188709693182,19.290424114486374,32.794047469285424,57.426032902939234,0.5816853513761793,9.338249896993064,no_fire
42.26302425814907,42.18932760759026,13.578037855565034,22.061186026582327,61.38046151900737,0.29806522324243295,11.86106120934314,fire
27.041010799494227,55.70417046001849,12.691844239783975,26.460611792103844,46.49407750768672,0.4367724374330497,6.449213534574094,no_fire
25.77702044304379,69.28071401022606,19.546196655608206,25.14492043643265,37.79319734980249,0.3214357765593451,4.958258157904577,fire
25.207269682693436,67.38801251766625,23.117444681376643,24.347259508397126,26.032426961212423,0.24324678068661942,8.164108345671258,fire
24.919302184175606,36.90078316204051,7.407186697944356,21.469013205077207,66.174548695458,0.6296798777855352,9.323385430947399,no_fire
28.26712772482865,40.51706213227804,9.011856987654541,24.92828678889303,81.43791380842686,0.6676973303112066,5.908271109013217,no_fire
24.607209091132205,37.05218267098098,12.79203433812219,37.71785054563414,78.94009082277928,0.775016029991193,4.746039482452019,no_fire
24.676934897432062,41.348716269970915,19.114793176853695,33.006174449843655,65.25313669640515,0.6191535732640199,7.820815079083025,no_fire
24.23108038543072,52.285659076368944,17.26224299308657,24.31591517570066,55.21450374283074,0.4965191256345543,7.340242796466004,no_fire
29.044888029728064,56.13240785277431,16.84944786084667,28.35058295135436,60.16569463092985,0.4697731059831738,5.012077487312453,no_fire
22.542529395202155,43.80591462117778,19.365514478021584,29.158401425124715,67.21091835442188,0.6297246336815105,7.392629409825357,no_fire
35.852028034704865,59.66842717164124,19.597573058322105,25.44914019262454,43.49582211262451,0.23136848677583124,8.512490467830174,fire
27.42217145342737,40.87149103977436,18.327231499455284,32.39723744183141,58.087921395163775,0.5403332496612416,9.377835782020515,no_fire
27.030649663608695,38.667526063762736,19.335615871251758,22.802274061600265,65.22089964973478,0.5264328313265564,11.403708048571836,no_fire
31.086026197615173,50.554323829306,20.04825131192833,14.391407115470685,63.5054693860543,0.3676074530047936,10.480864558585827,fire
30.514077821808524,52.76926727685154,19.148346481914704,31.24647978924917,53.474281390439906,0.4241469654469324,7.098572090644175,fire
22.68482603029132,79.34724173986389,16.786994235907773,23.785526794664896,15.23743701233856,0.2213719935227662,4.363487150467554,fire
23.413198523773396,39.350803310386354,21.402181062263363,31.812350083616682,59.24322539870821,0.5888514399109934,9.936828681697142,no_fire
24.644721326184676,40.08557693172061,10.798912095076759,26.946361332822168,65.69192090096307,0.6365954211140528,7.79157090937214,no_fire
20.29299200095036,36.475907699238604,23.555759813613264,21.596076081130814,78.0390036453712,0.6720845876325943,10.472033228655643,no_fire
31.37444721207389,49.5473676753181,18.75700713747593,21.22587777413555,71.04886241291308,0.45846444284421994,7.88214768265421,fire
23.520199838406654,43.08280179196561,16.317466169315594,40.81946727458414,57.063025241267965,0.6508306016300378,5.922836348741521,no_fire
21.689419836819106,45.78637207406469,15.723589296209077,40.6929870168191,51.06197614819838,0.6397673249268616,5.594979077555526,no_fire
22.320201974731,38.67360605612468,6.711434667427464,26.456824855562743,50.719107093197636,0.6120610921731515,9.385143103282505,no_fire
23.815151663589035,42.92929120408415,10.812449841084527,27.68950366980383,56.03379701288816,0.5916312989176624,8.022759483682556,no_fire
25.274313255117285,36.35639311128828,20.469721584489672,31.171674209421557,64.50736677245295,0.6003079348166818,10.32430145398379,no_fire
32.04062406463659,55.47911607542996,19.887953858644774,18.06650285229991,61.15315926955854,0.35066236188495226,8.496162854574786,fire
25.07061619533072,55.374738900716196,21.045284359551516,30.812891953210567,42.9641044094518,0.4252648053976973,7.574991424199234,fire
29.91324655364699,60.08588203091452,22.915585182224387,16.192702661782413,56.07223069513506,0.3118427856246929,8.551020641113867,fire
22.704675356378843,67.44125927510146,18.891085742642996,34.76390886490858,24.796756368276725,0.36306722382090634,4.694109304047413,fire
26.442271767878722,40.14223275080335,18.1190682320219,37.30589919154809,59.443962390121555,0.5962765917499855,8.103707615680124,no_fire
34.18916062490896,57.697944853439225,22.466212025165575,20.79971086437972,46.7812655348984,0.2340626020761794,10.11309000066869,fire
31.640659840359,53.07753903050428,21.716365231727334,16.266391584739218,62.48810508607822,0.3486812525592813,9.817802900454911,fire
23.61360324344389,51.87865266018048,21.24476010985407,39.867828523695046,36.733571660118535,0.47676580686147296,7.37479460546172,fire
25.242566329369367,38.925689615811265,10.10832405109759,31.072447624833295,73.37472453082366,0.703655708077271,6.014632524318402,no_fire
21.45410411338655,63.985945767612264,16.68534912245512,34.69258791755075,26.07896063921858,0.4107496042048372,4.993301857915732,fire
24.0405714106794,34.88178537972594,22.263330193497858,31.77019732938997,70.82977374790129,0.6512811160933549,9.939147985064608,no_fire
25.58800022710176,40.22500693709564,8.94476662172226,22.25972722430886,62.888306975658864,0.5881802911789087,8.975626543081018,no_fire
23.555115737713294,32.99863641967072,21.216268285742593,27.53929714571558,67.84980082000985,0.6267251856837872,11.670305199512732,no_fire
32.191751641159314,60.47844268871383,19.193780922509053,27.453031686901504,46.42104056154812,0.314814386570332,6.776174896161811,fire
26.701893289645735,59.91724793604284,18.12766657242279,32.98291925739726,43.37245886786265,0.42157549816147477,5.160232168833221,no_fire
24.26960101228404,38.13784954863042,22.026677952068106,29.697689205721275,67.67917544338928,0.6098435206020036,9.817271667715618,no_fire
26.922172010731252,75.02147222533416,13.557806173864734,13.412019444894515,34.55202910644496,0.23269833238706847,5.183739374477338,fire
24.371429134947263,38.89617561963566,19.393133313199684,30.481532084384646,64.37603815773042,0.6081006111457965,9.3366025929756,no_fire
29.27155545171588,59.670920000084465,19.50733075142692,29.183529005491806,36.01537270387305,0.31107050311761825,7.841714139369999,fire
23.276248671466597,39.2676877548691,11.058556314532721,27.824839807200455,52.62935479310801,0.5899380064011512,9.64824222513684,no_fire
29.740410293891973,48.338954093350466,14.827268260968758,26.086185833539755,77.19213728537541,0.5737961738878701,5.189286310821212,no_fire
25.72011159097061,60.10371398640521,19.26167605466747,27.85445205767702,37.69369600037674,0.3652535208444137,7.226622775134887,fire
26.47755405700269,56.822777667534794,15.33562725290963,26.959325761130064,42.584753423384804,0.40779275285472055,7.035577173341946,no_fire
25.255632215735652,62.29122324193921,20.014985480692186,29.674286744513736,25.07804558874264,0.30244469361672144,8.063151220984754,fire
21.02142093477684,61.54415856789642,15.968225193813874,39.15217398518702,27.754860433230895,0.46520231714357924,4.291724422431378,fire
28.376707925423574,58.177101242832734,20.37887383294789,14.6121546712445,58.6697590218521,0.3594770387175249,8.398390518121683,fire
25.70225893130922,45.39800564262151,13.571906591022096,29.520415856873214,62.51314474374984,0.5883608731529865,6.693432826838194,no_fire
28.482860528287507,36.73098590622338,18.436040331050368,36.0517055329865,59.718291286479875,0.5670929012941854,9.791693745282144,no_fire
29.856751340835235,39.75245377510186,16.881595739577907,28.85608164374033,59.441705357143526,0.5012006158978266,10.377737021365933,no_fire
25.036505975983708,51.660892677497074,17.947794349619567,33.74151342987,57.78785647240406,0.5553441374968358,5.244297266299855,no_fire
26.58958906394058,39.3386010332065,8.753965721014396,29.272527322168337,71.10321772597199,0.6665207928231511,6.528086018074315,no_fire
24.491074201839155,40.54758959782794,9.248968487325032,22.274497472375984,56.13920588745098,0.5641076867903767,9.779918531505052,no_fire
30.229663920105974,60.664579007236114,15.998472212869913,24.40570116180599,54.19549939701535,0.3868022172886506,5.32772126638868,no_fire
26.965936658166648,63.56760413528613,23.940993876260958,9.208243938616214,52.62111277544617,0.27732600468732904,9.368343225542638,fire
42.869066892824904,26.15739196512724,13.244030448245523,29.646565624055622,78.16869857171118,0.4759515518233168,12.794328369676258,fire
29.349184161407738,72.50501873686257,19.32555341005107,19.700052665007412,31.732897661795466,0.19298787826951305,6.510596975584179,fire
22.492676171204785,67.6953158427095,14.288522109996808,28.912831789603423,29.546814993367843,0.38270807451095457,4.255785864818403,fire
36.791583822522796,44.29282396981752,18.810800998052112,12.999786692337691,64.55968555484506,0.30433638834868915,13.169191940143062,fire
27.812131035607994,35.88600583669272,18.174095172000882,20.830913821373823,60.147870538444444,0.48850825342035875,13.359481895326105,no_fire
33.61547012441834,60.56383806339083,20.250332679432834,11.77543056724293,43.973220984576734,0.17585822305459892,11.139089104806134,fire
30.455288085353022,42.32591091472759,22.07908435037848,16.726349049648775,70.12779928872486,0.43910566497316555,11.951667171246513,fire
32.4520798861179,39.47539998032833,18.684428152425753,21.364347935215807,78.4582264568197,0.5126591684406743,10.121226604809545,fire
23.20430435790305,39.68400245161813,11.973311093526046,33.72443884385808,58.82725753288133,0.655969760219588,7.424904924530561,no_fire
22.59879389841563,38.13247056614861,12.496596349682509,36.697838982774684,60.02190322200102,0.691335348284646,7.090231703895128,no_fire
18.63407261333014,23.69144619871161,26.23933966973329,27.040324217759142,81.46102597515227,0.7688777839143213,13.159826194907483,no_fire
25.794326706537966,62.807522364244704,21.15546121506025,8.8157261673123,52.388865265030084,0.3094157734030227,8.987710036178235,fire
32.37011559280998,39.69233344026849,13.97821555731029,27.575596608268395,57.06435753922432,0.45974873094418756,10.76935149930537,no_fire
28.774215447191587,61.06630407631583,22.477140039075447,14.65437663759075,52.77903064172711,0.30065048316356324,8.828949850965495,fire
27.461883478369234,39.749336915862685,19.561451207515603,24.91747903290634,64.7730298372716,0.5264167735223572,10.74166880909109,no_fire
27.99113201560876,34.29323841968434,16.422328760746794,35.26913836239259,62.10177830549971,0.601336510133716,9.90940195183488,no_fire
36.00599666849293,51.846252398106586,18.696379178132858,29.909562300521216,52.82438876093232,0.335702613602319,8.449406051048534,fire
26.714555185258707,36.85264981210761,17.412812180828592,27.187515781196495,57.97414919750064,0.5340753603140036,11.595050289956047,no_fire
36.55625789545985,47.42072663268088,18.18923547038052,22.16648685904598,55.50435033958575,0.3093335938619455,11.225800922512942,fire
22.240328762563745,32.644224914424726,22.60511927331807,24.082958336057203,80.25029714348368,0.6870230890650662,10.866088820064766,no_fire
28.266469087136063,54.63032426920762,21.562118725584522,31.803888864354516,47.75808848912549,0.4097762269861357,7.422083994958313,fire
25.75124209365734,64.16482623580497,16.979850716857687,29.548182831730827,38.015026099380265,0.37947674026135003,5.006186199780801,fire
26.855381781977787,53.58775255619116,19.03883055525582,28.60274558490486,45.49971917422282,0.41581275846799276,8.101164651657104,fire
23.84125834635273,63.509972889769145,19.03831338435642,29.642432080111067,30.420884005887743,0.35561681888411545,6.491756591993984,fire
21.74726102890311,40.67103375031804,24.240241049470033,25.496163933116385,64.41832061297318,0.5830166160367335,10.57933487733247,no_fire
39.14283638861882,53.579509972607255,18.69397277601834,31.712297788142777,55.21221866810099,0.3089704627883729,7.551159756205091,fire
23.941783651749496,44.61269753766419,22.532262148035183,43.55156547568218,41.61329154644755,0.534390265281947,8.45589084268001,fire
34.24957078900452,52.08155125188388,19.949277164475326,18.975909103012658,59.91728456991025,0.3254546935872209,9.872871160981987,fire
27.850859219212897,49.82739141374054,14.286233315150946,28.217297856672367,67.79505133018321,0.5616412540619234,5.235712882562445,no_fire
22.01361717907784,63.49157996357941,19.91719095012632,32.219440662099956,27.90909174860219,0.3796576965893117,6.212399370805135,fire
34.04705104470651,53.842938570443096,14.736201586888734,15.371570277007143,57.13022771070186,0.3162056254792659,9.417189768946631,fire
28.556579364478583,31.87097192327461,18.36816616359954,28.895462094807428,61.866953872368654,0.5470914541252654,12.6790578432871,no_fire
27.747706205639503,54.603677696957504,21.13681532409864,25.801784491059703,48.77691878092896,0.3883812772499038,8.502469315596601,fire
25.842013537356976,51.784644105664455,11.657204809286778,25.470460841489682,44.20013192451571,0.4523223453156943,7.891891622652744,no_fire
29.171510709614246,57.37220778089383,20.878899460698694,13.105247437195782,55.62108397556091,0.3204541050507665,9.66773400065641,fire
27.27851953723005,35.854703552372364,19.812602548668718,25.131131742354775,62.70774725844299,0.5280324641805799,12.275699118565202,no_fire
25.20168399496326,39.318835960540426,19.148511015425676,33.830978088230566,58.942725265721585,0.5864677679859285,9.292019929313657,no_fire
25.37522282201902,44.41656358027093,11.36914611952794,24.688301285047327,53.456460021247835,0.5279925888261428,8.947010563766153,no_fire
33.98773794054059,53.6840039043243,20.138399827882353,19.143381152551154,59.99880163502361,0.32537428100068755,9.312335762783945,fire
24.519863120934637,42.9685688819512,11.59153781197985,33.716307213420194,62.38138685861113,0.6495708531845403,5.945874321352457,no_fire
25.275382058750665,59.44830038066645,17.602560277439576,29.87300715515702,40.97200914225956,0.4143240061509511,6.076326118637039,fire
26.554451840418317,45.68468768891725,13.352390132636994,37.14539660006854,66.27079878655938,0.6447409826248274,4.359600426141139,no_fire
24.68608290845164,43.62549177401171,12.945689302993777,26.52288218869394,58.76562205622058,0.572305395514902,8.235214206891238,no_fire
30.958424249411696,51.883288876231674,22.720839239774023,16.5907118992086,63.28030529101466,0.36263674640260657,10.129628497167387,fire
27.02272557224978,57.389988641103145,20.14173572671309,35.81111012368832,51.37744707428648,0.4743229791213065,4.609019960556022,no_fire
29.884510745814964,60.44859681934625,16.919463192198375,29.60690972973502,41.11040001429699,0.34620902360245587,6.277803074714128,no_fire
22.586180369683348,66.16663685640928,21.440833568043296,18.167313525637265,31.13339261196683,0.2854617879413957,8.515833728727717,fire
24.810091336298782,65.53280630128074,23.76794028688604,27.535895673978064,31.338634970342234,0.29996850847371886,7.325900426317092,fire
26.68068216453406,39.19767746480722,9.316999977359448,32.17163970622151,73.76078437102618,0.6951896372095769,5.644934849642306,no_fire
32.12369522426586,47.68671826127266,21.560786433578986,20.691347711333712,66.72775556938464,0.40839965979903475,9.93598441119795,fire
25.965188632030575,70.01700296973374,16.701689905266626,18.849458991661702,42.12018075478598,0.3183585372255004,4.9567567437544096,fire
32.27953963673363,51.86380831024479,20.95522201226699,35.45432592358889,48.63033333832383,0.3888340912103151,7.7573023972801645,fire
20.765393465018548,28.27544489571768,21.200517432750278,26.021320310575355,73.44273110222004,0.7030244176546359,12.328453848702203,no_fire
24.363232104921284,37.96072510383355,12.05465994733112,32.985941766030244,66.49609762103351,0.6813156468852803,7.19137149875708,no_fire
23.32191701270549,42.64769809099609,19.628813001428842,34.03477260151821,60.10711449196859,0.6103228447032047,7.850931579399152,no_fire
31.562028158039176,45.84282289233607,18.613009343690067,12.495369359062805,71.71747484605294,0.4159753726458264,10.979015499674528,fire
24.946828187060266,30.131185728283107,21.919442992924736,30.38190568985149,76.55431174516656,0.6761816837568211,10.989591265922652,no_fire
29.147418720377683,57.66203017468101,17.893669370353653,27.664969057790536,51.37553505814985,0.404443986961172,6.211208169940703,fire
35.8350883696278,35.692437052921335,14.202569129037794,24.509987123549944,89.64444417238846,0.5812278640395101,8.470608075723352,fire
22.6764918147124,44.931637154256435,18.278131235501675,28.771978473673702,63.64110648923737,0.6086462225504525,7.4348901536568714,no_fire
31.170025721999213,44.31089515884452,13.908744945174286,34.72750027900875,48.410156577353135,0.46148779599970546,8.73826302642884,no_fire
34.481379354051484,60.32449152615587,22.24290065787342,20.225408553402307,49.39161454106556,0.2349246727638237,9.009478549978223,fire
32.11049235362894,52.88794740113913,21.23508146156243,26.9870000444436,63.327158077261124,0.4165093576045914,7.246930393415524,fire
27.295414480476186,39.68561805073263,18.3460111258663,27.028320661195725,59.84108320247908,0.5217175058767671,10.723466597882348,no_fire
29.807301940910182,54.224520580484494,14.564967361320797,28.695200008506212,60.93369805089708,0.48349014553313485,5.051476005016481,no_fire
28.32816821401645,64.79484665217632,18.72053831024377,20.689015975416932,36.41521512444417,0.26509680265885305,7.799962032775768,fire
27.46125161904095,58.68776326363586,22.291615300884104,27.681787481636125,40.545002956929515,0.34033822748938825,8.178708254401839,fire
29.60604228186503,61.47254440758175,23.292693103497147,9.32556753345586,48.1128571259191,0.22306295777927487,10.900547732558058,fire
25.4017817765967,52.545171337901664,21.41787637858279,40.748237185959226,35.41493476484147,0.4454488533862105,7.432279354776752,fire
20.825453519605883,46.502840813338295,21.03097580880567,24.940357812326262,68.00743081944074,0.6163240187201469,7.5005672893206805,no_fire
36.37679013924817,50.936877157371825,19.40486906867175,22.006947667531524,55.54544674747265,0.29453082521679597,10.360903242387668,fire
23.532747657715326,31.195147028756477,20.14617237673131,30.711614515234917,71.34222410181017,0.6775706529752701,10.773336424821794,no_fire
34.94057850158089,45.65127242697959,16.748111847821004,20.71627266935502,66.85221849308802,0.4011649562626419,9.928574766835865,fire
29.064978713456313,47.710440347704136,21.680339955879678,10.873502456332886,73.33509941930386,0.4289690690897224,10.824873338528155,fire
40.36059256825672,33.34066594248863,12.2846505762057,19.66190099283992,78.10509494879008,0.43677364882983055,12.253924592442669,fire
23.94901863544006,29.818596254712602,22.489954660697165,33.97598250940574,69.54166101333068,0.6716184291493554,11.281952577187116,no_fire
22.97784636561024,26.10538554064114,19.996112344718885,34.03330158430929,80.57334880849612,0.7729571884261528,10.172622213302954,no_fire
35.80981158958205,34.48437754211503,14.600282539773643,24.86227461250295,86.68160853753307,0.568154780902536,9.29525523641045,fire
30.66829861408737,61.67057033039602,24.379550328059192,16.97536745446758,48.27985209047718,0.24893417531159406,9.424582748845017,fire
25.609215216397168,57.34904381577671,18.040748157122444,28.083134504927703,41.4448759450998,0.4040054439884133,7.230983766682057,fire
34.83174670930809,49.33081707554366,18.273248056297824,22.76068674820198,59.924097579508874,0.35773680126128304,9.607006610469975,fire
23.29193369742953,39.52257870014293,10.48172728634843,31.60964374224315,58.42534421750886,0.6484380250636816,7.719164151144082,no_fire
23.127834434766704,46.11164602443574,13.559514265806394,30.973931082032085,55.537484928762446,0.5947380548979909,6.806292994981109,no_fire
24.98441223508292,35.92002632995859,19.611697276758726,29.878399887929508,64.49697213167015,0.6027284169856111,10.542692834076313,no_fire
28.547438235494003,31.291843315237372,18.63438049113333,26.990886236586178,63.026002358937255,0.5418720268049688,13.187868383442034,no_fire
28.652100766062034,48.34010424274415,15.574350786406029,31.04970663014323,46.83425477800644,0.44643953839673856,8.535319523379187,no_fire
24.74785152320725,42.4362486973978,12.591329623999092,30.87511620809867,64.5764955232647,0.6363636022350756,6.690188991853138,no_fire
28.68200608313684,62.9621190205134,23.7727205522624,12.227161151987984,50.24674209899897,0.25995283658256885,9.415144268842335,fire
25.228816990055602,46.504151154163125,13.64549946920885,29.546753421650447,51.48756523524297,0.5303555988143439,7.9104384653486335,no_fire
21.22596100999381,30.975784199620723,6.956480270843528,26.79954679793998,62.65149464680827,0.7168248248136997,9.919748119443486,no_fire
18.541905206512602,66.36584062936657,17.817580937852803,29.62257820925451,22.589740717152853,0.38979384282081897,5.75629445358112,fire
28.67791348940809,60.56432389440897,17.744802670329182,24.95066957216345,40.447340143382554,0.32627204153703504,7.422059547414956,fire
26.981172376522256,45.04236209671133,17.408949701064483,39.002900375159385,48.50612649555,0.5283900095018055,7.676527941234464,fire
22.003315392881348,37.20030108201638,21.682993764539994,33.59686805207925,66.24816551395043,0.6643725031229757,9.05028646933365,no_fire
26.599599272332636,47.484905577677694,12.366077902671371,31.09070828833565,62.30415085507085,0.5850266354113101,5.559096767090052,no_fire
26.16217025441954,39.61003173289422,17.269995814246283,27.46669908278345,62.585632924214494,0.5631905528563264,9.85979497424832,no_fire
27.219135426893317,43.92314566717549,13.06908202287895,28.272107085170475,72.02526566340835,0.6182885339401398,6.1505090687137836,no_fire
25.132340727704804,42.2401882558551,10.01176982767347,24.935185886961186,58.91465190201029,0.577608995521155,8.46281289772937,no_fire
32.61280689959358,44.64026729470376,15.278504482967811,12.666203959529533,76.8643504372082,0.45309597055700696,10.002643845283625,fire
36.83565089459651,35.742594643009554,16.977338533176383,31.846984231932726,77.70110624920052,0.5287227790592983,9.250337870459317,fire
21.567851171111514,20.18531915631301,21.6178084601476,34.45315075943144,76.52644937858985,0.780461185896117,12.72537160085191,no_fire
34.39384987976453,51.16844233094662,18.71490483446208,22.346416863678865,56.469695401725886,0.33472017514158336,9.656322704152299,fire
28.676508060327592,46.477031585600415,19.82274330584617,29.5030263363474,56.507541026069894,0.47076905039676614,8.965652316909342,fire
29.66148122169398,49.377822802538276,19.74292723266721,39.43360759530572,49.66993103302971,0.472245112182349,6.87255251235256,fire
22.048766888260225,56.950790175935,19.86809692485967,36.765892987800996,28.755715160223538,0.43028933909986367,7.134098308829904,fire
23.914112981469135,39.36813643603094,8.550910104503453,27.11429323123723,58.34246803494467,0.6224790584924038,8.492139689403325,no_fire
25.16316285261791,50.05072429354664,20.475465578402833,38.518253805331646,45.1705600708284,0.5020792923404024,7.075175464760834,fire
27.80167773549506,46.83475202496942,16.8174547077268,30.12736844733371,47.5195894031469,0.453978404037657,9.27768151147518,no_fire
35.55909457338261,49.52516010838306,19.01802555720144,19.309338426879854,56.56074518919976,0.3016864201074685,11.092660886579035,fire
23.557649159020336,41.875505330295866,17.297978348205856,26.769837368735832,64.16368652139083,0.6000772792338905,8.71220042730099,no_fire
29.922905350978013,35.51879212723932,17.110000373656927,30.72378221941195,59.59061698783742,0.522869089976567,11.341908829710084,no_fire
31.08218805086261,50.43230478997167,20.464211991948734,19.13387617456658,63.90031240946222,0.3973047620687321,9.456795507797759,fire
27.138362901990092,60.24851338294715,19.12446705556381,28.223252526550045,47.99885031206426,0.40460643994363504,5.738251657381518,fire
35.38280526959712,61.79008562932907,16.5414556051143,24.912962317642787,51.131692496533574,0.2899411763619123,6.1170189475018075,fire
28.50333506768505,32.29607759535398,18.459796831730426,32.358836112958336,63.45370618495541,0.5766476875352564,11.522737315555256,no_fire
21.86359514298557,29.948047250144665,21.044676889572056,33.52901420182744,73.32840953466679,0.7291797143754593,10.19501098356218,no_fire
36.29266800016431,50.57925778812735,19.867765712197006,23.655653521655044,61.924801236103086,0.34004322511521157,9.241177698166453,fire
28.3490986685035,44.55034654534967,18.13120590988178,27.0873163654938,54.22242895181765,0.46296289564950416,10.075019709301941,no_fire
22.13660128454464,30.664257013164576,22.962657465053102,29.243647624879653,72.7692953638207,0.6820914370133899,11.478282227627327,no_fire
20.16675178338076,70.66089801311365,17.991456636221912,32.08762053779705,18.67879173012605,0.34636995445252233,4.644390052682838,fire
23.772533006430333,32.26387322959954,20.767809590295112,26.899517938712727,73.17047189482139,0.6539466445926327,11.203003040211563,no_fire
32.66263961695887,49.799548411208775,16.159063212516926,28.851267775569678,49.52451414078019,0.3807920566253053,8.845256013654373,no_fire
22.814820407724454,34.419101680473936,21.304373259773218,29.259255134663483,67.81317840422614,0.6438534841374028,10.741533384336597,no_fire
24.746630239148807,53.205862857858705,19.339856845287144,39.62583893168882,51.86890530637447,0.5507690231916149,4.521602023267294,no_fire
39.83299950819528,31.705883738876015,13.258424779910161,28.100735071592517,82.45742596701668,0.520292988113097,10.326926511486315,fire
29.919911789134837,52.34497624858149,19.182918364951934,11.735967414651984,67.02289235312057,0.3883122267639874,9.656987277796826,fire
29.83221183145472,63.25908402675431,17.748289790222312,25.804385636065017,58.688638636023846,0.4092587703797309,3.8263008453545586,no_fire
24.961941304885023,33.823056162152454,21.085539342826035,26.073456014728155,66.0914778768487,0.5853546332705504,12.166315902262385,no_fire
37.267065625306365,44.978462700021936,19.505071282171077,24.704204135966325,72.72079519449538,0.4099429723456577,9.260084610133898,fire
23.583902156897075,48.65126843124051,15.384274706960214,34.44913709409163,54.693672647346816,0.5872519626743147,5.763484196139478,no_fire
38.337679385984686,37.564560268596516,17.150603119197488,27.09370347552854,74.61714511817871,0.4535356897010219,10.456434387670381,fire
39.322877777398055,64.35355062012177,19.672246900611643,29.353854955633388,35.478652310331924,0.14598647538771203,7.779471397187751,fire
26.873390914279767,40.5434622870183,17.457873927598555,23.480165510338683,60.726457287393316,0.5137293990420406,10.889370235969153,no_fire
24.49110472722917,38.07097174156365,10.797248569592504,30.50416302535508,66.07255202597919,0.6686647576725662,7.541236809638268,no_fire
33.83529783895362,53.26067389625686,20.396536434512527,17.479512181761336,51.86762750305314,0.2713647131179712,11.06533831879004,fire
37.49039406127613,39.786982201103854,17.33325232240413,17.802550299558913,73.06329921674129,0.3924363084857645,12.036339351068449,fire
27.40820641169858,55.77457406742502,19.828062886821844,35.03317952307584,35.418586104016796,0.3805861701642233,7.6476009071731665,fire
20.193459434826067,29.862625040012585,22.28294875247218,35.910866160276136,78.4640015169329,0.7905765718428783,8.951240589665312,no_fire
28.686517597449694,35.668596015143734,16.953144204989577,28.262580866223413,63.15477709852449,0.5463988844558767,11.133651690460537,no_fire
34.47542180035534,54.89354860098497,15.911384329022939,23.015187214910362,50.72854573736991,0.3118251012047188,8.57078300067706,fire
30.58912053651008,52.68712990717606,25.888519588084193,20.58449548770406,60.45097518859518,0.35637120864475963,9.989848145136015,fire
36.88043526175359,56.232428437697536,19.78144186680594,28.1126690074008,44.78918382979363,0.2481897753520479,8.989729539790854,fire
32.00392116695632,60.67060244731293,19.02528075387006,20.679300630982155,51.46749519164074,0.3041532823000678,7.469159037467485,fire
25.06299829798384,66.34105521363756,18.545806540104365,30.317562115593624,31.576371716555837,0.34331573372648855,5.3186186724412705,fire
24.418994239608914,37.75125024920068,16.19167914489063,33.199163303186445,63.34226152577473,0.6404359869466096,8.558845275396475,no_fire
34.640294294079155,52.72945107410027,23.422896500468735,18.27194337241344,54.12565563104532,0.26066594124612763,11.47063437099551,fire
37.90754433495099,40.560791090624804,16.034172712741967,24.247819483937086,71.98419967546134,0.42585127551344654,10.24379458028743,fire
25.521663582909625,40.00349759712666,14.082855329327334,32.29559130850733,76.85856692165376,0.7003788864184552,5.752697132653204,no_fire
24.96226602787037,46.62807510903471,23.70712607316688,9.815968119023625,78.51825506344065,0.5034593365999345,10.522921126431482,fire
21.66537499107053,36.12300775262172,20.224774232528873,36.14180687911893,69.48390599816442,0.7148648607415102,7.977502832854177,no_fire
25.157024203105546,54.65004821445781,17.2459698505198,30.160085952446828,45.29444215592748,0.45724101019438745,6.8210424547475945,no_fire
21.68773801060618,74.19513215046723,15.57666570921665,27.100109187568638,27.616765253435894,0.34731651258207863,3.035174974494783,fire
28.078221794160143,50.78203808705419,18.372782028329603,35.25719870778066,60.958719842540155,0.5372273968550376,5.21276739563134,fire
41.04556698299542,57.76292117837707,12.046821862973701,29.243542353195576,45.12137517738388,0.23640594727400566,7.116415123571591,fire
30.676949571631983,46.721094240450725,13.362532181815567,34.71014547831167,56.77913071268918,0.5122362845506516,6.550929908427157,no_fire
25.597839284988083,50.52737646265116,15.66151894168304,27.49654867608672,54.27599053992199,0.5049354191761297,7.157046855690195,no_fire
26.138556495262076,49.4559075414774,11.657163021531987,24.984624002671936,53.195609555001305,0.5016197309086807,7.4643076029927355,no_fire
32.06457890288584,64.13943204516048,17.14708023653504,25.193446561007477,54.08066405812355,0.347586060073776,4.5404216635645085,fire
24.518326243469666,60.16071084617171,18.59819966013714,34.796141413121575,41.10133811011211,0.4491824936724625,4.802387447163942,fire
22.121009186065745,65.50541121683281,21.20892924412621,39.13584807013161,29.02001518805576,0.4142980132553009,4.096847704120626,fire
31.214357548650863,50.44522153399066,21.213353929319492,13.523132611944854,61.54182656908066,0.3427503208657914,11.269932590572825,fire
25.47326328819543,48.957328782220955,12.625252564494696,25.730502471992526,49.035347195623245,0.4885254324743602,8.181066167655526,no_fire
29.64681670170896,52.451891830022134,22.37666534746217,33.03409305387044,48.15692178869543,0.40030209325009436,8.139271830270616,fire
24.23966744770057,38.30231447304166,19.899537245970716,32.79107092951392,63.164504630068805,0.6163014989608748,9.263307674069232,no_fire
23.69276050939373,27.02465301533238,22.007699881208765,35.58146385288272,69.95975770781666,0.6982062427897078,11.610283028620119,no_fire
26.45806101693165,54.86491850186749,22.780301249845525,5.792222192197076,61.194214629631965,0.3421302070220479,11.369045401088332,fire
22.725700155470378,38.46866162238422,11.054263066363696,34.26591808698878,71.77751847179182,0.7477060308775785,5.519643051712852,no_fire
19.08764805020653,33.02221867060463,23.791606579676003,28.11848555879602,74.7553255647153,0.7202499927131043,10.448748412387951,no_fire
22.53902054260693,41.832501655219964,12.134211161442387,35.33027165698358,60.92191925408596,0.6808021205412724,5.999846639410517,no_fire
26.221656326287583,34.43101280250501,21.010091005310915,34.9807956610649,65.68335452106095,0.618607006435888,10.134518273225185,no_fire
27.105515602344404,61.274690270548064,22.804570007609946,29.600485856135833,43.76215836918056,0.36554569606211235,6.491848967595281,fire
25.856703073134593,37.53336878612659,18.139830131458694,28.695915734712912,62.35132111654859,0.5746231135669735,10.420566390555559,no_fire
32.59182135238095,55.64251599733794,21.535235828901122,18.9444377585499,47.059843995129675,0.2588737658285334,10.744907457570351,fire
26.437389978332316,40.150034599402886,10.119205069858868,30.70641327358801,73.68330314134867,0.6819453739301764,5.825087898851519,no_fire
22.97775772909211,46.41375112092567,20.47673659494031,27.118347229542064,59.35844107562114,0.552938000219891,8.478725678728965,no_fire
25.788661564364602,44.12869235352065,11.931883181320117,32.27933687875792,64.70383668207066,0.629613287176813,5.806354333533158,no_fire
26.348779196807165,38.00115689676964,8.48332020004369,23.64742852655097,63.49526007152432,0.5976762991756099,9.285885892202769,no_fire
30.588044317780213,47.94708035990959,16.02848652272641,25.249003011478376,46.76684963449888,0.37955819007409647,10.36711293629949,no_fire
24.81133840203649,41.3118794349121,11.506712063834414,28.945515246978815,66.65671099368511,0.6444817423234921,6.967573108545744,no_fire
22.384617863231625,33.497072925165256,9.389840466296144,33.75574800932783,62.712389521448486,0.7221207503848592,8.171788075900519,no_fire
23.77840348194058,36.600650135923914,18.536304291093025,30.049769439630698,69.32170861762727,0.6532108036828279,9.18107814222539,no_fire
26.86229797694791,51.66367530787102,12.165001317698023,28.014723140955407,56.58834382918396,0.5197477361865529,5.76283299726506,no_fire
35.11755345939417,50.64361929063308,16.616430552645514,18.247358041968763,61.74205412021123,0.3417120203249964,9.644970005178859,fire
33.28767735334941,45.136675555623995,17.947197510421873,15.302252999633959,66.9963216649462,0.38718700149304774,11.349166572354378,fire
29.63166338249851,56.49815812961269,17.410652077920105,28.537217087152296,57.59613805640622,0.4435285574650263,5.429463095411751,no_fire
36.511258970447926,44.98888439902872,20.294049702022953,24.65544089509649,62.147624119622996,0.35698606340609423,10.892549152412686,fire
25.711363647412963,56.26357884123462,21.11600292583624,35.907736379012846,42.44134352453356,0.44170851493675206,6.295111082626237,fire
31.820522144351415,54.48536998441486,18.285816247231836,20.86726076500857,63.153762811319986,0.3946944057207152,7.5054049839998624,fire
27.067461845051525,51.91330895018537,16.683630369965222,30.009964217156167,63.89665385800292,0.5428642747748945,5.1297591893270535,no_fire
33.9235570733872,52.29639432022455,18.530258631701255,18.993726601484692,59.27085627222514,0.3345347382598525,9.550267972350516,fire
37.74582533687569,45.691078113273335,16.300728022011707,24.945059404262484,62.15534023719671,0.3620066049538395,9.921102674725688,fire
34.88283345486011,43.60368468310084,16.69489863539719,19.652057982395455,65.60563136539932,0.3942985255562664,10.995869588925702,fire
30.248232101367797,42.093780043363154,23.006090960537602,45.45141270744179,64.227457743593,0.5832305212542281,6.447366456496391,fire
28.912821322650352,59.58479322992088,18.340712525659306,25.69078708799796,42.28343567260562,0.3368442977502274,7.453225152808867,fire
23.413300150709432,46.474618732497376,19.253048488265243,28.196332971707147,58.82645301165075,0.5572136698447337,8.089301116105785,no_fire
26.93744294949698,37.66126874082078,20.063600235809748,33.82436112356837,55.61856223498534,0.5411428345717848,10.745903588185385,no_fire
27.219751500866487,45.55109623512482,11.091523336858161,28.739303361941225,64.72819168980126,0.5874867819994403,6.1781784326786156,no_fire
30.55038168169544,35.4243180368453,15.353096514352963,31.477327538941363,56.71038471798306,0.5126686576447554,11.33672411240545,no_fire
18.902901870275862,27.690463768479884,22.964311443922504,34.07958177803223,81.19100572977567,0.8155468253489595,9.636976287203925,no_fire
25.495734115549162,59.954825675216796,19.936025526173978,30.23879127020028,40.253716977404984,0.39422785670773064,6.459722773311883,fire
18.798702870388777,35.13263755550098,12.54824485338706,42.30386449295483,52.82014934835362,0.7502634559844883,7.318850955600856,no_fire
21.624892522718618,27.035139238113633,21.282775772777292,27.023759941382874,79.72547044418579,0.7345797304394215,11.702831789397255,no_fire
31.02086854926531,43.80026906277871,20.14803583777085,20.651116521710925,73.2068348885775,0.4797111043832352,9.787641985537256,fire
23.388676812281112,68.49208129266216,20.212328008161663,26.240127941994256,21.139665879479217,0.26870788217684777,7.232987756220102,fire
26.85294558234786,53.16097474092395,13.522600169571728,30.936672665337355,61.623318690148324,0.5542465919088857,4.1524004531212775,no_fire
26.121965928813026,43.58342563067069,11.806011009760992,27.581494077825823,59.98981358139827,0.5712144815219578,7.777907123392579,no_fire
33.03428462914894,52.19033172784924,20.741859082555674,12.506158469748613,59.272622053592016,0.2946659959373388,11.426320286558296,fire
23.986607405097587,38.133865138091075,19.544637011182964,21.583643477307852,71.40469370587158,0.5989623567219159,10.573875610538275,no_fire
23.500343344249693,70.36679378672252,17.821233916978098,28.13186688492957,24.426918131043546,0.30617547483531943,5.218943661712658,fire
29.681921437112052,56.98694066385687,20.363079342330664,25.137596773514716,56.23396580146067,0.39531733886444426,6.889047537369574,fire
23.435793136831936,38.07929448012828,6.22022792895975,24.81212784268635,57.680806233753415,0.6287328163267925,8.975133014213508,no_fire
28.724557107802152,55.0655972678329,16.813335081769416,27.585026877957144,48.24837213854415,0.4061236048578529,7.238214058121876,no_fire
20.395779511656176,56.132173303278634,16.180547077076014,40.06657263853877,42.88665636655882,0.5784523513014732,3.54550376180347,fire
26.400363643555224,48.255703227085064,14.175432697117136,35.07728071664095,62.469569681500445,0.6010266548300485,4.725047103915947,no_fire
32.655561134962355,60.63914364095598,24.45182378707382,18.12842072611043,45.62236766457684,0.21407002969842373,10.167565281646493,fire
23.84767381103267,44.24039578796162,10.127624265749542,28.11526179151934,47.812653277049066,0.5481957032889555,8.576233376795942,no_fire
23.513189794751455,34.36710596192488,20.244453697288797,33.11717893939852,66.94416168659322,0.6589943704085013,9.868039524485967,no_fire
26.0365074767638,36.66590605341612,7.344008750172455,22.61627635545905,68.05744752056016,0.6317751401399481,8.995090970766645,no_fire
24.2877466854489,45.73052736688351,12.434232541975273,33.70378460475327,58.25388341356078,0.6173564559951241,5.818160361104057,no_fire
22.199990495643043,49.82186176533884,22.11478366100337,46.19659284377232,36.889895911936904,0.538566689714395,6.5461444734497185,fire
35.190931551461745,38.10659424697778,18.082652739745026,20.215921267925506,70.37323548142938,0.4267579482743847,12.26295209332149,fire
33.073000611256745,50.989292091968395,14.059571878112717,30.997283081195185,40.37797425315885,0.3459033946641982,8.929586534115574,no_fire
20.708653862406763,40.94167222244067,14.078386084314053,32.47330945129885,49.66082207762881,0.6181488349640758,8.768767414263687,no_fire
24.63553313805756,66.20881266718412,18.974758292605536,28.39866212695526,30.784063457112946,0.3311228115002112,5.952834159339443,fire
21.222483544004817,31.911504292461554,6.878773224872955,28.81620461851893,65.40503222819468,0.7427706378448198,8.731532554817083,no_fire
29.692859969379313,72.64154930770732,18.65282410894248,19.025595392110446,33.505110073418685,0.19718261277698185,6.264841590768731,fire
26.121569578577716,43.240613491083806,9.260079880205693,30.394427617042037,63.156832970983906,0.6223577096598258,6.2331965491319306,no_fire
22.33499529736527,74.3629923784191,18.471466012309513,21.52893839540147,18.423252058849357,0.2340467668420835,6.322566296805646,fire
27.59832945312424,55.48105153739307,17.552856114431407,34.285066473831876,64.3618262014874,0.5493904212472323,3.1872232886910314,no_fire
26.462210392627995,36.22531661084057,19.02288844128768,24.882574606354293,65.61682778583585,0.5585420816671297,11.50649610826549,no_fire
27.312074913157673,44.938770732138295,12.519030905685913,32.327639128772006,76.86955948937351,0.6697667890039927,4.071459048599765,no_fire
25.995695604025908,57.551036494166624,18.125746892127385,34.29686934815751,43.46150325250792,0.4472093218586065,5.507579866644369,fire
29.42747902970031,48.54492952746577,17.125310272308045,32.4121552074356,51.19776514319735,0.45818181435564836,7.945755587700124,no_fire
28.953707225676435,57.812616522784026,16.344497694597077,29.93195849472552,49.70844869255483,0.4207870147409262,5.532081103885326,no_fire
30.049939972008165,41.009714174802326,16.234639608084358,25.800246266826015,54.076314795860235,0.4496140444152012,11.359056339851294,no_fire
26.83889828562448,41.55916221774696,9.902539159779916,26.352061239292052,73.1875958022419,0.6435148730202249,6.457715278107196,no_fire
27.723265130607935,43.67969762316591,13.810317568869205,28.561026401225575,69.96064719284173,0.5973400791519846,6.692288058667833,no_fire
31.411435707805104,31.50787198828415,15.07626966989116,34.41091186651074,58.2665058498343,0.5391436897422408,11.746864367104068,no_fire
24.05652552079531,37.77929740372522,11.301335418169762,34.11143198839567,68.41666805320403,0.708559303800161,6.505654999653002,no_fire
23.869341181737383,47.66528799791341,17.175656055932834,37.38700470179777,49.68047052378525,0.5653931911801405,6.561189353939159,no_fire
35.74776418216941,32.66516724642037,14.901996531128862,28.908142965852498,91.97468198197862,0.6271091280903118,8.221599916425216,fire
25.816004883045924,25.75837448859053,18.352721391338697,35.001532095811925,64.22019792056065,0.6557773644207749,12.511573139025604,no_fire
30.108934769152597,68.31787327461124,19.623697942873157,23.701513356720692,39.717772458420455,0.26099543102422057,5.9210393601756515,no_fire
26.375842638969807,40.3119740592138,10.06442646035258,32.81615909929912,72.89533612108973,0.691467041893431,5.3833605699780875,no_fire
35.53419187551962,43.43465347878511,19.704650184454522,27.986142675863114,71.47770460564082,0.45221251228587483,8.989767508936122,fire
37.631160811700795,49.429919626370534,18.518618528801582,24.240216272684,55.668064224808624,0.299784047275356,10.294787908940153,fire
36.01511538150015,54.79711029661637,21.596454699546168,17.82432800201235,53.102471730808794,0.23679928514027315,10.860921669528354,fire
29.689236521938714,50.643174656603705,21.41843794137707,40.81793991346489,44.7838676636709,0.4398044364131374,7.227133067599992,fire
15.18730992787781,25.24419230582895,24.68835877716884,23.79266396924861,95.51141898009296,0.8834745836669788,10.5393283275586,no_fire
33.479749049003495,49.85372595228485,17.61005757944917,24.144128374235606,64.43867371459127,0.41421114406599274,8.13003031951638,fire
23.254095223851643,33.88912927628175,20.446643395179482,33.388943206216375,69.28568259879313,0.6777701709415132,9.620975977152986,no_fire
40.10270068555928,50.72489390918693,15.948310752666664,25.02024826841535,57.39832698740262,0.28915388636979733,9.235464039530857,fire
28.31400827497889,58.3526817792725,20.498540683647693,26.212828836445752,41.46474199103135,0.33510070642608614,8.225021703810171,fire
34.37749593771966,51.620547028266074,20.091916035117997,17.334440490403345,61.22608250549129,0.3210789686058444,10.253500498147039,fire
25.594503862535838,73.32359968985658,17.97009298144008,19.48510713029114,16.413627413757812,0.16737612645887368,7.760392471251972,fire
27.294029623459362,64.1325995695582,24.428224592871253,7.717638588267778,51.80393307213787,0.25418901916430414,9.798768186539098,fire
22.9920408999738,30.588182715705383,22.0945186118881,31.02441930042711,75.20983473387149,0.6994398855825439,10.664676723051608,no_fire
23.657236932382087,29.893402456424948,5.01560613900334,30.791760362952203,76.75219593475177,0.798875386397617,7.186069633022952,no_fire
25.32946755565456,56.478936027706126,23.261338550304757,36.35372605083769,29.462684055610715,0.3642804346088242,8.440908621473083,fire
26.019190316683435,57.666834812533594,17.443180554574866,30.23847453972955,43.03259954480637,0.42287135829350464,6.327267065172202,fire
28.84758789108626,40.456350260372396,17.022879219614644,27.849637842810665,56.80740790129164,0.49243173923242856,10.66513374263406,no_fire
30.73351848605699,47.2254553341006,15.076296812600336,32.508547752889974,46.553639705508715,0.4289692128405072,8.775819977877385,no_fire
42.522982521567855,41.91830495910191,11.38635359375536,23.583404881899238,64.84170821779419,0.3366726557160819,10.657674285302651,fire
25.362929456791914,35.33867385667791,7.308687907588027,27.43772754305263,71.3452892535274,0.6940567481554172,7.726204503358149,no_fire
28.729517253706092,47.46352074622774,17.516710477026187,42.34636871199486,54.67485427887596,0.5505561732669726,5.479234832917017,fire
27.08527848757918,32.73314193611802,10.01747159233483,26.809495916950933,85.7696411256059,0.7365378714868767,7.386829358133352,no_fire
28.446781402547,59.31420142218322,15.04369437398935,26.715165231065548,45.44874140134384,0.38797222549810867,6.075235800529778,no_fire
23.374231303345688,64.75577554241349,18.43427766994132,30.41363341607164,28.342010613961943,0.35587098771508174,6.029492151136797,fire
25.515999890949665,60.48535642990453,20.979471229202026,34.90871684787825,36.01787324627206,0.3917149700685191,6.062389784472987,fire
28.002679932154468,47.77411829815374,17.453343915208052,28.717414605912232,47.68851968925945,0.4368654442743215,9.43806050934998,no_fire
25.551852477138517,63.229754601358295,21.595439201810034,18.314963186822304,39.404847820453405,0.29571765557443497,8.63987542780836,fire
25.37888121339398,42.622717227644486,19.073482450632984,29.845471037583376,62.41083571749289,0.5698844755439479,8.646063641530654,no_fire
35.085467287283784,49.456981644685854,20.31182296683246,21.07190333348916,59.43645648839054,0.32840647848577054,10.493865733683785,fire
29.048210084419406,48.90257466815311,12.472517265678336,28.3194210283557,48.05574333200471,0.44706298067576455,8.200255901316593,no_fire
27.34596359045013,41.03418213731136,17.085513079397817,30.738624745955885,59.97288763948341,0.5485403148765038,9.156173826504029,no_fire
26.669288983536955,48.12687340597785,20.59009893916217,32.717818540776285,61.71636651034704,0.5408149288169302,6.816572035181331,fire
32.5029038223877,46.408595320895884,13.294254968068435,34.12130775139225,47.27982137014133,0.4294616171156708,8.422294739860051,no_fire
25.483001865027845,53.359563010726404,20.999651988010775,38.22774412206283,55.920605947516904,0.5436512905292232,4.6481904747303355,no_fire
25.36773395646648,31.122717673285447,7.087733432107088,29.326390041254168,84.84321047023423,0.7941368224016583,6.60658017038218,no_fire
35.63760199435512,38.58236872433481,12.938465403026512,26.436515215856588,76.06788583712732,0.5196601383869666,8.807771186485919,fire
23.82815383706592,40.78038644521564,10.168891222533475,28.488711589006524,64.6704862116481,0.6544249943195284,7.119480365117844,no_fire
28.616396986665478,59.47457266541221,19.091784475514288,26.76041177893574,46.82753920206984,0.36926026726603556,6.6904916969878965,fire
30.424389359589586,46.954211939279475,15.692891982137969,22.596538910765037,52.385901626793135,0.40162072835446644,10.37443995278711,no_fire
24.520036939468532,32.723877571685634,19.428831902347174,29.825474140231393,72.22045761214078,0.6623427886732323,10.339371938197322,no_fire
30.471142708200492,35.63799687089481,17.380525970918313,30.424058844105957,59.95930462532258,0.51300528072974,11.450108493696233,no_fire
27.10466658179155,35.92792351381024,17.707852551697158,27.392015245719403,61.833261610555454,0.5519538071989368,11.390862950595569,no_fire
25.543591734974488,67.90743759402027,18.695766252306456,22.167451751105677,37.44077215288931,0.3131170876439979,5.925166233631898,fire
39.66901772190943,29.255795985240983,14.815437179776522,21.572545458809923,83.81856194676251,0.4872275105606443,12.724109658339943,fire
28.28563137488429,57.29563389204709,22.747625879366655,31.059654465830864,38.35632759924214,0.3379741873574178,8.37899881154264,fire
29.046014449722076,66.46911877743979,19.008845059481974,28.380829963438657,30.796311024924957,0.26460569669951517,6.478207057392107,fire
26.422777289103895,49.47566517677315,15.714550107251814,37.81843427176164,62.01774229554504,0.602880345972959,4.097686417515695,no_fire
20.13382455608229,62.68938864798399,23.57339630650018,35.86213806029651,24.495603922571128,0.3918928561402423,6.653458928667771,fire
34.24888692233446,45.136886539373464,19.908539790084912,22.33686410222542,72.728228817956,0.4373087429816939,9.428804222878068,fire
29.56122559896969,46.28311994498952,18.58299448232392,23.779117863318344,74.34512508114827,0.5296952917007924,7.57210749814052,fire
33.205878613574534,48.76055100468828,20.86175345526604,33.59356568149799,57.3524916147448,0.4213313001143842,8.001235286285098,fire
18.58951316820154,17.767418692898758,22.13437686290268,33.97929287500755,87.59386448584387,0.8873347226242008,11.682283444444408,no_fire
16.928316864378687,68.73295775601285,17.124920616184824,34.74160096419463,20.673980531872623,0.4325535918188208,3.7337541988889953,fire
22.443981717576325,38.935986321764716,20.537236919550175,29.097717644661813,70.09470346849234,0.6533469681326434,8.77921156663304,no_fire
37.89099853930195,42.55131199001703,20.04297939102215,29.830807365491,68.80335345275128,0.41410312317865705,9.634953565152177,fire
21.38118012063537,34.40465400645982,19.319660827233243,35.88946300208042,64.97937274630604,0.7022745046997838,9.02156096233519,no_fire
39.560259332671464,32.86453010884474,15.965380330804003,30.47475543485488,79.17324162699146,0.5016937210775121,10.429051402695054,fire
23.930717781236908,36.10179036303743,20.22495742826877,35.30861433475865,62.35146851221267,0.6361005276523908,9.53662574218352,no_fire
26.7294798622538,39.78692117611183,7.778637300105943,24.174746115715877,71.10803244009243,0.6372215718942906,7.370285364920914,no_fire
28.8757975299654,43.79010924777147,18.958813008118405,24.495471940514683,59.81465723578797,0.46752944876335856,10.337902155869209,no_fire
24.84142200405173,30.279370956616646,9.458534940062934,32.05831353478885,85.19950892324015,0.8093530882047073,6.626056099823295,no_fire
25.532653195467137,25.30320876998468,18.358542167105078,40.49923179915225,70.04843247338677,0.7280852265987787,10.493844279022726,no_fire
21.02581407057221,66.35728158231194,20.952918275163167,30.623461528436366,28.464329735827583,0.3736318580885367,5.663395239344234,fire
26.05623249594806,62.771944678451405,18.782781840493264,30.148377384632816,31.250848145670773,0.33399871311082396,6.736539797187441,fire
24.318264500404798,31.782914058517374,8.316483644054019,31.78892509669886,69.9515758739562,0.732644955119164,8.14238113189209,no_fire
24.091643407770658,42.1687601328545,13.987438643479301,36.322710534150566,58.82863015593724,0.6403831345757316,6.575751934713278,no_fire
18.039288130537145,68.70286414605103,19.951233190302492,33.6446459175253,27.10643327200502,0.4287330948519343,3.7966963590382368,fire
36.44346920493743,61.135442907548594,18.882369164077634,22.488707738920517,40.06577255269646,0.1851268334071035,9.158589435613182,fire
23.07957528233564,69.5182732461914,14.828603252555641,27.59686316315677,29.58267618775854,0.3578551755162375,4.162655255539691,fire
29.435033488065404,64.49285296415869,17.970477847376902,26.89013941970703,39.01853041625782,0.30707278510226454,6.075681047716918,fire
35.4838169944047,56.432061866882634,22.70165551222712,18.29940335792115,46.0992461808813,0.19748733909106278,11.421940715483101,fire
21.731299251495788,60.79876957019938,21.959771605988568,38.96749440902027,22.429991490582058,0.39053258762659576,6.725021977143216,fire
24.503422318425024,39.302077113612924,19.754400240734874,28.56849365658182,67.75761369507214,0.6099412219716804,9.242523548313008,no_fire
29.696447236345836,55.80949804066918,19.76383759645461,28.014729502092223,51.583252637696994,0.39369088012376835,7.1654614795118965,fire
29.486624308354457,61.11061534746088,19.765996280413887,30.77519761503923,49.127028407482825,0.38579927580661105,5.162164537700797,no_fire
20.567638758829965,56.56697284326967,18.00077267445423,35.79496791789134,32.23415364435342,0.47775116149233,6.370844093256788,fire
30.593302494456793,52.033489945771706,20.51590193172381,34.120019772470386,59.50377391307562,0.468619582409975,6.08353194468733,fire
36.21049209365624,47.41860411119248,16.423570954029152,29.642504578799823,64.03139358213387,0.4191734125249623,7.8248836364442775,fire
25.394477517201487,49.53674730561704,16.905804622761494,35.397348098302324,57.355323879641865,0.5698111463217687,5.4364335980850464,no_fire
25.653359827379397,50.732418292661464,23.5596715730746,8.137105010682943,71.5461067132831,0.4333636600608676,10.683643292003739,fire
30.469319212462363,55.934452824488105,18.722433236025214,22.002101289140334,43.99553118689684,0.3080193767449332,9.51459455374069,fire
30.50028656447773,42.41239586020876,22.74491791905318,16.264695523624226,80.27773232163206,0.4882768441645891,10.679725967046592,fire
23.94149138464634,40.42187130074301,19.417732148277583,39.47211719828413,55.51754811832867,0.6165659910289372,8.029501156327585,no_fire
22.949789330595898,73.65067797378514,14.825472328800329,23.820060593090826,26.487635478424732,0.30769169596196727,4.144607553662292,fire
20.983098673441354,32.76680455529741,8.120794520788344,32.14322648238991,59.12308159425686,0.7222419332576511,8.848022181920818,no_fire
24.865347166412093,61.088297893337355,19.451259875101975,34.89641955630386,34.84720973581213,0.40208113467880274,5.6322435605326175,fire
29.291970895395195,49.264235992588624,18.48712601426676,28.25015793166344,48.712524605469994,0.41040078740108216,9.31048648881615,no_fire
21.871502266025104,18.32176974819886,2.1439009436234566,29.216389488092396,87.01961056339381,0.9214845714903586,8.897538800140145,no_fire
32.053918554653634,50.261220179343454,20.12707138829098,13.802208032278722,64.21690590176705,0.35386982260458605,10.753956057896758,fire
22.704606625576172,63.68130909653199,18.070752260751227,32.307815430907596,26.680068714182497,0.37337189141271904,6.015240348921711,fire
24.73941987606704,49.764672448256505,14.0362260047721,32.99921487801198,44.606263301732916,0.5094159127502305,7.100047385830375,no_fire
22.579656714166475,29.300341051627925,21.641237323737553,33.60738631280734,77.70116073726862,0.7417805207023109,9.963336815664624,no_fire
26.947265154863615,59.53037971352073,19.49862156610541,26.0239372904127,38.25859986541223,0.33894436631841673,7.96600150354273,fire
27.729941814921535,56.58317192450143,14.051600467419917,28.06894690696486,48.8413645928564,0.43932347964432783,5.831840180809657,no_fire
25.695689931559958,43.74290671085379,10.743259190968425,28.04652746870531,67.51488946539436,0.6284060259260533,6.226122395959008,no_fire
26.148341699708425,32.401493400827434,19.99278371193126,29.51271680741038,60.25076943949967,0.5667032250549782,12.62190212820761,no_fire
25.569497812763892,53.825528476890014,20.745199009149765,33.2981116633922,50.45054002848788,0.48124430387759176,6.399305158426333,fire
28.398444457482427,36.00655674688263,15.55061473373621,37.67192737650268,57.984413247457155,0.587633759876482,9.284091597142881,no_fire
26.7465127540594,53.05690859226826,16.61083211608438,28.14173738558756,60.04098585197835,0.511714466762554,5.70294835787081,fire
27.904272624062607,36.62093655907663,18.222713085621976,28.601270174821025,64.49991718863073,0.5576283348057309,10.714064672227755,no_fire
34.129482976617936,31.86588269552472,13.39509119417695,19.6152635669764,89.00930761270662,0.5876961433346929,10.517480305872509,fire
24.426709592780202,37.90700838274351,14.759000977007139,35.57985161680239,85.65676808342059,0.7881373881063494,4.365244244202526,no_fire
21.872036579658115,71.30752206780559,15.43328144825806,24.57315951027082,18.751225017542353,0.28787701048931286,5.847141469483923,fire
28.004402154864536,48.29136546000272,14.37035657304821,28.557464759601935,69.31347058744535,0.5736713057658767,5.465059262294404,no_fire
33.39005794977287,61.152339638401045,26.53402435558904,16.5969853138107,38.31116049815376,0.1390379062303852,11.975386602322716,fire
26.932518076515745,53.08352045166802,22.53605121434795,42.33718151170487,37.65666090719923,0.4371188658570377,7.00753177505896,fire
31.805888532039802,57.717181799550886,21.31542242156808,32.3914023549404,44.73194948991967,0.3369108513295937,7.171117145536038,fire
20.412080183175263,69.56890865063419,17.19341331445489,28.0987428156745,22.466247040896125,0.34675265344772976,5.2193029847169,fire
25.33826831102683,51.751905103344484,14.191697194162433,31.7591630306621,45.82003903463151,0.4932669472750234,6.683029225014928,no_fire
34.57727028855168,38.47097826801732,14.60479604722013,30.18782720431549,49.749582215154376,0.4018778842953297,12.071667904220657,no_fire
19.969348839508044,29.648963973354086,24.92894472163304,28.98896928062837,80.2114619546591,0.7456369563542158,10.886726561614761,no_fire
24.463463986921482,35.83460006655827,20.350464127856917,27.177846779892217,71.46088991855824,0.628560552944111,10.250392563577577,no_fire
17.723650227342908,25.460481501977426,23.538722194542647,29.027223747285262,82.78410504542305,0.8132336675000735,11.243132937034078,no_fire
32.11314225613371,53.05414642044535,21.68027859778897,18.76173582093516,58.65900317690803,0.3360244065312755,9.872015908690248,fire
21.244295154867302,45.82366740985047,20.252005229155763,20.798985749870802,64.89549559429246,0.5732920254860895,9.023775162203275,no_fire
32.65216734332522,41.48333174441808,16.77921676888354,19.510759146903858,76.36964110251105,0.492155834469422,9.83546408961226,fire
41.889721262486106,33.186254625982386,14.427840747595935,38.46310029219242,76.27410965737285,0.5087258625208672,8.904074742523262,fire
23.221872937225186,29.460384067376616,22.176531883353046,24.605863915122207,79.47336270749075,0.682519203825211,11.924915461736981,no_fire
22.949711226125714,39.41894823065378,20.159565823523636,33.77681714232826,66.96449864214557,0.658338522842622,7.996812701787827,no_fire
31.135815732680378,54.38895440791188,14.272671516997105,25.73254374824511,45.22481527491754,0.35855654424632916,8.117831689404152,no_fire
31.103990274678328,64.59414277300667,21.286228632408623,20.19449477436043,49.24324679326297,0.2781004134825988,7.006217124726297,fire
31.021262758980665,65.21035671546498,16.303315556027737,19.66306065316459,46.97241650500594,0.29086810775465005,6.199076313817678,fire
35.234160306774925,38.696741560387906,15.263341241903001,22.473072276087926,78.46969295732245,0.5004699471102926,9.767430793756535,fire
21.135181832856002,15.129485832196199,23.726370296105106,31.741642860304378,83.7419148144627,0.8118134958711629,14.296210315935584,no_fire
29.158231233376952,48.94169327333799,16.340042556185896,32.478278989563464,39.199119156404315,0.39890993188840945,9.370705213519388,no_fire
26.52466961971604,52.53328176651202,15.718491093552334,32.648871429168345,57.63648415497837,0.5362774227966305,4.968298318612646,no_fire
31.71472549146128,56.55930621742229,15.682799730184174,32.87851273278253,37.87285090149082,0.33908787666968276,7.237076933093524,no_fire
32.295306455945955,55.21444702530269,19.1836243825915,15.496496919076618,53.85487539969113,0.2948396847550157,10.13552881420919,fire
30.127590638380482,48.87046992964163,16.534250816034877,23.618724285160873,47.79140251133648,0.3765064894175173,10.339663265879167,no_fire
24.981527612492393,51.42457704131118,20.740766983638295,34.66490759246513,41.47348281532711,0.45477165097218986,8.09894057021003,fire
24.85092639482425,64.18466309572455,25.53048258695863,5.279194748355836,51.89040568033863,0.2691937950690888,10.23253901923169,fire
31.101816260299923,53.70797585954763,19.129944103376868,27.677131307675843,43.284550958394576,0.333649292695707,9.19909960026288,fire
39.83009578364262,42.939219257888695,13.860890981278477,27.080992341128812,70.11972515833133,0.410752746379517,8.903594859842961,fire
35.5569854383963,46.43497411298851,20.86101011353453,25.192571977998107,65.5919458831238,0.38654790119566435,9.786772695956532,fire
24.908954657589604,75.86621056554198,16.28528798956282,22.155441805464555,26.81011700635308,0.2554059216899415,4.344824579757141,fire
25.285829047712433,44.65034513612274,16.262281510503882,31.05515799446702,55.74388720512337,0.5524343984608716,8.092065117167474,no_fire
25.455356241009543,60.09821084056661,19.786148550980393,30.25859999300978,40.97350687816608,0.39947300305687694,6.265682329329851,fire
25.50833602144231,52.48024281557409,17.93480906668189,38.46275179885314,55.485915440218776,0.5626857030222008,4.29463852968789,no_fire
29.22218736855033,50.4723416328535,21.500880103436547,40.219961682792025,46.20989067068593,0.4509927905310162,7.163303891598015,fire
25.74161274977026,48.26726918017323,14.55572464120803,30.488896878912225,65.11009383209765,0.5947700912536189,5.379813051772982,no_fire
21.484875415488094,56.679358734666664,19.864366612017538,37.206214087418445,32.42713122439573,0.46274230924512255,6.500616186553703,fire
26.191678440297178,48.94378905084977,14.413621773372167,32.020398304095814,66.0822335116228,0.6020562463527352,4.697430983106736,no_fire
20.025292034579298,80.97323935077382,14.381713170496504,21.5340307879987,10.037761397102265,0.2274481559237223,4.256488728192532,fire
27.039425049849946,43.27301255822657,17.236458750008083,24.547464547299178,58.66431476004834,0.5002253715206854,10.047215754811845,no_fire
22.011343727759357,67.7114951522488,17.455911671461052,27.82422342928638,25.358342539043274,0.34098544561197697,5.725003272105637,fire
34.873323744500176,49.0109067981453,18.9386561060684,6.657256661064196,61.751872274197304,0.2640258608241511,13.296530439318175,fire
22.79559497721294,65.50490918817628,18.463258351902095,37.64429457327367,32.39032945494208,0.429976557332832,3.453345493855293,fire
30.860512977162326,59.23677129121914,17.201092559177194,21.453653772778413,56.13518298319362,0.3667321496870309,6.52044524150853,fire
23.377513992547335,31.22471497088998,17.876494152024392,31.35454614297297,72.01672544674338,0.7009022061070893,10.014284101393116,no_fire
23.311166967615264,60.79290453827687,18.315733049883253,31.23342483927663,24.427740720735763,0.3514713344618392,7.656649295106996,fire
34.274017632693244,47.973277222141206,13.398346154036645,34.97599584791433,37.78754385090105,0.3504102305300087,9.386528569108636,no_fire
34.61237130946291,60.67136546941528,18.235001516154142,23.2647908797671,45.12028532974467,0.25055939000392646,7.996937197101267,fire
25.843969599252432,32.730261882494304,19.391515678949762,26.464931047214105,67.62461385983536,0.5961869490210873,11.961705171526587,no_fire
20.677460759734032,23.408836574376092,24.357482199427906,37.67993675106431,75.95595020506354,0.7857435352017963,11.490753262181578,no_fire
25.365233688724807,68.01895259441689,19.138837353051393,26.17223588797841,25.5129126588271,0.2709888488785238,6.796415453310649,fire
36.42113596118759,29.153544073793682,14.80746483978657,18.714471533720243,84.94106227216028,0.5243226173435414,12.806648529287251,fire
19.741855960040894,29.963875025221423,23.093339865273983,31.96844096273404,73.24788269259375,0.7384831435404005,10.706976625086684,no_fire
28.926639890470025,56.06422646531489,22.027631206229135,13.211562404262377,57.339989169977436,0.33120418635454163,10.019550741661668,fire
32.334290778753264,57.21037348508966,20.796812547782775,14.773950976765565,57.988984702979025,0.2980167406981822,9.398297003192804,fire
30.121546758164808,60.645217160451764,19.378558135887726,20.735445377481238,54.07458133638637,0.3450864685528173,6.898690270069885,fire
25.07572201183119,45.2781232565022,14.136525299613202,35.666031683155,66.12197404682313,0.653180511871498,4.818034550420252,no_fire
27.910364938479407,49.077165562681955,18.487933337756996,30.844939211453802,57.76899920763671,0.4983387660441193,7.248798511358744,no_fire
27.041069109187386,43.51492671423581,17.049530414522078,33.46659646292804,51.958028760986835,0.5186227528378733,8.864952539343085,no_fire
32.359277518834034,46.58499879429763,20.95566010631949,22.94597996653742,67.71089839060669,0.4309985351538598,9.528978923489031,fire
23.804832537071853,64.17356713103443,17.65788541787461,31.144518651846607,31.967979437551666,0.3804760883004694,5.407012853393491,fire
21.514172767597806,23.201495044548963,21.67296384307296,30.921254911158435,78.43131285830592,0.7613973147559527,12.294139145254427,no_fire
24.293946732383887,38.07422007881314,20.051065089320193,33.77244827575487,65.55307289556373,0.6347190281177553,8.797463002512574,no_fire
32.839035044941056,64.25975885724559,22.429926993599576,16.820483198784952,41.237305225547445,0.18064204360072617,9.55029319298805,fire
28.576149841656548,44.085351714344256,8.412607615992927,22.895249989364057,70.29097865911906,0.5817999496698012,6.791053959211704,no_fire
29.60849895903719,37.509608276318566,17.917413552340204,27.368619094069448,58.308541813279874,0.48930520849216164,11.793296185148215,no_fire
25.738680043449506,51.52548733602062,17.40065997229278,35.73524941594019,55.39047863831384,0.5474733547985621,5.161720612341965,no_fire
24.39929732492723,38.715283836426735,15.792555465213454,35.68244906374039,76.8100017940474,0.7313585143508559,5.602779230452766,no_fire
26.371717954000694,27.86931715938519,18.74517086847234,25.904262590548637,76.26506220889357,0.6502793571411623,12.3111211094515,no_fire
21.405020563228696,34.40575569183254,23.252404588350707,23.2896722290706,69.59779465414535,0.6262309556455983,12.078836940081043,no_fire
23.07634449623042,62.699450589255974,19.28543104161043,32.26260331830856,35.548372848762696,0.41278705333367177,5.340098299526618,fire
33.75492537955029,53.850244313027034,11.587278959325266,34.81511030908345,34.06515615549981,0.33090289406329976,7.632081896775113,no_fire
21.558643329483928,69.06270049302488,17.953491561175014,26.31468444906063,28.790900272410674,0.350943244184256,5.176403892420775,fire
26.192981832582465,47.616513068735344,13.914507957902183,30.560326960727203,65.33351869226244,0.5952916813042325,5.464794760814445,no_fire
22.185393103707746,34.35456869862759,10.65907385473795,36.53516786702652,71.73229863772136,0.7831381524169714,6.167042380971708,no_fire
20.42586435194015,28.834463981787252,25.9574792017573,30.604126505139014,73.4003053774941,0.7069353150006175,12.061060193934628,no_fire
36.46767958521593,47.48703115964088,21.06885468495425,21.060469169854827,59.48173028008209,0.3089607059779631,11.470417883449043,fire
36.395431886262244,40.23845696351894,19.24676617857861,18.236617136801453,67.29578113734246,0.3666482771053594,12.899006568654386,fire
36.950619627104544,48.19496538516415,18.38234885086175,26.324476034690328,57.332329010320294,0.3363672424351072,9.84411512170871,fire
26.08942111980379,46.95134316133401,13.927378386574171,31.673231795041175,62.133946821163235,0.5875743694102642,5.882703641198102,no_fire
34.35811461183819,36.987441792729584,15.426487455399801,23.83038078303109,80.80509114975361,0.5387254205309133,9.57433143989443,fire
27.398640536621134,61.73870762147898,17.804899869303448,28.316846500813895,44.457424324005345,0.3851694773778256,5.516718323085998,no_fire
24.08017660478098,34.59711343625921,10.654661334056364,30.42888263049452,64.88022356393323,0.677919502754007,8.763608871244339,no_fire
26.32759682205199,43.9021767819312,10.321429151043592,21.954699580804775,58.27186982016208,0.5313341042810378,8.93883301349496,no_fire
18.646273800145277,33.30092508057504,22.457557054469444,27.74317544014276,74.57909654822339,0.7305578925491327,10.12915371350019,no_fire
41.09379293949266,36.081007041775116,14.746113042658461,33.579162465207425,74.18042947216757,0.4686620932966554,9.368184713883558,fire
23.48929785900484,70.71204498103268,17.77247710581889,23.76468477005572,25.764494411832576,0.2859787032368602,5.905028787446448,fire
35.08286240028815,56.21051544440408,21.73968452893593,22.449733493012964,51.45394087568675,0.2655431938930626,9.488496711916262,fire
23.673248710494686,41.998604970124504,10.357530398452825,26.35816602702885,48.61053490957669,0.5490682288271138,9.607937776876181,no_fire
43.29782710102462,48.347048949473646,15.936159949469262,31.526614591345698,54.731437229051465,0.27378415029159087,9.325020618562059,fire
21.63835536617954,37.523163155494586,10.318427308292229,32.43602062570507,56.664505136584395,0.6747045629906223,8.171116531661491,no_fire
29.99529642052867,59.03560818830975,19.09220446320448,23.66494445119175,50.91451722887354,0.35356947990301385,7.128963896098169,fire
23.099264525025685,36.90459554843888,20.50152190070192,34.15031065564882,67.81799890619656,0.6680607257053028,8.684726537936703,no_fire
20.608092311995414,59.84837486894365,18.560014792164488,39.739169604433215,32.383262638004915,0.4903351896794022,4.510778952191368,fire
24.484475987817845,50.259201564300014,11.625437854246943,29.211384598679295,37.78852266340473,0.46422519566772885,8.274594447272271,no_fire
29.9506227177086,50.530051886273995,20.80468354465686,34.021013180485156,49.88083450918379,0.42604824011076753,7.982733646152723,no_fire
24.78475332602914,43.50603236721365,10.86628652038947,30.01948725005566,66.78436170237819,0.6500666086065561,5.857685494217285,no_fire
29.04111863968947,55.80258060906213,24.844868521624555,11.969200846693157,57.905618575014806,0.3091101418037573,10.918666479199224,fire
22.97721234021438,39.34432142882196,9.177564608318987,25.65861288252239,52.85527439065287,0.5929886184304678,9.650245906085264,no_fire
26.801842205574676,49.78040733782677,15.804112344600185,35.55660213416436,69.30800212465873,0.6226417751771134,3.5156984314498465,no_fire
22.559516567394184,42.019967279215905,11.377793613866421,28.76205222746795,53.603205411611434,0.602519085483822,8.375336358466695,no_fire
29.188226551465203,65.54924570643927,17.595603002069893,7.594757453505836,53.743672364381766,0.2723771141483166,7.896082403865639,fire
32.968018056420405,56.113166915662774,10.634574553457284,33.85207931564201,33.48600343709432,0.33278976841573793,6.904212251752388,no_fire
24.959451628141842,42.92218218823169,10.937117962893277,29.12616495170878,68.58303595678476,0.653155383254878,6.024250952602419,no_fire
25.480022795883677,37.80198519943333,11.39925329161986,30.923249694729133,70.16572635921017,0.6767022373461578,7.1889855840166215,no_fire
24.6403666766249,54.2792612148974,19.16576945127683,32.69222916766443,48.9612859451601,0.49097538224962345,6.152120429235336,fire
28.38699989702606,43.49816088254204,16.0154265435245,25.41232474347764,56.01530470104756,0.4772932447482769,10.091052176627352,no_fire
27.52795788601478,44.66018035703942,15.188994215446263,31.57643349992088,74.00506169626682,0.6309196572767835,5.351586098030976,no_fire
26.534155554530667,51.49103800668949,15.821579725000625,35.60285469614141,39.64821203635303,0.4559986203441863,7.299768339381341,no_fire
32.75091499073978,56.62028280155047,20.37744573368541,17.282919868273524,56.766290677921496,0.30466833863267007,9.157904310693116,fire
33.85076811094991,50.33952723805241,18.14617271569345,33.07367598734578,63.80163195098532,0.4562738447757349,6.174884681577135,fire
25.811617491112802,35.595330836480684,6.358773906996087,28.77687965887469,80.79849413030095,0.7535597709911401,5.8001515994904915,no_fire
34.486378354456896,45.90510744770397,17.971573224407397,14.863218741435983,69.20832395858433,0.37678911372032736,11.045313177590236,fire
34.54817347434995,50.513457774758066,16.590163908225723,25.289957472345307,61.80785438557515,0.39491706300827273,7.971618447593251,fire
26.910279414681963,52.014567095440896,20.180111460241815,34.98707002154078,43.84226178791995,0.4430596238445498,7.629153678790035,fire
28.983089174248796,55.22325962845346,14.85501840811755,19.524866877833112,49.89724922145638,0.3723806650843725,8.421482510206237,no_fire
15.835889546642566,68.87600890870773,18.109483706768287,39.08640647529549,12.166307741704443,0.4220271007365476,4.002353911026129,fire
22.34466047365379,31.489314258692104,10.8503222658457,33.86886647922314,71.65993162188236,0.7704363658951854,7.773922158257043,no_fire
19.168212783765256,24.728010321032954,26.571649351710818,25.100339000846045,91.11179731603124,0.7981447154233872,11.99295634940199,no_fire
22.90703497356371,44.762288523371836,20.60575047039766,32.22058667893811,61.733782181288674,0.6028128500237839,7.500624107795752,no_fire
32.44470557046709,58.227038309501424,21.747474011324982,16.280577514439077,51.64160634650236,0.26185420420423644,9.877842438810847,fire
25.504375050244867,44.914595551549084,12.571396769205768,33.17494162775813,70.23162976840479,0.6644906682869618,4.628912029519121,no_fire
21.165033754735234,62.93468315105069,20.7979846134809,31.01121710847702,22.529548684500043,0.350958255944049,7.534577115822571,fire
33.529842368779114,45.156210064441325,19.609168747075113,23.77974373142026,69.77216903229936,0.4421296829760622,9.365237119795948,fire
23.784379166703776,39.638809798687326,13.633249943418573,33.48704427186275,58.04949145423632,0.6318911770398867,8.039351842061937,no_fire
28.11431338891176,51.26553078168341,20.190671153653707,35.22232371673994,48.79520623595772,0.45634884490168875,7.2504310471328335,fire
24.683138715454966,35.45193368332055,8.537873991883698,26.064987631211057,73.87317215653378,0.7022507231644086,7.801097782290539,no_fire
31.660113442759734,54.373439697676446,21.812336526047204,9.538855184065902,57.202185580727644,0.27278840306880897,11.754653256456292,fire
27.615380390075767,28.361532236474726,18.85753865059724,28.28826433977964,70.78439160278087,0.6139377889440869,12.605429007620906,no_fire
25.59536559226207,54.446929726760146,15.442953335737236,26.778316364279906,40.75359831820945,0.4153600343340672,8.012993392317489,no_fire
26.250364181317273,48.764465155338755,17.07693386534962,44.422114046925884,48.12040864737974,0.5626616900498222,5.120470344514033,fire
28.26773120957203,45.796557620509304,21.845576456354063,6.76953271172845,67.32305853550751,0.3858217375714517,13.198502679462905,fire
28.11564879094979,44.83445743773976,16.709708013389932,35.13728445977644,57.32775297183033,0.5415365950615105,7.338182735205635,no_fire
24.76598254442417,33.077160346149256,8.441348446229368,26.44541026381211,72.60522585823581,0.703317257093091,8.65368932513179,no_fire
35.80968975717322,44.224856903498505,15.902287924584115,23.490777299784337,69.59881858356778,0.42975915018802713,9.280929896941458,fire
38.42793954798884,45.783606778976875,15.656250139229778,19.523322200722934,67.28130752044113,0.3503439308942997,10.340261634883248,fire
22.577965650481417,62.65661018806831,17.028432670189012,35.26945224109647,32.240822924169024,0.4337586671201383,4.603322652260052,fire
28.061293807731097,48.82998161639367,15.437356356407347,32.03100304804016,51.09136169363377,0.484652571059697,7.414506536398049,no_fire
23.11320395558983,26.927009199951996,18.486052669282,31.380549423445824,76.55142247431186,0.7385186196469458,10.811981779171068,no_fire
20.774703355172107,74.08087929513303,16.96500504395024,23.93744410800275,16.551288054793613,0.2713662919967479,5.603290213501461,fire
29.74110003864828,59.674323809752295,18.053066038961564,12.936488345655738,54.03732338198463,0.3123819597345273,8.680082018162386,fire
22.721843183435475,52.32851864129792,18.66762839893867,40.43837423562585,42.74999603787539,0.5411809109201053,5.544025039886619,fire
25.99755162774845,54.85415413023985,16.665065604620654,28.65712466230269,48.21135571412197,0.45457897428432864,6.662534053478584,no_fire
27.16971248405785,62.797321453956286,20.112902382777865,33.09233986766651,32.33464187658791,0.3339770287184538,6.323345430624584,fire
25.34039844549362,58.039347270701484,18.030053644070417,30.116935251306955,46.09646275603989,0.44491002547710373,5.815662901265181,fire
25.178560231050668,43.42362291567842,11.09301299969264,26.71141399920291,59.98425212253924,0.5844086649165037,7.7512170775707,no_fire
37.82193145747752,43.67548227864761,15.614904934530816,32.60015701430728,71.08855170969431,0.46810909730426103,7.351434131424911,fire
23.623221812813835,40.886846963227406,20.29200478866352,26.019800676455542,63.87583810217389,0.5779371078186007,9.88801511454171,no_fire
28.269432614485847,48.78244214822081,9.692447237175399,24.286422632267822,72.62905176283324,0.5878227954345936,4.847178631024011,no_fire
21.17139049496729,37.192104903149996,13.215551939907904,37.30932383558786,54.91613132120452,0.6861018027174339,7.962934706918262,no_fire
32.72109007546442,50.2355878586999,18.459208698715997,29.1899822108051,58.42605778914789,0.41721092120532843,7.808971000142998,fire
17.751324485476008,72.6440842574864,17.57688209772766,32.89580328874154,19.141604305122225,0.3869380622000673,3.3371884155826272,fire
24.797562086125875,43.77103121327289,15.305769354074384,36.80326816187661,71.43422363968463,0.6913975866158022,4.4658584389025044,no_fire
30.37239126818421,51.96138969084872,13.70589925299405,26.180429374384126,72.98052207639667,0.5381151256417309,4.474526766836882,no_fire
25.168086669903374,36.13939285365764,18.614561942080307,31.841727940811378,62.047315915686525,0.6037587446011867,10.195153054866758,no_fire
24.46685784796169,43.75759432664374,11.006838140069647,31.61722204278563,52.37111664316387,0.5824923019840373,7.522203258856808,no_fire
28.008938058225393,41.18334180997032,18.436151673830494,22.584990291077123,65.46731183039908,0.5103469403162519,10.552212358836936,no_fire
29.38340189134435,50.32665986453419,21.612035341685495,39.14683813806979,52.05194284299121,0.4743832069282089,6.640712861117654,fire
25.330409272697672,56.272595819645744,22.75796423336227,31.720070144645817,40.71385680894281,0.40195068017543045,7.807942835777076,fire
40.99751120992275,34.866155885343076,14.184789195737576,23.622963090432872,75.31580899252091,0.4210452036720474,11.752348341687837,fire
23.06004701842088,59.03846355533287,19.112755579508097,30.31271247709029,35.01719281075067,0.4088892942670542,7.004115765715909,fire
31.594664914584385,57.242214472497665,21.29105789875569,8.826083419166078,49.80528310683584,0.2231349269669664,11.970102014275874,fire
34.99584965831666,51.99202424401163,18.609437816960178,25.008533329411282,61.85914157843012,0.37091943053354576,8.042861739297953,fire
23.772814526331285,31.049186122261084,21.306111299014148,28.622830253517396,72.4880101477733,0.6610000985667146,11.410689199466292,no_fire
38.63679116731723,49.92661987638044,16.02322573359471,18.539597700992893,54.76246387182434,0.2575501265381081,11.190321448381393,fire
35.47989461269016,52.21015087588127,21.39699770383456,12.173349071114085,52.46712161470747,0.21421397045711393,12.971996742585647,fire
30.89475646646761,46.529996078611134,15.091381452033135,24.046985082483346,84.80951580291176,0.5899812433795042,5.3286025858940835,no_fire
30.004692217899233,48.35771700411641,22.384615636466894,28.526046070001833,50.65235603919686,0.39198282980688137,10.174212874866418,fire
27.83062100046597,48.599236730421495,12.187342423543832,25.527833361998358,60.71647520791418,0.5212004041829157,6.846677137920178,no_fire
29.743819689357366,53.833958966400274,20.997102092483242,21.538450568183272,66.84926295260733,0.43630870383433257,7.306716799841109,fire
23.509830963798315,36.450832849723625,12.836067352514595,34.051639136315636,65.21389640250882,0.6929811757651303,7.669299251297355,no_fire
26.84042915922505,46.55211796749141,14.562858914424309,35.64698297775192,67.42682568164871,0.628166889153559,4.551066736775851,no_fire
36.915547129591204,47.6922819011468,18.09061183917133,22.31000270683783,62.18478172823582,0.3421489554558749,10.147752032595045,fire
29.119640983992173,60.60633586303962,22.680050376453778,12.481408367612971,55.59093331602068,0.29779472802306994,9.152226668771156,fire
35.10658312397952,30.0209023799071,14.429363327435075,21.9564504963485,84.33185543043182,0.5605019544301952,11.612467088292297,fire
27.39722058509241,39.21586341039807,17.757331842447897,33.897082603143495,61.74748376886775,0.578398366596941,8.899656663818861,no_fire
38.48040407468266,47.40358474653216,16.561320204970652,21.481080993942538,53.818309917562786,0.27661683898215433,11.554636748101426,fire
32.0767685447106,46.33563587374151,22.064862176365438,38.10099825406781,55.9538569110509,0.45789542021225094,8.049030613214835,fire
40.655753335041894,44.22571816994218,16.956582809128683,23.445853126475754,62.0365394080121,0.30888460742696244,11.288832763328294,fire
23.364904700016652,27.379516040089133,21.052668440848485,30.383008720141397,71.63384766504477,0.6847198910892616,12.200091793541096,no_fire
19.998168662200346,78.49889096422334,14.164494825203453,25.76403618460277,15.91167367328467,0.29511331323935974,3.159824682899725,fire
37.49399083970714,47.52137623431619,16.425943962559117,18.520909461983877,60.77133220501924,0.31226792057828356,11.0100791271845,fire
37.53262663392374,47.5049392102481,19.365129711642197,22.622159463712485,62.67018628582295,0.33066834604459955,10.418214080784574,fire
22.30569667094398,35.42265508395212,11.181814269972062,34.53577807718007,69.7083966682502,0.7515833170662254,6.710527932119207,no_fire
38.141687581626684,35.761399861709535,17.604496298751148,24.978316097765198,79.96681612090426,0.4754871540603107,10.802743935990852,fire
32.052392814273276,48.70899419255075,19.350875097527364,9.105975003675768,63.13412679537545,0.3273587652018921,12.32929146292604,fire
33.867896146582154,36.24816206626315,18.990508376806314,20.18104203243395,79.3965914129312,0.4964876646654753,11.548611140935286,fire
33.846556181803805,39.68609408242678,18.472923929507978,25.827175079833488,77.10527654987216,0.5128135880209129,9.369793159318023,fire
25.868316009010265,47.017876763561006,25.254508962135716,7.771557046067931,72.94523120223306,0.43589401175431625,12.142067868589013,fire
26.84822603273299,46.764215435983814,17.718796320932878,28.529240099884163,51.29192608803632,0.4742327098639819,9.173227612824022,no_fire
24.988332031893357,32.02556225555939,12.121521127597546,34.058876253250126,86.43010253338238,0.8061391845329351,6.007137606381593,no_fire
21.741681111748555,21.621898640226945,20.952819191659813,37.17146967688649,76.75972054672931,0.7961064686225194,11.486296206443606,no_fire
30.980092570365493,58.49130047892636,20.64171056262253,18.049368987137353,51.31377255939171,0.2985778172332447,9.000591814323924,fire
28.70628446017612,58.46541859373876,15.095258308265228,24.596507031980476,47.99017971623943,0.387163741535882,6.5069842432845375,no_fire
22.04787078015835,25.61760292151466,21.86003083465723,30.36431043632914,79.8592483504752,0.7503181712483471,11.548310819384275,no_fire
28.04407178897597,67.64318477441554,16.430395197958784,30.905679531428692,37.2289424020217,0.3431985263605354,3.888059427283655,fire
24.00715279512503,44.266843443520344,10.539291967543313,23.7267563817977,50.035508436472796,0.5284558845885035,9.359653660130268,no_fire
29.378868512947435,52.27894435458484,14.393488143013782,25.94843603571783,64.476382092591,0.49890032793911077,5.691523372935439,no_fire
25.3703514976296,56.27624073236724,23.08234836449507,31.715254236234998,39.71283328629245,0.3938054354106347,8.02973824402984,fire
30.426064365995707,40.080232259977436,16.09591726492933,30.661693062003863,55.46534249493168,0.4854270509824014,10.354214770343797,no_fire
22.52255778661729,68.45056640281481,18.763266885320792,26.079541888904142,24.501901255093284,0.3080363054751957,6.362500951154257,fire
25.640810490446995,43.34393377757108,10.666670532921845,26.49840596010873,64.49085053288262,0.6041749925575415,7.133391739104664,no_fire
27.413839261520117,69.35342211179166,14.956012614561445,18.49397725683353,39.79785847650476,0.2936519983056268,5.42141667212868,fire
19.80528161206724,72.72361942361684,17.08644313156275,29.343623597805077,18.887140987257816,0.33551650170318637,4.34280766092046,fire
30.414243801288055,36.795012087011614,16.208053228247003,39.789396008667524,51.397309176256236,0.5279497925456353,9.928378178001019,no_fire
29.04571676437866,50.581302301454826,19.314861248681826,16.90060533196138,52.66504477455404,0.35707075787100734,11.061068986753297,no_fire
24.8760392044708,51.820148287601796,17.253441953323946,36.692626199941806,48.76500177134147,0.5292068101098971,5.675786187444351,fire
27.91240618880928,58.14885044053118,18.193081613111374,30.433437035390156,64.17055194029467,0.5086402226910116,3.424709124938117,no_fire
35.10642004716766,48.89690436170676,19.68430369431773,22.883864991078045,54.26341963160081,0.3156095095900443,10.889449719808532,fire
33.36825066187631,34.7436828533453,17.325318733632887,26.175657868242702,54.62292751452397,0.4163415215241665,13.885406491061778,no_fire
36.63999986019988,60.66461824627308,22.565298482352585,22.488029290325315,38.976814757954344,0.15576621588052147,10.277483951924745,fire
24.709870782246643,37.72511388284259,7.988132381713407,28.0763541203841,69.20096012385135,0.6852456332249528,7.184598571333529,no_fire
26.65075272294835,56.880315977030406,19.558892131176467,32.12195271633675,56.345014430597594,0.48951169030741154,4.715512020634582,no_fire
31.531111613605947,48.92393072902932,21.524044007750362,16.823714793247984,68.81332482076883,0.4016507470821402,10.033792294175482,fire
32.46156352066495,51.790629055532946,19.262613185691155,14.988437788502445,60.503102763671514,0.3353038097602391,10.409987858400875,fire
34.630994765271396,63.92757036786671,18.828603356754805,15.313254458453022,52.16710325219947,0.2278846889891498,7.872009285866508,fire
25.586051411592223,64.81205747812855,18.149859276109435,25.573683729701163,35.451062103152005,0.33418576566008174,6.317807185959531,fire
36.96700969559762,48.22999325991769,20.75373274133152,24.918887014451414,53.93895106457858,0.2943459882855691,11.162000688428343,fire
33.43168368496218,52.921460873745005,22.816378220757542,17.089497447779763,64.88795537633251,0.33459485552354296,9.800602967125442,fire
24.77984255352994,33.56825956237617,21.42939156274594,33.18420628329373,68.01041899209527,0.6417749050549351,10.374868524712998,no_fire
27.047809888062474,34.507436811390306,19.952750332944152,25.785460534277597,67.23471830439756,0.5637423889345721,11.887785516047153,no_fire
25.957890216927748,33.31864645240007,19.370957131180354,28.201357000892383,70.82454375441753,0.6217529597232809,10.91174094912866,no_fire
34.24261116611355,47.89155527280646,21.859448193841295,22.092443907738595,63.147491762266654,0.36325959883749015,10.426983689601427,fire
30.58654079749497,42.90015956666301,15.181240032779519,33.642282233627206,46.32133178060795,0.4480732610274233,9.939630440803152,no_fire
23.89206909785282,46.590437249294126,19.687936521169142,26.259193031249374,56.55629625441063,0.5224462065632408,8.99057714085861,no_fire
29.407417949471277,37.023428476094,18.595214893202456,23.661580819478413,59.030780370037775,0.4705970913271345,12.813082600479673,no_fire
23.92833564205543,22.547311597663644,20.702545617780142,28.602166272976113,82.10667149365241,0.7391301266076826,12.618607001531801,no_fire
36.24330512404015,53.996187102977274,14.296004016672704,19.557819844395823,56.06367609431536,0.3058212928191385,8.766174167244055,fire
24.11781455238637,33.83755216020133,9.135271471859324,36.70755226402823,80.0205994515688,0.8122659918903086,5.0101125015406,no_fire
25.76744882813362,66.74794405699508,18.657186561260318,23.396186509259095,35.947508491974816,0.31246011232442683,6.2568927665291385,fire
31.950299995212987,62.62246614276974,20.076616130122705,20.30406685378152,40.22394346748633,0.22814374162123718,8.803542579009749,fire
22.9281223326401,68.3437364202272,17.27950049429055,30.22758142536917,32.18179545663386,0.37986404627926995,4.04872996565975,fire
26.585858386248066,64.55368779382808,18.792623612360202,28.65444763727987,31.39217469017175,0.31270399152949907,6.561964441651761,fire
29.576353299727778,59.27789324622654,19.062883791266334,26.506855475551887,47.28905833496097,0.35670083607850367,6.868283177461445,fire
18.235579543256037,33.80083624689315,23.43174367004818,28.795206635853972,79.35954721868453,0.7629164571425222,9.171475212152158,no_fire
29.631910269114705,45.44014266950778,10.049870443120453,26.88592709648148,74.14714247179386,0.5992642254086873,5.358097301392115,no_fire
23.262493512719296,64.27590383841911,18.804434469422546,36.0250262798659,34.133189198171834,0.42405703387878607,4.099474967536317,fire
28.751980165273256,45.09360021384957,17.120216434472713,32.76749262360938,51.63759943450184,0.4823265591923376,8.814021355431587,no_fire
24.84818626714509,42.86507491202032,10.282752226019594,33.18134744912917,65.63986608454375,0.6675752320817048,5.388890549018802,no_fire
29.715983797901394,66.0207391115721,17.60419673062359,27.071703138869886,41.40727268341651,0.31539884528217343,5.151495512952133,fire
23.955280367861995,42.486881754468186,13.374667321562795,30.810374522941125,59.1790537220024,0.6127712569966344,7.543515211665493,no_fire
22.41336460726481,23.35155191776149,20.129310474865843,39.0243563679252,68.73306307036344,0.7528217678646405,11.605417622707263,no_fire
27.456387417725082,48.96487859713278,25.336435019867224,16.02061039610919,72.7278652112103,0.4566645619025324,9.881895645199748,fire
24.26648761035856,31.2841428661519,22.130778494633645,25.93686265235285,71.38426760100488,0.625269185635932,12.358720110852623,no_fire
23.527589628793407,69.92730980063818,17.80884388712159,22.837627150262538,23.713708543212743,0.27007006310372816,6.686031034380327,fire
27.826565787938648,54.26826838041649,23.91615538799603,35.935504101213006,39.06330544693745,0.3805105748628244,8.308349015512738,fire
26.507246363136588,53.81166628322475,20.947290926328222,30.861147393171933,42.945602526551,0.4089353036332255,8.242854992434442,fire
27.590101237978885,59.78229477812016,22.65352886605553,39.13862301198131,38.980389780239335,0.39591084254039555,5.512970183182513,fire
33.966009226611035,46.969498260129086,18.336022837311614,21.437751043541343,69.43233585355681,0.4216913003047723,9.162417474179405,fire
27.693974933342254,40.84282884007731,17.983164702032607,34.47699307337792,53.86129163248698,0.527666337720988,9.49562523620168,no_fire
24.360687144166036,53.04741999566863,15.604422756461165,31.5953859651655,47.94845908094398,0.5068840995419714,6.157238403551495,no_fire
26.374044750765243,48.16092233653873,17.56368990544366,34.925419141950464,66.02738006156002,0.6007737989303923,4.97967894149114,no_fire
31.098077131653532,50.8257404326817,13.781456131871256,38.7595808473354,37.53936676174016,0.4097845590110817,7.285342568443631,no_fire
27.18405915051014,37.051752756091624,16.356904893132274,29.324520692246907,66.37176897174174,0.5931037297169601,9.639797928277604,no_fire
18.403962468275985,21.575126684550078,26.22894573183519,28.772834577206595,90.5088456790546,0.8395966273139042,12.07149779323661,no_fire
23.691623404624437,62.77856255812026,18.04634891394244,34.09365478448159,37.747623462429026,0.4344219094709739,4.389475688635717,fire
27.18368582163067,46.180233620564834,20.070956001273977,7.424154447512375,73.69090365848346,0.4510576124842707,11.461630383440578,fire
28.71006536392599,51.405804340186066,12.373102719924509,23.104309067194215,70.4187514229028,0.5386524625362723,5.231298995496835,no_fire
37.18192809046031,36.03732986423798,15.150348957211753,28.645366795912942,82.49866424928493,0.5404305974323025,8.845423400577857,fire
38.01565680198469,47.31377426656741,17.14883876376893,16.319950947450153,60.92759969344741,0.2880022585783396,11.784759523527708,fire
25.147913185321674,59.5783263118407,17.982234040003775,43.04614604429423,38.47887451630681,0.4817167564376626,3.430739216055652,fire
25.102093165429903,28.236456819130304,20.84431367853439,35.88312318837743,71.91215639954599,0.6936004529162967,10.808774205196492,no_fire
26.42631899449834,41.43031207063329,18.97776445079065,29.870567652522347,60.16949550067093,0.545721872851064,9.4758600782501,no_fire
29.328096510537858,38.04225800969676,17.381873663781732,33.151497851544605,59.23181520695167,0.5363565258250951,10.002251201338371,no_fire
24.54191800876705,62.12296802022047,17.97866903298654,27.789316373882798,32.25456503651063,0.3539265224418865,6.964093061389023,fire
34.76674946172767,31.729868068898412,15.916302948269982,21.93314907927629,92.52739130678938,0.5979395227166218,10.128736110643665,fire
22.01104649779738,65.15640822168214,19.966618818674306,33.54582143678542,22.008464503507092,0.35007990280701307,6.253205101815656,fire
28.992351929225023,61.78204641266683,15.92544263992155,28.272176451856634,50.628308419214534,0.4066810719139532,4.420979185583235,no_fire
28.27176223975516,49.02249878032163,12.286015974416047,21.186683550875895,66.3316295010763,0.5173284533148191,6.9632193702859295,no_fire
22.933321314310618,77.5056137933451,19.565541776320032,23.776913149782622,9.082150624160992,0.1718483669110636,6.487303881363437,fire
36.118843507933846,48.590900790911576,17.982875489270143,27.6953794500818,64.09816796765583,0.3964390863292993,8.205163718090175,fire
24.36410752232932,37.49829294857226,9.049653952621867,35.97512560887746,73.8463174482605,0.7599916870330061,4.93011215426437,no_fire
20.56086482521907,39.490120145605204,9.576825099258702,29.86719965693517,44.10571745367702,0.6033678706440979,9.681116170610075,no_fire
20.872596652023926,36.889545635564545,21.370003263243838,32.60481543067919,68.23787576250353,0.6888320724421999,8.86501783840375,no_fire
27.57546401384895,47.037301158267766,15.884472188363873,32.00567333813313,51.09220665918676,0.4939779633933229,8.02437800619875,no_fire
28.091616081659964,40.908760028987004,15.906937901512263,28.431511974232702,58.61082972579003,0.5227148404188842,9.780597605012657,no_fire
25.623352889236482,38.733562156256085,11.155753556683948,28.749344980637886,81.55290399406805,0.7237146026479571,5.678392828403888,no_fire
26.981364276638324,46.17319449747551,9.53546646110083,21.24562644592923,58.16943290678618,0.5150555415582323,8.31063441373784,no_fire
27.211249556792016,48.4996298740771,10.58134890181914,23.803000698747095,59.96485273499113,0.5251518919717286,6.962532265980584,no_fire
32.522120648809164,48.443991919731815,16.949697440486162,19.795931564733813,70.36680911585333,0.44228775847523294,8.439526538352348,fire
21.93766159963237,58.06662749280126,18.562780743773207,31.635111862197995,39.69651461292865,0.46589771186832163,6.051911585246329,fire
29.53857001732813,51.668720748842745,13.310209693201777,26.77043296856201,73.91638582927912,0.5625471939528413,4.097311348460755,no_fire
16.284805777664197,32.45059098496176,25.825523982997733,31.01636205314131,82.96423136672816,0.8155696873393521,8.803291757271243,no_fire
28.65888364674507,35.461896048374356,17.806095302852036,32.891588553323906,57.97936393854846,0.5422049546212251,11.074180239808038,no_fire
21.531879380838465,25.010442389673806,7.117129284090886,34.85913812620753,78.72282325027163,0.8678017871678514,7.682069303657182,no_fire
36.44267592063963,58.12876400408031,22.351761798083892,20.60962825315062,51.15147081016771,0.2233584223314919,9.65574681363149,fire
19.79174119526295,65.39345300978873,18.863281684567763,38.028044830319494,24.858706544257824,0.43278595429466465,4.188565741043134,fire
34.76913721745778,46.9743375838453,19.056453956088554,19.43627409321935,66.47022870643305,0.3764511716832266,10.32081658715232,fire
33.53986665723058,54.42697196892303,18.87896277598053,17.32325144110193,54.56064463625928,0.2956013590624046,9.967928829161096,fire
27.839269181864097,59.769379228048976,21.34591768124003,8.562566421941794,59.50062671902926,0.324431546674022,9.290180121919347,fire
22.238266433150756,34.95979316731343,22.768393362521422,22.269276340906387,71.53967707842098,0.619699366061786,11.860233146506536,no_fire
40.80186181373928,53.456620295276636,13.204340948703498,19.572467228376,50.445567140777804,0.21454946830469895,10.153277258993109,fire
26.27506508768069,68.98018333101376,22.94930406815374,13.171449422651051,42.61703636856098,0.2473241518220981,7.890005756305689,fire
33.88115200659195,43.85186972404806,21.005112951073883,32.68859747598847,61.689214223539615,0.4424720937251954,9.267687123969434,fire
23.411288295596933,60.77826984587881,21.699313361820746,37.9739097467965,39.808540171983964,0.4583069942005192,4.569307900376716,fire
31.720540890712954,53.10059495199587,18.980848536449997,20.389548289577633,63.19663088432671,0.39313604290657295,8.187312591939566,fire
24.373204958938466,38.44195002637004,10.46761169262531,30.070420871386904,72.09511841607186,0.7023785660291819,6.547542729801479,no_fire
37.091834572167045,39.28248838174757,16.706686183292614,19.472718204812693,77.44662155326724,0.43836948123313424,10.979818364950992,fire
24.479200102064837,28.332429790499376,18.530626278817728,33.62277939542952,66.87458848498558,0.6738807723132842,11.467243697531021,no_fire
32.45654742291633,43.11008569669842,19.330393287140815,9.638322450409397,73.5471188057633,0.3983614000465117,12.518026869389256,fire
26.84113449390863,46.596492811134,12.265805519860262,27.132902685404794,53.358379149256365,0.5096793508719307,8.087691862519291,no_fire
24.283974880585433,49.897539868796414,18.735034767170728,35.14111567294999,51.086159699872795,0.5378861255517744,6.54129720717485,no_fire
28.17076016881392,59.81454854419296,19.497095877669334,34.28604933117559,42.08766675823416,0.392900408802399,5.572297798042193,fire
24.102017289490007,48.436459552946815,19.238894553249594,27.172588693536632,52.898398816383754,0.5021328632115594,8.660714035327949,no_fire
25.247169213065593,49.53191929573491,17.248111104549384,30.51812401569876,53.24957176294769,0.51661569186927,7.220393718121736,no_fire
28.081823006974258,49.94787796426324,16.761930582830356,31.035176978175986,64.76858967895073,0.5439457910799819,5.550278533415483,no_fire
25.87774491465666,37.548709973157855,20.26241124467765,22.56608835945816,66.51429891095091,0.5469524799218103,11.666069801912457,no_fire
33.69663043514005,48.8336213646235,20.17555277225144,12.565394767462255,64.48897589597459,0.32687213896765205,11.69054742770069,fire
21.252793348786398,36.204162549853805,20.50012788833611,31.253126457212446,71.28040287768131,0.6987767322868275,8.814880882243367,no_fire
33.120063003265244,45.5268050726273,20.64444597360532,19.9199941730668,69.37959046601426,0.41489721864405416,10.357037057458328,fire
31.482269215991867,41.6307201485579,16.424423661439405,31.186815757318374,53.390576455745894,0.45522443612955305,10.25479847626705,no_fire
36.015576259180975,43.04176064690118,15.494245897372936,20.665210506730133,65.47198275866081,0.3915975922751951,10.86215969902045,fire
31.295856847370242,58.27201664995067,21.3901698799634,13.57665719550408,59.36419007275355,0.30732785354307457,9.114978456312244,fire
22.122530046868164,39.747671163295834,20.045557761445526,26.91312592017233,67.03223681594521,0.62803979364352,9.32598465572217,no_fire
22.735834859451806,63.54049852228883,19.356274316611486,31.60687611692216,25.37398701753366,0.3540636364960101,6.691221100144682,fire
25.346225373139987,51.137088112624625,14.128925531214623,26.91228508826743,47.34360431356686,0.47353781523872224,7.7599885140272145,no_fire
28.6745240226335,55.97326130940684,21.301636193811344,13.173654169078187,62.83678683172827,0.37001726518984385,9.058327563226946,fire
33.74232974215997,35.5067759468175,16.16923588555232,20.421833265260997,94.61287516841526,0.6036714340145632,8.871114183264798,fire
28.22791300081214,52.756542656926825,19.273183393958863,24.692103206515785,53.32442764462787,0.4157726719222555,8.35051239187464,no_fire
21.47909612835317,63.18256551901145,14.598110330923157,30.105077730894173,34.88699547052573,0.44558511455294236,4.5696027176309775,fire
32.635797434664696,46.174823383121776,19.267171660438898,12.746276916201385,73.67736469955209,0.40781129375306613,10.809950300755387,fire
14.704841226266108,28.464954402707075,23.080971526511707,30.766678352945373,83.01892179513702,0.8647677329893206,9.336033109065983,no_fire
26.53551092953041,53.55007423556226,20.2128398726588,40.97608531938833,31.473265626448452,0.4122702055205764,7.537629232892593,fire
31.62783031088379,47.609823431493524,20.392840303892704,21.874766385969142,67.275725879996,0.43327593419583554,9.292361472361875,fire
24.77015364666258,38.1174486141693,10.107035667622611,29.15229012992952,73.01735215532268,0.6989251583422924,6.704709953829991,no_fire
41.74545363107692,38.97351216279246,17.25657724321593,24.220329889018064,57.75787701775112,0.2860780328541138,13.639421363047749,fire
27.998927972121816,42.42006706460535,19.408380810732968,14.053114465622592,82.66255776316119,0.5446093462676139,9.788095370133957,fire
36.21643044427954,38.87951212139157,21.202501476312122,22.735788271716658,76.06801185164399,0.43869343991026605,11.394290654735089,fire
25.528659939602225,54.40503510554029,14.246545194126327,30.67601171178769,57.27716410990791,0.5403272583860563,4.427788892131666,no_fire
25.700492868437422,39.10450209549454,10.895365593396352,30.97489235231407,78.63411538235,0.7205969651631019,5.4326067132066,no_fire
29.87727124734782,60.23704845212836,19.986766663938727,13.131154356385636,54.986649546956286,0.3040066401354604,8.74266192502652,fire
26.404932908299113,43.90435111039167,12.83717449363663,33.73224825097188,78.83507582373349,0.7039600842362124,3.7340068571942733,no_fire
28.68795796024558,50.55076060782439,19.509284563118012,34.552918267647314,51.676889893683345,0.4657398718576283,7.142497334234207,fire
27.554094447926992,56.09023799219183,16.386711150157335,29.585215207124335,58.39521546012623,0.4925375449528622,4.701791354723681,no_fire
28.32944342914779,59.53432989237744,18.29352222180948,28.697926390238273,35.217785658052854,0.3250794833269144,7.729948443573608,fire
24.965611249808273,44.491414810452284,20.083152386249413,24.99121458303482,58.75324682634091,0.5142914208948215,9.861950855618012,no_fire
31.19684766380657,58.739290607846826,16.36541987954457,28.18348609513483,42.375621352312876,0.3328272690048617,7.028728677245388,no_fire
27.398914113485723,37.93608711782518,18.62830023300451,29.887686602076467,60.696323667770294,0.5458849553024245,10.57401179634327,no_fire
24.83111794701015,55.08093523545476,21.593705546444898,37.05038643692805,54.36345838283728,0.5291132756117112,4.633872885982832,no_fire
26.37306635668787,37.732335820764035,18.81940628180234,34.550360664376825,58.75316755020396,0.5787234262974712,9.753021658186308,no_fire
24.459257879394826,50.361279886384395,23.8971816865233,32.17448495114305,45.31445345915276,0.4529099392283998,9.044935977444105,fire
35.30721848338478,67.94807197274767,22.556772843185236,17.29812958665142,37.58989543755694,0.11570717507151426,9.156782204357725,fire
27.232128936566937,36.99646797212937,17.94951489039508,30.98288956319248,62.84667181171684,0.57377369939451,10.139561695013608,no_fire
26.403162391369086,59.534034212414426,18.795752013567345,32.961189426586806,46.2476270899986,0.43910951676699295,4.964930337964448,fire
31.284911843382847,59.37662886341451,15.98798676749021,29.921776683629044,43.7615757004388,0.3505889100155752,6.151171044830016,fire
23.87305343643102,60.71445481615187,18.06641142182076,32.67059542344214,34.88826018735165,0.4123452053588966,5.830750692705411,fire
36.50645067284758,35.9197173455826,17.935742305361895,20.399051959821925,81.04600198917446,0.4749456648769792,11.495587275504613,fire
23.100771415922992,39.87405205150007,10.203905537597157,29.63498132465061,69.4320165200655,0.701313040471047,6.35230529630417,no_fire
32.95705170723106,47.95028622035444,13.258010723441743,27.59699902286509,44.61000434237851,0.36313441507085004,9.87846620201542,no_fire
25.32495132328543,42.07461213263589,18.198793362466713,27.19988360475268,59.93471935550408,0.5469636737546686,9.604247317107976,no_fire
32.582497459928085,44.19117038647467,19.58767107519074,20.883404078719753,76.79227859938088,0.4802528561076802,9.173108940572975,fire
24.89331921732942,76.52081036064702,14.347954099356924,14.981187415155741,27.209967217390968,0.22278350791771173,5.315963095072224,fire
38.378976482947316,50.384387950772265,14.70894857206305,18.875247341361586,56.9128115623372,0.2819870444503991,10.33528545852525,fire
38.36048998632245,39.98331683098908,14.722185516345903,27.081218760326482,75.24843618493998,0.4643236383760659,9.078367912306796,fire
29.906436285519156,57.622059993493735,15.992258829497286,30.08534549064314,49.007965991000624,0.40624128877872184,5.71613844091994,fire
29.505179102029192,32.503271522944075,15.129768795547847,38.380277754625034,56.21013282479633,0.5776609945587433,10.568560783120512,no_fire
27.658779740412218,60.11719902730569,19.508057545635943,33.163089991411006,44.032705104765554,0.4035249659062678,5.3795869740984354,no_fire
36.592432982827575,33.44077712789118,16.38589708132873,18.646276878536376,83.80039001796173,0.4940256060014514,11.972088104687417,fire
40.586954827648924,47.249049117770696,14.661864825462644,27.69527929771955,62.779162143019896,0.34577200409557685,8.734274923875118,fire
24.353207435726233,47.236400496561046,14.183233635943337,32.376648964245405,51.9458652133198,0.558415590122413,6.950714346538382,no_fire
22.79943310186971,25.273166835567423,19.597685339202368,30.092626676901244,72.0571874932942,0.7079631457038829,12.495603714872852,no_fire
26.732486844767124,50.720703485800016,16.336164558978822,29.599386527692356,57.222019209185255,0.5131822880154336,6.4729488049990485,no_fire
31.77694104272066,44.12349441667904,21.325402082530463,16.53187063420913,71.71727334284587,0.42668073849863536,11.204846677624417,fire
22.74484572794746,25.66614396734471,22.599120427289296,29.587490208371346,76.93951578906325,0.7142925513678726,12.39381709939033,no_fire
35.59658021784982,46.935998327625,17.940619118232306,15.207687931632668,63.621470611542,0.32850859687512657,11.603737476875791,fire
23.490535194798042,71.32539032966177,20.251928508032503,28.326688481830434,16.711034397380445,0.2474348845759511,6.518474169419503,fire
29.57842688317504,60.28687625636189,17.78540835195666,31.806546937069243,60.431160013061614,0.46804996575524443,3.1138787004918074,no_fire
26.04853445090535,58.573965334921624,16.184022898058075,26.830217831620853,38.66043594899977,0.3816358536519784,7.20365599336991,fire
24.594760226804908,64.54764635395625,17.809468380846244,33.229178995216785,29.219950215760004,0.3644147422597408,5.351625381037671,fire
22.493770865171257,31.38829067584575,20.947156435791822,33.622326000536205,63.50197601022659,0.6619975348104388,11.226133911362146,no_fire
31.58791706684636,40.19922502919093,20.02315208475099,22.13030560699809,86.35058280861365,0.5646606200060009,8.713984581391834,fire
27.13152725421889,35.2983520726726,18.460107617697343,27.788606486681065,62.66678416045946,0.5559926104458432,11.54161310869271,no_fire
22.798463975104628,53.657343655208976,22.554799899910325,41.6555827350408,43.1743218415532,0.5235674025901105,5.608309282133347,fire
24.90513832731318,50.558852313473565,19.483435135507097,39.39228082866434,47.768620336827766,0.5303520848540543,6.082115474727232,fire
38.909034398769236,34.07786901181141,12.216430048122676,29.274338205337482,83.62930229816341,0.5475612416953387,8.775886673330412,fire
23.241194551748613,30.7348060836959,6.700947712953093,29.030593036716553,83.57106622412408,0.8201073021445608,6.616016752351806,no_fire
35.325618713602275,58.42098282389121,19.68168015621105,17.930761046225545,46.45591848472108,0.2118517311341676,10.154512139889542,fire
24.9007741915505,41.056227109027404,17.609503247228112,33.75777080068887,65.85859133207356,0.6335301772337723,7.36374966391525,no_fire
23.02194379924782,51.774295539185616,19.922927721509257,37.02175643920575,37.31656661832619,0.47914338188378086,7.617517074397154,fire
34.58855080474398,50.49101948415708,18.9239900945793,17.33818781247627,63.41802773303766,0.34017378649699426,10.07305488482105,fire
28.714083957229224,51.82977530184385,14.589344831012825,33.46357632353009,66.4790517141368,0.5668816766948623,3.7600012752473333,no_fire
24.432098559482675,35.369478332896676,12.170922307841115,30.429301927446513,72.04631307665736,0.7018320573941428,7.827200244218784,no_fire
23.23042091492845,31.54780509042711,23.97904364642666,29.233096187939218,73.64169039794982,0.6622812682561281,11.432327673329086,no_fire
28.164783508233956,44.73936619249379,14.838182230286856,30.690130942543465,75.72194865301516,0.6273937542237202,5.289244706995052,no_fire
23.65677941544981,64.51225553774769,22.33499848364383,32.02922739253607,27.238518033766194,0.333319775554189,6.763034284559691,no_fire
30.055452362350167,46.18262955920021,16.85204623586232,17.594552001242537,72.61616759346082,0.4845763345553261,8.984770132534807,fire
36.885270394167925,52.48549124218067,16.631738398367517,22.305342145724367,57.37548123620108,0.3111424325779911,9.006637437454147,fire
36.63554181758758,32.85544625422989,14.27223416419832,24.93680602372001,80.36839555185972,0.5273377655919549,10.775280217903433,fire
28.69675390238451,62.54702249650104,21.404787784916998,30.798186207380855,48.67728200557698,0.3816361235824956,5.0019490710852414,no_fire
29.4557982521908,51.69451606772515,15.493254170400348,30.03420843721209,45.64831089047025,0.41286740664930205,7.959512041223299,no_fire
26.174298527244606,38.6725643450582,20.26893969886012,25.46645101544468,66.02148215441811,0.5547497183951158,10.751518669863673,no_fire
19.90674726550735,39.31653573553062,21.51091389004721,30.59323916541431,74.81209504165007,0.7200554348721533,7.4778646934540305,no_fire
24.267870780120628,27.249151142076304,3.3579890267999164,26.698721154784668,81.33595185236757,0.8069105025829093,8.033323653038789,no_fire
29.446980292796983,63.7620046146057,20.935297328298073,14.249989165935597,50.59045641711795,0.27758121240784805,8.144509538164392,fire
27.389174096352455,37.17705224870397,13.852578468002386,34.49886727548289,90.29649107067665,0.7706634316766605,4.374575757339533,no_fire
28.18163992007859,54.7451496493637,15.893929130253609,30.09158627623544,49.635445713283666,0.44384514987132245,6.290388708913806,no_fire
28.978538880059787,41.15574226993918,17.925241183057615,33.05888258461139,50.64881535753252,0.48122978237957753,10.358217701365037,no_fire
23.430543844172135,66.046520866398,17.762405406738633,25.058858991287128,26.786785117420397,0.31339992138407047,6.943592999729425,fire
26.905654747332804,44.117617749354764,11.955758047085682,30.679784224127395,71.13215775237991,0.6389464322845779,5.386729964070227,no_fire
32.29008539003635,55.012295328915414,21.346364984946174,14.96988695389343,57.4435699209583,0.29959741045180244,10.249655061182768,fire
27.05929969774457,34.177908089804454,19.044933964580405,26.194811927608704,67.09666804049354,0.5715731861897058,11.728878070551108,no_fire
31.688286111657288,56.35484327613449,17.223491189669904,13.590828765112871,52.192869064497195,0.29108417364304806,9.955981558252459,fire
41.7192169134474,48.71567932768316,13.478644993848334,19.83754433329605,54.88972682564911,0.23875554579120803,11.141113834281349,fire
37.86926121821297,48.92184714973858,17.800381339194345,30.322456474305355,57.33195803986257,0.3490462933710398,8.691338842604603,fire
39.40324404520707,52.32785037139706,14.041879088036298,24.206300710582447,50.35658443908995,0.26186091645474663,9.44855492460614,fire
28.205711411136438,50.75618785475895,22.239163254749126,35.35557686433512,39.581649251737694,0.39357002358451587,9.189150813361156,fire
21.579448051735845,54.80991093002358,21.682519853951256,31.666219390567278,43.029980869945675,0.48064565867121867,7.21051910910071,fire
24.867663534103414,31.201382335398733,8.900564972119708,32.54645641304274,78.79402109004089,0.7768852372900013,7.048166387958518,no_fire
27.82857423074124,50.101641291737266,16.338280801985242,31.043121385273228,58.8749625820168,0.5168124894544287,6.244574310562475,fire
35.66322296043427,47.09036038524613,17.73245211181897,24.3200304060277,71.11158301718386,0.42703287225102826,8.31461126764594,fire
27.24987886664634,45.475017887521474,13.834943326699282,30.171496028080163,70.98502245649011,0.615114275564302,5.534676187526522,no_fire
24.846216595944064,44.33588523904106,15.115198045595974,36.27220572582652,64.36913532357127,0.6473695344079939,5.4156315363415635,no_fire
21.170249611218196,67.689732573686,20.410555794802963,33.33533256313513,26.216020619001007,0.3753361385676176,4.847391216406491,fire
24.291356841974512,62.810046295617084,17.722706474856793,24.187826935305466,39.12373092927609,0.37333232644745973,6.471370731268152,fire
24.251470354282176,66.95889385936319,16.975365543490543,28.520231319205458,26.96491914122645,0.3258880565962191,5.771833060989219,fire
41.13455597442898,49.351093610726494,20.067505932283076,29.243200746397463,50.58251203716608,0.24149789763967208,10.722169261042618,fire
22.31908713048553,21.28780728505228,25.374229500466573,25.8949429183186,87.36124958462744,0.7516364959480084,13.64221740292476,no_fire
22.038561417812893,56.12701693171981,19.699992822909813,37.47170430836175,35.216068361349514,0.47425659979687895,6.2456581247580685,fire
25.840188787053272,55.43815924343154,18.148412359368873,30.781196477391745,39.544014549709026,0.41129801797833787,7.557502447911051,fire
19.80765094629504,65.28085205283838,18.595668767628418,26.546288002787396,26.749741087641066,0.37350803828096013,6.5363197159735815,fire
24.14636223438962,55.95536397949297,21.46431553197762,37.26074451846904,34.23528862892502,0.42622593103857404,7.154306864267188,fire
27.190782831767137,40.42465182042665,12.842053557248336,28.363368321189604,76.78893603636304,0.6568207882260302,6.497672873492356,no_fire
25.326077066105153,43.05873384770301,10.695289143793213,28.923595468408383,68.95404915556061,0.6495694889860539,5.970935420720313,no_fire
26.030917680761515,44.29570503322218,11.828678712066544,29.668633860151015,67.57697861267017,0.6259977487158879,5.941303146954326,no_fire
29.58109645255063,51.25873303787277,13.590492415320028,21.53434028492496,67.69628477728581,0.49392965000495215,6.4181969167971396,no_fire
26.583771572457294,51.69349718023801,13.701481564293282,26.86382999193725,54.61831931534017,0.4965849949789698,6.596735854808368,no_fire
29.34165091504801,57.194343923299016,18.200088862577594,26.760050449744316,46.77197571676203,0.3696065000741015,7.340417998602876,fire
32.61103272090146,49.06255692637518,19.532505256462915,11.799044019525281,60.313706981096,0.31799906409478784,12.125938060962467,fire
24.914326995606444,33.71065314849026,19.461374846494692,30.720825581489468,64.97250470548613,0.6185781457232902,10.946308005586417,no_fire
19.638712623234284,70.20177327181109,14.28760091409339,26.212206505593702,26.82564154344911,0.3862526815642421,4.086822366396803,fire
35.236073736139005,60.113166007461615,19.301122747181033,19.615768837534677,41.10316033208992,0.1913188953072627,9.92016359801009,fire
25.97513866519339,47.8840757750484,18.129849228484733,29.672211110320582,52.86734424448257,0.4976947912854602,8.286377634567444,no_fire
33.346700264907795,49.52471166762177,18.150216213180567,18.121392199281114,60.32595180140243,0.353363809306064,10.32638083013687,fire
22.021197770870987,65.43780152498199,17.47385682699317,29.966073395915608,22.500466046293575,0.3442541001976718,6.3882852090444375,fire
27.302593435475675,65.25674298586746,18.239778040406147,30.127799827849067,37.654038906801134,0.3476347258679878,5.053148987885307,fire
36.388578665166705,40.59098762025158,16.10909338835236,26.29225863206652,67.0493154185558,0.43299888296779976,10.300717598069767,fire
38.17480987059096,46.513108305913576,18.926091266267022,26.72801616048019,59.68675029286379,0.3352583788767232,10.225191125497103,fire
35.59895835245551,50.507277601987084,19.119784098500837,17.79353934946657,51.79845890999262,0.2617041260514978,11.856289107741999,fire
22.622954117124905,46.82758249337394,17.04684348838909,36.89143568630088,49.3435591108072,0.5819846019460888,6.7973052801218525,no_fire
25.760861222144136,43.16926060366143,16.2330533153164,30.532878928677224,55.21035241117402,0.5433345107278299,8.82492723547542,no_fire
28.434287566326823,43.273177150171946,14.87168309066226,33.02271630318091,57.092373594508395,0.5373493385102068,8.01518939479317,no_fire
25.995351857250395,40.285998784185885,11.590377916965297,29.926356227533027,75.0932707108792,0.6825517936766596,6.004682770093314,no_fire
23.244969272781773,58.83034533859433,15.56031418244475,32.3657654391078,33.267405998990185,0.4305422113718385,6.1287057102465985,fire
26.36488927000678,42.19956618012645,11.371309244185877,24.930013326486808,66.68317164135424,0.5949032524389145,7.7862588261773595,no_fire
25.42440190216167,49.09183359004281,14.680239435393991,33.817292289128474,60.856176710912194,0.5934104207651316,4.959286956192504,no_fire
36.07109756449963,45.41589172456847,13.914437564136154,22.04907600214388,69.10786752203556,0.4225683292484763,8.91759278170755,fire
29.181347942969953,54.661494712378556,13.136014346283075,20.91608000066302,63.20821672954437,0.46428370327541174,5.979952941329561,no_fire
24.540681512470332,55.12768323296676,20.03998429978807,36.692991933277014,38.40563047673345,0.45080282642569797,6.687288719414023,fire
21.789191556649918,19.97002482003537,21.896138560070586,31.366573402927738,77.06054937395601,0.7598910455010506,13.515804379208644,no_fire
26.76242496585263,64.25225714496939,19.541300435927894,28.267801359317374,32.1237282514803,0.3081954785220685,6.822454977148139,fire
25.265892142650955,36.3263545163652,17.9129687744779,32.82942679025825,59.54945549438575,0.5980726155038321,10.140833138650484,no_fire
26.869654450489154,40.89642895601572,10.2778106324405,24.942452144919315,70.81593006953284,0.620593957010011,7.428843105835691,no_fire
35.4536328547129,40.59051525892561,17.45105005683835,22.078509227424192,75.78254775195502,0.4617007361701707,10.14019803095762,fire
23.597741675747493,37.29064581193461,11.423863211871977,31.049885628174728,62.058544368668,0.6613048541439326,8.269634871058349,no_fire
26.824808579159885,66.33902257820587,18.790864429826254,27.68546553919522,35.65635941795653,0.3221541206602515,5.614975847602256,fire
27.797626020477246,48.23878204482271,14.199070128763152,32.64485282443371,69.29773365236183,0.6032631129124932,4.478217953552824,no_fire
27.11616697863453,67.09300421419339,18.531586949252983,26.21188552456756,44.89022077186474,0.35984118178461805,4.3345661700637015,fire
21.640418179142593,68.56055266169993,18.95729946914722,24.45613639095155,28.850718401571676,0.3339624153797738,5.9807094044175155,fire
25.731026972336853,37.34783051644014,5.648122272019094,21.475334862168683,58.792951908125865,0.5854087365030087,10.005307148594202,no_fire
26.812486866608896,34.28964976164365,21.358276959564318,30.84964544454384,62.13942595198214,0.56258213949819,11.808627529243156,no_fire
27.43917258593838,52.817457755856594,12.389268368736783,24.068150165933247,59.32011383727997,0.4974371967041574,6.024486850055248,no_fire
19.478953365503642,27.86231686921858,22.611011687278772,35.38097782231009,77.50218050226825,0.7960301468536408,9.829753160601761,no_fire
28.494833630302296,56.028748991812805,18.352086051942184,29.68231633882956,39.41238514694548,0.36144944132990037,8.044430293178563,fire
21.829508448035433,51.98105910070835,21.38936466336172,49.996241,31.909592831717895,0.5382200666209658,5.508510739955844,fire
24.71673467078417,44.242241358916715,12.486822117439194,34.04326591620647,59.87260521524774,0.6259044881544344,6.048293722479373,no_fire
29.671439446139143,49.54107552232544,14.673168272712592,31.254771684310928,50.00177152390637,0.4523272531427788,7.582784773489491,no_fire
30.037041093867014,50.98746119018672,20.504980384534772,11.296711496816659,64.04804307404521,0.3631064319545084,10.928911328517017,fire
35.62586002055409,55.814777538410965,12.182965354045361,34.374321588683294,33.755163888267425,0.28976327658749557,7.529200869077315,no_fire
24.009289733211826,34.19335830209863,6.209312249166089,28.931365405812095,64.83301716841879,0.6965722299209613,8.293831176222724,no_fire
26.803812022421557,40.412014274763095,19.521068286348168,27.4964048453649,59.1818654946755,0.5193738159316056,10.661837273321225,no_fire
31.13491445562426,52.39624155446813,15.396537164089384,29.99221094985051,41.612528695346214,0.36369345008038295,8.547151142652782,no_fire
24.112765538919483,42.69244866694021,19.61617437125084,24.389869886010494,64.66180408267613,0.5639618737953478,9.491288695361483,no_fire
27.508738400340707,47.82511853169474,10.105723688168213,24.929318116403703,56.183740842310335,0.5111909841945346,7.417181197362983,no_fire
34.07846814959574,50.26048994511726,17.714484069764843,19.220897671067622,61.90065858919112,0.35870919020838615,9.61166781235776,fire
25.083350368964773,39.7948170194118,11.136856344687942,38.7667661978728,74.73956878457224,0.7531880906927328,3.957867053989009,no_fire
24.32004205657089,33.36472139254806,19.527580257003276,31.684105745881567,70.16422782066161,0.6630490470367718,10.00261307704035,no_fire
24.24666334921192,34.66563425800646,9.74391916451477,35.37443244662673,72.36296182729266,0.7533234198486616,6.327808652962346,no_fire
28.871816270909903,60.66886145136877,18.332090825180575,20.147563898344053,49.007171661491505,0.3376939486138046,7.382739608425717,fire
21.513646340542337,40.94470399720075,16.020198533836417,39.34254828739552,60.37853775864874,0.6975998373538019,6.124534595012833,no_fire
26.200663740830556,51.922035483896764,15.238360981845942,32.21673827085324,56.29562868758977,0.5353733665413385,5.316176940496511,no_fire
27.12398602267725,40.3826212957884,18.63973004532549,36.04017984715786,53.285518164517875,0.5400496251267453,9.429812667304944,no_fire
28.37307544543661,52.74295878290883,22.897301485106155,23.157043693174348,66.96698094581433,0.459243894794859,7.4829287463585805,fire
29.18634108257985,39.47410274810394,17.033311135921238,28.331970590538322,62.378007594117236,0.5242187405683897,10.095588113833076,no_fire
25.934075844271995,52.118311014817195,16.223096726848457,34.32338652042085,49.0847962986387,0.5057488992037571,6.0042334825525145,no_fire
26.438798056590066,43.79956156988675,17.376934521358905,29.359535190508467,52.97955788275313,0.5050219647594687,9.556540579563443,no_fire
25.757032950222428,52.01458602328104,15.300794501365633,31.691023242161684,59.138651215704165,0.5540019544226599,4.9410053464993915,no_fire
23.956199267731193,53.88787273376636,15.839683299378745,28.48176904592084,36.16283962513092,0.42381389477151316,8.338688448723488,no_fire
24.13669676718495,29.56175889368103,24.148986875985152,29.936143770634516,72.34476412121053,0.6503315222377406,12.258442570486388,no_fire
29.002251916722415,45.34117668475105,16.75685079859085,10.077972266802227,74.41981448700632,0.46637083644188854,10.557114674850116,fire
33.795300379381736,58.336380820312115,20.168412849927126,21.35333774551448,46.7012426015306,0.25466605179298074,9.252106613255245,fire
25.181873639122244,34.29970536318923,22.588278953732992,28.91144674013855,71.39364565384608,0.6193455506425976,10.925347294707695,no_fire
29.699208736144413,49.361229508951396,21.622182918938925,14.714299424213023,66.4039552699822,0.40048204071896776,10.506727826227813,fire
26.013044718415735,55.44949547892264,16.592321398729748,30.11247905328497,42.320390879947595,0.42921868984270495,6.9920912415895415,no_fire
20.411746184376796,47.16397109436562,21.301983681191402,24.870732659581474,63.760844654572374,0.5948610879626526,7.932180896230514,no_fire
30.816041804472395,65.92304119541168,18.24447462478211,25.53307042557841,55.20391499583513,0.36325771188430783,3.786668766922911,no_fire
26.818917623822184,49.17407666302256,15.503267344203122,33.34320687445156,59.028166949682124,0.5544320405014509,5.675719887499239,no_fire
21.654230475179702,34.37559355270125,23.675622936389814,26.61523471629871,75.8639446479053,0.67593931785633,10.521279346254069,no_fire
33.967231750423764,36.083452549070714,17.471916609852794,22.465693720559738,85.11172310767112,0.5506175860120295,9.9236288917228,fire
25.765893413511247,42.164581337994775,18.173098393867356,27.07112191792448,61.64684458544793,0.5491037193533803,9.406876330007723,no_fire
37.39242706793115,56.427974813592584,15.654894449592675,20.873059718569422,56.388523306635,0.28415396600902065,8.078649826469126,fire
24.349148551725257,48.56404216007549,16.355926497048486,38.76422732717031,59.72791688469424,0.6254874577394596,4.364368757698032,no_fire
27.622246654864895,43.69493436113592,18.061756144058567,23.609029219436756,61.715718423411765,0.4968173843235199,9.931755985613455,no_fire
23.63505515529274,37.64943833763641,10.118948619331654,29.817475260348566,65.23361358047723,0.6775429217793358,7.6985091937828205,no_fire
23.824049455592174,46.23459932100495,19.65194166501437,32.84649755331129,64.4737859385002,0.6100181765803667,6.402059643713773,no_fire
27.30192653046748,53.07958280866197,11.696306708536465,27.35062488682556,57.20477205876468,0.5114254688396838,5.330806618116046,no_fire
24.89965929360297,40.58561206690008,20.010063975723657,31.612851555068705,63.38911431774119,0.5935452740908878,8.881752363919626,no_fire
39.56810996338868,33.106825512389904,13.305345481910985,20.481426407639148,73.42786731583496,0.42210337101032785,12.938873093315761,fire
34.49334505693598,46.105239651554925,20.68649065825898,9.321187241967651,64.06148409951304,0.29685636233321444,13.593386649270172,fire
25.71079860633051,45.66462342762185,12.997901854522755,33.12496842127329,69.8740819444098,0.6545626273505503,4.570823558690594,no_fire
25.72598877650465,45.02498120055698,12.722676432453587,28.594174599302296,70.94977076069443,0.6355002272226549,5.604996135791306,no_fire
30.984675964515688,46.84884273499064,19.40989644422312,15.712379506014567,69.04215921471965,0.42219200340384416,10.400049030723018,fire
25.556478314608924,38.85658547643412,4.516586039115924,20.683315957140504,67.77666480133264,0.6359304012842997,8.114398143133096,no_fire
31.70428120889492,42.888273804775494,17.930370932812608,18.40591831238316,72.85257621591063,0.4690822114617198,10.273008291406555,fire
24.866996717377624,35.91186696535159,5.46171500859851,24.8383869440811,64.67678548246003,0.6571634878532697,8.666362153134044,no_fire
24.787483350527808,41.52135259425917,8.75005511003906,27.10337600186953,63.02184278436636,0.6286102334095045,7.2738549862618695,no_fire
33.01778161683495,48.29814914896674,15.480537075645579,30.18839735327674,42.84024274039236,0.354465885195795,9.910013967173228,no_fire
23.258450569415473,47.799053308797156,17.085146134765317,35.9646517104669,58.03367786330754,0.6125766721771946,5.511152457577973,no_fire
24.58028898858654,65.35382025613261,18.357536147419147,23.970753761070192,25.32099856873596,0.27971241328787855,7.915256089614204,fire
35.018103233968674,54.04745806504259,21.91128915710607,20.731082376039847,51.0616539702173,0.2584855227888644,10.664242193499488,fire
33.510486144682226,63.00338193630475,20.24918444275074,13.640214960347418,43.768161346381106,0.1812500070761239,9.942106365052988,fire
24.430664039349463,66.49904474842666,18.203080923971026,21.931338320825038,40.65901487963068,0.3529454040835992,5.7011681388027915,fire
28.188319827040427,40.33762532752134,16.965790430595344,31.523485100733925,59.35509919013364,0.5400444623074723,9.379237854370247,no_fire
28.52399083377239,49.72181329527288,14.521784387399418,33.06104805847014,49.31456138069895,0.47718201848514247,7.022023062659828,no_fire
24.751537831101164,74.21058184330835,18.69558548290602,18.07965238031489,25.94379232209568,0.21786813529268853,6.432326859085854,fire
20.10161262739924,69.78326801924547,15.727351176996759,29.554112605574794,22.468340616938086,0.36846550771013614,4.462123238145144,fire
29.72547679267502,50.87559874625882,18.81434709273019,30.266122133722472,51.404015658148055,0.42528251667680694,8.059867859718619,fire
26.96755553405694,54.84096341081312,13.767704170097462,25.931559293258204,49.75750303291441,0.4488861001572466,6.58458226546216,no_fire
29.654919298817465,47.43887499808855,22.785119459272714,42.87726951350047,60.858533419390454,0.5438912428659746,5.694232285483098,fire
27.78364035942814,56.444393125983595,22.717231406578858,25.030992595554533,44.31196408893352,0.34374700113219575,9.087679490942538,fire
26.85490294705317,43.37251941295574,11.718172756820705,27.307861323459456,76.12388791644857,0.6500855729478865,5.608942702306182,no_fire
26.87480224320519,48.27943853480073,16.396644741294285,24.24443491505734,52.637485724007476,0.45832329960473495,9.198935989308115,no_fire
31.633226868578735,69.75003230666219,19.84071751551017,30.60352607476332,50.93308359211321,0.3389777082466826,2.4694381787100017,no_fire
33.33023740757546,46.13650756460916,16.980253929156294,16.18038232304555,60.84624170983925,0.36052483091343623,11.5343422377222,fire
29.61913219425072,59.69301673968094,19.26770099124835,26.380252820679356,50.19232032561056,0.36920787669550964,6.384994825340298,fire
25.25990485705688,53.05102791533051,20.36794628799309,39.91243744550267,37.24004150597319,0.45736166637614595,6.95143446101229,fire
25.450830421895386,30.532271376988945,21.071820285380767,29.036583547364213,70.32602764951848,0.6293029749107468,11.978740929517626,no_fire
25.722829940223008,40.779442409881156,17.96691558979752,36.54709759179257,56.408205311774296,0.5843980103017496,8.39191052873331,fire
26.01882812904201,38.631305281525215,8.489842307558913,24.939833131466354,85.34213821401924,0.7312610318975983,5.518716533829493,no_fire
22.03219829299467,75.60206329428433,17.130069849490305,21.914384428366617,22.31022116222423,0.2672230726698293,4.93714113963673,fire
23.65985526159374,33.5468614280166,7.8332013942313745,27.639386166083643,65.81505547640212,0.6914502008936143,8.950623008699775,no_fire
36.705700007883124,41.668503567121476,14.266400323631029,19.17761463513001,74.92941384475414,0.43599776736984175,10.083865570360294,fire
34.58775645669915,45.072515632530084,17.665655276706268,14.774784177945913,68.23920194813465,0.37336448354673984,11.424930384070047,fire
26.347418701162947,62.931468751358594,15.167238112168917,30.4985156432755,34.591779138961314,0.3713528067811157,5.385329822690858,fire
33.744655577277655,57.33281982129813,18.85967403214384,25.833486599522892,52.55321719139471,0.3265183924239027,7.394484931525,fire
25.01448388154448,44.2023194176173,14.750868525562822,37.99336349994439,67.96603528090364,0.678239456038539,4.47692288479871,no_fire
20.583665776431623,62.41536565197022,17.34986091757891,27.85741566532557,29.431566535548388,0.40027430705662603,6.599937244540402,fire
24.894410348806055,47.97493562864453,14.224698138780221,32.02598149101943,61.83351180730043,0.6013216716733634,5.417760298302132,no_fire
21.481970476726175,59.646269050995556,23.086635507235783,33.64265067043657,24.583419587669802,0.36966117845835256,8.20880597476292,fire
34.62628559056364,54.909859493154556,19.36731943520076,23.637679719928062,54.58126424798025,0.3147135688108341,8.606258321134217,fire
24.20370089681199,37.419795809263036,19.48449642222695,30.453147611248323,70.9571585059022,0.6507670667815553,8.842538499737175,no_fire
18.392762719697195,20.54322666263831,26.108540460007138,35.596004279374284,89.2025896771106,0.8784584137957103,10.996541463549972,no_fire
23.597857607125125,33.12204737560446,20.59905357491783,33.46798589592175,68.15573297774671,0.6680160117781104,10.094747016198594,no_fire
29.1349899385026,46.49334425718632,16.644714094905368,5.889203743814465,71.81701531269721,0.42124948022460257,11.530616011000772,fire
32.87494229777875,48.339679836384775,20.828797805600797,35.41761232309188,59.97260677080658,0.4536285423841105,7.277537897788242,fire
27.5334576042838,65.42562010573627,19.983445816673726,33.62390854594875,24.602904796842697,0.2821725635847473,6.52006011146703,fire
26.606492661749982,59.03113333842069,21.897979144881752,30.079154362880615,38.53557645752394,0.35809557480393656,7.613126278605721,fire
35.73374955549376,53.98394457248615,19.44795545745604,21.655007139285832,58.77504051695123,0.3114418914939435,8.909024923629893,fire
26.89582128202754,51.16666637511695,13.089942008164767,25.7777390936226,50.65250914789654,0.4679890638944237,7.514113902592736,no_fire
36.29863863189746,46.502745480284105,14.78118210580854,27.418778664318243,65.32168260362242,0.42337406745933953,8.1048454227455,fire
31.393024939752376,62.405491283203816,21.911174538376805,12.676749698144112,38.60574213286036,0.1696808660629599,11.182060601270575,fire
29.00462316836499,67.73837613522073,17.162551348491625,17.33274029460044,47.886360586638034,0.2995278009911259,5.6975059827056285,fire
39.31573505860335,48.45115214148372,15.603716712105669,27.697139522085443,61.182305273610275,0.3469354050089244,8.61034586073429,fire
25.729153069042788,39.642398488176816,11.388074108900167,27.699618302623623,68.43664934574504,0.6382900593997376,7.627484845874742,no_fire
26.85907926114807,33.31534232435582,18.81324078318916,25.137292273566878,69.69662916111886,0.5862359215715414,11.78946422543859,no_fire
28.019614113536118,29.400655963375897,18.4774556312604,38.061951046379384,68.04546669511058,0.6528608621681657,10.398760628362137,no_fire
23.609070665919543,28.563911587766,7.823408283231021,35.02221161362755,82.08244882448601,0.8429390357057878,6.439983635185109,no_fire
25.72102144960529,59.32923831613812,22.85241885090673,2.7811211442192003,63.941363673160055,0.33714524536202395,10.139396769133727,fire
24.49317635926301,53.79457664766487,13.814899525583643,29.422186224803397,47.79614665579081,0.49899515065391536,6.079438637939561,no_fire
27.53308496057969,53.12611830554768,16.88268876820007,27.259705873760723,48.95527374562001,0.4306427005571861,7.684209736262954,no_fire
39.5023251766012,43.28590227170413,17.300888947385477,30.889409349683696,63.16973538885742,0.3792779837553645,9.624641113665446,fire
25.855908800413438,45.200172873174736,8.309453579311615,22.880043969784982,58.84931719560351,0.5556196217256024,7.733444961098519,no_fire
27.31663697329871,60.49280566032401,19.550597020682655,28.500923995729366,46.5675982374858,0.39250177204676245,5.921555050350671,fire
25.52722434245856,77.33562045063807,18.526683776225124,16.34794338511557,28.855110830095377,0.20434387012414185,5.468160527771174,fire
22.79151257309787,25.054528147819493,21.782820048298895,24.201429420795407,82.18599759453973,0.7158991501079779,12.890251143335782,no_fire
35.157608733127326,50.85696824172075,18.080083713079155,20.151558967653255,57.833975740279044,0.32191239604613653,10.029968564180741,fire
24.581084449206003,45.35835243188956,12.775519981549367,36.988917308597,63.179216597509765,0.6600578590507804,4.566195562597161,no_fire
30.625790164751194,45.96535228513339,15.994858093526338,39.83155899699952,43.86787817859608,0.45917453292627014,8.069501762585938,no_fire
27.15946578357689,56.93395353291453,18.826369234096212,31.434396948123332,54.7368168594304,0.4728113130421388,5.007952691700471,no_fire
25.785282454978066,62.45291778514854,19.43956258786661,33.36906044799757,39.08139368321399,0.3989656506584667,5.043819816595681,fire
24.248760944108927,42.816191813866354,12.4896217627312,29.52240542188785,54.11167193877379,0.5762976673569002,8.334653278559653,no_fire
38.690740664655834,39.28145243738197,16.895586203456407,17.726318440944443,67.95298326441956,0.34943482048263064,13.040667437126444,fire
27.018438683698985,70.45022195318582,16.583567134331908,26.68838656860339,31.492718940517328,0.29150427761281983,4.698037098265993,fire
20.531441759833804,27.750500109146174,24.75135763768033,28.739337985815435,81.9235543071166,0.7515277762830403,11.339802322577773,no_fire
29.54284542081794,43.5111361493007,22.939680458008247,43.66810337081355,55.18957591905767,0.5285116348196834,7.626895837380977,fire
24.46201194399206,64.787692902464,21.72045304846506,35.79174586824679,28.379544790905232,0.3540324380247999,5.618685661569923,fire
28.77145270234979,62.0363252425999,18.52981433974707,25.257365818799805,51.668778141335274,0.38103819534992095,5.402075049248061,fire
23.924102155571887,58.286256352754535,19.220097632752577,29.013073279985665,49.03096801584271,0.467871252696174,5.617321047031408,fire
28.28241787992815,56.65219433771608,14.947942893333101,28.04722667746496,63.34219830558808,0.5067584832021014,3.939943936016178,no_fire
29.209604998513303,50.003812723938694,15.269240867698619,26.092395762514126,53.21413646408714,0.44027697931438814,8.213050918242148,no_fire
24.34575250253183,42.57096380839387,13.92720350513418,30.866865237444767,63.86551982202194,0.6300995502326414,6.982103323947742,no_fire
25.87873188213719,34.02391116588166,7.455079846816636,33.078474483917475,80.55831493105622,0.775851733220692,5.5903965192858225,no_fire
29.55666393626914,55.6199081665161,11.763058501586984,20.900995221428914,62.69202646010967,0.4611678335964391,5.512091341060889,no_fire
29.75751710816959,54.55046909991374,22.49120419832262,16.650612099289734,64.03291178268395,0.3791651592128772,8.93672507984522,fire
42.4295801153318,46.392218804329474,13.791337837601139,31.452754960189996,53.925372640314436,0.2996264141808852,9.516132125869383,fire
30.939053532810757,68.42260393685116,16.423154530643927,23.396399277690982,41.50849559627485,0.27528595694042235,5.1282809145565915,fire
26.593165105755578,57.95092543370997,21.08894600245654,24.678031317932625,50.58008024471068,0.3998150961362289,7.253737508228184,fire
34.18094764704972,38.49802413876091,20.83909871271156,21.61035618959184,80.7518378903034,0.49135305474782237,10.731275337651045,fire
19.02492639561698,82.3953033288547,17.284300771474882,12.963351652368734,11.437881164785642,0.17587429083609374,6.046849403589543,fire
21.491375007006155,72.38121368963124,17.058490023695178,24.193365327119587,28.363191228420586,0.3325537894030969,4.464206365884741,fire
24.877162241592714,40.2203065898193,19.48699618686283,32.940838044431885,59.55981462266119,0.5847640498652815,9.144254297714571,no_fire
27.01341548185706,50.63652721138044,21.305717857892947,40.72732321294919,44.973134294440335,0.4807585751609069,6.8346757513093985,fire
26.53662517986265,41.97256724051522,19.920776318552917,28.613272279388795,52.56224404866265,0.486625110541418,10.928719141515868,no_fire
17.33761259367654,76.95478301010522,15.330705833146215,21.294088122562382,18.913086773346066,0.3209971128653688,4.127875112101847,fire
31.821162377020514,53.29268065183038,24.60901857008457,24.96338016172675,52.89310174110197,0.3288516684869489,9.798261713563365,fire
27.69685872256356,45.69780503345238,11.937028607897084,27.550758845686694,67.39456731681948,0.5825663210856777,6.255412861476495,no_fire
28.294278733761892,44.324166117648986,9.785357325378065,26.432859861576524,75.59106572069277,0.6290068725925324,5.3698254188059105,no_fire
24.8598908948301,56.92964736156708,18.429946257453228,41.13501395354027,46.87909255059708,0.525735469310793,3.537463500516317,no_fire
31.734787588410374,52.53808439292234,19.7505329547605,6.649420391544761,56.265078659909484,0.2655303562283968,12.721138271004099,fire
30.33025059068438,51.1732513444548,15.723815786772757,34.04885807257091,46.91995622316999,0.43206184034727724,7.181991077721004,no_fire
26.08573630652386,47.95936993969981,9.543598236217084,27.445536627474322,57.365390380440004,0.557570347919901,6.307557820485851,no_fire
27.894591464902668,51.792968894347055,14.443603418391701,29.290384888324443,59.60083223560921,0.5154967574132754,5.60592619862931,no_fire
28.181515676715694,43.937445132258404,17.79448731267488,24.593015321400838,55.74008841354759,0.46206551436942156,10.52835644975673,no_fire
26.734975806179527,37.108809110627575,20.417557809433106,19.470447554405947,68.0192541729136,0.5236458841017659,12.447760198313425,no_fire
25.956408807996844,55.46862305883282,19.714101053583274,28.81907518636088,45.27301184758708,0.42017036739618124,7.501875202264374,fire
27.371686380193122,68.044630013618,20.443136717259463,22.99132608742072,39.31822901470533,0.2909600404855155,6.032906165443588,fire
25.849569274783427,56.806546947440154,18.66036575085808,35.46697385324722,50.93802719934473,0.49744107211641203,4.46717535615821,no_fire
25.52471504738304,39.879407989903896,9.876475927591764,30.945519266256944,68.19453145367,0.6684162391260882,6.491329298227012,no_fire
23.452183641120534,33.08319823310049,10.938780422385445,34.21465947751016,79.02184952420511,0.79250805528627,6.265553998762387,no_fire
28.228263123417626,52.56313007724586,21.874629544883415,39.90573288114194,37.58417798620676,0.4076053284520115,7.781418750446597,fire
26.593780193873076,50.94068341700421,8.23453410920208,21.97770914387084,50.45530322505893,0.4768198551236858,7.421573906863722,no_fire
26.26764537718609,55.221798238798215,18.00034422601771,29.98000132604379,54.134930116353146,0.48314827666455845,5.685258501185858,no_fire
23.13116036793361,66.61308916184085,21.773752505914043,24.989246711351086,29.436240472145204,0.30717262066372464,7.195897384101944,fire
25.93100095594244,28.952572804977596,19.527493698699775,31.47881172585527,67.3203903303527,0.6339032032405278,12.104806954094435,no_fire
24.136146602843517,37.94546034156396,20.405213545717462,30.0317342066564,62.556003130886275,0.5952491587419162,10.196403736947495,no_fire
24.583609745985942,34.31925718741884,21.335773612899317,28.29118784067584,67.88445202995979,0.6120161255040473,11.233132977216279,no_fire
38.50668814782712,47.42804897459595,17.2447043257118,23.056750118609717,60.082010618149035,0.31705087685502736,10.407863922446179,fire
22.09885677630828,51.42846016703915,19.292343481995783,25.341855156193677,59.785302192622424,0.5506299611155323,6.844879623145732,no_fire
25.312814564169035,52.45615623048762,20.678677578495602,28.165511047328657,50.627989581469805,0.4582051251757619,7.946179021989743,no_fire
22.0940762196852,32.718133202934766,19.10025181639955,29.749274006208402,70.36573593557479,0.6894865909300121,10.233139079214894,no_fire
29.7917232913349,45.23919980905363,16.29312859847984,30.039708765033378,49.599917546951154,0.44292348092285366,9.66248147175384,no_fire
27.1654096343985,48.26591975944808,9.366025484871033,24.121116129693554,61.78062627220313,0.545755828389603,6.4326480911578985,no_fire
25.11155723607596,37.77989431281056,20.363537301074928,26.382621659361234,66.23580178716641,0.579330134177378,10.670989367546854,no_fire
34.25415983365323,46.497523497865544,23.44973109702031,19.779207822745033,62.35650972991985,0.3387105522970754,11.862583711103873,fire
22.487855952844278,62.06127659472831,19.779539531704422,36.1209205461599,33.53949045312464,0.43315003458158186,4.977198065608917,fire
34.23495946679466,50.569982650854385,21.18845477779098,24.239006004316312,65.42188479272954,0.3861302960647366,8.59386362119394,fire
30.676968112369725,54.448308650601916,21.97657624014677,12.1962344600199,60.50809949935822,0.3213063776375745,10.53177457073455,fire
22.476407093025273,33.751849579337836,8.708780828109251,29.831247035984298,56.691109914728095,0.6658863423722992,9.750815239327911,no_fire
27.319016474760176,45.45169798691974,19.52468984700603,18.711105422478575,52.55849375327055,0.4061524867951996,12.116126011051124,no_fire
27.24644074875874,44.41369579800504,10.471728736962364,27.56536231983194,75.75967284298898,0.6483097992033298,5.058295039752499,no_fire
28.00867586679831,42.41173089231614,6.649309146731919,21.019829402603616,68.02526056792308,0.5807685672632174,7.644022709182097,no_fire
25.093518344970402,31.04442380983897,19.744748219542036,29.485873794614992,71.93767801129886,0.6528361192962837,11.143322596008831,no_fire
19.391791785236418,68.9935595938577,15.671492870970393,26.826982928416815,21.94824502695143,0.36159645015172226,5.312347866478951,fire
26.657188071169447,59.274903903189866,19.568839646617484,39.74243037733352,29.025396464138698,0.3772596842712157,6.22542039144093,fire
23.36944398143098,44.04086097172794,19.924789389613377,25.491020703442917,60.994941873031024,0.5558467094396982,9.310180705276734,no_fire
22.746109534381752,63.797767257238775,19.44717615093571,27.71148703659294,17.007741389643396,0.28154839755952843,8.76121635063489,fire
24.532203529267836,25.338858150470962,19.30420544833248,39.70702277961443,71.99064126317994,0.7432563156104028,10.442687083191947,no_fire
21.1401363549398,67.71016197831315,17.747884342257713,24.268946990086963,29.416259579750097,0.3528153500788211,5.889170482469891,fire
27.477170986098148,45.96731184540552,15.564892091240582,34.05566847633013,78.21654706207073,0.6649436398467565,3.812106593473159,no_fire
28.047349498119335,54.245168779210516,16.096257772941744,31.196368544772373,63.31232953047552,0.5295125563599784,4.20284634038909,no_fire
22.582214930088433,41.229716824088754,19.78735084404019,31.710115507073684,63.32033921754555,0.627770448967214,8.300593040481184,no_fire
18.612955659078175,32.46696411255748,24.32485219930409,29.908925882262174,73.96646656651319,0.7324208908535699,10.379361484685045,no_fire
32.42594145212186,51.06662695882271,20.444746687028438,19.075537279614,61.29294054097159,0.3607463999625153,9.829850688004353,fire
28.65861387969703,63.92131154362157,18.840611335566436,27.206331996813248,39.79900874978228,0.3214053586156915,6.14995332022354,fire
20.06968533374298,35.58936958850141,23.146879990979453,28.22335100827292,74.23006108201527,0.700157072198877,9.674897610903015,no_fire
22.18505064514175,41.4680279945386,9.692020606396486,24.720912532759623,47.79892125078991,0.5617983069955035,9.931970869032092,no_fire
28.020138801337094,54.497153444804766,20.336047942927536,14.951922349098332,62.55620726171803,0.3989350508142458,8.870408370023863,fire
25.45353726332739,47.30513166539427,18.62272089719556,26.970064909789393,58.27896111300531,0.5176176702850108,8.329743036343649,no_fire
23.249476692229212,34.54199858923611,21.649156446152524,23.955671697785135,79.1940018205256,0.6657554984638527,10.376707492807698,no_fire
24.26577480809432,65.16617664251679,21.985365805405547,30.62583232960739,28.387297350574507,0.32223292223325617,6.715621192503935,fire
23.782029784454558,35.03579535261936,11.131461740122754,28.41545739212173,67.88638586617196,0.6826589354235602,8.70354563291114,no_fire
23.607962273839576,36.515316361291895,7.584296816114535,29.83677477110772,65.3906700724806,0.69690992307472,7.4943217243232745,no_fire
33.15089647694884,49.01303689282922,16.664310614211495,20.01068344344209,66.44361767080957,0.4124265077722562,8.811277478093814,fire
19.507095320205003,72.62319119652,16.609290849267598,26.911301959783525,26.139069163120464,0.3684985765521053,3.723719863098468,fire
32.641506692375735,61.183933210445176,25.205118958075943,13.985131926467954,46.854289288652936,0.18946987467268128,10.923106487106146,fire
37.39487990246491,47.21688593311478,19.067383344914244,23.671822718799202,67.50349098978984,0.36886116124550256,9.473871606341508,fire
24.173280413430234,49.421934247599665,18.390934159628653,22.472259069008388,56.710351756899435,0.4954466035573621,8.694797786390682,no_fire
26.12893798864372,46.486856841803416,14.658924219955956,31.027184967919812,61.14662714665813,0.5744030954784491,6.486675957545641,no_fire
28.481313507041243,34.83181887852447,18.844487325839257,31.656202042395986,62.35825478140894,0.5573010735039818,11.110754607072082,no_fire
31.280515933696726,48.08972721082252,18.948050221634865,14.077981342812931,71.40990580908735,0.42021094368321527,9.971233408119945,fire
32.414364811113074,64.44937024506933,18.20893163162642,26.366551175050304,43.45088536363665,0.28306957187230664,6.011659683372378,fire
25.584566263019394,41.6575238957101,19.00992073610639,28.324702609046575,61.47931711280122,0.5551373689122563,9.458198230906987,no_fire
36.0070903302664,52.309360279288995,20.14039838940623,15.200613203481593,48.3732401905169,0.2094032763240351,12.652257715557955,fire
25.427625620919045,39.26014162461594,9.479362856787594,29.158049356509505,69.52665554504573,0.6702057268198085,6.808032579365375,no_fire
16.779228351933497,74.77277892457617,16.336998245003368,33.29539341784988,10.950268924708483,0.359473079894956,3.3757180287777167,fire
27.43714959247511,43.8164024580081,11.387785086363087,24.671568640428465,70.35196384182669,0.5934072615559629,6.934635833480842,no_fire
24.107081192644713,52.13360606408324,17.868950515207406,47.45554765346039,32.50223855335604,0.5121046768232687,5.521178264386358,fire
33.28005428639493,57.40692050676951,22.3845078751832,12.454443116091088,45.89071226533664,0.19188337715248532,12.11964667519366,fire
25.707396059309644,43.64821734549173,17.494269525019494,28.621855745323877,64.70668875555569,0.5767179700931515,7.97009461151115,no_fire
29.332765332659346,41.912131491713666,21.31601211707657,12.230824788416744,78.77154686151945,0.48182004329351386,11.530513747338409,fire
25.53078720781813,48.52197511051742,17.042987613010045,35.855737346993195,65.70317582879689,0.6193610175447755,4.472377419419975,no_fire
25.215235984808274,30.765129416440534,8.928850460203783,34.200704798851774,95.774830300134,0.8781678273722375,4.3546783027861595,no_fire
23.374067980068038,28.024084425349745,22.634682511079994,40.11027544985974,72.73345583652127,0.7402879527393282,9.926333155860492,no_fire
25.105088705988095,39.23057066180962,9.063594277789447,24.970293782533666,69.15358448425593,0.6493487449866644,7.705440030994714,no_fire
37.285485555274576,44.005593860633496,17.885348941124484,20.035927939389257,67.55796296813254,0.3638271810808013,11.06905883064416,fire
27.223236107537332,50.6984664724977,10.995715332151121,22.154096310706862,56.28670111179845,0.4856810274443467,7.268708279459902,no_fire
23.546345208647125,69.42090707873302,19.66631476127697,15.623009470284785,25.881662250068164,0.22747748485795807,8.586843439504607,fire
26.931321795856935,29.28171243924717,19.57290347686343,29.434990160721743,67.91729501498001,0.6084841529871854,12.527498217543844,no_fire
24.666442951948234,33.4333215206815,19.66327642107428,30.202656886456563,69.03543825523904,0.641365972444083,10.56427507330115,no_fire
35.55726767284014,56.41246116616104,20.86151891627897,20.136068767457406,43.185977830364756,0.20236865503700596,11.055137807566279,fire
22.421054950437018,39.83157691686307,9.68355081527499,36.27586515652625,56.7231284677742,0.6847550728013705,6.508694326512417,no_fire
22.474383125760678,30.012346628627068,22.287821329904098,27.14034416184015,75.6912589999574,0.6860740799848988,11.64390105981216,no_fire
22.86471985463031,66.02491097901404,19.483366035162106,29.698565500590494,22.97888941058702,0.31933550076618483,6.731191632919774,fire
33.108945798918654,39.27317920024359,19.924625689422193,39.50481530958336,70.54569958441209,0.5648250767638657,7.526484389524059,fire
21.40225797643555,25.601537501910556,23.87730784709416,27.57921192681919,86.9604254492745,0.7705530780420022,11.486870228617807,no_fire
34.42066814311312,39.38781368427932,16.42712241883231,20.031957287190792,78.67072418095438,0.4897734059593379,10.214292035845663,fire
33.04037785851111,47.8274310045646,19.910392346998965,8.832374665984508,64.78288301233297,0.3193195040108001,12.684831207617327,fire
24.6750662267674,44.21232780226008,18.70200230819875,24.95522395607493,59.714836067774144,0.5326394139553907,9.485867726346129,no_fire
20.279554781191138,58.71217284308132,19.97865278513482,29.977061027923487,35.41856067359097,0.4461878519268411,6.9325095758302595,fire
28.079068032009513,50.06892274175587,17.275711086160914,27.20718198027068,56.437497371705525,0.47012976861689604,7.731102939382216,no_fire
29.47108889171267,53.60962792950629,16.940454192195578,30.91996629462717,61.29896445489502,0.4921224733374167,5.1399598626298575,no_fire
28.672341160096913,32.49294453311131,19.95479424501746,29.55060504346258,67.15054813560516,0.5680434506365765,11.900679267677528,no_fire
22.957297541431352,33.94990096826395,10.284609634725484,35.386881960794874,74.6575211019343,0.7841974932287936,6.155427048070785,no_fire
19.797760497352286,28.438455347185094,25.39549831970291,28.096383706442218,79.78269516992593,0.7407836831084247,11.61973142878036,no_fire
25.33090877554111,41.659314753700436,10.027050327855555,28.34955558645845,62.011284292035874,0.6147615732004232,7.435965848658678,no_fire
29.59668848166704,30.109512075849242,17.390429944858262,31.43524895583792,63.55098233067099,0.5674156471695131,12.345125934232637,no_fire
34.98241669370634,53.284193187794145,19.953071664202213,26.489820788225973,60.30449758033213,0.36023208326645695,7.799016234393101,fire
22.186310254458938,63.74581430456939,20.682226134112625,36.33063005871218,30.51676338032949,0.41212179235782254,4.984404144005534,fire
32.39151130418526,45.75572280005183,17.083279294083482,18.294628538673884,70.70796582391282,0.44332440037823345,9.608568034489112,fire
31.086310371611482,47.9035610435769,17.34331587799697,27.727230857610817,51.616747187708306,0.4071561343948737,9.440762113272442,no_fire
23.071344917161298,31.474192246950533,8.01062519618829,37.57757307279731,71.70002896105184,0.7996654261079343,6.415635238672158,no_fire
23.734895529892952,48.14118692696928,19.33803655552909,43.29948227623536,45.39012048590938,0.5661952402721893,6.119189403169323,fire
25.01690275731589,34.69740014382642,19.431392896970056,29.16845432940159,70.63227078885481,0.6365796952112917,10.159634143150928,no_fire
26.824871058933482,55.19125996249812,15.801618734927674,33.61614365162742,55.40227430748115,0.5175993557354861,4.280302940823481,no_fire
32.12871345383536,59.35670510893402,15.981165278862584,24.28140934985797,43.5806098530932,0.3019955303000322,7.5969340982906175,no_fire
31.831168990042496,60.99509291295843,17.820203542065208,15.850042273362007,41.496929141722205,0.22697875584180754,9.670031800661718,fire
22.98636880909519,50.11638171427981,17.729117794873265,43.10418857402217,46.13441385018252,0.5843419171009565,4.977728143314073,fire
29.556549794881263,54.15467645213518,20.0609223524109,29.30312228722284,48.65162743246089,0.3901338228230384,7.876362910380802,fire
21.57032284618967,35.063436727635676,20.742013348352558,29.70715750861187,66.05028667613996,0.6568147893102654,10.403368312735285,no_fire
24.79133704295131,61.34763345723495,22.090715690410594,32.9243073886437,24.96860350092392,0.31936163548338725,8.010089908803492,fire
20.659369804786202,68.93810955149418,19.31171287185087,26.700598939167705,13.020872327433711,0.2707406381094254,7.619997158627011,fire
16.159401563448647,28.177232482728584,22.92308328984836,33.37759083872136,80.99794921623374,0.8497946307628244,9.289337821146002,no_fire
27.08459182183366,55.887237547508164,14.808322048168042,27.036677196855607,47.31389494494837,0.4313843365107697,6.591047092467099,no_fire
31.152814030969793,38.27870587303568,16.94456177233102,16.86293923967244,81.44458427758879,0.5341367511701733,10.55659731920261,fire
22.557501411787452,36.79939140855926,10.562823643639554,36.36881525701706,65.46769828691741,0.7353858290020352,6.375125907000262,no_fire
22.92487398668606,29.87815918890653,21.26356273731992,38.273038009167436,73.87008126283438,0.7448900396809426,9.235190443233664,no_fire
21.275523316842555,66.70165322722555,16.077566783984256,32.12551502218531,29.161730104155037,0.4108592483366753,4.1050230458791,fire
36.204827468132926,39.55768429429706,13.872682588952733,28.587794565483264,75.74250172484012,0.5146654690013367,8.322081658830895,fire
23.72774530885154,45.10646809970295,13.716456421737904,31.75477324597889,54.82974350836768,0.5885337965580973,7.168286444497135,no_fire
25.4808177816678,52.74416815177109,16.324449319708734,31.470409902937796,53.46794045967896,0.516972986780278,5.773700134894563,no_fire
28.106078252724537,41.64894754177665,16.58228928464833,39.02753898699387,52.926188370397945,0.5506715582253501,8.085717802595958,no_fire
25.168101425714386,38.702386587759335,9.796088622292682,27.21663777648827,65.04155721795455,0.6365064637578552,8.127978518197699,no_fire
35.07150372118997,53.23234397096981,21.29438030152641,16.083853482747294,55.217075828709035,0.25786540078180586,11.259938194621405,fire
20.948395665903245,64.22261250770039,17.29490093767664,29.77559223337887,34.99558874687338,0.43337090308649306,4.794791839903864,fire
22.750021954369174,31.89935677272704,8.448346553718018,31.795863495546296,70.14503719917505,0.7559943668348583,7.889656927356158,no_fire
43.21821657594063,48.67934021220597,15.407243715466436,25.787486025858772,44.94645403099832,0.1866077939711378,11.861520336684592,no_fire
25.82697291902667,35.91165451063977,6.465272943001513,28.062338103919842,76.96770697745438,0.7259351930755871,6.453135805710387,no_fire
22.611161423777755,33.82179595010068,23.51280851273946,25.622257737064025,77.69382820226102,0.6682431504043389,10.753364887567116,no_fire
29.628390006614215,53.224644807388046,12.600716975482676,27.098859800143455,63.16135242699646,0.5029372960551908,4.9710758233458,no_fire
25.74973193418711,54.031139940970945,18.83936834085932,32.306274780525534,50.08901522303212,0.4809884430053125,6.235904773580512,fire
35.82624039556156,43.847739106002635,16.454635773836873,24.55816618781093,70.4186674088651,0.4385386079785119,9.154368388432404,fire
28.8283597626851,48.28182143348876,18.67203111413729,14.49172833376175,74.56564301143007,0.47801670090033654,8.956859746971173,fire
31.85537817779219,42.24206942733163,19.622613595927845,21.903672853546613,75.35378000144632,0.4944595247704602,9.684584915293806,fire
27.136208344395335,58.949760812969984,27.18094602997019,9.31147126057251,57.34972033839903,0.29548209475428944,10.838698520881689,fire
28.793762739900163,57.28172268951947,20.024043031188846,30.24319109174398,44.63529003979048,0.37653272215442474,7.137136398628611,fire
30.80006895058999,52.85114900533911,19.5809869733539,33.61271955127607,57.77446705440691,0.45596011272359344,6.023145002575319,fire
24.869421404088627,56.05162202353645,19.23111344728342,29.094240507928482,51.982180294347344,0.4768750107597439,6.011296715354469,fire
38.902990544209175,38.59694247766663,17.731950578311785,26.998947740892216,68.03516674082765,0.4014474041999337,11.318065469370737,fire
26.15304705954424,49.738351239015145,13.50224514830271,30.95966804309012,60.37211472043352,0.5672225291410642,5.330993524051763,no_fire
29.0734124157237,45.17496055810362,21.93031294845835,12.891713668685215,76.65548707258925,0.46544961904047166,10.737984295886807,fire
28.528295597889553,44.10628469159822,18.97286291688878,27.87553854693055,55.69655528350844,0.46973511828984005,10.021111648205297,no_fire
35.49249394949847,43.513515243375394,22.181631805429554,21.85531369963418,68.70499070282742,0.3843622680386876,11.30507763818107,fire
24.843110270791016,43.98729612444484,14.050388436992408,35.308642486770175,71.97899282170968,0.6912426910507721,4.400629031578016,no_fire
17.294600136870137,63.262904099743224,17.846310612537668,36.122593056567815,27.087035518667292,0.4822925279620419,4.427850528375954,fire
23.318874462238036,52.51365565927304,22.06566509570491,35.791315901106266,46.20509814211501,0.5022690481033408,6.846350986680329,fire
36.696315860908044,41.29992991115627,17.501483429511904,25.374418801441294,75.22145366546378,0.45838455775289055,9.415520785927425,fire
33.42898419002506,55.04785279668354,21.22105643274978,22.55272641107225,58.49052366814643,0.3363985540287575,8.46505251348695,fire
26.611714482662443,38.41087209926995,11.081381973405524,28.671519358853566,81.69213375237042,0.7106319083665129,5.89793419023745,no_fire
26.070014676082454,65.17053449314784,19.867030818224357,22.326585278682437,33.95070880320491,0.2873078534725071,7.60173510174715,fire
28.957380135871023,52.38416170943853,15.843220372916631,30.130946387296135,68.16509536407517,0.5430845538937166,4.399712604852243,no_fire
28.157487505717388,57.26613458207369,16.33190072540588,28.185312291133922,45.65783441889507,0.4006154429839802,6.596721400752691,no_fire
25.004212451956334,62.64540643214261,18.22777974988135,28.680343458068652,35.501859088656516,0.36791029953526516,6.227546692854997,fire
29.935267241419368,42.93695734386213,18.46448844865287,19.896304006423815,80.7701025743745,0.5457485880574606,8.618460091074109,fire
39.24018059408745,39.73746718363466,15.712108119507954,22.880485923355522,72.40590398211022,0.40401825483991577,10.873757986132858,fire
26.71822195252767,48.37271278966267,10.226125750675703,26.52845942415499,61.267263263135554,0.5591826436045265,6.0409428307908755,no_fire
36.0531471605241,40.0112482716997,17.000455708194682,23.01354381217846,69.90925261044475,0.42993216267336126,10.963408298645096,fire
25.319764118063215,43.8313931725545,10.175793661548171,30.24855787345268,66.89831439578724,0.6473452174908145,5.610088079789473,no_fire
38.5464069771317,47.520278140848674,22.010437098252304,15.911412214882995,58.190119379222885,0.233136069818315,13.318555864547104,fire
24.758889919107432,75.27111392193623,17.518188576184734,16.14520320785002,23.326818466269266,0.1950738000997948,6.675275030704361,fire
29.87026469629662,63.30792542474917,16.765866767177847,28.887131494564887,39.1612634805736,0.3241362343128999,5.778887253141279,fire
27.95595258856883,61.63090619276301,18.123734500557113,25.454769810152374,41.603680399962094,0.3414943368432299,6.775068497114547,no_fire
25.30112619165051,52.13189443128559,15.627350925420156,33.63163268115509,47.91078279631807,0.507732769748652,6.12024807912179,no_fire
16.271436115088502,63.68434389454006,18.278861558111767,31.954696001244756,20.827893932504992,0.4327946515513117,6.1289312348860685,fire
28.773007829896077,59.62837986826462,20.11953615698243,19.3338908570931,50.07935050275183,0.33244274506415605,8.11122120496813,fire
30.381463608138475,53.03047212494161,21.254452329692587,20.136655649673134,64.51387852217168,0.40569305015635865,8.373373176386979,fire
29.85440599288088,56.310241133016504,19.900666785355284,34.43257814382518,51.13536876153257,0.4266397668422115,5.642712163500285,fire
33.037813923876506,54.03496760153864,18.764258901556083,27.348845390803337,61.74623098819403,0.4075007792518688,6.631242063177599,fire
27.731859196740555,44.130104567620705,9.342497042756424,23.7988251277367,62.0801565428796,0.5484030271420868,7.862339805817832,no_fire
26.151628110094055,48.55544178009629,17.58867842955045,31.377016110169766,50.792400994079664,0.49541414683913554,7.893624707989502,no_fire
26.610972918332532,65.59675542554591,19.35566283267221,26.632983350306496,29.55052967886716,0.28327931222910396,7.0872736172337465,fire
29.226810099813893,61.701784338848995,23.30287496724831,16.63293816213308,49.96508260725199,0.283905367401045,8.8207888503589,fire
33.076298968680874,55.91617952589168,22.920846753589736,25.3810477323446,54.84916935303932,0.3265181915981602,8.384187788757307,fire
42.739117502046625,44.27340128481313,16.315326446857632,25.760289749389585,57.27235030722169,0.2692739241749311,11.59061444778073,fire
23.627511770947088,38.684852167111515,21.341941460156555,27.83241965099982,58.53268375220946,0.5590633612726279,11.188716232959957,no_fire
25.056743203203148,60.681210821326786,20.66776896994152,6.773787240526681,63.12319526036622,0.37644649298945054,8.353210096574655,fire
24.636093747355964,40.70419827909559,10.65877056775492,26.087450858396682,57.79004940491017,0.5862470404006168,8.925986163744188,no_fire
34.8433904232687,55.01309134081646,18.863906990309005,18.07103959614989,46.815657345996655,0.23598681236618052,10.924303903533373,fire
34.03326302684846,46.315168567433375,17.641407966054263,19.211579702016405,68.43783662773146,0.4071133846042311,9.894067874260621,fire
37.10139279288881,44.80430649953453,16.928615864255235,18.624515426601967,68.3842848916289,0.36584310988648566,10.788198455059783,fire
28.391974141294547,62.461516147541175,18.56130431973237,29.32567999544987,53.44200371921572,0.42060932434686754,4.021767363311118,no_fire
24.103165949695587,42.95284234805841,18.718362477332796,30.180632866117033,62.85930598855388,0.5946345442583891,8.1480923541849,no_fire
35.56582558395556,48.474659578566104,21.319722981783663,26.0233532126431,63.467023982459175,0.37144210447531806,9.352541872568844,fire
29.150478478277524,51.77804576044335,14.82009193208256,27.382820844041493,48.608811770078866,0.42120061834140715,7.922581417884821,no_fire
32.16854655839124,53.158491215365004,19.4302616564984,22.352369980161278,57.25243279409982,0.3626069368048992,8.749736442391814,fire
28.783635615813765,62.33398424840786,23.541671478165576,22.883387211141685,40.20012875009501,0.2715984133092293,8.609116693372291,fire
41.95444465996634,37.900350563908354,14.153662133882236,32.72362988248133,67.31325825107224,0.41059430339139474,9.986020736288664,fire
31.20129989851091,54.71088339624002,23.370485775550822,13.81218963368381,58.1535341325376,0.3014902005632272,10.789185736745864,fire
27.13957283517736,52.71745270999453,13.229615006159012,29.865514756382233,54.85398642940322,0.5083200531887664,5.517305631459038,no_fire
26.98138763116194,40.55082983473319,15.60642445520875,32.89610801132731,57.37693120627383,0.5628524158942907,8.834463084167215,no_fire
23.53267429916355,57.29193679268141,22.453880271342694,41.75189618233986,36.843448381523245,0.46848519388025595,5.431952575923246,fire
35.29276801110568,56.61944925009881,20.616985472445002,22.22512904341067,44.38336255062755,0.22689139459632823,10.24297982218523,fire
26.984596913906103,46.19944312730081,16.934048067503124,29.271459770255262,56.07081654710242,0.5097425405749455,8.330659318099352,no_fire
25.495419958048764,46.241855569806745,21.65973700234136,38.74906747108018,52.927845342039845,0.5454514281814986,7.396074951350577,fire
25.266749228199995,39.17239926389945,4.7842873336019895,27.113791263157278,63.75365004904752,0.6553210301713461,7.142523758821635,no_fire
21.12502118406689,38.31973984544412,20.667980943512344,27.807706638737702,66.15010232634157,0.6437329837593955,9.70472614046007,no_fire
24.37544896945908,68.90050817468392,14.219602360467107,27.77541880201253,32.3244098069632,0.3603180344064325,3.962368646197269,fire
23.413188314303447,31.835995560143814,21.144126105263144,24.701216344064886,74.66172853866857,0.652906910633523,11.657638802502882,no_fire
25.699632722887756,74.28863473603776,19.28002779433715,20.166404785820443,25.260883668206947,0.20930241615577094,6.279954492092239,fire
26.6033709849544,48.53325435655006,12.959470029350207,29.19209326585454,70.47977021398748,0.6126075462965608,4.579811572997479,no_fire
26.390076225175843,42.50949535323279,10.359409145244522,27.06650293055007,71.48936796989875,0.639854808621318,6.27442884442989,no_fire
31.202355693126762,63.3017269033687,21.498938279244776,16.235204177621693,47.175744793519016,0.24266645844577636,8.69674615571571,fire
19.912012502771233,61.44328560659558,15.253745055063408,35.78479653191981,29.99336058138571,0.4777295973458561,4.467442542224786,fire
24.304990709173374,43.26411395710687,15.822951817231479,32.39398399289763,61.07319654970709,0.6115607924430426,7.215867571180023,no_fire
35.2855549058815,44.67373952537464,19.45966041993067,18.82779959954482,66.14986350822258,0.36708628567857254,11.402387129428966,fire
26.760983905907512,72.09691925336254,17.394679019446812,29.69196759437987,31.29732328970571,0.3037006242910283,3.6431340386946887,fire
19.741835512342423,31.03126755292143,22.326216354670944,33.021624312527464,76.01783209980029,0.7621566235475989,9.550458475365337,no_fire
23.60897122734923,60.96051826403951,23.003619258332144,24.038349493670903,45.58564462023242,0.3927843472410271,7.172005495340491,fire
24.980903993688145,59.27642630828501,21.1951962466259,27.48830408748486,44.57492558448817,0.40341373148915477,6.870305232260704,fire
27.512636851901423,46.7082329421966,7.54805929267145,23.524340105179753,62.10395205441611,0.553599165672801,6.684524552998097,no_fire
23.943538876989145,41.40226683300038,11.316587896491365,33.522485466233896,67.08100297231391,0.6891358949600408,5.663288807542309,no_fire
25.99985309624762,63.14427551119378,16.34986749228526,28.984848037044493,45.11225232145009,0.4185061277438251,4.316653459105394,fire
26.918304885599454,47.330039864705356,18.528366552815147,27.80275124778847,54.71934126132101,0.4815741214538371,8.834245109505186,no_fire
27.664609543327835,56.57194456221889,20.040917429983097,39.27817186898606,68.40807166298188,0.5845973284866683,1.625752062845878,no_fire
28.03787478173047,55.11143498148729,18.41919811797949,32.15628616175413,53.92289120955951,0.46704099283648576,5.579917007694562,no_fire
32.37020094526296,45.94538769275094,19.88606716468179,26.472420308586873,68.04866176682006,0.462711118605174,8.646935845614268,fire
27.314803287772758,47.90845288739462,18.96305990689426,42.618696554616186,48.924229723201385,0.5313685782583952,6.236349080128201,fire
29.714225785226073,46.28640188819945,21.76747744664925,35.7467152439073,51.37250049958496,0.45456879989902627,8.899148527466762,fire
30.049974718296493,50.11381226565666,20.653898385891843,34.15815654813308,50.591140857736654,0.43142268950509943,7.961504192772775,fire
21.164637839382344,53.60206212331538,20.431303225759187,41.20174310712091,43.60086066212707,0.5600325234787839,4.9957759277011355,fire
26.950320691931292,62.69322083465548,21.19183736418405,29.546246417106765,43.677707141250806,0.37264576920530174,5.698703993491792,fire
24.135190607579666,72.92859521428731,20.273113376969008,28.345648149629245,19.884630145167716,0.2512588352566647,5.623271948163933,fire
34.90809487192405,49.00051256123625,19.029767035387966,19.033720839267094,63.56767488206907,0.35025899264731714,10.204659932757506,fire
30.097542097978714,46.687858679706025,17.40207985263206,26.088879239002193,55.23817357974517,0.43490249768885425,9.552158928031785,no_fire
37.10509646009429,49.41653472895722,17.216893086585472,23.972624234719103,57.43771388760535,0.3235279269042264,9.752349427068319,fire
35.60118674298363,41.70837158932967,19.31196339891639,29.803586648088213,71.69827811957002,0.470776239415995,9.018587862687692,fire
24.901754932567243,45.31356722985076,18.8700507567288,30.030982809551407,57.14219295096813,0.542486897658176,8.409023681553197,no_fire
22.839069608290487,28.17237470305557,22.377644186296134,26.419991804672218,78.77366799984007,0.697915350870888,12.014264563298624,no_fire
23.913675620575336,39.63086670431248,12.281096910385163,33.49064188471414,63.25043150082209,0.667084459526422,7.0047605197024705,no_fire
32.4489557007194,35.14398604381511,15.011862850964478,36.77261808937507,49.32526459247853,0.4788206255510529,11.48225378254611,no_fire
25.501778420621648,57.373776285465155,17.38343441281631,33.86359014436913,42.63324271603573,0.4520528780233008,5.56213733948228,no_fire
32.38975958597085,56.46734736888547,20.640697230103697,11.869760103886286,51.17016665108716,0.24384469459891184,11.286522641073491,fire
23.189612359403505,61.573835226941355,19.17421487894544,36.43151805595874,29.233879014064406,0.4054125254209738,5.6645821995228225,fire
34.08851168258603,52.35996558740757,20.74649418804937,23.482635335892557,65.93300241430711,0.38418067191324806,8.004564257015547,fire
19.96742301509847,29.054757052712453,23.596456716553874,30.59368577587996,73.38967164226858,0.72688376780518,11.431846033912915,no_fire
26.092219382395324,60.24059539834117,16.449744536916302,27.761908648386502,34.95041535316716,0.35990932302803974,7.063677805782884,fire
22.14635967149559,65.5719083698952,16.17108211838353,27.60285237585704,39.33650757439431,0.42926966580144443,4.146411115589262,fire
24.744401353877826,40.34600654696601,14.090407758648674,34.76976081301753,70.79941715900151,0.6924240239890069,5.862787837734815,no_fire
23.751657493691997,27.096885735071186,21.81974864130036,27.925539658194612,81.71976317753354,0.7164320037240139,11.583779068459144,no_fire
31.347381102750074,59.117611247281104,20.45850341429427,21.79238503447334,58.34615363647871,0.3551953468840078,6.910643144278964,fire
22.569880597527714,72.82436299718337,18.48580735260746,25.545436557945504,20.056885823046315,0.26882702984431606,5.685064052037581,fire
23.47545546664275,52.45093243998713,21.108089988464567,45.49802592396845,32.26006975166878,0.48807025666705445,6.506370820123937,fire
36.035846863545856,48.48844476402979,22.062342041586696,19.944185567590292,63.6250992522672,0.3230811248642516,10.94651190899266,fire
29.256218672099386,39.14397606445272,17.60818738512048,37.18049651464207,49.60543265643538,0.5042653155479122,10.179007802200305,no_fire
18.483516256747336,65.97560157632377,18.437521645405432,36.26242579918628,18.590948845882526,0.40703985745674126,5.065321084420135,fire
23.99150733082959,42.60115057662571,10.679043281259649,31.08166518129917,52.71518662213651,0.5932228847491193,7.832001362136178,no_fire
24.770961443775548,48.81534139973927,17.41542129757252,36.419841869948705,60.99291302052063,0.6047989580887756,4.918913989732749,no_fire
31.44555395222426,59.92626101836025,21.68673690913445,23.244367716742122,59.35313488956564,0.35900996836077714,6.441496763270138,fire
24.90179813562956,62.89844256868675,20.687408770654702,30.50659330920346,31.27493093288616,0.34200319909476595,6.856440923813397,fire
35.05871144951537,43.35546174656547,16.112898444322127,17.956786901953482,72.30554256201064,0.4227491745179564,10.378094671534447,fire
35.14701233550938,41.580262729971224,19.489973973596644,20.625381158843815,70.57782682095144,0.4133904880852456,11.315509906471481,fire
36.29295365374509,50.00435779849455,14.4614153787107,27.836396043296475,55.342965106805465,0.36250393970914047,8.288505223492406,fire
28.63666337106757,66.55710481163166,18.011735842839848,22.620693070439778,37.5450785931951,0.2782338534717495,6.514288432656088,no_fire
25.070244527677012,56.24971707873891,19.394217285030063,32.41786442769909,34.25635552737952,0.3937953105142877,7.8594383491070845,fire
27.792752814435524,40.255297260096626,9.533650901862167,27.382577294545516,83.75827869580763,0.700683954767704,5.130559295571922,no_fire
23.89245518847396,37.599028680511324,21.485447949748124,30.749082026438934,63.397249963230436,0.6026551823386477,10.213937694816115,no_fire
27.28157922973671,31.755800658421105,15.495862100463546,36.43459945648696,62.643215464369554,0.6345222453880166,10.08285477948548,no_fire
28.731388939932096,52.413143365551946,20.17873405866789,9.444624001564241,65.01764814686072,0.37444599776257853,10.508305105106768,fire
22.451815974753934,41.185449339295104,12.278637961867679,34.35963151938411,56.99279337851499,0.654956320198457,7.029691762665927,no_fire
30.36689475797101,39.01813475536106,15.003017724406464,35.895708490819274,52.98387569992061,0.5143108810022992,9.615938250900273,no_fire
36.0339173063568,44.24319686759502,18.591971914664953,19.289190734838826,67.04741571188826,0.3701277163188728,11.21975236245065,fire
28.116184724682416,67.29877398861194,16.640624524217664,19.651637299113464,40.63464996187042,0.2908148842241494,6.143129928206208,fire
21.866888499228494,24.523632288423443,22.72711646411451,32.52137043999463,78.69730595361379,0.7578234208886636,11.73308562560045,no_fire
26.612232854682144,52.784715960757055,15.011158123313436,26.148866071206566,54.63139941748478,0.4811244992349768,6.690541327189293,no_fire
39.98285039205199,45.060316437622376,20.6090399946081,27.16858831247206,54.895868136132414,0.2783634405421759,11.899231507915935,fire
23.23510562060492,39.25521453126953,9.115393185473625,27.164385578652325,53.936853399583846,0.6051996081644722,9.194232428011546,no_fire
24.842902995519516,42.086309956489615,9.880233277155211,29.408773968953525,53.96978917521408,0.5832650204910652,8.144033242267165,no_fire
33.84402338911515,56.16062301764512,20.63102976339218,17.58051599957365,51.594628640082135,0.2610636630703014,10.2022994825027,fire
26.84163861184587,40.69727683128599,17.705664277193538,31.022729543534997,58.47333271559038,0.5466840369735531,9.482976971144732,no_fire
35.28979383875592,45.51834510273231,15.925052125491401,20.14059360376083,73.83980788553806,0.4367244802455756,8.945897939851385,fire
34.549942123066785,69.58623112649381,19.588367378279152,21.856371396921922,30.16061976651874,0.12669977030148583,7.945277417936985,fire
29.419584050799227,56.14505785365729,15.878236352591317,22.81081094361023,48.35451931405044,0.3692003551385723,7.8722839109735165,no_fire
24.369576022272437,37.722368293015634,20.012065518343615,26.094802591772464,67.95621484051922,0.6004248412306297,10.326606387165768,no_fire
23.391504366279072,42.22617445913683,13.783586040906103,34.80626879544633,59.0675664033688,0.6437251457853039,6.733085154898594,no_fire
24.85201628190687,54.951403824631655,17.287619137486786,36.665652167043184,53.371950287556054,0.5464784923744346,4.001018031790137,no_fire
27.260475398237656,53.10958100010549,16.38143977324941,28.102433011398738,44.55021621162854,0.4182544024372143,8.002135697433806,no_fire
24.446314340867133,43.30286930721178,12.498143826118921,33.54509742185721,62.67289670039075,0.6449996208384783,6.0170520009730915,no_fire
22.39775532954365,66.36786574676141,14.707129064888742,34.763528535247126,31.921039272338064,0.43501622079490615,3.059467284142144,fire
25.642159671042652,38.68710353440089,15.828328486995368,37.53618458464723,60.339584000217656,0.6320290090412852,7.791591733466144,no_fire
23.808847334493286,67.54450515178294,17.852782202944763,28.87891834561848,31.777064103982017,0.3549151175822806,4.916860859055235,fire
28.524171052878476,56.663348611977256,13.272808260176785,23.489233813573932,51.467835303156946,0.4180585415627325,6.416582149598574,no_fire
33.1120133114612,51.76120569576368,21.137334092664045,21.881332699002797,61.34341621091583,0.36234950946008154,9.192996011377623,fire
26.214311626074284,59.254742153945514,23.695565862858416,34.449280596359884,36.181119865064005,0.36679545042854633,7.209478677206887,fire
32.05507918073772,52.54353588763206,16.714310625775873,26.536379363607896,61.977806563033035,0.43443909302978423,6.695185204122112,fire
21.923999097571226,33.40518391646708,9.440896299513986,34.60467652061332,76.08420883786282,0.8091137393971044,5.980806121423552,no_fire
29.338774775529526,56.86087514966292,17.9717125153692,27.932361437460724,42.43893040995037,0.3549257520857571,7.767991335437883,fire
25.406183396806412,44.00750551467368,9.364442660470981,24.987137711476908,60.259217060515205,0.58038180614239,7.5852003499663345,no_fire
25.468459901129435,45.75734992211517,13.240973508379977,33.63881219857021,65.57767207817301,0.6356184474452913,5.075204681629832,no_fire
34.18898680306711,48.947824608919134,21.38013552297019,12.128836613542083,63.983181134582935,0.30661937025093333,12.151192808007826,fire
24.395795384049713,45.44143460425869,13.809696747616718,34.365909849921515,56.01975162346096,0.6000727328415332,6.394152698303235,no_fire
36.04540158210371,48.90604462413708,19.994169766432673,20.311242627909504,61.183091994276474,0.32254726792862654,10.651402319862198,fire
22.878341872602096,71.56166652591706,17.563509275878598,33.124166996698996,23.30081956381659,0.3384672162279804,3.7122810235264856,fire
29.733625290763037,54.157019604499425,17.514122165186393,33.338489146206086,52.922091149236905,0.4514993057457179,5.800342339974522,fire
24.813545330965404,44.01426373903264,17.935760805519568,34.85959225381007,56.94728262187254,0.5818013284677879,7.532544730275965,no_fire
27.03674237724331,52.88116968973297,21.332097017597533,5.726525089708851,65.58206717904496,0.37159920723103784,11.145376669769679,fire
21.769887134024373,28.32111266381523,21.71144970351449,28.67375008909939,77.28729908903559,0.7230255783565347,11.380183737281767,no_fire
24.691081151892803,36.914835508449826,11.244621124246509,33.41692637748255,67.0184667790773,0.6896541331601054,7.22369823192322,no_fire
26.832706412016073,46.37995444602116,14.304665033674306,26.36381673448363,65.49086909346374,0.5616022695444643,6.974914469145357,no_fire
25.211294488025693,32.21089351217958,6.250205205333867,27.94155840820499,82.43916270737927,0.7763233279411048,6.732352884032014,no_fire
27.22212496141532,45.02114848167122,16.94990042602234,25.53308604639338,52.66455750119097,0.46696090021151565,10.108413560678022,no_fire
21.75263368298156,63.31254253633648,17.725874543146904,31.194303729031976,30.268983934405874,0.4037214195541454,5.658137979157244,fire
25.71130711748788,71.89026024773743,18.631264157437585,28.237558266060255,23.94826003395393,0.26238251014713176,5.248258680409147,fire
25.162307343241153,63.9870477265662,23.406012007081955,26.62658728633636,28.928845505781595,0.2819020626374793,8.358372036309172,fire
24.287168360940264,32.66035691458555,21.659967935822262,22.757157872281237,74.41428885091477,0.6211481539858932,12.10545228529804,no_fire
16.495133057058425,14.14155496697444,27.7354716910333,27.875992795863528,90.43212073651289,0.8733523272781802,14.735415257287903,no_fire
24.721955741654185,39.25474890027513,21.156157728032436,28.93779871409748,62.694436996610875,0.5725307403264299,10.246400538774752,no_fire
27.20295643610161,47.30099010663466,10.19260441322346,22.75058898917098,61.245492332289736,0.531439266973575,7.317315093165441,no_fire
28.002246892003914,46.9802626468839,20.784812531932662,25.54817623775024,52.67443417803918,0.42767114574642706,10.393007741843808,no_fire
30.499442795210904,48.00987977545665,23.49860038496637,11.6970562334021,63.798573800238515,0.34786397106099726,12.52634803361289,fire
24.81149914391753,42.516942234066576,10.570319375114238,23.840056279446223,59.67918584876626,0.5758088896718114,8.5881763005926,no_fire
33.296696730839386,46.672940937536694,20.58812063885439,13.103132920592838,62.518988526754896,0.32859178209656503,12.583997755124093,fire
36.4006877723126,34.706860392562575,20.557419286976852,25.533575305797353,81.13686726976832,0.49692078249106175,11.229635678493862,fire
17.178311308738373,76.9437120157582,17.684765618674728,25.416949593245356,11.49451532437728,0.29369908144279255,4.75331233173188,fire
36.14597266100458,47.606241339647795,16.229439315216364,19.717342619885585,58.20583162628147,0.32630988264114097,10.860929027711705,fire
31.375350791072524,36.044357978319795,15.062744841233368,33.73274468418682,59.559984569448126,0.530431521044427,10.248208622911958,no_fire
28.605010149674055,59.924770232812904,20.611774259796942,20.286829781982597,47.556314984075,0.32304561096412465,8.250277346080741,fire
25.173647320594352,43.865462789341564,11.00535555408301,30.520500889531235,65.27865673556009,0.637176250404258,5.931373299801527,no_fire
26.285695907916477,75.24830705221848,15.171400834404958,23.16292656537933,28.646393022341293,0.25972088130522275,3.991254143650431,fire
36.340128248670595,52.98138495655513,16.48668298813073,18.186614141478117,55.40642508924022,0.2820646425690596,9.982058114008792,fire
24.634652339327886,41.60236026713921,12.707782791917625,34.50943962665686,82.07586290519245,0.7602984759637634,3.547713775246566,no_fire
26.868054051863062,47.169094874754194,17.785015820663716,27.38597498134175,55.151184467580435,0.48694559710061286,8.753902089776759,no_fire
25.9959665519181,38.84655454676441,20.65080951424288,21.13641580797713,69.91759828475983,0.5495426098867329,11.174979866206126,no_fire
34.724501895069864,50.78776613187274,18.827837135496534,11.740889777659744,57.60465267400243,0.2704815511537124,12.123221897157778,fire
26.88523241897292,36.69091635709867,10.79295246669021,31.73223010103934,88.56127900771214,0.7704844161945545,4.707403924217888,no_fire
30.62878605833335,70.80112360815106,17.874034122790192,23.23321684330351,46.46927274054792,0.2916808455928276,3.9355352269124766,no_fire
19.17327574671249,65.42130566455057,18.179769422662936,33.60758096792289,32.70005531937331,0.46231033414869327,3.812110341644134,fire
16.53379455491596,14.473958722556564,24.561818043607904,25.995788676456684,99.12214816785117,0.9274700045028856,13.112527274804258,no_fire
26.986688908661694,44.17184649705857,17.108360683051888,23.459179539731945,55.20325446386784,0.4731475249452776,10.485803217810336,no_fire
38.40082274281771,70.94984681124225,9.612525905576776,23.53122807551742,23.97976016205499,0.100099,6.443764358202632,no_fire
23.39661578212699,37.03534181702996,13.804809836510703,31.932271250666098,65.48597133939435,0.6757111361636494,8.119615359950739,no_fire
31.52822356554642,46.503879310931524,17.938544631571986,12.664880877342974,68.98997025508407,0.40441347985485715,10.982746853312811,fire
30.045681624042604,50.83164342387434,23.941495571473403,14.890665987865418,63.64782750620643,0.3633744729927798,10.939185364232122,fire
32.70089589146146,56.29946481550323,14.032698672231437,25.992531033625653,41.900841966658234,0.31449621063359123,8.096987538614425,no_fire
24.591160137238457,69.76574461190154,16.03930651347588,30.108811890240137,28.452121199604406,0.33691628536002055,4.1332455815776195,fire
19.54283778040255,59.04439342259816,19.167083501744166,37.096826809706535,34.876833382541406,0.5023082394109236,4.993492955019265,fire
29.07658977734097,63.30564177643562,21.36433563097223,26.0204507018045,26.392991582696872,0.2195700972875069,9.19039757900877,fire
22.789501419587197,40.43201208293249,23.240574418198094,21.8672011686924,66.87585314146325,0.5652053274000596,11.059352030004305,no_fire
30.859685016273385,50.34006723318632,20.62187330148753,14.885395066122298,61.78589540292497,0.3616325777402262,10.780331519457652,fire
24.25859896790874,65.56198779147037,21.020056639156227,25.852679883372534,29.005463464198762,0.3006619516343803,7.391518694610379,fire
23.551346120365054,60.99888499122372,17.509536457188574,24.962928802596096,35.49439923971509,0.37501156557400783,7.264010000000456,fire
23.92838288942908,39.441389357642734,9.722223912995915,26.708717927109905,59.46250124479024,0.6189409357126006,8.64686622252783,no_fire
28.172464154331088,47.22072483233629,16.71125378596409,30.148173069220167,49.98737158129821,0.4619927179114244,8.812740649833955,no_fire
27.06491555342327,53.167988622359346,14.067326950292768,34.22016340372134,49.44515613601022,0.5001089864453284,5.334884982416322,no_fire
24.83346836493108,66.49140607328985,16.488592971332924,24.67620447531668,36.764372441586275,0.3523195368611441,5.337481950738742,fire
23.715217348282255,29.458874734743265,19.329184449966057,27.868618762691153,71.07136315700923,0.6651556306402648,11.877362362943042,no_fire
35.273400789199584,42.07892003511395,13.768932690017898,18.912644651967423,76.57991781329638,0.46668836223559096,9.469572961825643,fire
37.664024087494525,30.34122861197868,13.723417632398466,23.871663816404045,89.28679872202352,0.5654402158975762,10.535292067340961,fire
25.6854927504423,29.898355794423175,20.129473457131017,35.39607876644283,69.45243097454598,0.6677863675714755,10.678297969971188,no_fire
30.2065050808837,56.735335230664916,17.089158152409084,28.695223542970865,73.29267080157919,0.5251387513925981,3.0107960075190774,no_fire
29.650612137099145,40.4628339196714,15.471531511275332,35.67329623349212,50.31612135178699,0.5019464571582126,9.598966515556382,no_fire
34.36331625374504,61.435615911663135,20.6764891252981,25.923337087390973,57.0288230099179,0.3211200356892872,5.865293382694861,fire
23.9154245033788,69.72351138352785,20.908032675491864,22.969660867285587,21.285534616532196,0.23388916520161368,7.788582718421574,fire
36.866765146466605,50.62684474500148,23.819188515921077,28.16670457280456,61.482881216477885,0.33380766063012485,9.166958055147589,fire
27.282496179785696,41.774099386160415,9.371064978715713,29.418392442610457,73.40713601498359,0.6597825564504487,5.5975982569112634,no_fire
22.40161879285371,57.750389102435406,21.45515030130916,35.72048426453396,32.285806102065635,0.42681618076312206,6.981529399720763,fire
25.909231169061176,33.81794352258565,20.757841952981803,29.245774069351764,70.21341107730015,0.6160584193631691,10.888214652655906,no_fire
21.5181840046627,26.364462903642643,21.916029822479505,27.248581584548383,78.39501973714603,0.7282223311174083,12.18229830796355,no_fire
26.394141237981458,40.8231895891878,19.03742889897238,23.857766692638467,60.78722510764368,0.5135136787071495,10.973101384992445,no_fire
18.362625758955367,78.73965491918435,15.000694968148654,28.204890287287622,20.111264203413175,0.3525919004204537,1.8553916407915563,fire
32.03778013006463,48.62865044536481,21.550831953810807,19.615435684499374,66.58909692346421,0.39969311394034424,9.888158520789386,fire
38.365228213940085,42.89054901708971,18.858946282222032,28.755742366690534,63.58830497024226,0.37716918017106443,10.35687174348588,fire
26.121203078669797,47.400327000803685,11.345661416336121,30.550396128703635,63.78321602188276,0.6032781933636331,5.2112915481198065,no_fire
29.657793940262998,58.296307043738665,22.630836785264968,10.72894112053832,58.556252994052265,0.30206872291285014,9.922661393768202,fire
26.2871812994661,65.63170716442085,16.946119535737743,19.546865745860014,42.074812167338244,0.32816518066659106,6.306050227411736,fire
23.731026941453205,36.111294543043215,11.413300460252044,31.534597005264143,71.10723103155637,0.7163048498752775,7.217222509737553,no_fire
23.445672539783388,30.558742497197525,21.305425068036264,31.05148600556536,67.04935122036204,0.6518622056502976,11.766522511133108,no_fire
24.231944599098284,44.27560510058119,11.97697005372175,33.09753872054523,60.18455996624379,0.6318702551325945,6.035534668888923,no_fire
27.6924287312344,51.604057354815296,16.756613273111814,32.68080882197271,63.68338118532319,0.5494272375826112,4.745589185264746,no_fire
24.634862722310505,56.18094198073942,22.64163107282501,32.44082895899031,40.73711367665803,0.4178423444115123,7.5487105313389815,fire
28.861622885940854,49.367691389505325,11.373729375971049,24.890294185496334,68.73567854104861,0.5495088852871329,5.53133600070978,no_fire
30.642260492928088,45.463350051876446,19.42968762554818,16.155898784571164,76.70466172559276,0.47662495680325745,9.569622107652199,fire
24.125587754558545,45.177759198654144,14.55391988339119,36.08043907839917,63.17709691337972,0.6512127127717744,5.148614028673931,no_fire
27.8998267984636,63.246457749717706,21.011333891188617,26.226402130880032,35.008188751291165,0.2888409736406503,7.655998189990939,fire
31.56586385096854,59.314397470958724,20.95128346505579,14.672821775747236,54.04632594229861,0.28008927731327093,9.256241292795647,fire
30.273650469274816,33.15961215020745,15.978598898025014,33.26433144716477,61.980111677646825,0.5599271617996409,10.969336825793057,no_fire
28.033910187902627,51.14030125561284,14.181224994877907,29.95509584873038,70.97624492941945,0.5846063874182035,3.9471220864565275,no_fire
22.70816446252624,82.2723310720212,12.358459736903423,27.660703153144482,17.923466731553596,0.2782370281040129,1.2004077233495143,fire
37.73151281427083,50.1612883838464,18.76178476774292,21.590579134971932,50.35908249768319,0.24863077019478355,11.518969743388874,fire
26.150931104918754,46.14270220873675,11.850052856040874,24.99957763685892,51.20394774733247,0.4982595218360559,8.86086622648966,no_fire
36.841000362280404,42.39139183492772,17.884259710367605,22.533734287172383,68.61567563571646,0.39631808119954176,10.795075586380234,fire
33.672409781887914,36.56053216952647,21.475665411297772,14.7285158632916,79.15173394344372,0.4486254246603884,13.240520704172111,fire
21.6178943802365,27.561221097234245,23.358640158664805,25.118198206694824,78.68542214021515,0.7033729478801147,12.565233036433439,no_fire
27.973627978502137,45.41433042852903,18.091229739428744,27.773676265697528,51.42564253641373,0.4550347078196179,9.992738094630866,no_fire
19.955171539039945,16.310474849567438,24.306953098527654,34.10757584172744,85.7304637155428,0.8486081445965574,13.041230952008473,no_fire
32.8443401606594,37.25130736208624,17.92361628050141,32.577479308803255,50.77430873521572,0.4321046199608358,12.229013385028184,no_fire
27.620554011000994,38.18360738227075,20.590669373295515,21.081880863325566,67.06125567854157,0.5112087759485286,12.029883882427423,no_fire
33.8455672369547,56.652118163166506,23.28648700897693,18.47598533487019,43.09820589529905,0.2020980982868193,11.65469078914742,fire
38.43228867680568,46.32997678160751,21.443500413745454,30.112311574055532,68.27063425953841,0.3863182842066519,8.80597185423166,fire
29.021124026931876,48.20440498728473,14.528372091649333,32.179879684288416,80.42777196416921,0.6426888136303948,3.19009065227681,no_fire
24.004058565951468,44.38812448453349,20.39388897481863,29.31816587503022,58.75709726066078,0.5540143845393298,8.832840581596017,no_fire
36.90033261939252,41.13873054502443,20.504285110010294,24.09366021876916,73.04037710822244,0.41797093878472424,10.748015578756409,fire
32.89448799177578,56.44812283066939,21.645211696513694,10.303874583848318,50.47509908256801,0.2168514152172603,12.037401918197018,fire
37.52769096726324,36.90959755902777,15.969042967611157,28.86786813474801,75.20206440317584,0.4886216738991687,9.811253412036766,fire
39.100287970751396,38.6435691871357,15.420569396626524,30.270849306806568,65.80805641085554,0.4198561089220414,10.415105638321387,fire
27.21965539373363,47.86343005348043,13.154243265679794,24.109865941704275,53.9092974912539,0.47964640775786294,8.535801519121385,no_fire
29.469561250649342,48.510549769297725,8.31829890812418,15.58834587845004,63.926728506744084,0.4758633629543209,8.094424768704544,no_fire
29.08724871825512,46.26357559037882,16.843914831696384,29.628119537970807,54.80501192609496,0.47396956059098283,8.681353414515156,no_fire
25.681495160205714,25.506455889775197,21.952295572593762,27.45727113847209,71.51847761716438,0.6312318791163221,13.99784026097098,no_fire
30.127721721110955,57.44537027499098,14.369086672791507,32.577085374273636,35.03355570335659,0.350195748062924,6.947059225505884,no_fire
20.953785770423288,77.82304554000282,15.491463052123441,17.821347815136235,12.789431202446526,0.20799859730968057,6.0783154030059245,fire
26.587856630603497,77.28300850782776,16.817845323039137,20.49219978700767,23.117767313720897,0.19242127403119852,5.159023597064899,fire
38.75223816666146,35.68007484403499,16.422984502635995,29.35385871936659,77.7289099582448,0.48828257523396057,9.983712525188,fire
24.6883873410683,43.28499047358116,18.77217076460976,27.8357462399266,61.820315131201106,0.56428960351728,8.825931293159892,no_fire
23.136452352790243,72.37907927489526,15.08089560592061,28.402596231878928,22.534792318534144,0.31327746572904397,4.159828221762263,fire
24.606494464199173,44.8884354456726,12.983237326075258,32.96392101741204,56.78360449399674,0.59884372636822,6.635505185164164,no_fire
34.18630514084143,54.33512272706999,19.26168889147251,20.205755013564723,52.2104800265268,0.2887829170908901,9.849058698072941,fire
25.131759367615306,44.28678953133134,19.403489062673916,28.696076261103997,57.47586894648448,0.5322870268247234,9.141194773934494,no_fire
29.82292466153105,51.60887427007091,19.78466165301156,34.33403051535463,55.03758867659845,0.4618336415297903,6.569947402050228,fire
28.15036265234236,46.25339749392842,14.73636770643085,33.27884884374194,50.33128211052293,0.4979713686857231,7.929898681542525,no_fire
28.593944298742528,52.84806652232268,14.815022542459102,24.373829366286092,67.10135039660246,0.511443119836567,5.466876479161846,no_fire
37.93576740647474,43.07114272386325,17.939679041489036,19.601933768492554,69.66238166791072,0.36547087555914776,11.258374651883392,no_fire
19.23568345183127,69.04363396571414,18.542695780172398,27.568215859189387,28.125484750709937,0.3861496972794562,4.80103669352593,fire
31.379887741144636,57.26333598585127,22.56896861088869,13.479769788693629,54.20487401981623,0.2724005137149037,10.48353552978127,fire
25.179432388329523,26.182640922609476,22.29388466627453,32.722986679346796,71.16766318437044,0.6656811018045452,12.623554055461582,no_fire
29.06930524368577,43.383012237540825,9.863184401693323,28.26088939919342,76.43786104099627,0.6357199826825402,5.247669880613193,no_fire
23.785232900246502,65.5239346545996,18.397733287630643,30.990677728683192,26.16450894540346,0.3392801998647107,6.019388635763669,fire
36.5294145658393,43.7382299353539,18.66412007949111,22.581688083334072,68.11658689787791,0.3902090500809605,10.548185007453613,fire
39.353721741331114,35.55235219947467,14.329094968673816,25.394535298982873,78.97001193826341,0.4742709915530389,10.391898593650874,fire
31.787632771403764,47.993490138328994,12.8606613352432,35.13247861901332,39.61366414410235,0.40167785704560655,8.622710737828488,no_fire
37.96560104011128,44.7271366475961,17.25450111400343,24.641961626555236,68.84582563373536,0.3913572781550266,9.5450515106674,fire
26.9085360771356,51.89884597363995,23.752359568067675,36.81559660520985,46.08094282490942,0.4463633938204981,7.671229597672855,fire
37.36746353821552,40.81513467238212,11.99924788731354,25.995224051826273,69.77320898932678,0.4553676020286128,9.15765575381787,fire
32.66895933194438,45.28206661287054,14.069548672652223,28.285815026067656,47.763073813224025,0.39187126818081747,10.243808231367309,no_fire
24.68577768234588,49.94256092400258,16.520027331575196,36.92420562555002,59.51306575928645,0.6031033088376465,4.457971719015685,no_fire
42.92091986809754,50.227193489017196,14.178427539501147,28.17858397487969,54.2281241343824,0.2609133415541034,9.143475503209212,fire
23.030818590824147,68.82794114715955,17.03372200007754,19.406019485525146,40.29807003392091,0.356528140340014,5.15064387045801,fire
25.374043449529164,50.1841745407861,15.360733253040395,28.528513086884793,46.20432018595943,0.4721728217279955,8.126377595856303,no_fire
21.370896185290853,31.888641407948228,7.1737072919197695,36.44511575381959,71.61979240234349,0.8212252617805602,6.146931317830856,no_fire
26.336951350398827,52.00297919109583,21.99930760365008,35.87228514320688,34.50218300184151,0.39412800525542235,9.114605338558992,fire
24.50164793870419,68.24459805672434,17.205062266764774,24.117318748136118,44.19498636363748,0.3864189177369177,3.9136823603169897,fire
24.178972000346164,35.7744364463804,20.27198957952453,30.689463695097427,68.30581713741313,0.637611246736407,9.870964423286383,no_fire
34.16414410878562,48.67344957269822,21.439365652156912,17.488258533476156,58.89934864941646,0.3122890696656992,11.76389376481593,fire
28.157365032562385,56.24339357522648,21.29820645844095,32.438104596335876,38.489463753028545,0.36058395278173433,8.055083344114447,fire
25.91260534391144,40.556625435086275,9.353202527268015,30.107094519143747,73.67881977624545,0.6893779470623718,5.59970681869149,no_fire
27.933211032960862,62.263580192721804,19.148669297371626,26.51920900446476,39.12976690063477,0.32686540383919516,6.905827700670867,no_fire
30.575457141207465,54.70779677782268,19.252585220216673,35.175176971090416,49.94611757179966,0.42205002384292617,6.1222202694797625,fire
23.538126671234117,31.9733721287233,6.162471397437677,29.43199110903136,69.3315757876042,0.7382136243527528,8.15338101588344,no_fire
24.3488238952619,77.00961600512181,20.18280015364599,15.031040359543619,16.39415495015667,0.13502202441454522,7.9055982233072,fire
28.36581029495872,58.06604784550905,16.98838337344219,29.719807225092687,56.966669900320184,0.46439600854620744,4.485098802757157,no_fire
26.2062204688037,49.73593579608047,14.210473583722834,31.753601502848017,64.47930501364144,0.5902347394080402,4.700073801763333,no_fire
19.193637311098804,64.65958865587572,16.51367995848682,31.762609554618578,30.13956173957521,0.44802546164358653,4.509313463556235,fire
23.695723366020225,37.515970841674715,18.467302899328683,32.129601562949205,59.18658161919053,0.6085309623307853,9.877761135517503,no_fire
24.955118671291768,46.95361288244878,13.891118064068818,27.164534164365023,49.77974135459004,0.5073548800681618,8.581812018521253,no_fire
24.681556164092292,39.6401863974922,20.889061282709466,29.443775587259026,57.342429083216174,0.5468196659699306,10.733761550523782,no_fire
27.052818470131896,50.57040983736225,19.37521560391185,35.643860454752485,57.15104865576144,0.5282415691810944,5.826475133744036,fire
26.732715464106366,43.53194136174511,20.14056008615125,31.08366022695839,56.586310391405945,0.5161036100971839,9.338440817379235,no_fire
23.464744467643122,42.527158868581836,12.107774312733445,38.06759707257298,72.67978518431259,0.7482197055641411,3.531472740105547,no_fire
30.8912110779491,51.81608869706392,21.401857594607396,10.580286703407348,63.14417720013303,0.33336299584543094,11.267420672742222,fire
35.403794591424315,42.85968501114712,19.014377987208043,19.406845293041854,74.44965580393611,0.42298168374798006,10.548356397746169,fire
37.42005432835468,43.56572101646684,16.242764082553045,22.37282646197436,67.183222422382,0.38512075282172936,10.39750025545874,fire
25.465469743271292,39.91105844954144,20.433400946034826,34.53781294671368,56.22213137966365,0.5625545490440573,9.648559897096838,no_fire
24.987504052423684,34.31266903591659,21.989625538005495,26.743577664113502,67.79280298256185,0.5920397052109692,11.798716844470245,no_fire
32.78530220554224,60.64392772031948,23.313442084168827,20.05252721380245,50.483963095793655,0.2580279270803577,8.781859751460317,fire
22.748701817721994,35.337411735691745,11.12599292304865,31.341054940485655,73.77486561745718,0.7484395212001349,6.92223657353713,no_fire
24.235656802005202,37.42872391821071,7.206715522310821,29.644258929276607,70.09848742874598,0.7124818153566308,6.5561040225479825,no_fire
21.03496534779346,67.84513669219183,20.631530805675638,29.722895134929402,20.718979854084733,0.3223339487881559,6.469298460972592,fire
26.701018666918646,63.33307321928717,19.588423234893458,26.334403398873008,32.06351771484259,0.29895502686414854,7.573461953917682,fire
25.737577739141585,47.050539313280936,15.388353746985528,30.883391267107633,63.90113330671626,0.5889400783736685,6.03374265179528,no_fire
30.22504067189054,38.728056708036625,14.720841579345787,30.761582148055837,56.89497262047979,0.5087981572195676,10.235690570022994,no_fire
27.917117039139296,58.59670586022358,19.553887622781918,24.48644194500393,48.0949318841853,0.3722701763947783,7.312018147182425,fire
24.091799032166342,47.14646575973792,17.6991870199083,35.96374759806667,50.78182558062665,0.5577309887089994,7.03425408643456,no_fire
34.7265618719878,49.708658190173566,18.181161978656995,23.314850154670797,65.98583671103289,0.396221075626474,8.429786523390812,fire
29.365978397444568,49.478010300571455,13.451337202234138,30.726974310704435,49.414344470884885,0.4576332358384945,7.510952213965608,no_fire
23.833961849886553,55.59240720724239,20.03975795677469,39.3218310447545,43.49814627884238,0.5049460465550799,5.084937251662321,fire
34.31600711297877,53.43760772240255,20.286531164193114,19.54979772912563,50.52795567897231,0.2697721858342037,10.771293569260148,fire
26.52189683126834,41.57899654241149,7.8904441430943315,26.927902415082276,62.597392123781844,0.6042443252388388,7.4120220823724265,no_fire
25.71743087852406,36.440288731190414,9.238120189866528,30.107052572276007,71.40205468873909,0.6914066585336467,7.206153948119792,no_fire
25.992440253559636,59.768883582074025,20.894928114752517,23.37126343100043,43.98367056466697,0.35984361806075393,7.821816378974118,fire
43.347979230204174,41.834081688793674,14.600264044307025,35.880202302770286,61.22645084110198,0.36211016882753283,9.178194330093566,fire
35.358508841098896,65.17433941606352,18.330596144757756,10.501553644398847,43.269549414481496,0.1367862931663103,9.88658446143459,fire
32.19068107762354,41.84077846716178,16.45025721315198,24.00275364685938,71.42979879850004,0.5002790014983549,9.282357162629612,fire
13.267201070031616,75.04300496560361,14.38142692218177,35.21736019601811,3.817100676396403,0.39443622491942437,3.007162523084604,fire
30.27780341528957,44.63935268068403,19.87666836336576,22.56353422033554,56.61262816454795,0.40901798897014086,11.36783475643729,no_fire
22.234628966271192,26.379204454104006,21.847792965156792,31.72112182684015,74.78852954250048,0.7255852915820638,11.762259220044799,no_fire
19.585216972607817,48.135470152114294,19.211613955451806,43.47149289450825,38.985421174590584,0.5938345453813572,6.435711578895418,fire
29.1565489142131,51.82502569555879,21.556935056007056,27.12577331678472,53.3692260572345,0.406508123125098,8.692263548013807,fire
25.88947714598131,59.35173413392752,19.162698129420367,32.34072223658352,41.08874002686588,0.4123244681148729,5.935550841123403,fire
22.951689804672483,61.84851915023991,20.928862696111256,28.625812070049907,32.58523374762113,0.3680605941527277,7.219546125652304,fire
29.933696602962634,59.31524053599877,19.595747246232456,23.223911007330443,55.15892169611917,0.37179831771216404,6.612809594692899,no_fire
27.258170714594396,57.947396325112024,16.649678622180893,27.440723378501612,42.90675216506868,0.39021600895451014,6.900608361434779,no_fire
32.17278640787061,50.03434487286026,17.564594836758463,36.956249884345425,66.15491302824664,0.5228276586009688,4.679884672082494,fire
27.89383076956398,44.60292251919125,9.955110124542024,22.50065428005515,62.94769006561133,0.5378867597248506,8.03341329485695,no_fire
28.6221211336612,55.37979676532032,21.584983986562047,27.17591125216329,48.072307789280096,0.3752502728797704,8.254505587223493,fire
29.731365482416045,40.49439993348202,17.821669824768172,28.731740962654225,57.20558424444605,0.48222616977954236,10.680275271533429,no_fire
31.27268284693635,63.21652970223337,19.307479618951355,28.206002093974167,59.95161362761946,0.4008423616147751,3.6263864558720793,no_fire
27.89366363780403,62.70868868231898,17.169029813812905,27.610745787449417,49.7353566677091,0.4040705768596044,4.521787328904712,no_fire
24.90929503531836,57.64701099643156,22.345835427861548,38.358248824978084,38.13733072769429,0.4337994173366083,6.073080919578092,fire
25.472213013307297,39.21313621724248,13.260443465594976,30.959930127861444,70.13946591590569,0.662134049618841,7.124635186604488,no_fire
30.60984615417374,47.944259487705835,18.939227289567565,29.382722181166336,60.66029257996516,0.4657334443196194,7.985186722904359,fire
28.809929452549678,56.90348979968864,16.462299913014764,27.603131296332965,56.240711069021366,0.4467963737031062,5.401965632484045,no_fire
24.195943271868757,45.11823605956289,14.58533410682848,30.597294746346904,61.384425798240336,0.6059513476736498,6.71167143695204,no_fire
29.01612042782888,40.95569611243283,8.581115884210408,22.59056507895656,76.94556458020811,0.6181711224464079,6.979455510832583,no_fire
28.15580854320721,73.46358034926948,16.10951496149209,13.052542123661688,40.91516879830278,0.2370302638839359,5.5359459978559595,fire
28.706106147287255,47.999650512342996,11.977060741407083,26.483909674160984,66.81862471122552,0.5511903827107147,5.992905942580752,no_fire
31.518932462060192,58.478014831588084,23.132785036739733,29.643848025366374,47.33962969227704,0.3259340582853534,7.521078529939423,fire
26.45051984580606,38.765191571618516,23.748338990781242,24.189110919791364,66.26433009563172,0.5233742580806546,11.754852828291837,no_fire
34.742590544287125,48.29879129642069,17.349336553402537,25.16209410335558,65.96264508571757,0.4160785628400702,8.286183176048949,fire
28.238787641556755,43.46825008386011,22.796478750286663,12.664676245071597,77.02049877533894,0.4780503156422285,11.354361951292747,fire
17.651429373400553,69.6409799125749,15.70875863952837,35.18145156395087,23.579517820135866,0.44665982772227075,2.7104722973801736,fire
33.448879194053646,61.20679740960426,20.39899151840896,29.572600533764533,51.49648967811069,0.3287028644736118,5.7313025087880645,fire
27.718314655483773,53.08557382455126,14.1202836103054,22.202615120130414,51.07964350930606,0.42461625661001356,7.988789772408672,no_fire
22.495692167722854,51.82205389659359,22.58517830096589,18.95366315447312,61.082981740177374,0.4918141658461708,8.750262814062841,no_fire
27.960328113257773,44.2027198357615,10.305103528260398,21.711396219142085,74.17075526736751,0.5938882122473743,6.7708417625258726,no_fire
36.63080975048909,40.38772215947396,18.450429693728108,20.45322312240148,65.95200296087798,0.3736947853242424,12.40200342720352,fire
23.567078038481345,40.923308559555274,11.346366019770127,31.618810341430688,60.567125600426806,0.6475147002027761,7.171928362889122,no_fire
28.560921913518253,50.262162024626164,20.873594893920554,35.079916430275595,56.446497773671716,0.4904076450180517,6.681692283330522,fire
39.90266215312261,34.82488708214102,13.94045109949842,32.29947725909287,77.55423819904483,0.5054471556757738,9.23583884364544,fire
18.96965184763326,14.46998013759774,25.088391796995563,23.4509349293802,94.17495120860153,0.8446150480406449,14.872686879096683,no_fire
23.114768530047574,33.23833724915329,20.763039239150764,29.66903377614558,73.62228904404964,0.6808805182771316,10.095072828749638,no_fire
26.018220836384266,38.253905394148276,20.14952135445676,32.83962762641614,59.79158294651811,0.5699338487828012,10.060036176085347,no_fire
28.845162391925204,59.01068633955303,21.282378546558657,33.80391547931505,38.00450661495453,0.34870847565351826,7.013778804353948,fire
38.02783746181038,52.76162026724704,18.598351199788805,22.58024358123702,54.097986076068615,0.2652146574835662,9.910181424555915,fire
24.268465497839436,50.01576031598189,11.70577210380367,20.79299474378638,34.389138529361084,0.39615221277189944,10.781442975190156,no_fire
24.208764734997494,41.11430913726224,12.980621748130725,33.64928009816137,61.00083808147598,0.6429394915969411,7.012252079539443,no_fire
23.826868750817685,48.4375791498056,18.15061699323087,36.42415759787839,53.69151573586534,0.5746722896535744,6.144002515489004,no_fire
23.711880373530306,48.30224927300533,14.724729456488914,31.797924604072055,50.49614137405095,0.5501439619436272,6.983362695745327,no_fire
28.568942226275155,58.53127509009613,23.39326490952299,9.289972383727203,58.10804287877419,0.3016677269848712,10.25841534525834,fire
33.061066751375634,56.70117363575865,22.77543808270008,23.351742786574608,55.17447043449163,0.31464417048712134,8.518834216321494,fire
27.925856049664578,63.85852317677099,21.312216948495102,25.421332795089285,36.68660713472761,0.28940986339678654,7.464604877926888,fire
25.991947473764355,55.060484335343475,14.39699736091909,25.578347150224822,37.947861871739946,0.39074195649807086,8.338813150512808,no_fire
14.368824876100541,26.314899807854054,27.575781968474452,24.988748862702693,90.715678443429,0.8563643652676938,11.128158885264977,no_fire
21.46242237517449,69.14464858332539,13.698891394758954,30.569904380508042,25.03328477559724,0.38257529016017033,3.8098569103208373,fire
25.98553128270574,45.44907323251617,16.367577316045658,29.716324316938383,56.33769940589176,0.5342279974615027,8.173884775120097,no_fire
20.916803049392108,67.07585018577842,14.905591533877827,28.102550146241853,37.28504565759658,0.44250163698613576,3.416028257505323,fire
22.58707989495418,27.759216988059542,4.954928924305973,26.078901195568623,71.901213528957,0.7644225962744049,9.51442304735607,no_fire
21.490468146851583,74.48864540133579,18.355029243015373,21.537033973097888,21.993705416246765,0.26699452101293175,5.614073840751582,fire
23.838816954485146,34.71233515235605,21.35824620103815,28.736501128696702,69.5707634451097,0.6341062557501522,10.659069348042115,no_fire
26.52793260140444,59.17440911885055,17.096861631371166,30.240752260247167,50.75333366398362,0.45650183358831403,4.699315605714604,no_fire
36.39588635029902,48.865707965162144,19.5678805758477,20.687262039716074,58.72316009532697,0.30851050711899164,10.898032069361001,fire
25.131054321370392,41.450062607186766,7.984433789083015,21.522271755139755,61.909222986717175,0.5871968133780257,8.631195731631308,no_fire
25.688321809849636,53.151228431980726,20.84519566515799,36.38534879844838,48.714015138091675,0.49022712832326903,6.198093384840843,fire
20.920301600796485,65.25790645282777,16.831465927571436,26.119565521029294,31.88098208739495,0.39347151907596284,5.662320341536956,fire
21.314198807490005,82.2596624398427,14.80648690373891,21.983332010027,14.41423541470524,0.2296070201080358,3.359395696273276,fire
23.884074767467922,40.61845137958229,9.739603954185,30.420422093125158,58.22437655137008,0.6324750141029134,7.594267147513209,no_fire
35.680404683815624,52.656797757434674,18.741500449143956,21.27693864402651,56.487317184737634,0.3048240152354452,9.602816641670445,fire
29.931259269393596,56.036863906075084,16.141817856255333,32.811563207068836,76.65957832084018,0.5811912458019263,1.5517784028667332,no_fire
25.061943727666122,60.683596392620814,20.12859886091987,32.042868895392154,40.11122425311292,0.40800042396621167,5.813021563536604,fire
24.77764846070876,59.30004826636437,20.147765720414615,29.82988375759719,36.53054787703977,0.38203903995126126,7.260764080912154,fire
26.795370995799903,68.26825024199954,15.695635276275965,26.937955042400453,37.848641475217,0.3431317487323974,4.184692006747995,fire
21.49211521865788,33.31846727108411,10.463743554088282,35.69558387664107,60.32884823928741,0.7283013445626578,8.240134699048799,no_fire
26.502422071981805,37.96893471976878,20.20196959682809,26.500922026144877,61.99565038409518,0.5360711933706601,11.363519219601505,no_fire
25.16180107204124,34.94096250992547,19.070042016826196,32.305109162044296,67.85658934317459,0.6398704613558861,9.71153989222811,no_fire
24.408950015203047,44.59436497950968,10.473311034972959,27.83807881672257,50.93853712371861,0.552643714356311,8.214726696885915,no_fire
28.561691930278847,50.79724906824508,15.578197274545099,35.477663885906374,48.29498508018132,0.4768332588344892,6.499419727593732,no_fire
27.277985235564103,58.12501019586921,19.133686319190044,29.600434431566597,55.22200254068436,0.45729860409535444,5.05773805826235,no_fire
24.811562346167037,55.67698646183793,19.18744775500797,38.92922158397969,43.25649724925666,0.49138633860504555,5.136198930617127,fire
27.732816158027763,45.55695562954513,16.467437301628458,28.65527645374006,55.98980472151074,0.4988157466652725,8.693654488042512,no_fire
29.64689441979695,53.83646166556167,13.817867676295007,27.874806080934526,76.73044934143654,0.5746982886621336,2.8540460479104923,no_fire
24.80436155181505,29.81363443506219,18.44865881797345,31.379533391573755,65.96834365993492,0.6464472793086562,11.66911259665716,no_fire
28.84992969684658,67.4675266376927,22.79570964151856,21.25363384666344,50.899421518383186,0.31080140657188454,5.608876446500728,fire
25.67945043654756,59.13029814892576,19.995104674810563,28.03079130323368,39.44374080617044,0.3751051408950785,7.390087438406094,fire
28.160333653530767,52.02332211142458,12.82442001609687,27.11237777387943,50.739052929360895,0.4572145511322264,7.034479193554192,no_fire
24.183229512873258,66.7197473760894,19.41923829070921,25.241275304983127,24.267347631205777,0.2776757794632385,7.510501721783923,fire
22.346014089026003,39.08233398471854,22.03463320482437,30.920178727121787,72.48309096456101,0.6703465957134385,8.26384638453791,no_fire
26.139203263707163,41.84526162315824,9.765746359435497,27.494042880260896,65.22084071674735,0.6164241788974081,7.154269863445323,no_fire
25.25021084276742,45.111600314133355,10.733051628789541,26.1532966022164,65.56684749564633,0.6086579078144569,6.447664214250831,no_fire
21.301155661947995,56.60792783720383,21.834868329546616,42.63631125902626,30.147804149490575,0.47515423510980154,6.001358793963111,fire
